Price,Adj Close,Close,High,Low,Open,Volume,Ticker,Returns,Log_Returns
Ticker,^DJI,^DJI,^DJI,^DJI,^DJI,^DJI,,,
Date,,,,,,,,,
2022-01-03,36585.05859375,36585.05859375,36595.8203125,36246.44921875,36321.58984375,347930000,^DJI,,
2022-01-04,36799.6484375,36799.6484375,36934.83984375,36636.0,36636.0,435080000,^DJI,0.005865504990243631,0.005848369887220902
2022-01-05,36407.109375,36407.109375,36952.6484375,36400.390625,36722.6015625,462040000,^DJI,-0.010666924255178234,-0.010724223728755764
2022-01-06,36236.46875,36236.46875,36464.19140625,36200.6796875,36409.05078125,385890000,^DJI,-0.004687013825853903,-0.004698032317853238
2022-01-07,36231.66015625,36231.66015625,36382.83984375,36111.53125,36249.58984375,356110000,^DJI,-0.00013270039592361282,-0.00013270920140015407
2022-01-10,36068.87109375,36068.87109375,36175.2109375,35639.91015625,36175.2109375,430680000,^DJI,-0.004493005890372381,-0.004503129777174482
2022-01-11,36252.01953125,36252.01953125,36271.46875,35769.37890625,36058.8515625,356850000,^DJI,0.005077742439566935,0.005064894180504828
2022-01-12,36290.3203125,36290.3203125,36453.48828125,36168.1484375,36336.16015625,310180000,^DJI,0.001056514416168941,0.0010559566976037248
2022-01-13,36113.62109375,36113.62109375,36513.87890625,36044.21875,36312.48828125,343640000,^DJI,-0.004869045443204212,-0.004880937863830024
2022-01-14,35911.80859375,35911.80859375,35996.4296875,35641.48828125,35996.4296875,389200000,^DJI,-0.005588265421407113,-0.005603938192961185
2022-01-18,35368.46875,35368.46875,35661.76171875,35262.01953125,35661.76171875,427260000,^DJI,-0.015129837928701817,-0.01524546165447182
2022-01-19,35028.6484375,35028.6484375,35547.828125,35015.48828125,35412.30078125,393080000,^DJI,-0.009608001830726742,-0.009654456477342435
2022-01-20,34715.390625,34715.390625,35490.19921875,34670.12109375,35102.66015625,369070000,^DJI,-0.008942903208467579,-0.008983130982350507
2022-01-21,34265.37109375,34265.37109375,34896.671875,34229.55078125,34701.69140625,523880000,^DJI,-0.012963112992481318,-0.013047867392374344
2022-01-24,34364.5,34364.5,34420.98828125,33150.328125,34070.609375,664010000,^DJI,0.0028929762931440006,0.00288879969049698
2022-01-25,34297.73046875,34297.73046875,34591.0390625,33545.51953125,34186.640625,506430000,^DJI,-0.0019429798556650502,-0.0019448698896202224
2022-01-26,34168.08984375,34168.08984375,34815.671875,33876.48046875,34520.8203125,546330000,^DJI,-0.0037798601606634508,-0.003787021884653374
2022-01-27,34160.78125,34160.78125,34773.3203125,34007.78125,34261.75,527780000,^DJI,-0.0002139011511448352,-0.00021392403125884574
2022-01-28,34725.46875,34725.46875,34731.76953125,33807.51171875,34135.23828125,568440000,^DJI,0.0165302864670287,0.016395148494377662
2022-01-31,35131.859375,35131.859375,35148.140625,34496.1015625,34691.171875,468070000,^DJI,0.011702955773635226,0.011635005816460103
2022-02-01,35405.23828125,35405.23828125,35441.08984375,34977.94921875,35151.46875,386080000,^DJI,0.007781509749652971,0.007751389953415304
2022-02-02,35629.328125,35629.328125,35679.19921875,35290.12109375,35378.19140625,359540000,^DJI,0.0063292850049443405,0.006309339198163515
2022-02-03,35111.16015625,35111.16015625,35535.94140625,35071.05859375,35520.078125,381020000,^DJI,-0.014543298906229407,-0.014650089332484597
2022-02-04,35089.73828125,35089.73828125,35333.55078125,34799.078125,35095.73828125,349880000,^DJI,-0.0006101158407945118,-0.0006103020372022097
2022-02-07,35091.12890625,35091.12890625,35325.01171875,34993.98046875,35108.37890625,328910000,^DJI,3.9630532118861694e-05,3.9629746850070696e-05
2022-02-08,35462.78125,35462.78125,35544.890625,35090.421875,35160.6796875,319190000,^DJI,0.010591062622776093,0.010535370201869858
2022-02-09,35768.05859375,35768.05859375,35824.28125,35614.8984375,35614.8984375,333610000,^DJI,0.00860838696203503,0.008571546075086867
2022-02-10,35241.58984375,35241.58984375,35800.23828125,35100.71875,35630.80859375,411620000,^DJI,-0.014718963530550466,-0.014828362292339217
2022-02-11,34738.05859375,34738.05859375,35431.1484375,34620.51953125,35267.890625,398860000,^DJI,-0.014287983380786629,-0.014391039435257342
2022-02-14,34566.171875,34566.171875,34744.55859375,34304.28125,34694.5,370320000,^DJI,-0.004948080742224525,-0.004960363026313083
2022-02-15,34988.83984375,34988.83984375,35047.7890625,34686.19140625,34686.19140625,305670000,^DJI,0.01222779225534354,0.01215363669746584
2022-02-16,34934.26953125,34934.26953125,35042.08984375,34642.640625,34951.828125,294410000,^DJI,-0.0015596490979322697,-0.0015608666166859657
2022-02-17,34312.03125,34312.03125,34858.46875,34246.23046875,34858.46875,348720000,^DJI,-0.017811687194242976,-0.017972224444164964
2022-02-18,34079.1796875,34079.1796875,34423.578125,33976.1796875,34310.44921875,414080000,^DJI,-0.006786294894739031,-0.0068094265052903395
2022-02-22,33596.609375,33596.609375,34024.73828125,33364.2890625,33974.08984375,432090000,^DJI,-0.014160267850490627,-0.014261481050036757
2022-02-23,33131.76171875,33131.76171875,33832.58984375,33084.8984375,33680.96875,370600000,^DJI,-0.013836147899969453,-0.013932759585199095
2022-02-24,33223.828125,33223.828125,33269.33984375,32272.640625,32830.328125,590850000,^DJI,0.002778795979264226,0.002774942263193451
2022-02-25,34058.75,34058.75,34095.73828125,33277.21875,33277.21875,417630000,^DJI,0.02513021292605777,0.024819641522886984
2022-02-28,33892.6015625,33892.6015625,33963.62890625,33469.30859375,33870.62109375,443460000,^DJI,-0.004878289352956311,-0.004890227045966322
2022-03-01,33294.94921875,33294.94921875,33870.140625,33107.671875,33813.48046875,438730000,^DJI,-0.01763371108139611,-0.017791037203884093
2022-03-02,33891.3515625,33891.3515625,34013.671875,33379.51171875,33379.51171875,400920000,^DJI,0.017912697203158245,0.017754155318348824
2022-03-03,33794.66015625,33794.66015625,34179.0703125,33641.53125,33972.87109375,369740000,^DJI,-0.002852981713393432,-0.002857059222942002
2022-03-04,33614.80078125,33614.80078125,33655.4296875,33254.12109375,33655.4296875,408390000,^DJI,-0.005322124092043468,-0.005336337045633539
2022-03-07,32817.37890625,32817.37890625,33579.75,32806.1484375,33579.75,488400000,^DJI,-0.023722344219418767,-0.024008249645025893
2022-03-08,32632.640625,32632.640625,33402.98046875,32578.73046875,32885.171875,553750000,^DJI,-0.005629282026993865,-0.005645186149005793
2022-03-09,33286.25,33286.25,33457.28125,32860.421875,32860.421875,418670000,^DJI,0.020029313058388176,0.019831365175780324
2022-03-10,33174.0703125,33174.0703125,33236.58984375,32819.76171875,33106.76953125,399480000,^DJI,-0.003370150963235563,-0.003375842713629715
2022-03-11,32944.19140625,32944.19140625,33515.609375,32911.890625,33279.71875,369480000,^DJI,-0.006929475463352541,-0.006953595770418443
2022-03-14,32945.23828125,32945.23828125,33395.58984375,32818.16015625,33000.37109375,394940000,^DJI,3.177722552338835e-05,3.177672063805325e-05
2022-03-15,33544.33984375,33544.33984375,33620.83984375,32989.26953125,32989.26953125,388810000,^DJI,0.01818476944636238,0.018021404061869112
2022-03-16,34063.1015625,34063.1015625,34075.94140625,33391.23828125,33653.9296875,427400000,^DJI,0.015464955374480338,0.015346591718042583
2022-03-17,34480.76171875,34480.76171875,34483.921875,33896.05859375,33995.390625,339470000,^DJI,0.012261366026333986,0.012186804344579368
2022-03-18,34754.9296875,34754.9296875,34755.19921875,34279.828125,34466.71875,615420000,^DJI,0.00795133155660288,0.007919886297644776
2022-03-21,34552.98828125,34552.98828125,34808.28125,34341.80859375,34669.8515625,408490000,^DJI,-0.005810439211523688,-0.005827385488865686
2022-03-22,34807.4609375,34807.4609375,34882.03125,34583.23828125,34583.23828125,368550000,^DJI,0.007364707624668343,0.007337720585570236
2022-03-23,34358.5,34358.5,34748.83984375,34352.9609375,34748.83984375,347880000,^DJI,-0.012898411013263833,-0.01298231780704643
2022-03-24,34707.94140625,34707.94140625,34713.55859375,34355.421875,34406.80859375,324870000,^DJI,0.010170449997817244,0.010119078988477066
2022-03-25,34861.23828125,34861.23828125,34942.69921875,34631.51953125,34702.390625,285440000,^DJI,0.004416766560876972,0.0044070412731522105
2022-03-28,34955.890625,34955.890625,34957.9296875,34552.23046875,34833.03125,299790000,^DJI,0.0027151170875334696,0.002711437815399063
2022-03-29,35294.19140625,35294.19140625,35372.26171875,35030.0703125,35114.3515625,355050000,^DJI,0.009677933395524807,0.00963140217461025
2022-03-30,35228.80859375,35228.80859375,35361.359375,35058.578125,35273.62890625,317320000,^DJI,-0.0018525091493786228,-0.0018542271665424376
2022-03-31,34678.3515625,34678.3515625,35201.51953125,34677.98828125,35201.51953125,433400000,^DJI,-0.01562519577649457,-0.015748555852216923
2022-04-01,34818.26953125,34818.26953125,34847.91015625,34538.25,34740.890625,340400000,^DJI,0.004034735287167024,0.004026617570647275
2022-04-04,34921.87890625,34921.87890625,34940.78125,34615.37890625,34799.98046875,316570000,^DJI,0.0029757186785808187,0.0029712999914301027
2022-04-05,34641.1796875,34641.1796875,35112.2109375,34566.0390625,34876.328125,304010000,^DJI,-0.008037918563991164,-0.008070396786695742
2022-04-06,34496.51171875,34496.51171875,34609.83984375,34277.171875,34520.33984375,386250000,^DJI,-0.004176184819773998,-0.00418492943417413
2022-04-07,34583.5703125,34583.5703125,34705.828125,34190.94921875,34439.23828125,319870000,^DJI,0.002523692669559985,0.00252051350491441
2022-04-08,34721.12109375,34721.12109375,34908.4609375,34470.19140625,34569.23828125,301750000,^DJI,0.003977344733556487,0.003969456008526024
2022-04-11,34308.078125,34308.078125,34701.33984375,34272.2890625,34630.26953125,333290000,^DJI,-0.01189601475236779,-0.011967338546126834
2022-04-12,34220.359375,34220.359375,34669.96875,34102.80859375,34412.51171875,333510000,^DJI,-0.002556795798365652,-0.002560069982881133
2022-04-13,34564.58984375,34564.58984375,34598.359375,34140.640625,34166.640625,313630000,^DJI,0.010059230091004956,0.010008972788156555
2022-04-14,34451.23046875,34451.23046875,34889.171875,34437.5,34628.4609375,353680000,^DJI,-0.003279638945882013,-0.00328502874932223
2022-04-18,34411.69140625,34411.69140625,34618.2890625,34279.078125,34411.48828125,264110000,^DJI,-0.0011476821571254625,-0.0011483412486256504
2022-04-19,34911.19921875,34911.19921875,34983.109375,34394.62109375,34394.62109375,296350000,^DJI,0.01451564256470328,0.014411299154218581
2022-04-20,35160.7890625,35160.7890625,35315.3984375,34962.671875,34962.671875,337620000,^DJI,0.007149277290249945,0.007123842362978781
2022-04-21,34792.76171875,34792.76171875,35492.21875,34723.8203125,35258.80078125,366390000,^DJI,-0.010466981929666441,-0.010522146057288155
2022-04-22,33811.3984375,33811.3984375,34727.37890625,33773.390625,34727.37890625,373280000,^DJI,-0.02820596103243911,-0.028611391040712808
2022-04-25,34049.4609375,34049.4609375,34106.01171875,33323.37109375,33731.6484375,416900000,^DJI,0.007040894816582544,0.007016223454622536
2022-04-26,33240.1796875,33240.1796875,33909.51171875,33230.94921875,33907.48828125,400020000,^DJI,-0.02376781387186977,-0.024054825238637008
2022-04-27,33301.9296875,33301.9296875,33697.1796875,33108.890625,33450.921875,447230000,^DJI,0.0018576915221435453,0.0018559681472503583
2022-04-28,33916.390625,33916.390625,34054.7890625,33248.4609375,33425.9609375,440380000,^DJI,0.018451211184036476,0.01828305291981738
2022-04-29,32977.2109375,32977.2109375,33919.58984375,32913.1484375,33787.01171875,501560000,^DJI,-0.02769102696935344,-0.02808165154445195
2022-05-02,33061.5,33061.5,33224.94921875,32449.869140625,32978.48828125,453390000,^DJI,0.0025559791172076185,0.0025527181580309146
2022-05-03,33128.7890625,33128.7890625,33341.578125,32914.75,33086.08984375,364420000,^DJI,0.002035269497754122,0.0020332011427543
2022-05-04,34061.05859375,34061.05859375,34117.73828125,33021.83984375,33171.80078125,411060000,^DJI,0.028140766916991744,0.027752090457163564
2022-05-05,32997.96875,32997.96875,33854.171875,32685.099609375,33854.171875,448420000,^DJI,-0.031211297817533845,-0.0317087484726208
2022-05-06,32899.37109375,32899.37109375,33055.83984375,32474.689453125,32773.87890625,416520000,^DJI,-0.0029879916850942267,-0.0029924646445819813
2022-05-09,32245.69921875,32245.69921875,32685.169921875,32121.98046875,32685.169921875,470770000,^DJI,-0.019868825854977512,-0.02006886510639751
2022-05-10,32160.740234375,32160.740234375,32752.169921875,31887.890625,32504.08984375,439290000,^DJI,-0.002634738474692422,-0.0026382155068305022
2022-05-11,31834.109375,31834.109375,32584.01953125,31798.859375,32123.240234375,458460000,^DJI,-0.010156198426859664,-0.01020812449022079
2022-05-12,31730.30078125,31730.30078125,31914.4609375,31228.220703125,31699.0390625,544240000,^DJI,-0.0032609234493465866,-0.003266251847035757
2022-05-13,32196.66015625,32196.66015625,32276.05078125,31862.7890625,31963.859375,388520000,^DJI,0.014697603348140298,0.01459064036864365
2022-05-16,32223.419921875,32223.419921875,32514.01953125,31928.1796875,32152.150390625,330030000,^DJI,0.0008311348287410869,0.0008307896274486165
2022-05-17,32654.58984375,32654.58984375,32689.140625,32308.150390625,32427.0,389310000,^DJI,0.013380638148289714,0.013291908043612737
2022-05-18,31490.0703125,31490.0703125,32468.669921875,31393.94921875,32468.669921875,465060000,^DJI,-0.03566174117703347,-0.036313155024210814
2022-05-19,31253.130859375,31253.130859375,31569.130859375,31016.41015625,31262.619140625,517190000,^DJI,-0.0075242592593052215,-0.007552709298161327
2022-05-20,31261.900390625,31261.900390625,31515.779296875,30635.759765625,31426.939453125,495510000,^DJI,0.0002805968876993248,0.0002805575277553112
2022-05-23,31880.240234375,31880.240234375,31968.419921875,31395.890625,31395.890625,402010000,^DJI,0.019779342779028042,0.019586273284542297
2022-05-24,31928.619140625,31928.619140625,32014.859375,31365.58984375,31717.609375,382950000,^DJI,0.0015175201282779938,0.001516369858166451
2022-05-25,32120.279296875,32120.279296875,32254.439453125,31754.330078125,31816.310546875,343460000,^DJI,0.006002769972790256,0.005984825125834511
2022-05-26,32637.189453125,32637.189453125,32774.140625,32248.169921875,32248.169921875,351220000,^DJI,0.016092953348020522,0.01596483448714788
2022-05-27,33212.9609375,33212.9609375,33213.62109375,32682.009765625,32735.08984375,328770000,^DJI,0.017641576803111292,0.017487770476527248
2022-05-31,32990.12109375,32990.12109375,33240.21875,32752.33984375,33160.58984375,533560000,^DJI,-0.006709424196455704,-0.006732033570313599
2022-06-01,32813.23046875,32813.23046875,33272.33984375,32584.759765625,33156.30859375,338210000,^DJI,-0.005361927120464904,-0.0053763538448262545
2022-06-02,33248.28125,33248.28125,33248.609375,32509.4296875,32809.01171875,333210000,^DJI,0.013258395319056593,0.013171272027664473
2022-06-03,32899.69921875,32899.69921875,33135.609375,32839.2109375,32986.3203125,298570000,^DJI,-0.010484212059833964,-0.010539558594175196
2022-06-06,32915.78125,32915.78125,33235.37109375,32819.5,33032.0390625,253010000,^DJI,0.0004888200084465222,0.0004887005748656243
2022-06-07,33180.140625,33180.140625,33207.44921875,32641.849609375,32783.03125,270750000,^DJI,0.008031386920217765,0.007999306982081445
2022-06-08,32910.8984375,32910.8984375,33156.5,32824.37109375,33087.0703125,270470000,^DJI,-0.008114558360163726,-0.008147660583755975
2022-06-09,32272.7890625,32272.7890625,32956.73046875,32267.779296875,32828.62109375,289710000,^DJI,-0.019388998942457047,-0.01957943112760398
2022-06-10,31392.7890625,31392.7890625,32053.51953125,31387.83984375,32053.51953125,362300000,^DJI,-0.02726755342699938,-0.027646212437832322
2022-06-13,30516.740234375,30516.740234375,31144.91015625,30373.720703125,31144.91015625,472290000,^DJI,-0.02790605276838809,-0.028302825661884568
2022-06-14,30364.830078125,30364.830078125,30690.80078125,30144.23046875,30592.33984375,366800000,^DJI,-0.004977928674009702,-0.0049903598323902875
2022-06-15,30668.529296875,30668.529296875,31011.970703125,30185.080078125,30570.5,392670000,^DJI,0.01000167687316611,0.009951991122251331
2022-06-16,29927.0703125,29927.0703125,30305.740234375,29740.349609375,30305.740234375,442910000,^DJI,-0.024176541926663297,-0.024473592051950672
2022-06-17,29888.779296875,29888.779296875,30167.51953125,29653.2890625,29912.69921875,692830000,^DJI,-0.0012794775841792339,-0.0012802968144892126
2022-06-21,30530.25,30530.25,30653.98046875,30074.689453125,30074.689453125,376900000,^DJI,0.021461923779271475,0.021234859768551786
2022-06-22,30483.130859375,30483.130859375,30777.919921875,30166.009765625,30352.5703125,343490000,^DJI,-0.0015433591478942743,-0.0015445513534494309
2022-06-23,30677.359375,30677.359375,30715.630859375,30293.400390625,30570.330078125,361420000,^DJI,0.006371672139617646,0.006351458852878349
2022-06-24,31500.6796875,31500.6796875,31517.2890625,30846.939453125,30846.939453125,465480000,^DJI,0.026838043732373862,0.026484220100177907
2022-06-27,31438.259765625,31438.259765625,31598.58984375,31351.369140625,31533.599609375,309910000,^DJI,-0.0019815420649406112,-0.001983507916792885
2022-06-28,30946.990234375,30946.990234375,31885.08984375,30934.330078125,31549.05078125,350780000,^DJI,-0.015626486164070696,-0.01574986672325543
2022-06-29,31029.310546875,31029.310546875,31152.9609375,30894.529296875,31067.41015625,269390000,^DJI,0.0026600426043550396,0.0026565109525364173
2022-06-30,30775.4296875,30775.4296875,30979.849609375,30431.869140625,30790.0,394070000,^DJI,-0.008181969076994755,-0.008215625093360716
2022-07-01,31097.259765625,31097.259765625,31139.349609375,30487.7890625,30737.76953125,310440000,^DJI,0.010457370746498995,0.010403070674293248
2022-07-05,30967.8203125,30967.8203125,30971.740234375,30355.119140625,30903.119140625,323080000,^DJI,-0.004162407044883243,-0.004171093975160166
2022-07-06,31037.6796875,31037.6796875,31224.689453125,30794.83984375,30957.30078125,289800000,^DJI,0.002255869941605315,0.002253329287215081
2022-07-07,31384.55078125,31384.55078125,31421.83984375,31154.640625,31190.650390625,296620000,^DJI,0.011175806221419782,0.011113818314715513
2022-07-08,31338.150390625,31338.150390625,31511.4609375,31212.44921875,31348.4296875,238120000,^DJI,-0.001478446862228866,-0.0014795408431858429
2022-07-11,31173.83984375,31173.83984375,31367.55078125,31114.400390625,31277.98046875,245020000,^DJI,-0.005243147563812611,-0.005256941097480892
2022-07-12,30981.330078125,30981.330078125,31346.099609375,30860.509765625,31113.310546875,324190000,^DJI,-0.0061753626306512155,-0.0061945090472028145
2022-07-13,30772.7890625,30772.7890625,30979.169921875,30514.609375,30743.630859375,291830000,^DJI,-0.0067311834288303896,-0.006753940020691148
2022-07-14,30630.169921875,30630.169921875,30680.119140625,30143.9296875,30451.80078125,325130000,^DJI,-0.004634586105774718,-0.00464535909842261
2022-07-15,31288.259765625,31288.259765625,31288.259765625,30775.369140625,30775.369140625,321570000,^DJI,0.021485020991673043,0.02125747143006524
2022-07-18,31072.609375,31072.609375,31644.6796875,30982.970703125,31475.98046875,309960000,^DJI,-0.0068923740802588895,-0.006916236198126863
2022-07-19,31827.05078125,31827.05078125,31842.25,31165.91015625,31165.91015625,378720000,^DJI,0.02427995013695239,0.02398987805902385
2022-07-20,31874.83984375,31874.83984375,31944.44921875,31646.94921875,31829.990234375,313520000,^DJI,0.0015015234313873194,0.00150039727224177
2022-07-21,32036.900390625,32036.900390625,32040.630859375,31534.080078125,31826.490234375,302320000,^DJI,0.005084277996985076,0.005071396698562298
2022-07-22,31899.2890625,31899.2890625,32219.25,31731.470703125,32167.919921875,319880000,^DJI,-0.004295400817404538,-0.0043046525542794305
2022-07-25,31990.0390625,31990.0390625,32029.029296875,31821.669921875,31950.9296875,255450000,^DJI,0.0028448909887048845,0.002840851944948861
2022-07-26,31761.5390625,31761.5390625,31950.0390625,31705.359375,31950.0390625,324930000,^DJI,-0.007142848420834125,-0.007168480693841195
2022-07-27,32197.58984375,32197.58984375,32336.23046875,31799.4296875,31865.05078125,365480000,^DJI,0.013728893313133872,0.013635505824458176
2022-07-28,32529.630859375,32529.630859375,32609.5390625,31982.609375,32197.619140625,331110000,^DJI,0.01031260467744155,0.010259792546583806
2022-07-29,32845.12890625,32845.12890625,32910.1796875,32493.01953125,32515.619140625,487360000,^DJI,0.009698789643168393,0.009652058298261062
2022-08-01,32798.3984375,32798.3984375,32972.03125,32640.7890625,32755.7109375,321180000,^DJI,-0.001422751875426731,-0.0014237649478907584
2022-08-02,32396.169921875,32396.169921875,32772.9296875,32387.119140625,32691.2890625,316740000,^DJI,-0.012263663312447326,-0.012339482550114422
2022-08-03,32812.5,32812.5,32912.73828125,32514.2109375,32514.2109375,342160000,^DJI,0.012851212940572898,0.012769336828990585
2022-08-04,32726.8203125,32726.8203125,32829.21875,32652.630859375,32805.69140625,315590000,^DJI,-0.002611190476190517,-0.002614605580329022
2022-08-05,32803.46875,32803.46875,32814.609375,32489.619140625,32593.900390625,273010000,^DJI,0.002342067966521144,0.002339329600134595
2022-08-08,32832.5390625,32832.5390625,33109.9609375,32769.1015625,32877.359375,275350000,^DJI,0.000886196295932784,0.0008858038558308505
2022-08-09,32774.41015625,32774.41015625,32877.53125,32702.66015625,32807.359375,281080000,^DJI,-0.0017704663699431578,-0.00177203549785902
2022-08-10,33309.51171875,33309.51171875,33364.41015625,33130.62890625,33130.62890625,311740000,^DJI,0.016326809847955648,0.016194960669939407
2022-08-11,33336.671875,33336.671875,33651.80078125,33289.828125,33451.51171875,308030000,^DJI,0.0008153874028333785,0.000815055155119829
2022-08-12,33761.05078125,33761.05078125,33767.08984375,33398.3203125,33430.71875,299140000,^DJI,0.012730092189204179,0.012649745725729179
2022-08-15,33912.44140625,33912.44140625,33954.7109375,33582.9609375,33710.69921875,262670000,^DJI,0.004484179890635431,0.004474155911037011
2022-08-16,34152.01171875,34152.01171875,34281.359375,33852.5703125,33924.3515625,288670000,^DJI,0.00706437822125805,0.007039542399258584
2022-08-17,33980.3203125,33980.3203125,34161.01171875,33828.41015625,34029.55078125,281390000,^DJI,-0.0050272706528657896,-0.005039949890464318
2022-08-18,33999.0390625,33999.0390625,34043.828125,33844.4609375,33981.859375,282550000,^DJI,0.0005508703222292244,0.000550718648872279
2022-08-19,33706.73828125,33706.73828125,33904.69140625,33627.08984375,33904.69140625,293990000,^DJI,-0.008597324786523197,-0.008634494979416426
2022-08-22,33063.609375,33063.609375,33586.58984375,33007.62890625,33586.58984375,308900000,^DJI,-0.019080128753002246,-0.019264503438859815
2022-08-23,32909.58984375,32909.58984375,33138.26171875,32858.890625,33033.51953125,251870000,^DJI,-0.00465827942446162,-0.004669163020433802
2022-08-24,32969.23046875,32969.23046875,33095.5,32828.55859375,32899.01171875,256900000,^DJI,0.0018122567094627229,0.0018106165535622767
2022-08-25,33291.78125,33291.78125,33306.08984375,32889.8515625,33029.26953125,308530000,^DJI,0.009783388227873058,0.00973584075069482
2022-08-26,32283.400390625,32283.400390625,33364.69921875,32278.220703125,33293.4296875,352850000,^DJI,-0.030289183141109288,-0.03075737888297924
2022-08-29,32098.990234375,32098.990234375,32325.16015625,31972.7890625,32188.0,317820000,^DJI,-0.005712228390400642,-0.005728605563540148
2022-08-30,31790.869140625,31790.869140625,32205.66015625,31647.220703125,32163.83984375,317150000,^DJI,-0.009599089924642867,-0.009645458155461495
2022-08-31,31510.4296875,31510.4296875,31966.0390625,31509.58984375,31827.150390625,392780000,^DJI,-0.00882138364586682,-0.008860522392517214
2022-09-01,31656.419921875,31656.419921875,31677.509765625,31219.75,31454.580078125,339360000,^DJI,0.0046330765979021304,0.004622376934034478
2022-09-02,31318.439453125,31318.439453125,32026.900390625,31182.08984375,31848.5,306180000,^DJI,-0.01067652215835213,-0.010733925162950167
2022-09-06,31145.30078125,31145.30078125,31463.890625,31048.4609375,31343.7890625,347320000,^DJI,-0.005528330111535085,-0.005543667882740329
2022-09-07,31581.279296875,31581.279296875,31644.33984375,31095.2109375,31145.630859375,345080000,^DJI,0.01399821175872118,0.01390114161587934
2022-09-08,31774.51953125,31774.51953125,31783.369140625,31321.5,31481.94921875,344340000,^DJI,0.006118822247777711,0.006100178269068828
2022-09-09,32151.7109375,32151.7109375,32227.740234375,31876.220703125,31876.220703125,310980000,^DJI,0.011870876784746853,0.011800970614774147
2022-09-12,32381.33984375,32381.33984375,32504.0390625,32159.490234375,32159.490234375,339250000,^DJI,0.00714204313096678,0.007116659529780966
2022-09-13,31104.970703125,31104.970703125,32006.5,31018.5390625,32006.5,428930000,^DJI,-0.03941681063179836,-0.040214690041746444
2022-09-14,31135.08984375,31135.08984375,31276.8203125,30885.01953125,31141.01953125,348670000,^DJI,0.0009683063492476052,0.0009678378430685553
2022-09-15,30961.8203125,30961.8203125,31277.689453125,30882.080078125,31124.6796875,345500000,^DJI,-0.005565088526146678,-0.005580631322813619
2022-09-16,30822.419921875,30822.419921875,30866.609375,30550.080078125,30866.609375,627920000,^DJI,-0.0045023318790051725,-0.004512497900524239
2022-09-19,31019.6796875,31019.6796875,31026.890625,30559.369140625,30722.859375,291200000,^DJI,0.0063998792478003885,0.006379486979731737
2022-09-20,30706.23046875,30706.23046875,30888.529296875,30465.91015625,30888.529296875,317970000,^DJI,-0.010104850272722565,-0.010156250828680834
2022-09-21,30183.779296875,30183.779296875,31020.7890625,30181.990234375,30819.390625,354960000,^DJI,-0.017014500441749236,-0.017160910156130048
2022-09-22,30076.6796875,30076.6796875,30302.279296875,29994.529296875,30204.51953125,335270000,^DJI,-0.003548250479888937,-0.0035545604512841815
2022-09-23,29590.41015625,29590.41015625,29955.650390625,29250.470703125,29955.650390625,388200000,^DJI,-0.01616766000444181,-0.016299782630634255
2022-09-26,29260.810546875,29260.810546875,29630.76953125,29161.119140625,29536.83984375,369450000,^DJI,-0.01113873067776261,-0.011201230887033183
2022-09-27,29134.990234375,29134.990234375,29659.119140625,28958.220703125,29419.880859375,355460000,^DJI,-0.004299959917324903,-0.004309231332324313
2022-09-28,29683.740234375,29683.740234375,29811.779296875,29114.970703125,29198.919921875,436040000,^DJI,0.018834741168114677,0.018659563628258848
2022-09-29,29225.609375,29225.609375,29513.73046875,28997.33984375,29513.73046875,388820000,^DJI,-0.015433730916579846,-0.015554070742312994
2022-09-30,28725.509765625,28725.509765625,29355.779296875,28715.849609375,29123.029296875,464260000,^DJI,-0.017111691426451192,-0.017259788308307582
2022-10-03,29490.890625,29490.890625,29647.7890625,28855.25,28855.25,397830000,^DJI,0.026644639751211896,0.026295853299435536
2022-10-04,30316.3203125,30316.3203125,30325.05078125,29826.669921875,29826.669921875,375640000,^DJI,0.02798931025841145,0.027604768397595923
2022-10-05,30273.869140625,30273.869140625,30454.4609375,29886.439453125,30078.359375,290610000,^DJI,-0.0014002745530267147,-0.0014012558536057695
2022-10-06,29926.939453125,29926.939453125,30329.609375,29859.33984375,30206.130859375,306840000,^DJI,-0.011459707574491995,-0.011525876023112457
2022-10-07,29296.7890625,29296.7890625,29685.26953125,29142.66015625,29685.26953125,367950000,^DJI,-0.021056292495663098,-0.021281138100384858
2022-10-10,29202.880859375,29202.880859375,29485.8203125,29010.41015625,29419.08984375,315410000,^DJI,-0.0032054094025342206,-0.0032105577318657513
2022-10-11,29239.189453125,29239.189453125,29608.419921875,29074.23046875,29085.19921875,352920000,^DJI,0.0012433223257952708,0.0012425500406589812
2022-10-12,29210.849609375,29210.849609375,29455.119140625,29136.029296875,29233.060546875,304420000,^DJI,-0.0009692417703791589,-0.0009697117889161586
2022-10-13,30038.720703125,30038.720703125,30168.5390625,28660.939453125,28755.830078125,470260000,^DJI,0.028341219266840634,0.027947037314787836
2022-10-14,29634.830078125,29634.830078125,30428.8203125,29614.30078125,30192.2109375,379090000,^DJI,-0.01344566664445146,-0.013536878142531125
2022-10-17,30185.8203125,30185.8203125,30311.94921875,29997.619140625,30059.580078125,369820000,^DJI,0.018592657117400435,0.018421926643444383
2022-10-18,30523.80078125,30523.80078125,30837.900390625,30301.830078125,30697.51953125,387130000,^DJI,0.011196663375420801,0.011134444736717704
2022-10-19,30423.810546875,30423.810546875,30662.109375,30226.900390625,30439.0390625,314030000,^DJI,-0.0032758120488199927,-0.003281189267492716
2022-10-20,30333.58984375,30333.58984375,30822.9609375,30265.19921875,30411.919921875,333190000,^DJI,-0.002965463612324082,-0.0029698693116586333
2022-10-21,31082.560546875,31082.560546875,31119.26953125,30206.279296875,30291.1796875,418190000,^DJI,0.024691133063478032,0.02439123358367386
2022-10-24,31499.619140625,31499.619140625,31603.630859375,31161.41015625,31187.3203125,345040000,^DJI,0.013417768240844952,0.013328547200661948
2022-10-25,31836.740234375,31836.740234375,31876.150390625,31423.529296875,31463.650390625,336930000,^DJI,0.010702386344576986,0.010645521176702658
2022-10-26,31839.109375,31839.109375,32172.419921875,31738.439453125,31738.439453125,430400000,^DJI,7.44153015528326e-05,7.441253287163398e-05
2022-10-27,32033.279296875,32033.279296875,32388.419921875,31993.2109375,32062.140625,375720000,^DJI,0.006098472152222367,0.006079951730302193
2022-10-28,32861.80078125,32861.80078125,32889.80859375,32158.380859375,32204.310546875,495830000,^DJI,0.02586439798112794,0.025535572303519046
2022-10-31,32732.94921875,32732.94921875,32883.859375,32586.9296875,32754.26953125,390890000,^DJI,-0.003921013439212362,-0.0039287207660258115
2022-11-01,32653.19921875,32653.19921875,32975.48046875,32485.23046875,32862.7890625,323210000,^DJI,-0.002436382968947881,-0.00243935577951857
2022-11-02,32147.759765625,32147.759765625,33071.9296875,32139.76953125,32576.279296875,398430000,^DJI,-0.015479017836474873,-0.015600068622675413
2022-11-03,32001.25,32001.25,32185.7109375,31727.05078125,31985.05078125,354440000,^DJI,-0.004557386477102576,-0.004567803023052553
2022-11-04,32403.220703125,32403.220703125,32611.51953125,31938.919921875,32265.009765625,422370000,^DJI,0.012561093804929424,0.012482857738623225
2022-11-07,32827.0,32827.0,32895.58984375,32424.990234375,32454.099609375,336300000,^DJI,0.013078307886664087,0.012993525227163112
2022-11-08,33160.828125,33160.828125,33355.390625,32831.4609375,32934.55859375,335340000,^DJI,0.010169315654796396,0.010117956065451808
2022-11-09,32513.939453125,32513.939453125,33065.109375,32478.869140625,33004.46875,355200000,^DJI,-0.019507615112522192,-0.019700399936346955
2022-11-10,33715.37109375,33715.37109375,33727.73046875,33167.8203125,33263.91015625,480130000,^DJI,0.03695127876943638,0.03628494527908656
2022-11-11,33747.859375,33747.859375,33817.9609375,33394.4296875,33797.75,427790000,^DJI,0.0009636044390453069,0.0009631404703187944
2022-11-14,33536.69921875,33536.69921875,33964.30078125,33533.9609375,33662.05078125,354340000,^DJI,-0.0062569940778651745,-0.006276651104138974
2022-11-15,33592.921875,33592.921875,33987.05859375,33320.19921875,33755.94140625,390610000,^DJI,0.0016764516950007469,0.0016750480184362434
2022-11-16,33553.828125,33553.828125,33682.828125,33516.98828125,33554.9296875,301560000,^DJI,-0.0011637496180137985,-0.00116442730041996
2022-11-17,33546.3203125,33546.3203125,33616.01953125,33239.75,33329.26953125,319210000,^DJI,-0.000223754275429644,-0.000223779312152316
2022-11-18,33745.69140625,33745.69140625,33827.94140625,33540.640625,33606.58984375,312950000,^DJI,0.005943158352175848,0.0059255674491816585
2022-11-21,33700.28125,33700.28125,33864.58984375,33559.1796875,33760.30078125,352960000,^DJI,-0.001345657900539865,-0.001346564111190085
2022-11-22,34098.1015625,34098.1015625,34115.69921875,33810.05078125,33810.05078125,277070000,^DJI,0.011804658529370515,0.011735527064912097
2022-11-23,34194.05859375,34194.05859375,34262.0703125,34004.640625,34091.5703125,236820000,^DJI,0.002814145857185535,0.0028101935618867952
2022-11-25,34347.03125,34347.03125,34386.51171875,34199.5703125,34213.0390625,131660000,^DJI,0.004473661874053292,0.004463684793760607
2022-11-28,33849.4609375,33849.4609375,34303.87890625,33799.3515625,34275.91015625,300330000,^DJI,-0.014486559518881226,-0.01459251424682803
2022-11-29,33852.53125,33852.53125,33933.91015625,33662.44921875,33847.80078125,279750000,^DJI,9.07049156755324e-05,9.070080223340629e-05
2022-11-30,34589.76953125,34589.76953125,34589.76953125,33583.76953125,33795.4296875,524440000,^DJI,0.0217779366572477,0.021544185057877772
2022-12-01,34395.01171875,34395.01171875,34595.51171875,34129.3515625,34533.58984375,348720000,^DJI,-0.005630503329143277,-0.005646414365884417
2022-12-02,34429.87890625,34429.87890625,34483.2109375,34039.73046875,34265.44921875,290580000,^DJI,0.0010137280308293306,0.001013214555555972
2022-12-05,33947.1015625,33947.1015625,34335.73046875,33846.80859375,34335.73046875,312960000,^DJI,-0.014022045940520589,-0.014121283595512265
2022-12-06,33596.33984375,33596.33984375,34006.62890625,33418.58984375,33936.87109375,306220000,^DJI,-0.010332596970148211,-0.01038634883504419
2022-12-07,33597.921875,33597.921875,33774.26953125,33503.671875,33556.3984375,359980000,^DJI,4.708939299225001e-05,4.7088284321588104e-05
2022-12-08,33781.48046875,33781.48046875,33899.171875,33642.4609375,33695.96875,271830000,^DJI,0.005463391290476904,0.005448521104788786
2022-12-09,33476.4609375,33476.4609375,33844.62890625,33462.6484375,33746.7109375,287630000,^DJI,-0.009029193718497974,-0.009070203934200605
2022-12-12,34005.0390625,34005.0390625,34005.0390625,33519.5,33519.5,313440000,^DJI,0.015789546152648715,0.015666188086382645
2022-12-13,34108.640625,34108.640625,34712.28125,33890.87890625,34268.44140625,442650000,^DJI,0.00304665324187936,0.003042021598846871
2022-12-14,33966.3515625,33966.3515625,34395.6484375,33704.171875,34086.0703125,339090000,^DJI,-0.004171642724328017,-0.0041803683009513665
2022-12-15,33202.21875,33202.21875,33773.0,33016.16015625,33773.0,394290000,^DJI,-0.022496758625781488,-0.022753671144258823
2022-12-16,32920.4609375,32920.4609375,33166.4609375,32654.58984375,33166.4609375,756310000,^DJI,-0.008486113973934395,-0.00852232605120304
2022-12-19,32757.5390625,32757.5390625,33038.94140625,32581.970703125,32921.44921875,326430000,^DJI,-0.004948954855441112,-0.004961241486606066
2022-12-20,32849.73828125,32849.73828125,32992.23046875,32649.44921875,32735.240234375,303970000,^DJI,0.0028145953996754347,0.0028106418427482054
2022-12-21,33376.48046875,33376.48046875,33437.83984375,33028.08984375,33028.08984375,328020000,^DJI,0.01603489753830556,0.015907696537185295
2022-12-22,33027.48828125,33027.48828125,33233.3515625,32573.4296875,33233.3515625,340640000,^DJI,-0.010456230932640032,-0.01051128139847715
2022-12-23,33203.9296875,33203.9296875,33226.140625,32814.01953125,32961.05859375,221050000,^DJI,0.005342259294666585,0.0053280400469385685
2022-12-27,33241.55859375,33241.55859375,33387.71875,33069.578125,33224.23046875,246010000,^DJI,0.0011332666525964985,0.0011326249906805012
2022-12-28,32875.7109375,32875.7109375,33379.55078125,32869.1484375,33264.76171875,252260000,^DJI,-0.011005731130753427,-0.0110667422505868
2022-12-29,33220.80078125,33220.80078125,33293.421875,33020.3515625,33021.4296875,243060000,^DJI,0.010496802469338151,0.010442093551077648
2022-12-30,33147.25,33147.25,33152.55078125,32847.8203125,33121.609375,295500000,^DJI,-0.0022139978423251216,-0.00221645235908044
2023-01-03,33136.37109375,33136.37109375,33387.51953125,32850.5703125,33148.8984375,355930000,^DJI,-0.00032819936042960407,-0.000328253229626577
2023-01-04,33269.76953125,33269.76953125,33409.1015625,33033.48046875,33165.140625,379400000,^DJI,0.004025740692080726,0.004017659080408607
2023-01-05,32930.078125,32930.078125,33191.71875,32812.328125,33191.71875,337920000,^DJI,-0.010210212184696088,-0.010262693939980949
2023-01-06,33630.609375,33630.609375,33710.66015625,32997.390625,33055.30078125,360740000,^DJI,0.02127329450421711,0.02105017672798717
2023-01-09,33517.6484375,33517.6484375,33935.109375,33487.66015625,33664.390625,327840000,^DJI,-0.003358872753104869,-0.0033645264297275214
2023-01-10,33704.1015625,33704.1015625,33726.5390625,33421.80078125,33516.4296875,268260000,^DJI,0.005562834318394216,0.005547418898096535
2023-01-11,33973.01171875,33973.01171875,33974.69140625,33711.0390625,33754.03125,301650000,^DJI,0.007978558803928948,0.007946898395097086
2023-01-12,34189.96875,34189.96875,34292.671875,33792.1015625,34047.859375,308190000,^DJI,0.0063861583143145495,0.006365853207209477
2023-01-13,34302.609375,34302.609375,34342.3203125,33915.48828125,34075.30859375,274110000,^DJI,0.0032945518559446274,0.003289136710371177
2023-01-17,33910.8515625,33910.8515625,34269.96875,33860.671875,34222.3203125,353050000,^DJI,-0.011420641742360127,-0.01148635809902177
2023-01-18,33296.9609375,33296.9609375,34016.53125,33269.8984375,33948.48828125,351670000,^DJI,-0.018103073108280965,-0.018268938568670737
2023-01-19,33044.55859375,33044.55859375,33227.48828125,32982.05078125,33171.3515625,319770000,^DJI,-0.007580341768240406,-0.007609218582206361
2023-01-20,33375.48828125,33375.48828125,33381.94921875,32948.9296875,33073.4609375,367330000,^DJI,0.010014649963052902,0.009964835661886601
2023-01-23,33629.55859375,33629.55859375,33782.87890625,33316.25,33439.55859375,355220000,^DJI,0.007612482261202924,0.007583653531141161
2023-01-24,33733.9609375,33733.9609375,33782.921875,33310.55859375,33444.71875,299310000,^DJI,0.0031044815369478673,0.003099672584440137
2023-01-25,33743.83984375,33743.83984375,33773.08984375,33273.2109375,33538.359375,341720000,^DJI,0.00029284750368629986,0.0002928046322257548
2023-01-26,33949.41015625,33949.41015625,33953.7890625,33635.6015625,33771.66015625,327000000,^DJI,0.006092084168603407,0.006073602447329051
2023-01-27,33978.078125,33978.078125,34164.328125,33830.8515625,33952.9296875,441260000,^DJI,0.0008444320127525273,0.0008440756806251741
2023-01-30,33717.08984375,33717.08984375,34055.2890625,33695.1796875,33909.2109375,343920000,^DJI,-0.007681078379120354,-0.007710729795813073
2023-01-31,34086.0390625,34086.0390625,34095.23046875,33664.91015625,33803.55859375,360240000,^DJI,0.010942498906630682,0.010883062957590561
2023-02-01,34092.9609375,34092.9609375,34334.69921875,33581.421875,34039.6015625,370120000,^DJI,0.00020307067615887853,0.00020305006010008482
2023-02-02,34053.94140625,34053.94140625,34145.140625,33814.78125,34129.30078125,429910000,^DJI,-0.0011445040318301958,-0.001145159476723576
2023-02-03,33926.01171875,33926.01171875,34179.578125,33813.859375,33926.30078125,425150000,^DJI,-0.003756677853345991,-0.003763751889734221
2023-02-06,33891.01953125,33891.01953125,33962.83984375,33683.578125,33874.44140625,296400000,^DJI,-0.0010314264992327127,-0.0010319587855853486
2023-02-07,34156.69140625,34156.69140625,34240.0,33634.1015625,33769.78125,361620000,^DJI,0.007839005101485164,0.0078084397318077745
2023-02-08,33949.01171875,33949.01171875,34161.6484375,33899.7890625,34132.8984375,324090000,^DJI,-0.006080205047670373,-0.006098764763877225
2023-02-09,33699.87890625,33699.87890625,34252.5703125,33607.12890625,34105.609375,347520000,^DJI,-0.007338440793621226,-0.0073654996112226395
2023-02-10,33869.26953125,33869.26953125,33897.30859375,33591.98828125,33671.5390625,288150000,^DJI,0.005026446103003179,0.0050138556951693156
2023-02-13,34245.9296875,34245.9296875,34249.6015625,33887.390625,33887.390625,302600000,^DJI,0.011121000289140204,0.011059616644499198
2023-02-14,34089.26953125,34089.26953125,34331.46875,33827.44921875,34194.08984375,288820000,^DJI,-0.004574562807304394,-0.004585058139679766
2023-02-15,34128.05078125,34128.05078125,34130.48828125,33833.1015625,34008.62890625,267530000,^DJI,0.0011376380466130431,0.0011369914268168824
2023-02-16,33696.8515625,33696.8515625,34041.16015625,33686.58984375,33992.08984375,317530000,^DJI,-0.01263474499360806,-0.012715242143532323
2023-02-17,33826.69140625,33826.69140625,33846.640625,33517.73046875,33677.01171875,302900000,^DJI,0.003853174339127019,0.0038457698772432747
2023-02-21,33129.58984375,33129.58984375,33699.69140625,33115.73828125,33699.69140625,348320000,^DJI,-0.020608032696073808,-0.02082334139761892
2023-02-22,33045.08984375,33045.08984375,33245.96875,32948.26953125,33169.328125,321910000,^DJI,-0.0025505899831096412,-0.0025538482793049113
2023-02-23,33153.91015625,33153.91015625,33272.3984375,32795.671875,33175.390625,288120000,^DJI,0.0032930856903263805,0.0032876753581822043
2023-02-24,32816.921875,32816.921875,32999.19140625,32643.48046875,32999.19140625,277120000,^DJI,-0.010164360090915925,-0.010216369930250411
2023-02-27,32889.08984375,32889.08984375,33189.28125,32814.1796875,32906.16015625,243660000,^DJI,0.002199108405867234,0.0021966939061599778
2023-02-28,32656.69921875,32656.69921875,32873.46875,32636.4296875,32873.46875,303760000,^DJI,-0.007065887992159237,-0.007090969597761133
2023-03-01,32661.83984375,32661.83984375,32746.150390625,32500.7109375,32656.369140625,292810000,^DJI,0.00015741410255709631,0.0001574017142572994
2023-03-02,33003.5703125,33003.5703125,33083.44921875,32665.849609375,32780.96875,317450000,^DJI,0.010462682763273445,0.010408327702412928
2023-03-03,33390.96875,33390.96875,33405.8203125,33008.41015625,33076.328125,300050000,^DJI,0.011738076633280858,0.01166971981018334
2023-03-06,33431.44140625,33431.44140625,33572.21875,33383.46875,33425.3203125,329190000,^DJI,0.0012120839186493537,0.0012113499379740101
2023-03-07,32856.4609375,32856.4609375,33453.25,32838.2109375,33428.30859375,299400000,^DJI,-0.017198793846875726,-0.017348411073834877
2023-03-08,32798.3984375,32798.3984375,32903.44140625,32612.69921875,32872.078125,242750000,^DJI,-0.0017671562409125041,-0.0017687195034599816
2023-03-09,32254.859375,32254.859375,32990.4609375,32190.599609375,32876.828125,315860000,^DJI,-0.0165721220667453,-0.01671097588744518
2023-03-10,31909.640625,31909.640625,32422.099609375,31783.41015625,32185.140625,397790000,^DJI,-0.010702844677957901,-0.010760532102316039
2023-03-13,31819.140625,31819.140625,32240.349609375,31624.869140625,31819.9296875,429090000,^DJI,-0.0028361334765110158,-0.002840162923562458
2023-03-14,32155.400390625,32155.400390625,32306.58984375,31805.400390625,32055.2890625,391760000,^DJI,0.010567845611795246,0.010512396242833507
2023-03-15,31874.5703125,31874.5703125,31906.470703125,31429.8203125,31759.869140625,420910000,^DJI,-0.008733527641188288,-0.008771888406903936
2023-03-16,32246.55078125,32246.55078125,32281.609375,31571.4609375,31827.650390625,440940000,^DJI,0.011670132808162759,0.011602562007000966
2023-03-17,31861.98046875,31861.98046875,32217.3203125,31728.69921875,32217.3203125,712100000,^DJI,-0.011925936361653067,-0.011997620847161834
2023-03-20,32244.580078125,32244.580078125,32280.0703125,31872.330078125,31872.330078125,357210000,^DJI,0.012008029750387061,0.011936505369751133
2023-03-21,32560.599609375,32560.599609375,32593.6796875,32346.119140625,32420.7109375,363190000,^DJI,0.009800702334603839,0.009752986960958719
2023-03-22,32030.109375,32030.109375,32761.890625,32020.4609375,32570.189453125,325990000,^DJI,-0.016292397582944318,-0.016426578103479066
2023-03-23,32105.25,32105.25,32511.490234375,31864.740234375,32101.490234375,335430000,^DJI,0.002345937196787995,0.0023431897821249
2023-03-24,32237.529296875,32237.529296875,32257.240234375,31805.1796875,32038.220703125,317070000,^DJI,0.004120176509293749,0.004111711824757231
2023-03-27,32432.080078125,32432.080078125,32564.0,32276.720703125,32276.720703125,291560000,^DJI,0.006034915996768309,0.006016778825514144
2023-03-28,32394.25,32394.25,32551.009765625,32295.5,32434.849609375,248560000,^DJI,-0.0011664400813599096,-0.0011671209020674793
2023-03-29,32717.599609375,32717.599609375,32728.0390625,32539.939453125,32566.5390625,314110000,^DJI,0.009981697658535182,0.009932209558815235
2023-03-30,32859.03125,32859.03125,32905.80078125,32682.869140625,32807.4296875,283380000,^DJI,0.004322800031591356,0.004313483570683535
2023-03-31,33274.1484375,33274.1484375,33291.0,32901.9609375,32901.9609375,353740000,^DJI,0.012633275288661983,0.012554141250827962
2023-04-03,33601.1484375,33601.1484375,33632.8984375,33245.78125,33245.78125,311890000,^DJI,0.009827449096532659,0.009779473779248938
2023-04-04,33402.37890625,33402.37890625,33634.71875,33275.62109375,33594.7890625,283360000,^DJI,-0.005915557666718474,-0.005933123888228834
2023-04-05,33482.71875,33482.71875,33543.83984375,33376.26953125,33394.6015625,286660000,^DJI,0.0024052132327307962,0.002402325337126203
2023-04-06,33485.2890625,33485.2890625,33525.9609375,33325.37109375,33420.9609375,258680000,^DJI,7.67653463027429e-05,7.676239999432837e-05
2023-04-10,33586.51953125,33586.51953125,33590.23828125,33343.4296875,33425.25,232920000,^DJI,0.0030231325929739317,0.0030185721166079292
2023-04-11,33684.7890625,33684.7890625,33781.2890625,33586.75,33586.75,241430000,^DJI,0.0029258622989669636,0.0029215902947062737
2023-04-12,33646.5,33646.5,33895.4296875,33593.3203125,33764.2109375,260300000,^DJI,-0.00113668702003622,-0.001137333538699664
2023-04-13,34029.69140625,34029.69140625,34054.98828125,33605.171875,33668.96875,277230000,^DJI,0.011388744928892969,0.011324381392308099
2023-04-14,33886.46875,33886.46875,34082.94140625,33730.8515625,33981.7109375,276720000,^DJI,-0.00420875565811607,-0.0042176373996911124
2023-04-17,33987.1796875,33987.1796875,33991.23046875,33796.91015625,33930.4609375,234530000,^DJI,0.0029720103986934365,0.0029676027067664667
2023-04-18,33976.62890625,33976.62890625,34018.62109375,33791.890625,33965.16015625,253570000,^DJI,-0.0003104341503770147,-0.00031048234503231083
2023-04-19,33897.01171875,33897.01171875,33957.98046875,33814.6484375,33889.828125,251490000,^DJI,-0.0023432927298256967,-0.0023460425368095634
2023-04-20,33786.62109375,33786.62109375,33875.390625,33677.73828125,33740.6015625,307910000,^DJI,-0.003256647692602921,-0.0032619621109620644
2023-04-21,33808.9609375,33808.9609375,33858.828125,33688.5703125,33793.6015625,291080000,^DJI,0.0006612038442084245,0.0006609853452562194
2023-04-24,33875.3984375,33875.3984375,33891.1484375,33726.08984375,33805.0390625,252020000,^DJI,0.0019650855322888017,0.0019631572774247825
2023-04-25,33530.828125,33530.828125,33875.48828125,33525.390625,33828.33984375,297880000,^DJI,-0.010171697703740157,-0.010223782918553963
2023-04-26,33301.87109375,33301.87109375,33645.828125,33235.8515625,33596.33984375,321170000,^DJI,-0.006828254595933836,-0.0068516737954024244
2023-04-27,33826.16015625,33826.16015625,33859.75,33374.6484375,33381.66015625,343240000,^DJI,0.01574353167796616,0.01562088783979295
2023-04-28,34098.16015625,34098.16015625,34104.55859375,33728.3984375,33797.4296875,354310000,^DJI,0.008041113704410296,0.008008956222562225
2023-05-01,34051.69921875,34051.69921875,34257.828125,34030.140625,34116.80859375,244190000,^DJI,-0.0013625643520676078,-0.0013634934869743425
2023-05-02,33684.53125,33684.53125,34017.75,33436.66015625,34017.62109375,274460000,^DJI,-0.01078266216294499,-0.010841216358414606
2023-05-03,33414.23828125,33414.23828125,33811.83984375,33396.05078125,33726.640625,286900000,^DJI,-0.008024246107031674,-0.00805661363611891
2023-05-04,33127.73828125,33127.73828125,33354.859375,32937.5,33347.78125,305160000,^DJI,-0.008574189170152846,-0.008611159006048837
2023-05-05,33674.37890625,33674.37890625,33748.4296875,33248.55078125,33248.55078125,316350000,^DJI,0.016500994434304417,0.016366332378264264
2023-05-08,33618.69140625,33618.69140625,33747.48828125,33509.23046875,33715.1484375,225680000,^DJI,-0.0016537053335129448,-0.00165507421353561
2023-05-09,33561.80859375,33561.80859375,33656.3984375,33509.71875,33589.8515625,232940000,^DJI,-0.0016919996026205641,-0.0016934326506541297
2023-05-10,33531.328125,33531.328125,33772.08984375,33239.44921875,33707.19921875,271180000,^DJI,-0.000908189100264245,-0.0009086017538490744
2023-05-11,33309.51171875,33309.51171875,33389.87890625,33127.69921875,33383.890625,298000000,^DJI,-0.006615198939424638,-0.006637176344821179
2023-05-12,33300.62109375,33300.62109375,33406.3984375,33110.609375,33370.578125,227570000,^DJI,-0.0002669094964545815,-0.0002669451231337707
2023-05-15,33348.6015625,33348.6015625,33400.30078125,33161.9296875,33321.2109375,224020000,^DJI,0.0014408280438651389,0.0014397910471089755
2023-05-16,33012.140625,33012.140625,33290.8515625,33006.19140625,33275.37109375,246680000,^DJI,-0.010089206795356187,-0.010140447787556978
2023-05-17,33420.76953125,33420.76953125,33472.37890625,33050.41015625,33092.48046875,307130000,^DJI,0.01237814023912609,0.012302157435892878
2023-05-18,33535.91015625,33535.91015625,33579.91015625,33212.08984375,33374.55859375,333070000,^DJI,0.0034451817422198605,0.003439260699083999
2023-05-19,33426.62890625,33426.62890625,33652.8984375,33336.66015625,33582.94921875,315210000,^DJI,-0.0032586337895956774,-0.003263954699091091
2023-05-22,33286.578125,33286.578125,33512.30078125,33207.8515625,33408.5390625,268900000,^DJI,-0.004189796752846142,-0.004198598545011175
2023-05-23,33055.51171875,33055.51171875,33310.171875,33013.2890625,33190.6015625,291550000,^DJI,-0.006941729047133749,-0.006965934933728689
2023-05-24,32799.921875,32799.921875,33031.75,32752.439453125,33021.76171875,246180000,^DJI,-0.00773213998091038,-0.0077621879656181725
2023-05-25,32764.650390625,32764.650390625,32870.4296875,32586.560546875,32854.26171875,364670000,^DJI,-0.0010753526947234748,-0.0010759313012737677
2023-05-26,33093.33984375,33093.33984375,33162.05859375,32795.5,32795.5,330290000,^DJI,0.010031831538146019,0.00998184673093959
2023-05-30,33042.78125,33042.78125,33132.69921875,32893.96875,33103.6484375,322700000,^DJI,-0.0015277573671533817,-0.0015289255784203448
2023-05-31,32908.26953125,32908.26953125,32984.828125,32739.73046875,32948.7109375,689990000,^DJI,-0.004070835252404814,-0.00407914365799696
2023-06-01,33061.5703125,33061.5703125,33167.75,32704.509765625,32929.8515625,349460000,^DJI,0.004658427302123069,0.004647610409787577
2023-06-02,33762.76171875,33762.76171875,33805.0,33187.578125,33187.578125,383590000,^DJI,0.02120865402406169,0.02098688071675576
2023-06-05,33562.859375,33562.859375,33804.21875,33552.7890625,33771.12890625,367170000,^DJI,-0.00592079360732467,-0.005938391000530745
2023-06-06,33573.28125,33573.28125,33631.25,33399.69140625,33547.671875,294070000,^DJI,0.00031051809035553823,0.0003104698895912006
2023-06-07,33665.01953125,33665.01953125,33708.78125,33546.109375,33562.46875,347400000,^DJI,0.0027324788592117955,0.002728752425577708
2023-06-08,33833.609375,33833.609375,33873.80859375,33630.0390625,33656.98046875,269160000,^DJI,0.005007864130110118,0.004995366485508575
2023-06-09,33876.78125,33876.78125,33975.3203125,33787.16015625,33852.44140625,262310000,^DJI,0.0012760055990923558,0.0012751921958124648
2023-06-12,34066.328125,34066.328125,34077.83984375,33878.4609375,33906.80078125,308130000,^DJI,0.0055951854930138545,0.005579590586550396
2023-06-13,34212.12109375,34212.12109375,34310.28125,34107.98046875,34111.078125,308790000,^DJI,0.004279679577295248,0.004270547793454853
2023-06-14,33979.328125,33979.328125,34151.421875,33783.55078125,34044.69921875,354910000,^DJI,-0.006804400350159168,-0.006827655835345628
2023-06-15,34408.05859375,34408.05859375,34488.98046875,33945.98046875,33945.98046875,361400000,^DJI,0.01261739099645598,0.012538455002729631
2023-06-16,34299.12109375,34299.12109375,34588.6796875,34285.69140625,34464.01953125,595230000,^DJI,-0.0031660461081576274,-0.003171068635975231
2023-06-20,34053.87109375,34053.87109375,34206.66015625,33915.9296875,34206.66015625,334810000,^DJI,-0.007150328993260735,-0.007176015111653089
2023-06-21,33951.51953125,33951.51953125,34097.9296875,33876.171875,33990.55859375,323690000,^DJI,-0.0030055779038520303,-0.003010103723864824
2023-06-22,33946.7109375,33946.7109375,34003.55859375,33835.390625,33900.46875,275600000,^DJI,-0.0001416311792930003,-0.0001416412099355866
2023-06-23,33727.4296875,33727.4296875,33835.66015625,33646.48828125,33835.66015625,379800000,^DJI,-0.006459572781696732,-0.006480526103703692
2023-06-26,33714.7109375,33714.7109375,33819.48828125,33610.3203125,33730.7890625,265330000,^DJI,-0.0003771040401787662,-0.0003771751617880519
2023-06-27,33926.73828125,33926.73828125,33975.6484375,33730.390625,33739.03125,293210000,^DJI,0.0062888673179803956,0.006269174910742447
2023-06-28,33852.66015625,33852.66015625,33903.76171875,33755.921875,33881.37890625,268050000,^DJI,-0.002183473235354949,-0.0021858604886752274
2023-06-29,34122.421875,34122.421875,34147.6796875,33828.62890625,33854.5703125,279940000,^DJI,0.007968700761030068,0.00793711833477836
2023-06-30,34407.6015625,34407.6015625,34467.3515625,34269.921875,34269.921875,351060000,^DJI,0.00835754532737143,0.008322814421327974
2023-07-03,34418.46875,34418.46875,34465.6015625,34286.5390625,34369.78125,157590000,^DJI,0.0003158368211240159,0.0003157869551746194
2023-07-05,34288.640625,34288.640625,34376.109375,34226.98046875,34344.71875,274570000,^DJI,-0.0037720482553426082,-0.00377918037013274
2023-07-06,33922.26171875,33922.26171875,34171.390625,33771.46875,34171.390625,293840000,^DJI,-0.010685139438945002,-0.010742635476932947
2023-07-07,33734.87890625,33734.87890625,34036.37890625,33716.75,33837.0703125,272730000,^DJI,-0.005523889121945791,-0.005539202215383704
2023-07-10,33944.3984375,33944.3984375,33958.359375,33705.6796875,33705.6796875,299200000,^DJI,0.006210768736780059,0.006191561399822621
2023-07-11,34261.421875,34261.421875,34288.87109375,33993.01171875,34056.94140625,278940000,^DJI,0.00933949199552675,0.009296148601350543
2023-07-12,34347.4296875,34347.4296875,34586.94140625,34308.78125,34395.28125,331410000,^DJI,0.0025103398456081116,0.0025071942058546124
2023-07-13,34395.140625,34395.140625,34482.26171875,34365.328125,34412.30859375,267180000,^DJI,0.0013890686416446751,0.0013881047782774154
2023-07-14,34509.03125,34509.03125,34592.26171875,34425.328125,34425.328125,293540000,^DJI,0.003311241731549064,0.0033057716425119663
2023-07-17,34585.3515625,34585.3515625,34665.1484375,34418.71875,34499.73828125,359780000,^DJI,0.0022116040275688142,0.002209162031204642
2023-07-18,34951.9296875,34951.9296875,34986.359375,34530.609375,34597.078125,385940000,^DJI,0.010599230843079566,0.010543452786008444
2023-07-19,35061.2109375,35061.2109375,35234.05078125,34991.2109375,34991.2109375,365130000,^DJI,0.00312661563973915,0.003121737941540153
2023-07-20,35225.1796875,35225.1796875,35372.76953125,35091.98046875,35091.98046875,340880000,^DJI,0.00467664252362221,0.0046657410060959555
2023-07-21,35227.69140625,35227.69140625,35340.66015625,35186.05078125,35274.3203125,465270000,^DJI,7.130463981397384e-05,7.130209775898383e-05
2023-07-24,35411.23828125,35411.23828125,35463.96875,35230.7890625,35230.7890625,284460000,^DJI,0.005210300978378601,0.005196774325181421
2023-07-25,35438.0703125,35438.0703125,35527.5703125,35365.26171875,35421.48828125,299530000,^DJI,0.0007577264324079014,0.0007574395026683999
2023-07-26,35520.12109375,35520.12109375,35633.609375,35306.26953125,35345.98828125,346240000,^DJI,0.002315328699516117,0.002312652456148712
2023-07-27,35282.71875,35282.71875,35645.3515625,35216.578125,35558.7890625,352230000,^DJI,-0.006683601756970692,-0.006706037044756389
2023-07-28,35459.2890625,35459.2890625,35565.51171875,35355.1484375,35443.48828125,369000000,^DJI,0.00500444179914572,0.004991961201914733
2023-07-31,35559.53125,35559.53125,35566.94921875,35430.21875,35465.96875,327410000,^DJI,0.0028269655187760367,0.002822977166608461
2023-08-01,35630.6796875,35630.6796875,35679.12890625,35526.609375,35585.98828125,259490000,^DJI,0.002000826079505691,0.0019988270929776155
2023-08-02,35282.51953125,35282.51953125,35551.921875,35226.26171875,35551.921875,298570000,^DJI,-0.009771358820644171,-0.00981941183228771
2023-08-03,35215.890625,35215.890625,35348.19921875,35122.3203125,35194.55859375,254960000,^DJI,-0.0018884395767424511,-0.0018902249267978312
2023-08-04,35065.62109375,35065.62109375,35506.87890625,35033.76171875,35230.12890625,338290000,^DJI,-0.004267094444668773,-0.004276224473889937
2023-08-07,35473.12890625,35473.12890625,35497.37890625,35125.6015625,35125.6015625,300150000,^DJI,0.011621291732164307,0.011554283172409419
2023-08-08,35314.48828125,35314.48828125,35346.640625,35007.41015625,35345.3984375,303840000,^DJI,-0.004472135103144259,-0.004482165013916343
2023-08-09,35123.359375,35123.359375,35370.890625,35058.73046875,35324.28125,306680000,^DJI,-0.005412195264669295,-0.005426894253314569
2023-08-10,35176.1484375,35176.1484375,35578.578125,35107.6015625,35231.5390625,337110000,^DJI,0.0015029616596859974,0.001501833343213536
2023-08-11,35281.3984375,35281.3984375,35354.6015625,35059.98828125,35111.359375,277840000,^DJI,0.002992084258087724,0.0029876168829408335
2023-08-14,35307.62890625,35307.62890625,35335.44921875,35169.96875,35273.890625,300250000,^DJI,0.0007434645425539177,0.0007431883096953117
2023-08-15,34946.390625,34946.390625,35219.37109375,34908.5,35219.37109375,323920000,^DJI,-0.010231167949826703,-0.010283866099189675
2023-08-16,34765.73828125,34765.73828125,35133.55859375,34757.37109375,34914.9609375,332310000,^DJI,-0.005169413507922216,-0.005182821152328976
2023-08-17,34474.828125,34474.828125,34888.48046875,34440.73046875,34829.609375,392850000,^DJI,-0.008367725543366178,-0.00840293149212522
2023-08-18,34500.66015625,34500.66015625,34587.0703125,34263.19140625,34368.359375,320680000,^DJI,0.0007493012338259941,0.0007490206478100377
2023-08-21,34463.69140625,34463.69140625,34570.9609375,34248.4609375,34531.28125,396490000,^DJI,-0.001071537467183914,-0.001072111973896016
2023-08-22,34288.828125,34288.828125,34514.0390625,34256.83984375,34494.171875,279200000,^DJI,-0.005073840732519153,-0.00508675636885206
2023-08-23,34472.98046875,34472.98046875,34534.71875,34321.0,34338.58984375,360610000,^DJI,0.005370622264449398,0.005356251901594517
2023-08-24,34099.421875,34099.421875,34694.6796875,34093.6484375,34439.828125,342520000,^DJI,-0.01083627202146431,-0.010895412043420661
2023-08-25,34346.8984375,34346.8984375,34441.91015625,34029.21875,34217.05859375,257440000,^DJI,0.007257500241710568,0.007231291317948382
2023-08-28,34559.98046875,34559.98046875,34652.91015625,34441.640625,34441.640625,224640000,^DJI,0.006203821624177763,0.0061846571439743495
2023-08-29,34852.671875,34852.671875,34864.421875,34531.12109375,34531.12109375,262550000,^DJI,0.008469084828177431,0.008433423334609842
2023-08-30,34890.23828125,34890.23828125,35025.5703125,34811.73828125,34847.80078125,236070000,^DJI,0.0010778630225174446,0.001077282545249
2023-08-31,34721.91015625,34721.91015625,35070.2109375,34719.76953125,34909.08984375,341900000,^DJI,-0.004824504884234582,-0.0048361803753694975
2023-09-01,34837.7109375,34837.7109375,34979.1796875,34720.69921875,34876.23828125,286370000,^DJI,0.0033350924741435417,0.0033295433876262266
2023-09-05,34641.96875,34641.96875,34871.26171875,34635.62890625,34843.21875,283540000,^DJI,-0.00561868682621447,-0.005634531023969027
2023-09-06,34443.19140625,34443.19140625,34611.6796875,34291.55859375,34611.6796875,308900000,^DJI,-0.0057380498546290015,-0.005754575710474189
2023-09-07,34500.73046875,34500.73046875,34560.859375,34351.1796875,34351.1796875,386980000,^DJI,0.0016705496834290567,0.001669155867383384
2023-09-08,34576.58984375,34576.58984375,34627.8515625,34473.5703125,34487.41015625,293990000,^DJI,0.0021987759090698056,0.002196362138899565
2023-09-11,34663.71875,34663.71875,34784.51953125,34578.58984375,34650.01171875,291720000,^DJI,0.002519881418142411,0.0025167118404849347
2023-09-12,34645.98828125,34645.98828125,34852.609375,34560.55078125,34620.01953125,318670000,^DJI,-0.000511499325213105,-0.0005116301856181937
2023-09-13,34575.53125,34575.53125,34767.109375,34509.94921875,34667.28125,295480000,^DJI,-0.002033627405229166,-0.002035698033174232
2023-09-14,34907.109375,34907.109375,34977.96875,34687.5,34687.5,305180000,^DJI,0.009589964723969446,0.009544272901973435
2023-09-15,34618.23828125,34618.23828125,34902.0390625,34572.26953125,34902.0390625,582160000,^DJI,-0.008275422941691257,-0.008309854341968348
2023-09-18,34624.30078125,34624.30078125,34725.05859375,34545.3515625,34612.2890625,252700000,^DJI,0.00017512445176293134,0.000175109119266166
2023-09-19,34517.73046875,34517.73046875,34597.55859375,34311.69140625,34571.83984375,282830000,^DJI,-0.003077905115638102,-0.003082651607591996
2023-09-20,34440.87890625,34440.87890625,34776.28125,34434.2890625,34575.5,291650000,^DJI,-0.0022264372963215484,-0.0022289194928264097
2023-09-21,34070.421875,34070.421875,34378.30078125,34058.71875,34332.23046875,331930000,^DJI,-0.010756317580001507,-0.010814584968990905
2023-09-22,33963.83984375,33963.83984375,34156.1484375,33947.23828125,34077.078125,268760000,^DJI,-0.00312828621967276,-0.0031331895356630263
2023-09-25,34006.87890625,34006.87890625,34017.53125,33780.671875,33907.58984375,229450000,^DJI,0.0012672024923565672,0.0012664002689264176
2023-09-26,33618.87890625,33618.87890625,33879.9296875,33569.6015625,33862.6796875,280100000,^DJI,-0.011409456335867763,-0.011475043536240279
2023-09-27,33550.26953125,33550.26953125,33731.6484375,33306.30078125,33682.80859375,300330000,^DJI,-0.0020407990162707446,-0.002042884284141247
2023-09-28,33666.33984375,33666.33984375,33777.8984375,33473.5,33519.44140625,275610000,^DJI,0.00345959403968088,0.003453623410892936
2023-09-29,33507.5,33507.5,33893.6796875,33407.44921875,33882.609375,319830000,^DJI,-0.004718060961993453,-0.004729226144129831
2023-10-02,33433.3515625,33433.3515625,33511.91015625,33219.55859375,33455.5,275630000,^DJI,-0.002212890770722953,-0.0022153428316009885
2023-10-03,33002.37890625,33002.37890625,33398.5390625,32916.19921875,33318.83984375,293450000,^DJI,-0.012890501134603327,-0.012974304602471478
2023-10-04,33129.55078125,33129.55078125,33156.44921875,32873.23046875,33034.1796875,287030000,^DJI,0.003853415396546378,0.00384601000936277
2023-10-05,33119.5703125,33119.5703125,33174.37890625,32941.55859375,33099.23046875,277250000,^DJI,-0.00030125578266659847,-0.00030130116930544734
2023-10-06,33407.578125,33407.578125,33557.69140625,32846.94140625,33040.69921875,332990000,^DJI,0.00869600087750233,0.00865840844057869
2023-10-09,33604.6484375,33604.6484375,33631.80859375,33253.69140625,33259.83984375,228760000,^DJI,0.0058989703402811955,0.005881639537272908
2023-10-10,33739.30078125,33739.30078125,33898.21875,33604.3203125,33683.41015625,255640000,^DJI,0.004006955882916996,0.003998949415773844
2023-10-11,33804.87109375,33804.87109375,33882.55078125,33612.25,33822.19921875,256560000,^DJI,0.0019434401716007521,0.0019415541349547055
2023-10-12,33631.140625,33631.140625,33863.80078125,33455.6015625,33845.6484375,289160000,^DJI,-0.005139214057885311,-0.005152465238384113
2023-10-13,33670.2890625,33670.2890625,33957.71875,33551.578125,33733.33984375,306340000,^DJI,0.0011640532189056696,0.001163376234270612
2023-10-16,33984.5390625,33984.5390625,34088.98046875,33832.421875,33832.421875,270060000,^DJI,0.009333154206567107,0.009289869436700854
2023-10-17,33997.6484375,33997.6484375,34147.62890625,33854.69921875,33869.83984375,281010000,^DJI,0.00038574526421819577,0.00038567088364111786
2023-10-18,33665.078125,33665.078125,33991.51171875,33598.640625,33960.25,285410000,^DJI,-0.009782156348589366,-0.00983031596731787
2023-10-19,33414.171875,33414.171875,33852.390625,33368.578125,33669.51953125,304320000,^DJI,-0.007453012557059102,-0.007480925029633674
2023-10-20,33127.28125,33127.28125,33425.76953125,33118.12109375,33365.26953125,325530000,^DJI,-0.008585896609176413,-0.008622967764728486
2023-10-23,32936.41015625,32936.41015625,33234.8515625,32892.19140625,32993.01953125,342500000,^DJI,-0.005761749426690388,-0.005778412340768662
2023-10-24,33141.37890625,33141.37890625,33272.19140625,32988.4296875,33089.640625,359230000,^DJI,0.0062231660653857546,0.0062038821308453476
2023-10-25,33035.9296875,33035.9296875,33267.91015625,32989.71875,33203.53125,355690000,^DJI,-0.00318179937679397,-0.0031868720634698356
2023-10-26,32784.30078125,32784.30078125,33105.03125,32743.990234375,33017.171875,379880000,^DJI,-0.007616825336240196,-0.007645981496284507
2023-10-27,32417.58984375,32417.58984375,32787.55859375,32327.19921875,32782.3984375,376970000,^DJI,-0.011185565309043577,-0.0112485941945711
2023-10-30,32928.9609375,32928.9609375,33002.96875,32537.5390625,32537.5390625,298640000,^DJI,0.01577449453259061,0.015651370320605196
2023-10-31,33052.87109375,33052.87109375,33070.28125,32787.12109375,33029.109375,306950000,^DJI,0.003762953725906737,0.003755891526477113
2023-11-01,33274.578125,33274.578125,33337.1484375,33010.8515625,33081.87109375,307570000,^DJI,0.0067076481985832714,0.006685252021076668
2023-11-02,33839.078125,33839.078125,33852.9609375,33450.03125,33457.8203125,304350000,^DJI,0.016964903292819633,0.016822606434379023
2023-11-03,34061.3203125,34061.3203125,34163.62890625,33946.6015625,33988.828125,311000000,^DJI,0.006567619445158934,0.006546146598285654
2023-11-06,34095.859375,34095.859375,34167.26171875,33989.71875,34092.609375,265570000,^DJI,0.0010140259444764155,0.001013512167461195
2023-11-07,34152.6015625,34152.6015625,34206.98046875,34026.71875,34075.6484375,281790000,^DJI,0.0016641958448950778,0.0016628126054315981
2023-11-08,34112.26953125,34112.26953125,34252.75,33996.19921875,34185.921875,280330000,^DJI,-0.0011809358410425075,-0.0011816336952409627
2023-11-09,33891.94140625,33891.94140625,34167.5390625,33859.76953125,34163.7109375,325400000,^DJI,-0.0064589113544074594,-0.006479860376320098
2023-11-10,34283.1015625,34283.1015625,34310.359375,33905.62109375,34020.8203125,302460000,^DJI,0.0115413912576241,0.01147529745835535
2023-11-13,34337.87109375,34337.87109375,34405.83984375,34205.80859375,34259.25,245090000,^DJI,0.0015975664030907222,0.001596291651371
2023-11-14,34827.69921875,34827.69921875,34931.01171875,34581.19921875,34581.19921875,328050000,^DJI,0.01426495322504584,0.014164166131107473
2023-11-15,34991.2109375,34991.2109375,35051.1015625,34868.48046875,34906.71875,347790000,^DJI,0.004694875700028245,0.00468388914469668
2023-11-16,34945.46875,34945.46875,35022.4609375,34818.03125,34868.03125,435540000,^DJI,-0.001307247913817644,-0.0013081031077533075
2023-11-17,34947.28125,34947.28125,35028.21875,34882.8203125,34964.8203125,334820000,^DJI,5.1866524182875295e-05,5.186517916121742e-05
2023-11-20,35151.0390625,35151.0390625,35227.48046875,34907.98046875,34932.48828125,331050000,^DJI,0.005830433876741203,0.005813502676099789
2023-11-21,35088.2890625,35088.2890625,35118.0390625,35038.44140625,35104.83984375,271120000,^DJI,-0.0017851534883058795,-0.001786748773629762
2023-11-22,35273.03125,35273.03125,35315.19921875,35155.80078125,35189.328125,237290000,^DJI,0.005265066848113786,0.005251254843197355
2023-11-24,35390.1484375,35390.1484375,35399.44140625,35299.8984375,35299.8984375,117040000,^DJI,0.0033203040212201884,0.0033148039829935735
2023-11-27,35333.46875,35333.46875,35410.37109375,35280.5703125,35376.44140625,258340000,^DJI,-0.0016015668202155053,-0.0016028506993505725
2023-11-28,35416.98046875,35416.98046875,35518.671875,35307.73046875,35332.12890625,256210000,^DJI,0.0023635301515647633,0.002360741407498815
2023-11-29,35430.421875,35430.421875,35579.12890625,35405.890625,35436.80078125,299330000,^DJI,0.0003795186961763619,0.0003794466971720577
2023-11-30,35950.890625,35950.890625,35970.69921875,35592.21875,35596.5703125,435540000,^DJI,0.014689882943991872,0.014583031763386536
2023-12-01,36245.5,36245.5,36264.8515625,35914.44921875,35914.44921875,321840000,^DJI,0.00819477264341062,0.008161377812058033
2023-12-04,36204.44140625,36204.44140625,36238.1796875,36029.69140625,36089.37890625,329450000,^DJI,-0.001132791484460105,-0.0011334335776846981
2023-12-05,36124.55859375,36124.55859375,36164.6796875,36010.8515625,36135.6484375,309250000,^DJI,-0.002206436818169233,-0.002208874586400012
2023-12-06,36054.4296875,36054.4296875,36292.578125,36024.25,36183.73046875,283240000,^DJI,-0.0019413083226471617,-0.0019431951039271993
2023-12-07,36117.37890625,36117.37890625,36164.171875,36021.94921875,36124.171875,287280000,^DJI,0.0017459496460103807,0.001744427247690136
2023-12-08,36247.87109375,36247.87109375,36296.19921875,36061.640625,36084.8203125,295180000,^DJI,0.0036130026998559828,0.003606491484248189
2023-12-11,36404.9296875,36404.9296875,36416.1796875,36231.19140625,36254.328125,342490000,^DJI,0.004332905326875247,0.0043235453201979175
2023-12-12,36577.94140625,36577.94140625,36596.109375,36373.21875,36442.1015625,292770000,^DJI,0.004752425570798691,0.004741168448065108
2023-12-13,37090.23828125,37090.23828125,37094.8515625,36523.58984375,36601.80078125,354790000,^DJI,0.01400562347974188,0.013908450991623062
2023-12-14,37248.3515625,37248.3515625,37287.5,37051.51953125,37115.62890625,455820000,^DJI,0.004262935170463278,0.00425387460294407
2023-12-15,37305.16015625,37305.16015625,37347.6015625,37092.01953125,37194.5,788160000,^DJI,0.0015251304116017383,0.0015239685813606175
2023-12-18,37306.01953125,37306.01953125,37393.44921875,37284.8515625,37330.140625,292120000,^DJI,2.3036357340355806e-05,2.303609200755091e-05
2023-12-19,37557.921875,37557.921875,37562.828125,37311.8203125,37311.8203125,272740000,^DJI,0.006752324341088967,0.006729629503740677
2023-12-20,37082.0,37082.0,37641.30078125,37073.0390625,37520.12890625,303450000,^DJI,-0.012671677538069304,-0.012752647992102408
2023-12-21,37404.3515625,37404.3515625,37418.76171875,37127.05078125,37225.3203125,253120000,^DJI,0.008692938959603103,0.008655372914965589
2023-12-22,37385.96875,37385.96875,37534.51953125,37268.87890625,37349.26953125,252970000,^DJI,-0.0004914618682611005,-0.0004915826752280444
2023-12-26,37545.328125,37545.328125,37617.98828125,37371.828125,37405.8984375,212420000,^DJI,0.004262545022322151,0.004253486110843796
2023-12-27,37656.51953125,37656.51953125,37683.69921875,37488.6015625,37518.62109375,245530000,^DJI,0.0029615244240190908,0.002957147749518476
2023-12-28,37710.1015625,37710.1015625,37778.8515625,37650.98046875,37661.51953125,199550000,^DJI,0.0014229151264373296,0.0014219037420046027
2023-12-29,37689.5390625,37689.5390625,37759.4296875,37538.80078125,37701.62890625,234570000,^DJI,-0.0005452782980687187,-0.0005454270163442472
2024-01-02,37715.0390625,37715.0390625,37790.078125,37495.91015625,37566.21875,350280000,^DJI,0.0006765803093986555,0.0006763515321261052
2024-01-03,37430.19140625,37430.19140625,37629.23046875,37401.8515625,37629.23046875,322010000,^DJI,-0.007552627899389486,-0.00758129341802236
2024-01-04,37440.33984375,37440.33984375,37716.41015625,37425.28125,37425.28125,380220000,^DJI,0.0002711297249284872,0.00027109297590696864
2024-01-05,37466.109375,37466.109375,37623.62109375,37323.8203125,37455.4609375,299480000,^DJI,0.0006882825144629567,0.0006880457566843629
2024-01-08,37683.01171875,37683.01171875,37692.921875,37249.23828125,37327.37109375,362200000,^DJI,0.005789294574972237,0.005772601007466458
2024-01-09,37525.16015625,37525.16015625,37552.37890625,37373.30078125,37523.55078125,289860000,^DJI,-0.004188931704242171,-0.004197729857157383
2024-01-10,37695.73046875,37695.73046875,37740.76953125,37524.3984375,37552.91015625,279540000,^DJI,0.004545491925677769,0.004535192376472529
2024-01-11,37711.01953125,37711.01953125,37801.8984375,37424.28125,37747.140625,299540000,^DJI,0.0004055913576916925,0.00040550912775072636
2024-01-12,37592.98046875,37592.98046875,37825.26953125,37470.19140625,37818.05078125,279250000,^DJI,-0.003130094703543751,-0.0031350036963884555
2024-01-16,37361.12109375,37361.12109375,37543.1796875,37201.390625,37493.5390625,378280000,^DJI,-0.0061676241710267865,-0.006186722533158305
2024-01-17,37266.671875,37266.671875,37371.66015625,37132.890625,37281.859375,290880000,^DJI,-0.002528008153529382,-0.002531208961725651
2024-01-18,37468.609375,37468.609375,37522.2890625,37122.94921875,37300.80859375,340620000,^DJI,0.005418715700649113,0.005404087281761746
2024-01-19,37863.80078125,37863.80078125,37933.73046875,37451.7109375,37572.5,377650000,^DJI,0.010547266440950054,0.010492032067905338
2024-01-22,38001.80859375,38001.80859375,38109.19921875,37911.609375,37919.55078125,339560000,^DJI,0.003644848368427489,0.003638222005124946
2024-01-23,37905.44921875,37905.44921875,37980.73046875,37804.98828125,37959.7890625,334110000,^DJI,-0.002535652343026884,-0.0025388725541382715
2024-01-24,37806.390625,37806.390625,38064.21875,37795.7109375,37975.37109375,336090000,^DJI,-0.002613307474034654,-0.0026167281227825086
2024-01-25,38049.12890625,38049.12890625,38057.53125,37796.46875,37862.5703125,402970000,^DJI,0.006420562165209365,0.006400038159543072
2024-01-26,38109.4296875,38109.4296875,38215.30859375,37997.76953125,38006.6796875,387000000,^DJI,0.0015848137127811857,0.0015835592207782637
2024-01-29,38333.44921875,38333.44921875,38343.9296875,38061.171875,38115.828125,312480000,^DJI,0.005878322847835182,0.005861112918827962
2024-01-30,38467.30859375,38467.30859375,38497.390625,38257.80078125,38298.23046875,326640000,^DJI,0.003491973139075677,0.003485890357367507
2024-01-31,38150.30078125,38150.30078125,38588.859375,38139.66015625,38426.78125,453250000,^DJI,-0.00824096678683428,-0.008275111272066472
2024-02-01,38519.83984375,38519.83984375,38522.5,38106.83984375,38175.33984375,321830000,^DJI,0.009686399711994476,0.00963978730485239
2024-02-02,38654.421875,38654.421875,38783.62109375,38336.5703125,38448.1015625,379760000,^DJI,0.0034938367292260963,0.003487747460832072
2024-02-05,38380.12109375,38380.12109375,38633.87890625,38220.3984375,38546.76953125,322290000,^DJI,-0.007096232926132706,-0.0071215309384380105
2024-02-06,38521.359375,38521.359375,38545.28125,38350.4609375,38392.8984375,276140000,^DJI,0.0036799852951219236,0.003673230715333443
2024-02-07,38677.359375,38677.359375,38748.109375,38571.01171875,38613.890625,302210000,^DJI,0.004049701322358823,0.004041523353411416
2024-02-08,38726.328125,38726.328125,38755.6796875,38544.359375,38702.109375,315510000,^DJI,0.0012660830726631822,0.0012652822653442008
2024-02-09,38671.69140625,38671.69140625,38734.28125,38567.8984375,38731.96875,299970000,^DJI,-0.0014108417037020926,-0.0014118378779315517
2024-02-12,38797.37890625,38797.37890625,38927.078125,38628.921875,38656.76171875,273020000,^DJI,0.003250116439946771,0.0032448462276251752
2024-02-13,38272.75,38272.75,38699.171875,38039.859375,38699.171875,318390000,^DJI,-0.01352227704654263,-0.013614535676664643
2024-02-14,38424.26953125,38424.26953125,38442.55859375,38194.62109375,38372.671875,274610000,^DJI,0.003958940270819333,0.003951124288665073
2024-02-15,38773.12109375,38773.12109375,38781.890625,38397.94140625,38397.94140625,303840000,^DJI,0.009078938045036455,0.009037972250937089
2024-02-16,38627.98828125,38627.98828125,38825.03125,38583.23828125,38751.7109375,282210000,^DJI,-0.003743129477482121,-0.0037501525175344832
2024-02-20,38563.80078125,38563.80078125,38663.08984375,38460.19921875,38576.26171875,335990000,^DJI,-0.0016616837390716066,-0.0016630658668142903
2024-02-21,38612.23828125,38612.23828125,38618.03125,38338.578125,38483.66015625,279510000,^DJI,0.001256035427492197,0.001255247274890667
2024-02-22,39069.109375,39069.109375,39149.609375,38802.0703125,38845.19140625,324630000,^DJI,0.011832287225158167,0.01176283304570804
2024-02-23,39131.53125,39131.53125,39282.28125,39094.359375,39127.96875,286910000,^DJI,0.0015977296641407346,0.0015964546520033727
2024-02-26,39069.23046875,39069.23046875,39245.890625,39025.80078125,39144.7890625,296930000,^DJI,-0.0015920864647993582,-0.0015933551812380476
2024-02-27,38972.41015625,38972.41015625,39087.8984375,38881.8984375,39087.8984375,272860000,^DJI,-0.00247817301079023,-0.002481248764075914
2024-02-28,38949.01953125,38949.01953125,38956.4609375,38741.6796875,38938.078125,272560000,^DJI,-0.0006001842048316552,-0.0006003643874703095
2024-02-29,38996.390625,38996.390625,39074.12890625,38809.28125,39013.75,519690000,^DJI,0.001216233279299761,0.0012154942667520004
2024-03-01,39087.37890625,39087.37890625,39120.359375,38850.5,38989.51171875,331030000,^DJI,0.00233324879025254,0.002330530992005944
2024-03-04,38989.828125,38989.828125,39087.859375,38913.30078125,38968.76953125,386290000,^DJI,-0.00249571048199404,-0.0024988299586870054
2024-03-05,38585.19140625,38585.19140625,38906.98046875,38457.828125,38906.98046875,393750000,^DJI,-0.010378007244677967,-0.010432234267093108
2024-03-06,38661.05078125,38661.05078125,38858.12890625,38570.80078125,38721.1484375,347900000,^DJI,0.0019660230320306393,0.001964092938074823
2024-03-07,38791.3515625,38791.3515625,38910.3515625,38730.12890625,38784.30078125,335580000,^DJI,0.0033703372933979736,0.0033646704359066894
2024-03-08,38722.69140625,38722.69140625,38971.1484375,38705.03125,38776.80078125,342030000,^DJI,-0.0017699861820843488,-0.0017715544584516122
2024-03-11,38769.66015625,38769.66015625,38794.76171875,38483.25,38667.2109375,300190000,^DJI,0.0012129515871517338,0.0012122165556870282
2024-03-12,39005.48828125,39005.48828125,39071.55859375,38711.390625,38883.3203125,329090000,^DJI,0.006082800933760124,0.0060643753817175294
2024-03-13,39043.3203125,39043.3203125,39201.94140625,38937.921875,39054.578125,330930000,^DJI,0.0009699155918061475,0.0009694455276023791
2024-03-14,38905.66015625,38905.66015625,39160.25,38704.359375,39122.390625,375810000,^DJI,-0.0035258311831108946,-0.00353206157506133
2024-03-15,38714.76953125,38714.76953125,38928.12890625,38618.19921875,38809.6484375,774360000,^DJI,-0.00490650008850535,-0.004918576478129502
2024-03-18,38790.4296875,38790.4296875,38898.41015625,38760.7890625,38826.9296875,327950000,^DJI,0.001954296956073298,0.0019523898021362195
2024-03-19,39110.76171875,39110.76171875,39122.7109375,38761.28125,38819.609375,310610000,^DJI,0.00825801708902496,0.008224106228966292
2024-03-20,39512.12890625,39512.12890625,39529.12890625,38988.6484375,39072.05078125,350050000,^DJI,0.01026232090252499,0.010210020796681974
2024-03-21,39781.37109375,39781.37109375,39889.05078125,39589.23046875,39661.03125,408990000,^DJI,0.006814165547465834,0.006791054052377989
2024-03-22,39475.8984375,39475.8984375,39824.76171875,39469.53125,39774.05859375,332340000,^DJI,-0.007678786523725223,-0.007708420202900381
2024-03-25,39313.640625,39313.640625,39430.171875,39296.03125,39410.5390625,323670000,^DJI,-0.0041103006878208115,-0.004118771192541665
2024-03-26,39282.328125,39282.328125,39439.44140625,39277.19140625,39338.3203125,306940000,^DJI,-0.0007964792754423522,-0.000796796633584435
2024-03-27,39760.078125,39760.078125,39769.41015625,39461.98046875,39461.98046875,332190000,^DJI,0.012161957368711729,0.012088594986335613
2024-03-28,39807.37109375,39807.37109375,39868.58984375,39717.25,39763.73828125,360970000,^DJI,0.0011894586474734403,0.0011887518019898743
2024-04-01,39566.8515625,39566.8515625,39815.0,39491.21875,39807.9296875,269470000,^DJI,-0.0060420852882636655,-0.0060604125461064225
2024-04-02,39170.23828125,39170.23828125,39256.26953125,39051.69921875,39256.26953125,319590000,^DJI,-0.01002387770539459,-0.01007445503870462
2024-04-03,39127.140625,39127.140625,39305.76171875,39017.12890625,39139.58984375,364180000,^DJI,-0.001100265358115804,-0.0011008710943994674
2024-04-04,38596.98046875,38596.98046875,39421.3515625,38559.421875,39343.6015625,356510000,^DJI,-0.013549677992857445,-0.013642312610939126
2024-04-05,38904.0390625,38904.0390625,39040.171875,38602.1796875,38664.98046875,317110000,^DJI,0.007955508177605042,0.007924029962341818
2024-04-08,38892.80078125,38892.80078125,39013.19921875,38857.69921875,38916.421875,291460000,^DJI,-0.00028887183749604084,-0.0002889135690021881
2024-04-09,38883.671875,38883.671875,38992.890625,38572.08984375,38983.66015625,328700000,^DJI,-0.0002347196927612316,-0.00023474724373957236
2024-04-10,38461.51171875,38461.51171875,38662.28125,38304.66015625,38662.28125,317580000,^DJI,-0.010857003361388395,-0.010916370714456728
2024-04-11,38459.078125,38459.078125,38598.98046875,38197.28125,38523.26171875,356640000,^DJI,-6.327348149481882e-05,-6.327548334599222e-05
2024-04-12,37983.23828125,37983.23828125,38319.140625,37877.30078125,38319.140625,440910000,^DJI,-0.012372627399008906,-0.012449805612302644
2024-04-15,37735.109375,37735.109375,38386.80859375,37657.7890625,38075.37890625,389170000,^DJI,-0.006532589570502401,-0.006554020316917235
2024-04-16,37798.96875,37798.96875,37992.21875,37713.69921875,37992.21875,339480000,^DJI,0.001692306609353711,0.0016908762720092047
2024-04-17,37753.30859375,37753.30859375,38036.69921875,37611.55859375,37949.671875,314650000,^DJI,-0.0012079735971632921,-0.001208703785360288
2024-04-18,37775.37890625,37775.37890625,38083.76171875,37681.51953125,37847.2109375,300230000,^DJI,0.0005845928031762426,0.0005844219953689146
2024-04-19,37986.3984375,37986.3984375,38102.5703125,37781.609375,37801.98046875,420460000,^DJI,0.0055861658402871495,0.005570621079428836
2024-04-22,38239.98046875,38239.98046875,38447.16015625,37985.0703125,38116.890625,351650000,^DJI,0.006675600785560842,0.006653417631830303
2024-04-23,38503.69140625,38503.69140625,38561.5,38297.71875,38356.0703125,329420000,^DJI,0.006896210046851481,0.006872539950673398
2024-04-24,38460.921875,38460.921875,38552.7890625,38310.55078125,38552.7890625,337230000,^DJI,-0.0011107904122423795,-0.0011114077971448432
2024-04-25,38085.80078125,38085.80078125,38157.21875,37754.37890625,38052.08984375,408170000,^DJI,-0.00975330479516745,-0.0098011798198556
2024-04-26,38239.66015625,38239.66015625,38337.640625,38065.05078125,38114.69921875,398680000,^DJI,0.004039809373674652,0.00403167125405871
2024-04-29,38386.08984375,38386.08984375,38406.19921875,38215.46875,38282.16015625,343630000,^DJI,0.003829262260743871,0.0038219492989004416
2024-04-30,37815.921875,37815.921875,38337.3984375,37810.12109375,38337.3984375,448480000,^DJI,-0.014853504774017368,-0.014964922750931897
2024-05-01,37903.2890625,37903.2890625,38349.19921875,37780.5390625,37845.55859375,413540000,^DJI,0.002310328114935034,0.00230766341037441
2024-05-02,38225.66015625,38225.66015625,38295.2890625,37895.66015625,38075.6484375,355910000,^DJI,0.008505095513437588,0.008469130965986546
2024-05-03,38675.6796875,38675.6796875,38808.51953125,38518.28125,38709.359375,410530000,^DJI,0.011772707898582091,0.011703948701444354
2024-05-06,38852.26953125,38852.26953125,38886.46875,38689.37890625,38762.4296875,315550000,^DJI,0.0045659144241767535,0.004555522258066095
2024-05-07,38884.26171875,38884.26171875,38977.609375,38840.3984375,38858.94140625,360930000,^DJI,0.0008234316266715336,0.0008230927928412023
2024-05-08,39056.390625,39056.390625,39094.73828125,38814.98828125,38818.8984375,292340000,^DJI,0.004426698582964184,0.004416929571827171
2024-05-09,39387.76171875,39387.76171875,39413.66015625,38988.8515625,39064.26953125,303270000,^DJI,0.008484426964377123,0.008448636512415168
2024-05-10,39512.83984375,39512.83984375,39579.87890625,39406.26171875,39466.51953125,289480000,^DJI,0.003175558080530827,0.00317052664489946
2024-05-13,39431.51171875,39431.51171875,39647.390625,39403.05078125,39591.28125,323370000,^DJI,-0.0020582708132750316,-0.002060391963746608
2024-05-14,39558.109375,39558.109375,39616.41015625,39371.921875,39466.76171875,320860000,^DJI,0.0032105707017517915,0.0032054278244104733
2024-05-15,39908.0,39908.0,39935.0390625,39615.1015625,39615.1015625,411190000,^DJI,0.008844978451399976,0.008806090768417173
2024-05-16,39869.37890625,39869.37890625,40051.05078125,39864.6796875,39912.33984375,400560000,^DJI,-0.0009677531760549085,-0.00096822175149443
2024-05-17,40003.58984375,40003.58984375,40010.87890625,39858.859375,39911.71875,300260000,^DJI,0.003366266071402446,0.0033606128809802417
2024-05-20,39806.76953125,39806.76953125,40077.3984375,39787.08984375,39989.76171875,272420000,^DJI,-0.0049200662557725705,-0.00493220962892733
2024-05-21,39872.98828125,39872.98828125,39905.80078125,39778.73046875,39804.3984375,314120000,^DJI,0.0016635047450412888,0.0016621226535544435
2024-05-22,39671.0390625,39671.0390625,39890.91015625,39559.08984375,39863.328125,258430000,^DJI,-0.005064812733009183,-0.005077682370278486
2024-05-23,39065.26171875,39065.26171875,39694.94921875,39025.51171875,39694.94921875,335640000,^DJI,-0.01527001455131094,-0.015387801837602189
2024-05-24,39069.58984375,39069.58984375,39220.30859375,39020.2890625,39089.23046875,249810000,^DJI,0.00011079216699383387,0.00011078602999498369
2024-05-28,38852.859375,38852.859375,39028.98828125,38706.140625,39028.98828125,303340000,^DJI,-0.0055472931662903235,-0.005562736536106693
2024-05-29,38441.5390625,38441.5390625,38716.28125,38413.671875,38716.28125,292280000,^DJI,-0.010586616252101777,-0.010643053144484813
2024-05-30,38111.48046875,38111.48046875,38493.6015625,38000.9609375,38368.3515625,360090000,^DJI,-0.008585988017112856,-0.008623059964285001
2024-05-31,38686.3203125,38686.3203125,38719.4296875,38092.26953125,38140.26171875,618200000,^DJI,0.015083115026752747,0.014970495867080512
2024-06-03,38571.03125,38571.03125,38735.609375,38247.21875,38709.98828125,314010000,^DJI,-0.0029800989488977248,-0.002984548285611525
2024-06-04,38711.2890625,38711.2890625,38786.62109375,38397.8203125,38518.859375,304450000,^DJI,0.0036363511151908945,0.003629755574772456
2024-06-05,38807.328125,38807.328125,38844.3203125,38548.76953125,38774.8203125,310970000,^DJI,0.0024809058242660775,0.002477833457863601
2024-06-06,38886.171875,38886.171875,39004.16015625,38735.98828125,38825.3984375,269000000,^DJI,0.002031671692161785,0.002029610638347092
2024-06-07,38798.98828125,38798.98828125,39105.23046875,38751.8515625,38861.23828125,265850000,^DJI,-0.0022420204804487476,-0.0022445375713160682
2024-06-10,38868.0390625,38868.0390625,38877.859375,38665.44921875,38784.8984375,330580000,^DJI,0.001779705716794977,0.0017781239170563965
2024-06-11,38747.421875,38747.421875,38795.7109375,38446.23828125,38795.7109375,383090000,^DJI,-0.0031032485921413944,-0.003108073652881403
2024-06-12,38712.2109375,38712.2109375,39120.26171875,38621.44921875,38950.6484375,472280000,^DJI,-0.0009087298146852607,-0.0009091429599338762
2024-06-13,38647.1015625,38647.1015625,38712.2109375,38407.69921875,38677.12109375,341330000,^DJI,-0.0016818821096299397,-0.001683298061210426
2024-06-14,38589.16015625,38589.16015625,38595.23828125,38305.8515625,38528.390625,272200000,^DJI,-0.0014992432525967603,-0.0015003682423247557
2024-06-17,38778.1015625,38778.1015625,38839.87890625,38431.94921875,38565.1796875,346190000,^DJI,0.004896230067847229,0.004884282516178955
2024-06-18,38834.859375,38834.859375,38936.9296875,38727.671875,38779.12109375,324260000,^DJI,0.001463656296028848,0.0014625861951983476
2024-06-20,39134.76171875,39134.76171875,39232.5,38778.4609375,38804.73046875,397010000,^DJI,0.007722503662342728,0.007692837763060485
2024-06-21,39150.328125,39150.328125,39257.1796875,39061.671875,39208.51171875,818670000,^DJI,0.0003977641760506412,0.0003976850888521078
2024-06-24,39411.2109375,39411.2109375,39571.23046875,39184.48828125,39184.48828125,373940000,^DJI,0.006663617522362664,0.006641513762785929
2024-06-25,39112.16015625,39112.16015625,39423.26171875,38997.23046875,39398.7890625,339010000,^DJI,-0.007587962260896974,-0.007616897311513309
2024-06-26,39127.80078125,39127.80078125,39183.73828125,38908.98828125,39063.1484375,333100000,^DJI,0.00039989161778630766,0.00039981168244292565
2024-06-27,39164.05859375,39164.05859375,39250.69140625,39026.75,39107.1015625,338010000,^DJI,0.000926650917660865,0.0009262218417478644
2024-06-28,39118.859375,39118.859375,39443.6015625,38937.1484375,39092.390625,679630000,^DJI,-0.0011540994568222107,-0.0011547659424434734
2024-07-01,39169.51953125,39169.51953125,39438.359375,39037.94140625,39186.19921875,346210000,^DJI,0.0012950315285107372,0.0012941936984470419
2024-07-02,39331.8515625,39331.8515625,39340.48828125,39085.69140625,39108.25,317380000,^DJI,0.004144345735987098,0.004135781588901144
2024-07-03,39308.0,39308.0,39411.171875,39230.859375,39358.94921875,202070000,^DJI,-0.0006064185018622714,-0.0006066024479312642
2024-07-05,39375.87109375,39375.87109375,39399.62109375,39168.69921875,39313.3984375,325230000,^DJI,0.0017266483603846083,0.0017251594167793705
2024-07-08,39344.7890625,39344.7890625,39654.9609375,39278.4296875,39391.98046875,358320000,^DJI,-0.0007893674574461773,-0.0007896791719866194
2024-07-09,39291.96875,39291.96875,39492.28125,39146.6015625,39357.37109375,361410000,^DJI,-0.0013424983017724657,-0.0013434002599595287
2024-07-10,39721.359375,39721.359375,39736.19921875,39256.71875,39272.44921875,334180000,^DJI,0.010928203362169375,0.010868922048930573
2024-07-11,39753.75,39753.75,39875.6015625,39623.12109375,39695.1796875,361530000,^DJI,0.0008154460348199777,0.0008151137393358789
2024-07-12,40000.8984375,40000.8984375,40257.23828125,39783.28125,39783.28125,325780000,^DJI,0.006216984246769197,0.006197738525913178
2024-07-15,40211.71875,40211.71875,40351.1015625,40136.1015625,40138.3984375,308880000,^DJI,0.0052703894346122215,0.005256549538679412
2024-07-16,40954.48046875,40954.48046875,40988.80859375,40263.78125,40263.78125,306390000,^DJI,0.01847127508694224,0.018302753132311125
2024-07-17,41198.078125,41198.078125,41221.98046875,40849.7109375,40862.5703125,433450000,^DJI,0.0059480099237463335,0.005930390345814435
2024-07-18,40665.01953125,40665.01953125,41376.0,40597.5,41156.55859375,393450000,^DJI,-0.0129389189498752,-0.013023355901051414
2024-07-19,40287.53125,40287.53125,40626.16015625,40203.26953125,40592.3515625,348530000,^DJI,-0.009282874706599165,-0.009326229098854347
2024-07-22,40415.44140625,40415.44140625,40472.53125,40222.76953125,40414.48828125,351670000,^DJI,0.003174931604924325,0.003169902152210149
2024-07-23,40358.08984375,40358.08984375,40527.890625,40319.69921875,40443.73046875,287390000,^DJI,-0.00141905075150639,-0.0014200585575555175
2024-07-24,39853.87109375,39853.87109375,40258.44140625,39807.44921875,40210.62890625,394210000,^DJI,-0.012493622764410572,-0.012572324267622092
2024-07-25,39935.0703125,39935.0703125,40438.8203125,39817.5,39828.62890625,375790000,^DJI,0.0020374236309188554,0.0020353508982717716
2024-07-26,40589.33984375,40589.33984375,40753.828125,40140.859375,40140.859375,332070000,^DJI,0.016383332397569506,0.016250573665077008
2024-07-29,40539.9296875,40539.9296875,40682.48828125,40388.828125,40665.7109375,272200000,^DJI,-0.0012173185481756388,-0.00121806008224938
2024-07-30,40743.328125,40743.328125,40866.25,40529.1015625,40622.12890625,350910000,^DJI,0.005017237056597956,0.0050046926640546765
2024-07-31,40842.7890625,40842.7890625,41198.62890625,40655.890625,40768.87890625,420090000,^DJI,0.002441158886060002,0.00243818409800978
2024-08-01,40347.96875,40347.96875,41096.66015625,40098.5703125,40916.9609375,472030000,^DJI,-0.012115242956175165,-0.012189230705747787
2024-08-02,39737.26171875,39737.26171875,40075.328125,39358.6796875,40075.328125,827820000,^DJI,-0.01513600436824969,-0.015251722844108785
2024-08-05,38703.26953125,38703.26953125,39056.19140625,38499.26953125,39056.19140625,661280000,^DJI,-0.026020720673163855,-0.026365249357641608
2024-08-06,38997.66015625,38997.66015625,39449.53125,38638.30078125,38736.21875,462650000,^DJI,0.007606350279071528,0.0075775678574342645
2024-08-07,38763.44921875,38763.44921875,39477.9609375,38731.51171875,39230.08984375,428250000,^DJI,-0.006005768975923087,-0.006023876141120501
2024-08-08,39446.48828125,39446.48828125,39508.3984375,38922.7890625,38940.37890625,376440000,^DJI,0.017620698783678224,0.017467254182696977
2024-08-09,39497.5390625,39497.5390625,39628.66015625,39230.4296875,39408.05859375,316320000,^DJI,0.0012941780998605434,0.0012933413732211887
2024-08-12,39357.01171875,39357.01171875,39587.05859375,39251.71875,39556.01171875,312380000,^DJI,-0.0035578759357041134,-0.0035642202288998746
2024-08-13,39765.640625,39765.640625,39792.80078125,39392.41015625,39445.26953125,365560000,^DJI,0.010382620234740125,0.0103290910300596
2024-08-14,40008.390625,40008.390625,40068.75,39737.19921875,39800.58984375,317800000,^DJI,0.006104516265416082,0.006085959189021342
2024-08-15,40563.05859375,40563.05859375,40590.51171875,40295.73828125,40295.73828125,446850000,^DJI,0.013863791071951015,0.013768567814723829
2024-08-16,40659.76171875,40659.76171875,40726.03125,40453.578125,40528.859375,323210000,^DJI,0.002384019557511774,0.002381182291390353
2024-08-19,40896.53125,40896.53125,40907.3203125,40670.828125,40670.828125,283890000,^DJI,0.005823190329736105,0.005806301091375692
2024-08-20,40834.96875,40834.96875,40909.37890625,40756.6484375,40874.51953125,299380000,^DJI,-0.0015053232662610716,-0.001506457403634185
2024-08-21,40890.48828125,40890.48828125,40974.3984375,40738.4296875,40881.03125,281460000,^DJI,0.00135960753612685,0.001358684106707005
2024-08-22,40712.78125,40712.78125,41026.640625,40584.46875,40932.23046875,310470000,^DJI,-0.004345925879576384,-0.0043553968655479615
2024-08-23,41175.078125,41175.078125,41207.921875,40842.9609375,40879.12109375,300080000,^DJI,0.011355079677834556,0.01129109467487806
2024-08-26,41240.51953125,41240.51953125,41420.05078125,41140.23046875,41200.83984375,249300000,^DJI,0.0015893450414674604,0.0015880833692817574
2024-08-27,41250.5,41250.5,41271.75,41109.421875,41186.28125,256160000,^DJI,0.0002420063777914816,0.00024197709897171455
2024-08-28,41091.421875,41091.421875,41351.109375,40842.2890625,41250.171875,272170000,^DJI,-0.0038563926497861,-0.0038638477045050443
2024-08-29,41335.05078125,41335.05078125,41577.96875,41086.80859375,41345.5,309820000,^DJI,0.005928948065879069,0.005911441018131014
2024-08-30,41563.078125,41563.078125,41585.2109375,41145.8515625,41366.16015625,494900000,^DJI,0.005516561355077165,0.0055014008607930185
2024-09-03,40936.9296875,40936.9296875,41489.671875,40778.08984375,41489.671875,420530000,^DJI,-0.015065016012935195,-0.015179646093049686
2024-09-04,40974.96875,40974.96875,41172.58984375,40840.890625,40872.05859375,359380000,^DJI,0.0009292114184034084,0.0009287799687246556
2024-09-05,40755.75,40755.75,41084.78125,40519.078125,41056.328125,331250000,^DJI,-0.005350065093094214,-0.005364427942368289
2024-09-06,40345.41015625,40345.41015625,41009.390625,40297.328125,40756.80859375,370440000,^DJI,-0.010068268741220576,-0.010119296555701237
2024-09-09,40829.58984375,40829.58984375,41000.23828125,40518.05859375,40555.109375,376720000,^DJI,0.012000861699629883,0.011929422346759002
2024-09-10,40736.9609375,40736.9609375,40916.5,40417.48046875,40916.5,360950000,^DJI,-0.002268670995826283,-0.0022712483286879896
2024-09-11,40861.7109375,40861.7109375,40903.6796875,39993.0703125,40638.76171875,356040000,^DJI,0.003062329568261024,0.0030576501878381073
2024-09-12,41096.76953125,41096.76953125,41107.3515625,40665.53125,40862.109375,289300000,^DJI,0.005752539195178041,0.005736056522851493
2024-09-13,41393.78125,41393.78125,41533.83984375,41128.69921875,41153.69921875,276800000,^DJI,0.00722713055400015,0.007201139995621615
2024-09-16,41622.078125,41622.078125,41733.96875,41435.171875,41435.171875,408670000,^DJI,0.0055152457230516205,0.005500092445858045
2024-09-17,41606.1796875,41606.1796875,41835.28125,41470.69140625,41723.78125,448610000,^DJI,-0.0003819712569913536,-0.0003820442265940562
2024-09-18,41503.1015625,41503.1015625,41981.96875,41449.0,41628.91015625,383600000,^DJI,-0.0024774715144291193,-0.0024805455252138947
2024-09-19,42025.19140625,42025.19140625,42160.91015625,41832.08984375,41972.55859375,429760000,^DJI,0.01257953801268985,0.012501072975107205
2024-09-20,42063.359375,42063.359375,42138.41015625,41865.94921875,41959.4296875,1207660000,^DJI,0.0009082164166971385,0.0009078042377136266
2024-09-23,42124.6484375,42124.6484375,42190.05078125,42012.21875,42060.3984375,455200000,^DJI,0.001457065327417073,0.0014560048377430645
2024-09-24,42208.21875,42208.21875,42281.05859375,42056.8203125,42234.98828125,401020000,^DJI,0.0019838815420381017,0.0019819162478962636
2024-09-25,41914.75,41914.75,42299.640625,41859.73046875,42236.08984375,374960000,^DJI,-0.006952881658859433,-0.006977165568100781
2024-09-26,42175.109375,42175.109375,42224.1484375,42036.28125,42113.421875,353600000,^DJI,0.0062116408901400355,0.006192428169498614
2024-09-27,42313.0,42313.0,42628.3203125,42227.94921875,42227.94921875,329840000,^DJI,0.0032694787765443767,0.0032641456520059453
2024-09-30,42330.1484375,42330.1484375,42347.66015625,41929.0703125,42289.75,354430000,^DJI,0.00040527586084659895,0.0004051937587668182
2024-10-01,42156.96875,42156.96875,42322.359375,41945.62890625,42262.96875,380240000,^DJI,-0.004091166553684467,-0.004099558271332777
2024-10-02,42196.51953125,42196.51953125,42259.51953125,41968.7890625,42125.140625,301760000,^DJI,0.000938178963590719,0.0009377391487687038
2024-10-03,42011.58984375,42011.58984375,42125.83984375,41847.80859375,42099.53125,267260000,^DJI,-0.004382581538817321,-0.004392213200619935
2024-10-04,42352.75,42352.75,42361.37890625,41972.109375,42248.26171875,296550000,^DJI,0.008120619988885025,0.00808782517755454
2024-10-07,41954.23828125,41954.23828125,42293.640625,41831.73828125,42289.51171875,307230000,^DJI,-0.0094093469432327,-0.009453894510747721
2024-10-08,42080.37109375,42080.37109375,42128.55859375,41874.71875,42022.6484375,284500000,^DJI,0.0030064379110983364,0.0030019276143319375
2024-10-09,42512.0,42512.0,42562.01171875,41993.3515625,42070.3203125,267400000,^DJI,0.010257250471683799,0.010205001859065097
2024-10-10,42454.12109375,42454.12109375,42511.37109375,42308.0390625,42511.37109375,245570000,^DJI,-0.0013614722019664738,-0.0013623998473160052
2024-10-11,42863.859375,42863.859375,42899.75,42507.53125,42507.53125,265330000,^DJI,0.009651319370036937,0.009605042901645764
2024-10-14,43065.21875,43065.21875,43139.0,42707.140625,42800.890625,240050000,^DJI,0.004697649206955035,0.004686649687390468
2024-10-15,42740.421875,42740.421875,43277.78125,42703.171875,43240.171875,360880000,^DJI,-0.007541976667655992,-0.007570561186896279
2024-10-16,43077.69921875,43077.69921875,43100.83984375,42692.37109375,42706.48828125,297510000,^DJI,0.007891296551456817,0.007860323111186953
2024-10-17,43239.05078125,43239.05078125,43289.76171875,43119.80859375,43119.80859375,267370000,^DJI,0.0037455937857928667,0.0037385965165646316
2024-10-18,43275.91015625,43275.91015625,43325.08984375,43036.3515625,43187.12109375,295500000,^DJI,0.0008524556930371574,0.0008520925590386378
2024-10-21,42931.6015625,42931.6015625,43310.87109375,42877.5703125,43222.2109375,273590000,^DJI,-0.00795612599496709,-0.007987944847631647
2024-10-22,42924.890625,42924.890625,43041.05078125,42718.26171875,42876.83984375,335200000,^DJI,-0.00015631696130014028,-0.00015632918006968586
2024-10-23,42514.94921875,42514.94921875,42834.3984375,42293.171875,42834.3984375,356610000,^DJI,-0.009550202697808263,-0.009596098325705064
2024-10-24,42374.359375,42374.359375,42522.55078125,42191.828125,42522.55078125,282680000,^DJI,-0.0033068331571238785,-0.0033123128134293317
2024-10-25,42114.3984375,42114.3984375,42594.640625,42051.390625,42477.51171875,314000000,^DJI,-0.006134864133270468,-0.006153759733168344
2024-10-28,42387.5703125,42387.5703125,42476.4609375,42264.5390625,42264.5390625,284770000,^DJI,0.006486424717793371,0.006465478394026533
2024-10-29,42233.05078125,42233.05078125,42491.859375,42171.6484375,42323.48046875,373550000,^DJI,-0.0036453972263759127,-0.0036520578789214562
2024-10-30,42141.5390625,42141.5390625,42457.921875,42141.5390625,42249.80859375,377420000,^DJI,-0.002166827095300139,-0.002169178061836535
2024-10-31,41763.4609375,41763.4609375,41991.91015625,41704.62890625,41956.33984375,497370000,^DJI,-0.00897162593988965,-0.009012113316206917
2024-11-01,42052.19140625,42052.19140625,42326.30859375,41869.8203125,41869.8203125,531350000,^DJI,0.006913470825181234,0.0068896823633791526
2024-11-04,41794.6015625,41794.6015625,42035.87109375,41647.30078125,42004.66015625,341500000,^DJI,-0.006125479675042955,-0.006144317391764779
2024-11-05,42221.87890625,42221.87890625,42258.83984375,41766.9609375,41835.48828125,283990000,^DJI,0.010223266349627558,0.010171362215647094
2024-11-06,43729.9296875,43729.9296875,43778.78125,42850.3984375,42850.3984375,550400000,^DJI,0.03571728261071705,0.03509421336225886
2024-11-07,43729.33984375,43729.33984375,43823.1015625,43641.921875,43718.921875,437510000,^DJI,-1.3488330628863565e-05,-1.348842159721315e-05
2024-11-08,43988.98828125,43988.98828125,44157.2890625,43733.859375,43768.53125,454570000,^DJI,0.005937625366121635,0.0059200671371363285
2024-11-11,44293.12890625,44293.12890625,44486.69921875,44057.6484375,44057.6484375,451940000,^DJI,0.006914017277583895,0.0068902250636907626
2024-11-12,43910.98046875,43910.98046875,44405.73046875,43887.26953125,44359.2109375,482720000,^DJI,-0.008627713754628785,-0.008665147946796656
2024-11-13,43958.19140625,43958.19140625,44141.328125,43829.98046875,43880.4609375,500190000,^DJI,0.0010751510669091413,0.001074573505940595
2024-11-14,43750.859375,43750.859375,44080.78125,43704.8203125,44032.37890625,545090000,^DJI,-0.004716573285144743,-0.004727731416175346
2024-11-15,43444.98828125,43444.98828125,43647.53125,43350.4296875,43587.9296875,664320000,^DJI,-0.006991201958532978,-0.007015754914314252
2024-11-18,43389.6015625,43389.6015625,43505.66015625,43297.5703125,43431.890625,527180000,^DJI,-0.0012748701505325144,-0.001275683488823503
2024-11-19,43268.94140625,43268.94140625,43380.96875,42938.87109375,43243.26953125,497970000,^DJI,-0.002780854211721584,-0.002784727970033134
2024-11-20,43408.46875,43408.46875,43465.76953125,43074.859375,43296.05078125,559010000,^DJI,0.003224653509314779,0.0032194654642936703
2024-11-21,43870.3515625,43870.3515625,44020.30859375,43345.578125,43538.69921875,712120000,^DJI,0.010640384832740768,0.010584174320800973
2024-11-22,44296.51171875,44296.51171875,44323.94921875,43871.62890625,43871.62890625,533010000,^DJI,0.009714081174910794,0.00966720283057901
2024-11-25,44736.5703125,44736.5703125,44815.671875,44385.48828125,44385.48828125,826660000,^DJI,0.009934384823438114,0.009885363221468798
2024-11-26,44860.30859375,44860.30859375,44903.01171875,44426.66015625,44614.890625,476170000,^DJI,0.002765931326108584,0.002762113176930086
2024-11-27,44722.05859375,44722.05859375,45003.05859375,44690.23046875,44837.75,451360000,^DJI,-0.0030817888760413803,-0.0030865473663361435
2024-11-29,44910.6484375,44910.6484375,45071.2890625,44760.05078125,44760.05078125,319210000,^DJI,0.004216931189664708,0.004208064852418677
2024-12-02,44782.0,44782.0,45001.66015625,44710.16015625,44925.859375,439740000,^DJI,-0.0028645419733592803,-0.0028686526256853774
2024-12-03,44705.53125,44705.53125,44914.6796875,44574.78125,44769.578125,429130000,^DJI,-0.001707577821446149,-0.0017090373942470441
2024-12-04,45014.0390625,45014.0390625,45073.62890625,44799.73828125,44941.05078125,554420000,^DJI,0.006900886844958265,0.006877184706705682
2024-12-05,44765.7109375,44765.7109375,45059.94140625,44747.140625,45038.44140625,457340000,^DJI,-0.005516681688021996,-0.005531954773512291
2024-12-06,44642.51953125,44642.51953125,44923.73828125,44596.4609375,44824.2890625,466910000,^DJI,-0.002751914437860603,-0.002755707915546285
2024-12-09,44401.9296875,44401.9296875,44728.51171875,44382.828125,44637.96875,503920000,^DJI,-0.005389253256227744,-0.005403827668608373
2024-12-10,44247.828125,44247.828125,44470.83984375,44186.66015625,44291.5703125,482660000,^DJI,-0.0034706050747019823,-0.0034766415954609413
2024-12-11,44148.55859375,44148.55859375,44376.1796875,44135.73828125,44300.41015625,512650000,^DJI,-0.0022434893520550947,-0.00224600974464639
2024-12-12,43914.12109375,43914.12109375,44208.6015625,43903.26953125,44168.66015625,396050000,^DJI,-0.00531019601698135,-0.005324345220107435
2024-12-13,43828.05859375,43828.05859375,44054.23046875,43790.48046875,43929.1484375,455380000,^DJI,-0.001959791016112322,-0.0019617139192620167
2024-12-16,43717.48046875,43717.48046875,43951.578125,43686.8515625,43825.76171875,579350000,^DJI,-0.002522998475131377,-0.002526186599334772
2024-12-17,43449.8984375,43449.8984375,43656.46875,43336.21875,43656.46875,593670000,^DJI,-0.006120710260081763,-0.006139518593304878
2024-12-18,42326.87109375,42326.87109375,43688.96875,42300.0390625,43459.71875,627570000,^DJI,-0.02584648950020918,-0.026186379442480725
2024-12-19,42342.23828125,42342.23828125,42787.8515625,42334.12890625,42464.12890625,560200000,^DJI,0.00036305985070250735,0.00036299396042250567
2024-12-20,42840.26171875,42840.26171875,43216.03125,42146.328125,42296.26171875,1121300000,^DJI,0.011761859025778865,0.011693226005642009
2024-12-23,42906.94921875,42906.94921875,42957.7890625,42516.87109375,42800.48828125,449390000,^DJI,0.0015566548224614785,0.0015554444912258348
2024-12-24,43297.03125,43297.03125,43297.6484375,42871.76171875,42916.48046875,230410000,^DJI,0.009091348565969382,0.009050271035648583
2024-12-26,43325.80078125,43325.80078125,43373.98046875,43115.08984375,43201.8515625,270350000,^DJI,0.0006644689120574032,0.0006642482503330178
2024-12-27,42992.2109375,42992.2109375,43238.8515625,42761.55859375,43142.37109375,376960000,^DJI,-0.007699565564506905,-0.00772936025543312
2024-12-30,42573.73046875,42573.73046875,42863.859375,42263.51171875,42863.859375,383300000,^DJI,-0.009733867126730633,-0.009781550895304475
2024-12-31,42544.21875,42544.21875,42779.69140625,42421.2890625,42636.69921875,359210000,^DJI,-0.0006931908109781837,-0.0006934311788153323
