Price,Adj Close,Close,High,Low,Open,Volume,Ticker,Returns,Log_Returns
Ticker,^VIX,^VIX,^VIX,^VIX,^VIX,^VIX,,,
Date,,,,,,,,,
2022-01-03,16.600000381469727,16.600000381469727,18.540000915527344,16.559999465942383,17.600000381469727,0,^VIX,,
2022-01-04,16.90999984741211,16.90999984741211,17.809999465942383,16.34000015258789,16.56999969482422,0,^VIX,0.018674666193889244,0.018502435544357602
2022-01-05,19.729999542236328,19.729999542236328,20.170000076293945,16.579999923706055,17.06999969482422,0,^VIX,0.16676521113368237,0.1542351429461621
2022-01-06,19.610000610351562,19.610000610351562,21.059999465942383,19.079999923706055,20.290000915527344,0,^VIX,-0.0060820544687738565,-0.006100625500360711
2022-01-07,18.760000228881836,18.760000228881836,20.799999237060547,18.56999969482422,19.850000381469727,0,^VIX,-0.04334525012819401,-0.04431271555415753
2022-01-10,19.399999618530273,19.399999618530273,23.329999923706055,19.290000915527344,19.579999923706055,0,^VIX,0.03411510564179698,0.03354609062729154
2022-01-11,18.40999984741211,18.40999984741211,21.0,18.200000762939453,19.6200008392334,0,^VIX,-0.05103091704045948,-0.05237905944922345
2022-01-12,17.6200008392334,17.6200008392334,18.690000534057617,17.360000610351562,18.170000076293945,0,^VIX,-0.04291140764402346,-0.04385931881904721
2022-01-13,20.309999465942383,20.309999465942383,20.610000610351562,17.450000762939453,18.059999465942383,0,^VIX,0.15266733817170586,0.1420786811593658
2022-01-14,19.190000534057617,19.190000534057617,22.06999969482422,19.049999237060547,20.110000610351562,0,^VIX,-0.05514519750543956,-0.056724011447385425
2022-01-18,22.790000915527344,22.790000915527344,23.200000762939453,21.18000030517578,21.18000030517578,0,^VIX,0.18759772179685963,0.17193254558031584
2022-01-19,23.850000381469727,23.850000381469727,23.989999771118164,21.850000381469727,23.1200008392334,0,^VIX,0.04651160260463971,0.04546234989896832
2022-01-20,25.59000015258789,25.59000015258789,25.889999389648438,21.68000030517578,23.459999084472656,0,^VIX,0.07295596407914773,0.07041742280560326
2022-01-21,28.850000381469727,28.850000381469727,29.790000915527344,25.309999465942383,25.3799991607666,0,^VIX,0.12739352127562054,0.11990835004213829
2022-01-24,29.899999618530273,29.899999618530273,38.939998626708984,28.020000457763672,28.200000762939453,0,^VIX,0.03639512038741466,0.035748461461826586
2022-01-25,31.15999984741211,31.15999984741211,35.849998474121094,29.1299991607666,32.290000915527344,0,^VIX,0.04214047641997154,0.04127674846717597
2022-01-26,31.959999084472656,31.959999084472656,33.040000915527344,26.899999618530273,29.350000381469727,0,^VIX,0.025673916591080648,0.0253498761464045
2022-01-27,30.489999771118164,30.489999771118164,33.0,28.420000076293945,32.189998626708984,0,^VIX,-0.04599497357522364,-0.047086338758656796
2022-01-28,27.65999984741211,27.65999984741211,32.81999969482422,27.280000686645508,30.270000457763672,0,^VIX,-0.09281731534766324,-0.09741143277332177
2022-01-31,24.829999923706055,24.829999923706055,29.40999984741211,24.709999084472656,28.360000610351562,0,^VIX,-0.10231380836290327,-0.10793472427263455
2022-02-01,21.959999084472656,21.959999084472656,25.329999923706055,21.959999084472656,24.56999969482422,0,^VIX,-0.11558601885025821,-0.12283002149677485
2022-02-02,22.09000015258789,22.09000015258789,22.729999542236328,20.459999084472656,21.559999465942383,0,^VIX,0.0059199031664420865,0.005902449388932326
2022-02-03,24.350000381469727,24.350000381469727,25.809999465942383,22.299999237060547,22.6299991607666,0,^VIX,0.10230874663969036,0.09740684085512573
2022-02-04,23.219999313354492,23.219999313354492,26.260000228881836,22.06999969482422,23.770000457763672,0,^VIX,-0.04640661397998014,-0.04751791849625819
2022-02-07,22.860000610351562,22.860000610351562,24.81999969482422,22.020000457763672,24.09000015258789,0,^VIX,-0.015503820570566651,-0.015625261632240678
2022-02-08,21.440000534057617,21.440000534057617,23.479999542236328,21.31999969482422,23.09000015258789,0,^VIX,-0.062117237024522876,-0.06413032395420296
2022-02-09,19.959999084472656,19.959999084472656,21.299999237060547,19.93000030517578,21.270000457763672,0,^VIX,-0.06902991663801339,-0.07152813609679119
2022-02-10,23.90999984741211,23.90999984741211,24.770000457763672,20.18000030517578,20.3700008392334,0,^VIX,0.19789583888369267,0.18056655007325953
2022-02-11,27.360000610351562,27.360000610351562,30.989999771118164,23.329999923706055,24.389999389648438,0,^VIX,0.14429112442310887,0.1347853399740477
2022-02-14,28.329999923706055,28.329999923706055,32.040000915527344,28.329999923706055,29.170000076293945,0,^VIX,0.03545319048668061,0.034839196086860244
2022-02-15,25.700000762939453,25.700000762939453,28.09000015258789,25.329999923706055,28.09000015258789,0,^VIX,-0.09283442173841527,-0.09743028956184711
2022-02-16,24.290000915527344,24.290000915527344,27.09000015258789,23.8799991607666,25.190000534057617,0,^VIX,-0.05486380566359328,-0.05642624088191999
2022-02-17,28.110000610351562,28.110000610351562,28.3700008392334,24.760000228881836,24.829999923706055,0,^VIX,0.15726634626770597,0.1460606259257957
2022-02-18,27.75,27.75,29.709999084472656,26.3799991607666,26.65999984741211,0,^VIX,-0.012806851744392778,-0.012889566438965914
2022-02-22,28.809999465942383,28.809999465942383,32.040000915527344,28.399999618530273,31.799999237060547,0,^VIX,0.03819817895287869,0.037486690366762734
2022-02-23,31.020000457763672,31.020000457763672,31.06999969482422,27.200000762939453,28.040000915527344,0,^VIX,0.07670951172469942,0.0739096419462359
2022-02-24,30.31999969482422,30.31999969482422,37.790000915527344,29.450000762939453,37.5,0,^VIX,-0.02256611065794678,-0.022824621796435525
2022-02-25,27.59000015258789,27.59000015258789,32.0,26.93000030517578,31.68000030517578,0,^VIX,-0.09003956364492816,-0.09435415694926126
2022-02-28,30.149999618530273,30.149999618530273,33.5099983215332,28.43000030517578,32.439998626708984,0,^VIX,0.09278722188416721,0.08873151676105341
2022-03-01,33.31999969482422,33.31999969482422,35.189998626708984,29.440000534057617,29.450000762939453,0,^VIX,0.10514096571814391,0.09997289761890603
2022-03-02,30.739999771118164,30.739999771118164,34.40999984741211,30.1200008392334,34.20000076293945,0,^VIX,-0.07743097080840666,-0.08059307747498817
2022-03-03,30.479999542236328,30.479999542236328,32.0099983215332,29.309999465942383,30.520000457763672,0,^VIX,-0.008458042642086161,-0.008494014864764431
2022-03-04,31.979999542236328,31.979999542236328,34.650001525878906,31.469999313354492,31.899999618530273,0,^VIX,0.04921259916429599,0.04803997729179485
2022-03-07,36.45000076293945,36.45000076293945,36.54999923706055,32.59000015258789,35.880001068115234,0,^VIX,0.1397748994586303,0.13083078629404346
2022-03-08,35.130001068115234,35.130001068115234,37.52000045776367,32.779998779296875,36.189998626708984,0,^VIX,-0.036213982639098585,-0.03688598270340872
2022-03-09,32.45000076293945,32.45000076293945,34.119998931884766,31.389999389648438,33.7400016784668,0,^VIX,-0.07628807923971881,-0.07935503002105185
2022-03-10,30.229999542236328,30.229999542236328,34.029998779296875,30.229999542236328,33.029998779296875,0,^VIX,-0.0684129789987108,-0.07086567301265848
2022-03-11,30.75,30.75,31.040000915527344,28.84000015258789,30.43000030517578,0,^VIX,0.01720147091094537,0.017055200603855316
2022-03-14,31.770000457763672,31.770000457763672,33.18000030517578,30.059999465942383,31.030000686645508,0,^VIX,0.03317074659394059,0.03263246843757496
2022-03-15,29.829999923706055,29.829999923706055,33.83000183105469,29.56999969482422,33.130001068115234,0,^VIX,-0.06106391268822087,-0.06300786672106938
2022-03-16,26.670000076293945,26.670000076293945,29.799999237060547,26.290000915527344,29.020000457763672,0,^VIX,-0.10593361902427767,-0.11197525491444416
2022-03-17,25.670000076293945,25.670000076293945,27.469999313354492,25.25,26.510000228881836,0,^VIX,-0.03749531297860276,-0.03821634319943387
2022-03-18,23.8700008392334,23.8700008392334,26.81999969482422,23.850000381469727,26.360000610351562,0,^VIX,-0.07012073360774285,-0.07270052234591615
2022-03-21,23.530000686645508,23.530000686645508,25.360000610351562,22.989999771118164,25.139999389648438,0,^VIX,-0.014243826587096553,-0.014346243588262985
2022-03-22,22.940000534057617,22.940000534057617,24.020000457763672,22.700000762939453,24.020000457763672,0,^VIX,-0.025074378893781613,-0.02539409693912241
2022-03-23,23.56999969482422,23.56999969482422,24.030000686645508,22.639999389648438,23.040000915527344,0,^VIX,0.02746290959458708,0.027092569018550887
2022-03-24,21.670000076293945,21.670000076293945,23.790000915527344,21.489999771118164,23.610000610351562,0,^VIX,-0.08061093097712246,-0.08404588493141855
2022-03-25,20.809999465942383,20.809999465942383,22.860000610351562,20.799999237060547,21.8700008392334,0,^VIX,-0.03968623014876527,-0.04049520432695106
2022-03-28,19.6299991607666,19.6299991607666,23.329999923706055,19.540000915527344,22.139999389648438,0,^VIX,-0.056703524048953846,-0.058374649206258046
2022-03-29,18.899999618530273,18.899999618530273,19.729999542236328,18.670000076293945,19.700000762939453,0,^VIX,-0.03718795585561396,-0.03789706365376279
2022-03-30,19.329999923706055,19.329999923706055,20.510000228881836,18.719999313354492,19.3799991607666,0,^VIX,0.02275133935739304,0.022496387391307392
2022-03-31,20.559999465942383,20.559999465942383,21.479999542236328,19.540000915527344,19.68000030517578,0,^VIX,0.06363163720077791,0.06168912533807853
2022-04-01,19.6299991607666,19.6299991607666,20.860000610351562,19.40999984741211,20.6200008392334,0,^VIX,-0.04523347905316466,-0.04628844907562309
2022-04-04,18.56999969482422,18.56999969482422,20.780000686645508,18.450000762939453,20.75,0,^VIX,-0.05399895625369899,-0.05551160660496785
2022-04-05,21.030000686645508,21.030000686645508,21.56999969482422,18.549999237060547,18.790000915527344,0,^VIX,0.13247178418139316,0.12440266343456106
2022-04-06,22.100000381469727,22.100000381469727,24.780000686645508,21.239999771118164,21.270000457763672,0,^VIX,0.05087967950013872,0.0496276034194116
2022-04-07,21.549999237060547,21.549999237060547,23.81999969482422,21.1200008392334,21.969999313354492,0,^VIX,-0.02488692918169999,-0.025201844638247307
2022-04-08,21.15999984741211,21.15999984741211,22.34000015258789,20.280000686645508,21.25,0,^VIX,-0.018097420113952323,-0.018263181367582593
2022-04-11,24.3700008392334,24.3700008392334,24.420000076293945,22.09000015258789,23.09000015258789,0,^VIX,0.15170137121782057,0.14124030229531587
2022-04-12,24.260000228881836,24.260000228881836,25.3799991607666,22.270000457763672,24.940000534057617,0,^VIX,-0.0045137712992801005,-0.004523989123826763
2022-04-13,21.81999969482422,21.81999969482422,24.450000762939453,21.3700008392334,23.520000457763672,0,^VIX,-0.10057710268084685,-0.10600194653157283
2022-04-14,22.700000762939453,22.700000762939453,22.700000762939453,20.850000381469727,21.719999313354492,0,^VIX,0.04033002201755176,0.03953799167815706
2022-04-18,22.170000076293945,22.170000076293945,24.600000381469727,21.979999542236328,24.520000457763672,0,^VIX,-0.023348047085126056,-0.023624931027489242
2022-04-19,21.3700008392334,21.3700008392334,22.920000076293945,20.360000610351562,22.549999237060547,0,^VIX,-0.03608476474097866,-0.03675191846691165
2022-04-20,20.31999969482422,20.31999969482422,21.31999969482422,19.75,21.1299991607666,0,^VIX,-0.04913435204370564,-0.050382500910835126
2022-04-21,22.68000030517578,22.68000030517578,23.280000686645508,19.809999465942383,20.239999771118164,0,^VIX,0.1161417640647251,0.10987788462348555
2022-04-22,28.209999084472656,28.209999084472656,28.270000457763672,22.6200008392334,22.709999084472656,0,^VIX,0.2438271033900683,0.21819300024463079
2022-04-25,27.020000457763672,27.020000457763672,31.600000381469727,26.799999237060547,30.040000915527344,0,^VIX,-0.042183575516809735,-0.043099143086190964
2022-04-26,33.52000045776367,33.52000045776367,33.810001373291016,27.059999465942383,27.3799991607666,0,^VIX,0.2405625421864992,0.21556493979660302
2022-04-27,31.600000381469727,31.600000381469727,32.77000045776367,29.81999969482422,31.110000610351562,0,^VIX,-0.05727923777069188,-0.0589851566056232
2022-04-28,29.989999771118164,29.989999771118164,32.0,28.0,29.90999984741211,0,^VIX,-0.050949385788478296,-0.052293147535713964
2022-04-29,33.400001525878906,33.400001525878906,34.34000015258789,28.540000915527344,28.969999313354492,0,^VIX,0.11370462756871169,0.10769196053867162
2022-05-02,32.34000015258789,32.34000015258789,36.63999938964844,31.739999771118164,33.349998474121094,0,^VIX,-0.031736566612720285,-0.03225108680044981
2022-05-03,29.25,29.25,32.81999969482422,29.059999465942383,31.760000228881836,0,^VIX,-0.09554731410044925,-0.1004252851893356
2022-05-04,25.420000076293945,25.420000076293945,29.420000076293945,24.940000534057617,29.1200008392334,0,^VIX,-0.13094016833183098,-0.14034330491522218
2022-05-05,31.200000762939453,31.200000762939453,33.20000076293945,25.780000686645508,25.969999313354492,0,^VIX,0.2273800420652159,0.20488185050598062
2022-05-06,30.190000534057617,30.190000534057617,35.34000015258789,29.829999923706055,32.22999954223633,0,^VIX,-0.032371801416157364,-0.032907357859992
2022-05-09,34.75,34.75,35.47999954223633,31.899999618530273,31.899999618530273,0,^VIX,0.15104337148978209,0.14066881060216926
2022-05-10,32.9900016784668,32.9900016784668,34.84000015258789,32.2400016784668,33.65999984741211,0,^VIX,-0.0506474337131857,-0.05197503589226457
2022-05-11,32.560001373291016,32.560001373291016,34.38999938964844,30.690000534057617,32.869998931884766,0,^VIX,-0.01303426139127628,-0.01311995280695535
2022-05-12,31.770000457763672,31.770000457763672,34.7599983215332,31.700000762939453,33.7400016784668,0,^VIX,-0.02426292635771765,-0.024562120621479416
2022-05-13,28.8700008392334,28.8700008392334,31.200000762939453,28.780000686645508,31.09000015258789,0,^VIX,-0.09128106946002879,-0.09571943994586465
2022-05-16,27.469999313354492,27.469999313354492,30.229999542236328,27.360000610351562,30.010000228881836,0,^VIX,-0.04849329702742333,-0.04970854763325103
2022-05-17,26.100000381469727,26.100000381469727,27.170000076293945,25.510000228881836,27.06999969482422,0,^VIX,-0.04987255064177387,-0.051159146166640086
2022-05-18,30.959999084472656,30.959999084472656,31.489999771118164,26.209999084472656,26.739999771118164,0,^VIX,0.18620684413680677,0.17076069020588336
2022-05-19,29.350000381469727,29.350000381469727,33.11000061035156,29.059999465942383,31.239999771118164,0,^VIX,-0.05200254362444057,-0.05340345987885895
2022-05-20,29.43000030517578,29.43000030517578,32.90999984741211,28.059999465942383,28.780000686645508,0,^VIX,0.002725721385562929,0.0027220133435583802
2022-05-23,28.479999542236328,28.479999542236328,30.389999389648438,28.290000915527344,28.979999542236328,0,^VIX,-0.03228001199756625,-0.032812502144316524
2022-05-24,29.450000762939453,29.450000762939453,31.06999969482422,29.040000915527344,29.43000030517578,0,^VIX,0.03405903217324835,0.0334918655332464
2022-05-25,28.3700008392334,28.3700008392334,30.229999542236328,28.15999984741211,29.329999923706055,0,^VIX,-0.03667232243556173,-0.03736165760137902
2022-05-26,27.5,27.5,28.459999084472656,27.110000610351562,28.420000076293945,0,^VIX,-0.030666225361201227,-0.031146273729954037
2022-05-27,25.719999313354492,25.719999313354492,27.540000915527344,25.56999969482422,27.5,0,^VIX,-0.06472729769620034,-0.06691713200005558
2022-05-31,26.190000534057617,26.190000534057617,28.350000381469727,25.940000534057617,27.469999313354492,0,^VIX,0.018273764900883505,0.018108806238811843
2022-06-01,25.690000534057617,25.690000534057617,27.729999542236328,25.3799991607666,26.049999237060547,0,^VIX,-0.019091255815355868,-0.019275847000948997
2022-06-02,24.719999313354492,24.719999313354492,26.5,24.329999923706055,25.729999542236328,0,^VIX,-0.03775792917626375,-0.038489227097765165
2022-06-03,24.790000915527344,24.790000915527344,25.959999084472656,24.760000228881836,24.90999984741211,0,^VIX,0.0028317801018318267,0.002827778165847551
2022-06-06,25.06999969482422,25.06999969482422,25.809999465942383,24.81999969482422,25.3700008392334,0,^VIX,0.011294827307630095,0.011231517018839617
2022-06-07,24.020000457763672,24.020000457763672,26.239999771118164,23.8799991607666,25.540000915527344,0,^VIX,-0.041882698438058696,-0.04278506428781263
2022-06-08,23.959999084472656,23.959999084472656,24.780000686645508,23.739999771118164,24.3700008392334,0,^VIX,-0.0024979755265417403,-0.0025011006728514825
2022-06-09,26.09000015258789,26.09000015258789,26.239999771118164,23.81999969482422,24.290000915527344,0,^VIX,0.08889821158196898,0.08516636996056637
2022-06-10,27.75,27.75,29.6299991607666,26.049999237060547,26.260000228881836,0,^VIX,0.06362590408982616,0.061683735195286235
2022-06-13,34.02000045776367,34.02000045776367,35.04999923706055,31.290000915527344,31.3700008392334,0,^VIX,0.2259459624419342,0.20371276023099444
2022-06-14,32.689998626708984,32.689998626708984,34.0,32.060001373291016,33.0099983215332,0,^VIX,-0.03909470350260291,-0.039879421696833575
2022-06-15,29.6200008392334,29.6200008392334,32.77000045776367,27.760000228881836,32.38999938964844,0,^VIX,-0.09391244773461938,-0.09861934155361644
2022-06-16,32.95000076293945,32.95000076293945,34.81999969482422,30.350000381469727,30.350000381469727,0,^VIX,0.11242403205118334,0.10654144692998793
2022-06-17,31.1299991607666,31.1299991607666,33.310001373291016,30.469999313354492,32.84000015258789,0,^VIX,-0.05523525220126546,-0.056819326608450633
2022-06-21,30.190000534057617,30.190000534057617,30.649999618530273,29.329999923706055,30.6299991607666,0,^VIX,-0.030195909156774836,-0.030661196085893273
2022-06-22,28.950000762939453,28.950000762939453,31.56999969482422,28.780000686645508,31.450000762939453,0,^VIX,-0.041073194739407515,-0.04194053103593365
2022-06-23,29.049999237060547,29.049999237060547,29.770000457763672,28.739999771118164,29.290000915527344,0,^VIX,0.003454178635086791,0.0034482266622454993
2022-06-24,27.229999542236328,27.229999542236328,29.719999313354492,26.829999923706055,29.06999969482422,0,^VIX,-0.06265059354983915,-0.06469916716028097
2022-06-27,26.950000762939453,26.950000762939453,28.65999984741211,26.93000030517578,28.299999237060547,0,^VIX,-0.01028273169313021,-0.010335964210215428
2022-06-28,28.360000610351562,28.360000610351562,28.68000030517578,26.469999313354492,26.899999618530273,0,^VIX,0.05231910231895376,0.05099639752104341
2022-06-29,28.15999984741211,28.15999984741211,29.360000610351562,27.850000381469727,28.799999237060547,0,^VIX,-0.007052212927895818,-0.007077197314253267
2022-06-30,28.709999084472656,28.709999084472656,30.219999313354492,28.280000686645508,29.420000076293945,0,^VIX,0.019531223012811516,0.019342936372938047
2022-07-01,26.700000762939453,26.700000762939453,29.59000015258789,26.690000534057617,29.530000686645508,0,^VIX,-0.07001039309054802,-0.07258186826346097
2022-07-05,27.540000915527344,27.540000915527344,29.81999969482422,27.299999237060547,27.3700008392334,0,^VIX,0.031460678973232126,0.030975932563342613
2022-07-06,26.729999542236328,26.729999542236328,28.06999969482422,26.43000030517578,27.84000015258789,0,^VIX,-0.029411813593453018,-0.029853013518694623
2022-07-07,26.079999923706055,26.079999923706055,26.790000915527344,25.65999984741211,26.729999542236328,0,^VIX,-0.024317232684692103,-0.024617778892291938
2022-07-08,24.639999389648438,24.639999389648438,26.610000610351562,24.43000030517578,26.40999984741211,0,^VIX,-0.05521474456557396,-0.056797620238513646
2022-07-11,26.170000076293945,26.170000076293945,26.739999771118164,25.790000915527344,26.420000076293945,0,^VIX,0.062094185249382816,0.060242605562818095
2022-07-12,27.290000915527344,27.290000915527344,27.75,25.81999969482422,27.139999389648438,0,^VIX,0.04279712785511025,0.04190664881096002
2022-07-13,26.81999969482422,26.81999969482422,29.059999465942383,26.229999542236328,27.350000381469727,0,^VIX,-0.01722246994999932,-0.017372501793467377
2022-07-14,26.399999618530273,26.399999618530273,28.450000762939453,26.200000762939453,27.469999313354492,0,^VIX,-0.01565995828012623,-0.01578387077220841
2022-07-15,24.229999542236328,24.229999542236328,26.719999313354492,24.1299991607666,26.719999313354492,0,^VIX,-0.08219697377460611,-0.08577247976665912
2022-07-18,25.299999237060547,25.299999237060547,25.90999984741211,24.3799991607666,24.829999923706055,0,^VIX,0.04416012030702099,0.043212849641764174
2022-07-19,24.5,24.5,25.40999984741211,24.229999542236328,25.1200008392334,0,^VIX,-0.031620524157513485,-0.03213124802708314
2022-07-20,23.8799991607666,23.8799991607666,24.729999542236328,23.399999618530273,24.229999542236328,0,^VIX,-0.02530615670340397,-0.025631864170057687
2022-07-21,23.110000610351562,23.110000610351562,24.670000076293945,22.920000076293945,24.06999969482422,0,^VIX,-0.03224449654420847,-0.032775802683622235
2022-07-22,23.030000686645508,23.030000686645508,23.809999465942383,22.40999984741211,23.299999237060547,0,^VIX,-0.003461701496893066,-0.003467707049144895
2022-07-25,23.360000610351562,23.360000610351562,24.56999969482422,23.190000534057617,24.329999923706055,0,^VIX,0.014329132169649261,0.014227440440233092
2022-07-26,24.690000534057617,24.690000534057617,25.309999465942383,23.81999969482422,23.950000762939453,0,^VIX,0.056934926753241966,0.05537314089952161
2022-07-27,23.239999771118164,23.239999771118164,24.40999984741211,23.020000457763672,24.270000457763672,0,^VIX,-0.058728259683077266,-0.06052340285251661
2022-07-28,22.329999923706055,22.329999923706055,23.540000915527344,22.219999313354492,23.329999923706055,0,^VIX,-0.0391566203259186,-0.03994385969968467
2022-07-29,21.329999923706055,21.329999923706055,22.15999984741211,21.209999084472656,22.1299991607666,0,^VIX,-0.04478280355650055,-0.045816533528988145
2022-08-01,22.84000015258789,22.84000015258789,23.270000457763672,22.260000228881836,22.40999984741211,0,^VIX,0.07079232228236565,0.06839886256211848
2022-08-02,23.93000030517578,23.93000030517578,24.68000030517578,22.670000076293945,24.079999923706055,0,^VIX,0.04772329883125637,0.046619523204595135
2022-08-03,21.950000762939453,21.950000762939453,23.920000076293945,21.68000030517578,23.860000610351562,0,^VIX,-0.08274130869142016,-0.08636574039389384
2022-08-04,21.440000534057617,21.440000534057617,22.65999984741211,21.440000534057617,22.059999465942383,0,^VIX,-0.02323463376561352,-0.023508813167236665
2022-08-05,21.149999618530273,21.149999618530273,22.579999923706055,20.760000228881836,21.5,0,^VIX,-0.013526161767891565,-0.013618473656111645
2022-08-08,21.290000915527344,21.290000915527344,22.010000228881836,20.829999923706055,21.739999771118164,0,^VIX,0.006619446785919081,0.006597634452187501
2022-08-09,21.770000457763672,21.770000457763672,22.229999542236328,21.40999984741211,21.40999984741211,0,^VIX,0.02254577367755073,0.022295374365645357
2022-08-10,19.739999771118164,19.739999771118164,22.34000015258789,19.540000915527344,22.280000686645508,0,^VIX,-0.09324761800459969,-0.09788587386321505
2022-08-11,20.200000762939453,20.200000762939453,20.850000381469727,19.709999084472656,19.84000015258789,0,^VIX,0.023302988710988792,0.02303561976592722
2022-08-12,19.530000686645508,19.530000686645508,20.350000381469727,19.1200008392334,20.34000015258789,0,^VIX,-0.033168319355867615,-0.03373086212935113
2022-08-15,19.950000762939453,19.950000762939453,21.15999984741211,19.809999465942383,20.739999771118164,0,^VIX,0.021505379494489052,0.02127740153136365
2022-08-16,19.690000534057617,19.690000534057617,20.389999389648438,19.5,20.229999542236328,0,^VIX,-0.013032592428007916,-0.013118261804125196
2022-08-17,19.899999618530273,19.899999618530273,20.6299991607666,19.40999984741211,19.739999771118164,0,^VIX,0.010665265554941072,0.010608792786787835
2022-08-18,19.559999465942383,19.559999465942383,20.610000610351562,19.43000030517578,20.510000228881836,0,^VIX,-0.017085435130927973,-0.01723307525800178
2022-08-19,20.600000381469727,20.600000381469727,21.270000457763672,20.079999923706055,20.15999984741211,0,^VIX,0.05316978240915504,0.05180445701037145
2022-08-22,23.799999237060547,23.799999237060547,24.6200008392334,22.389999389648438,22.40999984741211,0,^VIX,0.1553397473948257,0.14439445430766584
2022-08-23,24.110000610351562,24.110000610351562,24.209999084472656,23.06999969482422,24.1299991607666,0,^VIX,0.013025268202878415,0.0129411688872171
2022-08-24,22.81999969482422,22.81999969482422,24.860000610351562,22.729999542236328,24.3700008392334,0,^VIX,-0.05350480642350064,-0.05498938644760836
2022-08-25,21.780000686645508,21.780000686645508,23.1299991607666,21.770000457763672,22.40999984741211,0,^VIX,-0.04557401499065716,-0.04664518202952005
2022-08-26,25.559999465942383,25.559999465942383,25.899999618530273,21.670000076293945,22.06999969482422,0,^VIX,0.17355365748976292,0.1600364595838233
2022-08-29,26.209999084472656,26.209999084472656,27.670000076293945,25.469999313354492,26.860000610351562,0,^VIX,0.02543034554427015,0.02511237378979406
2022-08-30,26.209999084472656,26.209999084472656,27.690000534057617,25.1299991607666,25.75,0,^VIX,0.0,0.0
2022-08-31,25.8700008392334,25.8700008392334,26.6200008392334,25.309999465942383,25.860000610351562,0,^VIX,-0.01297208153817453,-0.013056953766507983
2022-09-01,25.559999465942383,25.559999465942383,27.450000762939453,25.25,26.8799991607666,0,^VIX,-0.011983044578061208,-0.012055420023286018
2022-09-02,25.469999313354492,25.469999313354492,26.280000686645508,23.190000534057617,25.510000228881836,0,^VIX,-0.003521132803927185,-0.003527346582686881
2022-09-06,26.90999984741211,26.90999984741211,27.799999237060547,25.329999923706055,25.459999084472656,0,^VIX,0.056537124965786445,0.05499669703613608
2022-09-07,24.639999389648438,24.639999389648438,27.149999618530273,24.540000915527344,26.93000030517578,0,^VIX,-0.08435527575753499,-0.08812684517395283
2022-09-08,23.610000610351562,23.610000610351562,25.899999618530273,23.559999465942383,24.700000762939453,0,^VIX,-0.041801899545889976,-0.04270073694573565
2022-09-09,22.790000915527344,22.790000915527344,23.56999969482422,22.639999389648438,23.489999771118164,0,^VIX,-0.03473103234333241,-0.035348493518901965
2022-09-12,23.8700008392334,23.8700008392334,24.229999542236328,23.15999984741211,23.579999923706055,0,^VIX,0.047389200540585596,0.046300592079318664
2022-09-13,27.270000457763672,27.270000457763672,28.149999618530273,23.530000686645508,23.670000076293945,0,^VIX,0.14243818596528657,0.13316473813460536
2022-09-14,26.15999984741211,26.15999984741211,27.559999465942383,26.15999984741211,26.729999542236328,0,^VIX,-0.04070409210556314,-0.04155569288771608
2022-09-15,26.270000457763672,26.270000457763672,26.93000030517578,25.420000076293945,26.100000381469727,0,^VIX,0.004204916322369412,0.004196100366660546
2022-09-16,26.299999237060547,26.299999237060547,28.450000762939453,26.139999389648438,27.469999313354492,0,^VIX,0.001141940570009048,0.0011412890518258574
2022-09-19,25.760000228881836,25.760000228881836,27.950000762939453,25.559999465942383,27.690000534057617,0,^VIX,-0.02053228227542203,-0.02074600005329651
2022-09-20,27.15999984741211,27.15999984741211,27.809999465942383,25.610000610351562,25.649999618530273,0,^VIX,0.054347810795459806,0.05292238695106717
2022-09-21,27.989999771118164,27.989999771118164,30.18000030517578,25.549999237060547,28.030000686645508,0,^VIX,0.030559643901659994,0.030101998277705832
2022-09-22,27.350000381469727,27.350000381469727,28.3799991607666,26.709999084472656,28.15999984741211,0,^VIX,-0.02286528741986016,-0.023130752534395428
2022-09-23,29.920000076293945,29.920000076293945,32.310001373291016,27.579999923706055,27.68000030517578,0,^VIX,0.09396708076704297,0.08981061284051299
2022-09-26,32.2599983215332,32.2599983215332,32.880001068115234,29.829999923706055,31.739999771118164,0,^VIX,0.07820849730188573,0.07530086501150463
2022-09-27,32.599998474121094,32.599998474121094,34.13999938964844,30.299999237060547,31.200000762939453,0,^VIX,0.010539372916239298,0.010484220898846989
2022-09-28,30.18000030517578,30.18000030517578,34.880001068115234,30.030000686645508,34.5,0,^VIX,-0.07423307614159502,-0.07713277811500176
2022-09-29,31.84000015258789,31.84000015258789,33.459999084472656,31.15999984741211,31.670000076293945,0,^VIX,0.05500330784050478,0.053543902316957874
2022-09-30,31.6200008392334,31.6200008392334,33.25,29.389999389648438,31.610000610351562,0,^VIX,-0.0069095261400811125,-0.006933507445969212
2022-10-03,30.100000381469727,30.100000381469727,33.060001373291016,29.6299991607666,33.0,0,^VIX,-0.048070854440891986,-0.04926467389430347
2022-10-04,29.06999969482422,29.06999969482422,29.6200008392334,28.559999465942383,29.520000457763672,0,^VIX,-0.03421929148145797,-0.034818480355421226
2022-10-05,28.549999237060547,28.549999237060547,30.110000610351562,28.5,29.360000610351562,0,^VIX,-0.01788787283187543,-0.018049794693725838
2022-10-06,30.520000457763672,30.520000457763672,30.739999771118164,28.559999465942383,28.600000381469727,0,^VIX,0.06900179591409161,0.06672531203596996
2022-10-07,31.360000610351562,31.360000610351562,32.02000045776367,29.8799991607666,30.3700008392334,0,^VIX,0.027522940366608406,0.027150993529882227
2022-10-10,32.45000076293945,32.45000076293945,33.9900016784668,32.04999923706055,32.93000030517578,0,^VIX,0.03475765725043045,0.034167251716381845
2022-10-11,33.630001068115234,33.630001068115234,34.43000030517578,32.45000076293945,33.560001373291016,0,^VIX,0.036363644913174786,0.03571809085163382
2022-10-12,33.56999969482422,33.56999969482422,34.529998779296875,33.11000061035156,33.540000915527344,0,^VIX,-0.0017841620988797713,-0.0017857556117495637
2022-10-13,31.940000534057617,31.940000534057617,33.869998931884766,31.6299991607666,33.599998474121094,0,^VIX,-0.04855523311243615,-0.04977364239369622
2022-10-14,32.02000045776367,32.02000045776367,32.97999954223633,31.139999389648438,31.889999389648438,0,^VIX,0.0025046938750283854,0.0025015623572302516
2022-10-17,31.3700008392334,31.3700008392334,32.59000015258789,30.700000762939453,32.27000045776367,0,^VIX,-0.02029980041342172,-0.02050867290942354
2022-10-18,30.5,30.5,31.93000030517578,30.420000076293945,31.100000381469727,0,^VIX,-0.02773352935793738,-0.028125365341958763
2022-10-19,30.760000228881836,30.760000228881836,31.899999618530273,30.760000228881836,30.940000534057617,0,^VIX,0.008524597668256861,0.00848846846496914
2022-10-20,29.979999542236328,29.979999542236328,31.31999969482422,29.760000228881836,31.299999237060547,0,^VIX,-0.02535762941617703,-0.025684674672851925
2022-10-21,29.690000534057617,29.690000534057617,30.440000534057617,29.239999771118164,30.209999084472656,0,^VIX,-0.009673082475206707,-0.009720170642020446
2022-10-24,29.850000381469727,29.850000381469727,30.950000762939453,29.780000686645508,30.649999618530273,0,^VIX,0.005389014635704514,0.005374545854703685
2022-10-25,28.459999084472656,28.459999084472656,30.0,28.219999313354492,29.799999237060547,0,^VIX,-0.04656620700949654,-0.04768529212537634
2022-10-26,27.280000686645508,27.280000686645508,28.520000457763672,27.270000457763672,28.440000534057617,0,^VIX,-0.041461645670640146,-0.04234570234723907
2022-10-27,27.389999389648438,27.389999389648438,27.670000076293945,26.940000534057617,27.510000228881836,0,^VIX,0.004032210419143256,0.004024102845698321
2022-10-28,25.75,25.75,27.59000015258789,25.75,27.43000030517578,0,^VIX,-0.05987584615530317,-0.06174333388150417
2022-10-31,25.8799991607666,25.8799991607666,27.06999969482422,25.84000015258789,26.90999984741211,0,^VIX,0.005048511097732078,0.00503581009507937
2022-11-01,25.809999465942383,25.809999465942383,26.350000381469727,25.65999984741211,25.959999084472656,0,^VIX,-0.0027047796404234825,-0.0027084441661897746
2022-11-02,25.860000610351562,25.860000610351562,26.6200008392334,25.389999389648438,26.040000915527344,0,^VIX,0.0019372780102207,0.0019354039072249207
2022-11-03,25.299999237060547,25.299999237060547,26.8700008392334,25.100000381469727,25.979999542236328,0,^VIX,-0.02165511833231948,-0.021893031368095298
2022-11-04,24.549999237060547,24.549999237060547,25.709999084472656,24.0,25.6299991607666,0,^VIX,-0.029644269668647527,-0.03009254241419883
2022-11-07,24.350000381469727,24.350000381469727,25.670000076293945,24.34000015258789,25.670000076293945,0,^VIX,-0.00814659314892785,-0.008179957968859137
2022-11-08,25.540000915527344,25.540000915527344,26.15999984741211,24.239999771118164,24.709999084472656,0,^VIX,0.04887065771724597,0.047714021256488805
2022-11-09,26.09000015258789,26.09000015258789,26.350000381469727,25.020000457763672,25.34000015258789,0,^VIX,0.021534816654065425,0.0213062185459617
2022-11-10,23.530000686645508,23.530000686645508,26.59000015258789,22.84000015258789,26.510000228881836,0,^VIX,-0.09812186473630413,-0.10327587307618198
2022-11-11,22.520000457763672,22.520000457763672,23.90999984741211,22.3700008392334,23.889999389648438,0,^VIX,-0.04292393537646866,-0.0438724083225021
2022-11-14,23.729999542236328,23.729999542236328,24.329999923706055,22.860000610351562,23.989999771118164,0,^VIX,0.05372997601585361,0.05233622755869435
2022-11-15,24.540000915527344,24.540000915527344,26.219999313354492,23.18000030517578,23.770000457763672,0,^VIX,0.03413406611531178,0.03356442543314979
2022-11-16,24.110000610351562,24.110000610351562,24.719999313354492,23.989999771118164,24.290000915527344,0,^VIX,-0.017522424170070217,-0.017677759081951346
2022-11-17,23.93000030517578,23.93000030517578,25.18000030517578,23.809999465942383,24.049999237060547,0,^VIX,-0.007465794301908857,-0.007493802835230841
2022-11-18,23.1200008392334,23.1200008392334,24.1200008392334,22.979999542236328,24.030000686645508,0,^VIX,-0.03384870270006601,-0.03443483456993681
2022-11-21,22.360000610351562,22.360000610351562,24.1200008392334,22.299999237060547,24.049999237060547,0,^VIX,-0.03287198102485167,-0.0334244045197189
2022-11-22,21.290000915527344,21.290000915527344,22.709999084472656,21.280000686645508,22.59000015258789,0,^VIX,-0.0478532945266944,-0.04903615367539896
2022-11-23,20.350000381469727,20.350000381469727,21.780000686645508,20.31999969482422,21.489999771118164,0,^VIX,-0.04415220731024261,-0.04515659127403576
2022-11-25,20.5,20.5,21.110000610351562,20.459999084472656,20.610000610351562,0,^VIX,0.007370988487393815,0.00734395551031755
2022-11-28,22.209999084472656,22.209999084472656,22.5,21.649999618530273,22.09000015258789,0,^VIX,0.08341458948647107,0.08011771054057051
2022-11-29,21.889999389648438,21.889999389648438,22.56999969482422,21.829999923706055,22.09000015258789,0,^VIX,-0.014407911211844038,-0.014512713032828004
2022-11-30,20.579999923706055,20.579999923706055,22.6299991607666,20.309999465942383,21.700000762939453,0,^VIX,-0.05984465520642579,-0.06171015695339021
2022-12-01,19.84000015258789,19.84000015258789,21.059999465942383,19.799999237060547,20.829999923706055,0,^VIX,-0.03595722905060661,-0.036619617151066194
2022-12-02,19.059999465942383,19.059999465942383,20.959999084472656,18.950000762939453,20.420000076293945,0,^VIX,-0.039314550435815665,-0.040108239341404936
2022-12-05,20.75,20.75,21.290000915527344,19.780000686645508,20.299999237060547,0,^VIX,0.08866739671621793,0.08495437647046357
2022-12-06,22.170000076293945,22.170000076293945,22.600000381469727,20.3799991607666,20.690000534057617,0,^VIX,0.06843373861657565,0.06619378039282739
2022-12-07,22.68000030517578,22.68000030517578,23.010000228881836,22.18000030517578,22.31999969482422,0,^VIX,0.02300406978469849,0.022743465245738823
2022-12-08,22.290000915527344,22.290000915527344,23.280000686645508,22.059999465942383,22.809999465942383,0,^VIX,-0.017195740052941555,-0.017345303844040455
2022-12-09,22.829999923706055,22.829999923706055,23.209999084472656,22.18000030517578,22.549999237060547,0,^VIX,0.024226064872098885,0.023937268728642467
2022-12-12,25.0,25.0,25.049999237060547,24.18000030517578,24.399999618530273,0,^VIX,0.09505037597659727,0.09080036766832521
2022-12-13,22.549999237060547,22.549999237060547,25.84000015258789,21.459999084472656,25.239999771118164,0,^VIX,-0.09800003051757811,-0.10314079275274912
2022-12-14,21.139999389648438,21.139999389648438,23.469999313354492,21.06999969482422,22.829999923706055,0,^VIX,-0.06252771153512049,-0.06456808054524135
2022-12-15,22.829999923706055,22.829999923706055,23.670000076293945,21.25,21.520000457763672,0,^VIX,0.07994326314338274,0.07690850562966531
2022-12-16,22.6200008392334,22.6200008392334,23.829999923706055,22.09000015258789,23.260000228881836,0,^VIX,-0.009198383056260973,-0.009240949410513871
2022-12-19,22.420000076293945,22.420000076293945,22.860000610351562,21.610000610351562,22.6299991607666,0,^VIX,-0.008841766380156879,-0.008881086742406634
2022-12-20,21.479999542236328,21.479999542236328,23.389999389648438,21.350000381469727,23.170000076293945,0,^VIX,-0.041926874703784645,-0.04283117271744946
2022-12-21,20.06999969482422,20.06999969482422,21.290000915527344,19.940000534057617,21.25,0,^VIX,-0.06564245239575606,-0.06789610072682875
2022-12-22,21.969999313354492,21.969999313354492,24.299999237060547,20.010000228881836,20.079999923706055,0,^VIX,0.09466864212360981,0.09045170754006297
2022-12-23,20.8700008392334,20.8700008392334,22.639999389648438,20.780000686645508,22.170000076293945,0,^VIX,-0.05006820703232606,-0.05136509384120232
2022-12-27,21.649999618530273,21.649999618530273,22.799999237060547,21.59000015258789,21.670000076293945,0,^VIX,0.03737416137667604,0.036692675527112
2022-12-28,22.139999389648438,22.139999389648438,22.260000228881836,20.959999084472656,21.469999313354492,0,^VIX,0.02263278428415183,0.022380462884019337
2022-12-29,21.440000534057617,21.440000534057617,22.309999465942383,21.360000610351562,22.25,0,^VIX,-0.03161693201844007,-0.032127538600664425
2022-12-30,21.670000076293945,21.670000076293945,22.399999618530273,21.59000015258789,21.829999923706055,0,^VIX,0.010727590322163083,0.010670457956980314
2023-01-03,22.899999618530273,22.899999618530273,23.760000228881836,22.729999542236328,23.09000015258789,0,^VIX,0.05676047706072218,0.05520807483314222
2023-01-04,22.010000228881836,22.010000228881836,23.270000457763672,21.940000534057617,22.93000030517578,0,^VIX,-0.03886460281546322,-0.03963998796476396
2023-01-05,22.459999084472656,22.459999084472656,22.920000076293945,21.969999313354492,22.200000762939453,0,^VIX,0.02044519995053551,0.02023900261036214
2023-01-06,21.1299991607666,21.1299991607666,22.899999618530273,21.0,22.690000534057617,0,^VIX,-0.05921638370081361,-0.06104211663738497
2023-01-09,21.969999313354492,21.969999313354492,21.979999542236328,21.270000457763672,21.75,0,^VIX,0.03975391320164223,0.03898406323239964
2023-01-10,20.579999923706055,20.579999923706055,22.459999084472656,20.579999923706055,22.219999313354492,0,^VIX,-0.06326806705012156,-0.06535812844402532
2023-01-11,21.09000015258789,21.09000015258789,21.25,20.6200008392334,20.799999237060547,0,^VIX,0.024781352321307182,0.024479275027050922
2023-01-12,18.829999923706055,18.829999923706055,21.799999237060547,18.829999923706055,21.559999465942383,0,^VIX,-0.10715980144763149,-0.11334766310842777
2023-01-13,18.350000381469727,18.350000381469727,19.40999984741211,18.010000228881836,19.0,0,^VIX,-0.025491213180093064,-0.0258217433282179
2023-01-17,19.360000610351562,19.360000610351562,20.219999313354492,19.209999084472656,19.889999389648438,0,^VIX,0.055040883263509865,0.05357951808573416
2023-01-18,20.34000015258789,20.34000015258789,20.579999923706055,18.709999084472656,19.280000686645508,0,^VIX,0.0506198094700645,0.049380284747422606
2023-01-19,20.520000457763672,20.520000457763672,21.709999084472656,20.170000076293945,20.43000030517578,0,^VIX,0.008849572459461275,0.008810644488462888
2023-01-20,19.850000381469727,19.850000381469727,20.700000762939453,19.40999984741211,20.280000686645508,0,^VIX,-0.03265107511439913,-0.03319601625992202
2023-01-23,19.809999465942383,19.809999465942383,20.329999923706055,19.549999237060547,20.209999084472656,0,^VIX,-0.0020151594336836887,-0.002017192599349769
2023-01-24,19.200000762939453,19.200000762939453,20.469999313354492,18.90999984741211,19.889999389648438,0,^VIX,-0.030792464384042373,-0.031276514981302975
2023-01-25,19.079999923706055,19.079999923706055,20.899999618530273,18.989999771118164,19.559999465942383,0,^VIX,-0.006250043461718424,-0.006269656748658918
2023-01-26,18.729999542236328,18.729999542236328,19.479999542236328,18.670000076293945,19.049999237060547,0,^VIX,-0.018343835580149404,-0.01851417000564116
2023-01-27,18.510000228881836,18.510000228881836,19.0,17.969999313354492,18.899999618530273,0,^VIX,-0.011745825879941552,-0.011815353065151668
2023-01-30,19.940000534057617,19.940000534057617,20.25,19.540000915527344,19.760000228881836,0,^VIX,0.07725555307905929,0.07441665236620917
2023-01-31,19.399999618530273,19.399999618530273,20.700000762939453,19.1299991607666,20.1200008392334,0,^VIX,-0.02708128891997874,-0.027454744911028228
2023-02-01,17.8700008392334,17.8700008392334,20.040000915527344,17.700000762939453,19.6200008392334,0,^VIX,-0.07886591800937293,-0.08214967027130193
2023-02-02,18.729999542236328,18.729999542236328,19.25,17.059999465942383,17.739999771118164,0,^VIX,0.04812527490848306,0.04700311588127257
2023-02-03,18.329999923706055,18.329999923706055,19.299999237060547,17.93000030517578,18.56999969482422,0,^VIX,-0.021356093342568938,-0.02158743432649588
2023-02-06,19.43000030517578,19.43000030517578,19.809999465942383,19.209999084472656,19.229999542236328,0,^VIX,0.06001093213574449,0.0582792214064017
2023-02-07,18.65999984741211,18.65999984741211,19.989999771118164,18.43000030517578,19.540000915527344,0,^VIX,-0.039629461949033495,-0.040436091853844745
2023-02-08,19.6299991607666,19.6299991607666,20.1200008392334,18.549999237060547,18.8799991607666,0,^VIX,0.05198281464557564,0.05067677829384996
2023-02-09,20.709999084472656,20.709999084472656,21.079999923706055,19.020000457763672,19.239999771118164,0,^VIX,0.055017828317822426,0.0535576656646979
2023-02-10,20.530000686645508,20.530000686645508,21.940000534057617,20.440000534057617,20.739999771118164,0,^VIX,-0.008691376426090858,-0.00872936672367463
2023-02-13,20.34000015258789,20.34000015258789,21.690000534057617,20.329999923706055,21.65999984741211,0,^VIX,-0.009254774851576553,-0.009297866354522386
2023-02-14,18.90999984741211,18.90999984741211,20.75,18.479999542236328,20.719999313354492,0,^VIX,-0.07030483256873721,-0.07289852352107458
2023-02-15,18.229999542236328,18.229999542236328,19.40999984741211,18.110000610351562,19.3700008392334,0,^VIX,-0.03595982605303094,-0.03662231102109
2023-02-16,20.170000076293945,20.170000076293945,20.270000457763672,18.229999542236328,18.260000228881836,0,^VIX,0.10641802428809233,0.10112779216855393
2023-02-17,20.020000457763672,20.020000457763672,21.299999237060547,19.81999969482422,20.940000534057617,0,^VIX,-0.007436768367024893,-0.007464558996273437
2023-02-21,22.8700008392334,22.8700008392334,23.34000015258789,21.799999237060547,21.799999237060547,0,^VIX,0.14235765815702117,0.13309424797811642
2023-02-22,22.290000915527344,22.290000915527344,23.6299991607666,22.020000457763672,23.030000686645508,0,^VIX,-0.025360730320178493,-0.02568785625927578
2023-02-23,21.139999389648438,21.139999389648438,22.43000030517578,20.889999389648438,21.959999084472656,0,^VIX,-0.051592708777226104,-0.05297123690102279
2023-02-24,21.670000076293945,21.670000076293945,22.899999618530273,21.31999969482422,21.350000381469727,0,^VIX,0.025070988739244404,0.024761867498774875
2023-02-27,20.950000762939453,20.950000762939453,22.020000457763672,20.68000030517578,21.989999771118164,0,^VIX,-0.03322562578770549,-0.0337901362836813
2023-02-28,20.700000762939453,20.700000762939453,21.3700008392334,20.100000381469727,21.299999237060547,0,^VIX,-0.011933173789771434,-0.01200494565700265
2023-03-01,20.579999923706055,20.579999923706055,21.31999969482422,20.219999313354492,20.389999389648438,0,^VIX,-0.0057971417782864965,-0.005814010429586383
2023-03-02,19.59000015258789,19.59000015258789,21.420000076293945,19.549999237060547,21.40999984741211,0,^VIX,-0.04810494532498932,-0.04930048695319493
2023-03-03,18.489999771118164,18.489999771118164,19.760000228881836,18.15999984741211,19.760000228881836,0,^VIX,-0.05615111653403504,-0.057789206725168754
2023-03-06,18.610000610351562,18.610000610351562,19.190000534057617,18.489999771118164,19.049999237060547,0,^VIX,0.006490040060511015,0.006469070430775006
2023-03-07,19.59000015258789,19.59000015258789,19.739999771118164,18.510000228881836,18.639999389648438,0,^VIX,0.052659833965358116,0.05132013629439354
2023-03-08,19.110000610351562,19.110000610351562,20.010000228881836,19.0,19.709999084472656,0,^VIX,-0.02450227353229084,-0.02480744955448138
2023-03-09,22.610000610351562,22.610000610351562,23.139999389648438,18.8799991607666,19.329999923706055,0,^VIX,0.1831501773005757,0.16818052309360135
2023-03-10,24.799999237060547,24.799999237060547,28.969999313354492,21.790000915527344,23.34000015258789,0,^VIX,0.09685973319727981,0.09245130912260863
2023-03-13,26.520000457763672,26.520000457763672,30.809999465942383,23.850000381469727,24.049999237060547,0,^VIX,0.06935489006518969,0.06705556017148671
2023-03-14,23.729999542236328,23.729999542236328,27.239999771118164,22.270000457763672,26.850000381469727,0,^VIX,-0.10520365261572151,-0.11115913142156775
2023-03-15,26.139999389648438,26.139999389648438,29.90999984741211,23.190000534057617,23.209999084472656,0,^VIX,0.10155920328285806,0.09672663368957514
2023-03-16,22.989999771118164,22.989999771118164,27.489999771118164,22.969999313354492,26.190000534057617,0,^VIX,-0.12050496144149447,-0.12840735602736533
2023-03-17,25.510000228881836,25.510000228881836,26.139999389648438,22.579999923706055,22.920000076293945,0,^VIX,0.10961289616581449,0.10401121230658243
2023-03-20,24.149999618530273,24.149999618530273,28.90999984741211,24.0,27.770000457763672,0,^VIX,-0.05331244994705253,-0.054786176823226014
2023-03-21,21.3799991607666,21.3799991607666,24.15999984741211,21.290000915527344,24.15999984741211,0,^VIX,-0.11469981372746085,-0.12182849795903451
2023-03-22,22.260000228881836,22.260000228881836,22.3799991607666,19.940000534057617,21.799999237060547,0,^VIX,0.041160014156131464,0.040335489785902276
2023-03-23,22.610000610351562,22.610000610351562,24.90999984741211,20.15999984741211,21.540000915527344,0,^VIX,0.015723287415586373,0.015600957155038286
2023-03-24,21.739999771118164,21.739999771118164,25.209999084472656,21.600000381469727,22.110000610351562,0,^VIX,-0.038478585393539766,-0.03923844211971985
2023-03-27,20.600000381469727,20.600000381469727,22.93000030517578,20.56999969482422,22.049999237060547,0,^VIX,-0.052437874960925224,-0.053862776851436873
2023-03-28,19.969999313354492,19.969999313354492,21.399999618530273,19.90999984741211,20.530000686645508,0,^VIX,-0.030582575555772262,-0.031059981269611073
2023-03-29,19.1200008392334,19.1200008392334,19.450000762939453,19.09000015258789,19.389999389648438,0,^VIX,-0.04256377082360119,-0.04349616152765765
2023-03-30,19.020000457763672,19.020000457763672,20.079999923706055,18.850000381469727,19.1200008392334,0,^VIX,-0.005230145244791484,-0.005243870331479798
2023-03-31,18.700000762939453,18.700000762939453,19.43000030517578,18.520000457763672,19.209999084472656,0,^VIX,-0.01682437892337696,-0.016967516525293273
2023-04-03,18.549999237060547,18.549999237060547,19.829999923706055,18.540000915527344,19.790000915527344,0,^VIX,-0.008021471644866773,-0.008053816734809512
2023-04-04,19.0,19.0,20.030000686645508,18.579999923706055,18.790000915527344,0,^VIX,0.02425880223436394,0.023969231241808685
2023-04-05,19.079999923706055,19.079999923706055,20.079999923706055,19.0,19.420000076293945,0,^VIX,0.004210522300318598,0.004201682855065479
2023-04-06,18.399999618530273,18.399999618530273,19.8799991607666,18.350000381469727,19.299999237060547,0,^VIX,-0.03563942913495044,-0.036290018138616674
2023-04-10,18.969999313354492,18.969999313354492,20.049999237060547,18.93000030517578,19.389999389648438,0,^VIX,0.03097824492616752,0.030508103867643424
2023-04-11,19.100000381469727,19.100000381469727,19.280000686645508,18.559999465942383,19.079999923706055,0,^VIX,0.0068529822256617745,0.006829607274288249
2023-04-12,19.09000015258789,19.09000015258789,19.979999542236328,18.25,19.3799991607666,0,^VIX,-0.000523572182309362,-0.0005237092940851025
2023-04-13,17.799999237060547,17.799999237060547,19.059999465942383,17.770000457763672,18.829999923706055,0,^VIX,-0.06757469383008197,-0.06996623129446441
2023-04-14,17.06999969482422,17.06999969482422,18.1200008392334,17.06999969482422,17.940000534057617,0,^VIX,-0.04101121199580893,-0.041875895507824036
2023-04-17,16.950000762939453,16.950000762939453,17.790000915527344,16.899999618530273,17.579999923706055,0,^VIX,-0.007029814530175482,-0.007054640090812043
2023-04-18,16.829999923706055,16.829999923706055,17.34000015258789,16.579999923706055,16.940000534057617,0,^VIX,-0.007079695211328563,-0.007104875168132019
2023-04-19,16.459999084472656,16.459999084472656,17.719999313354492,16.170000076293945,17.299999237060547,0,^VIX,-0.02198460136130065,-0.02222986404192645
2023-04-20,17.170000076293945,17.170000076293945,17.690000534057617,16.329999923706055,16.850000381469727,0,^VIX,0.043134935073663616,0.04223053972525203
2023-04-21,16.770000457763672,16.770000457763672,17.709999084472656,16.579999923706055,17.510000228881836,0,^VIX,-0.023296424971048224,-0.023572076221130268
2023-04-24,16.889999389648438,16.889999389648438,18.239999771118164,16.739999771118164,18.219999313354492,0,^VIX,0.0071555711752655515,0.007130091551149501
2023-04-25,18.760000228881836,18.760000228881836,19.860000610351562,17.329999923706055,17.6200008392334,0,^VIX,0.11071645392595375,0.1050052610957546
2023-04-26,18.84000015258789,18.84000015258789,19.610000610351562,17.8700008392334,18.65999984741211,0,^VIX,0.004264388205224678,0.004255321468759127
2023-04-27,17.030000686645508,17.030000686645508,18.43000030517578,16.719999313354492,18.43000030517578,0,^VIX,-0.09607215771140842,-0.10100574225300608
2023-04-28,15.779999732971191,15.779999732971191,17.649999618530273,15.720000267028809,17.209999084472656,0,^VIX,-0.07339993560038638,-0.07623323649860547
2023-05-01,16.079999923706055,16.079999923706055,16.6200008392334,15.529999732971191,16.40999984741211,0,^VIX,0.01901141925294425,0.018832960510421673
2023-05-02,17.780000686645508,17.780000686645508,19.809999465942383,16.260000228881836,16.270000457763672,0,^VIX,0.10572144098292036,0.10049800969856827
2023-05-03,18.34000015258789,18.34000015258789,18.829999923706055,17.190000534057617,17.81999969482422,0,^VIX,0.031496031738794894,0.031010206443528907
2023-05-04,20.09000015258789,20.09000015258789,21.329999923706055,18.670000076293945,19.170000076293945,0,^VIX,0.09541984653435587,0.09113771127378989
2023-05-05,17.190000534057617,17.190000534057617,19.6299991607666,16.690000534057617,19.5,0,^VIX,-0.14435040301165503,-0.15589433595937743
2023-05-08,16.979999542236328,16.979999542236328,17.8799991607666,16.829999923706055,17.729999542236328,0,^VIX,-0.01221646220459538,-0.012291696538472011
2023-05-09,17.709999084472656,17.709999084472656,17.860000610351562,17.219999313354492,17.290000915527344,0,^VIX,0.042991729205911655,0.04209324617502903
2023-05-10,16.940000534057617,16.940000534057617,18.309999465942383,16.360000610351562,17.579999923706055,0,^VIX,-0.0434781812659798,-0.04445167934890709
2023-05-11,16.93000030517578,16.93000030517578,18.190000534057617,16.6299991607666,16.799999237060547,0,^VIX,-0.0005903322648502796,-0.0005905065795475104
2023-05-12,17.030000686645508,17.030000686645508,17.920000076293945,16.3799991607666,16.829999923706055,0,^VIX,0.005906696967935332,0.0058893208235718105
2023-05-15,17.1200008392334,17.1200008392334,18.15999984741211,17.079999923706055,17.440000534057617,0,^VIX,0.005284800291198266,0.005270884739881481
2023-05-16,17.989999771118164,17.989999771118164,18.299999237060547,17.260000228881836,17.540000915527344,0,^VIX,0.050817692128321434,0.049568615505478746
2023-05-17,16.8700008392334,16.8700008392334,18.260000228881836,16.68000030517578,17.959999084472656,0,^VIX,-0.062256750757876844,-0.06427908893475077
2023-05-18,16.049999237060547,16.049999237060547,17.149999618530273,16.049999237060547,16.920000076293945,0,^VIX,-0.04860708721874096,-0.04982814426410975
2023-05-19,16.809999465942383,16.809999465942383,17.360000610351562,15.850000381469727,16.1299991607666,0,^VIX,0.0473520414335562,0.046265113609435415
2023-05-22,17.209999084472656,17.209999084472656,18.1299991607666,16.81999969482422,17.450000762939453,0,^VIX,0.02379533796777844,0.02351664137575075
2023-05-23,18.530000686645508,18.530000686645508,19.309999465942383,17.299999237060547,17.350000381469727,0,^VIX,0.07669969043541625,0.07390052032710898
2023-05-24,20.030000686645508,20.030000686645508,20.809999465942383,18.799999237060547,18.799999237060547,0,^VIX,0.0809498081174409,0.07784010660543
2023-05-25,19.139999389648438,19.139999389648438,19.950000762939453,18.700000762939453,19.540000915527344,0,^VIX,-0.044433413204546524,-0.04545082982256909
2023-05-26,17.950000762939453,17.950000762939453,19.559999465942383,17.270000457763672,19.06999969482422,0,^VIX,-0.0621733889580256,-0.06419019669813368
2023-05-30,17.459999084472656,17.459999084472656,18.34000015258789,16.979999542236328,17.559999465942383,0,^VIX,-0.027298142486906207,-0.02767765946212412
2023-05-31,17.940000534057617,17.940000534057617,18.399999618530273,17.1200008392334,18.040000915527344,0,^VIX,0.02749149339943724,0.027120388423994002
2023-06-01,15.649999618530273,15.649999618530273,17.59000015258789,15.579999923706055,17.239999771118164,0,^VIX,-0.12764776183701698,-0.13656199378864806
2023-06-02,14.600000381469727,14.600000381469727,15.649999618530273,14.420000076293945,15.649999618530273,0,^VIX,-0.06709260464245015,-0.06944933776874568
2023-06-05,14.729999542236328,14.729999542236328,15.289999961853027,14.65999984741211,15.279999732971191,0,^VIX,0.008904051874655927,0.008864644555221157
2023-06-06,13.960000038146973,13.960000038146973,14.970000267028809,13.949999809265137,14.90999984741211,0,^VIX,-0.05227423815469123,-0.053690099330757315
2023-06-07,13.9399995803833,13.9399995803833,14.289999961853027,13.770000457763672,14.140000343322754,0,^VIX,-0.0014326975436259604,-0.0014337248360685253
2023-06-08,13.649999618530273,13.649999618530273,14.210000038146973,13.529999732971191,14.140000343322754,0,^VIX,-0.020803441218256724,-0.02102288154628079
2023-06-09,13.829999923706055,13.829999923706055,14.140000343322754,13.5,13.779999732971191,0,^VIX,0.013186835912539108,0.013100646475644259
2023-06-12,15.010000228881836,15.010000228881836,15.020000457763672,14.319999694824219,14.4399995803833,0,^VIX,0.08532178681744873,0.08187652073388114
2023-06-13,14.609999656677246,14.609999656677246,15.0600004196167,14.470000267028809,14.989999771118164,0,^VIX,-0.02664893844804339,-0.027010458630547705
2023-06-14,13.880000114440918,13.880000114440918,14.729999542236328,13.829999923706055,14.479999542236328,0,^VIX,-0.0499657467070983,-0.05125723893976474
2023-06-15,14.5,14.5,14.520000457763672,13.789999961853027,14.09000015258789,0,^VIX,0.044668579282937326,0.04369968610284749
2023-06-16,13.539999961853027,13.539999961853027,14.539999961853027,13.479999542236328,14.489999771118164,0,^VIX,-0.06620689918254985,-0.06850038475975376
2023-06-20,13.880000114440918,13.880000114440918,14.670000076293945,13.859999656677246,14.359999656677246,0,^VIX,0.025110794205745357,0.024800698656906404
2023-06-21,13.199999809265137,13.199999809265137,13.890000343322754,13.100000381469727,13.880000114440918,0,^VIX,-0.048991376049651536,-0.050232148180967114
2023-06-22,12.90999984741211,12.90999984741211,13.979999542236328,12.729999542236328,13.880000114440918,0,^VIX,-0.02196969439722829,-0.022214622103519467
2023-06-23,13.4399995803833,13.4399995803833,13.800000190734863,12.880000114440918,13.239999771118164,0,^VIX,0.041053426741707755,0.04023311083432769
2023-06-26,14.25,14.25,14.710000038146973,13.779999732971191,14.430000305175781,0,^VIX,0.06026789024599055,0.05852160284113717
2023-06-27,13.739999771118164,13.739999771118164,14.34000015258789,13.59000015258789,14.109999656677246,0,^VIX,-0.03578948974609375,-0.03644563657852305
2023-06-28,13.430000305175781,13.430000305175781,13.960000038146973,13.359999656677246,13.899999618530273,0,^VIX,-0.022561824680231046,-0.02282023687755186
2023-06-29,13.539999961853027,13.539999961853027,13.850000381469727,13.40999984741211,13.640000343322754,0,^VIX,0.008190592269372798,0.008157231408190429
2023-06-30,13.59000015258789,13.59000015258789,13.59000015258789,12.960000038146973,13.510000228881836,0,^VIX,0.00369277628328879,0.0036859747242309056
2023-07-03,13.569999694824219,13.569999694824219,13.850000381469727,13.470000267028809,13.850000381469727,0,^VIX,-0.0014717040131794201,-0.0014727880332322733
2023-07-05,14.180000305175781,14.180000305175781,14.739999771118164,14.050000190734863,14.1899995803833,0,^VIX,0.04495214621001242,0.04397109126777171
2023-07-06,15.4399995803833,15.4399995803833,17.079999923706055,14.789999961853027,14.850000381469727,0,^VIX,0.0888574928131427,0.08512897479383684
2023-07-07,14.829999923706055,14.829999923706055,16.059999465942383,14.329999923706055,15.970000267028809,0,^VIX,-0.03950775085850766,-0.04030936641410981
2023-07-10,15.069999694824219,15.069999694824219,16.209999084472656,15.039999961853027,16.079999923706055,0,^VIX,0.01618339665224955,0.016053841382581882
2023-07-11,14.84000015258789,14.84000015258789,15.25,14.630000114440918,15.020000457763672,0,^VIX,-0.015262080085862384,-0.015379744366417212
2023-07-12,13.539999961853027,13.539999961853027,14.819999694824219,13.510000228881836,14.819999694824219,0,^VIX,-0.0876010901191373,-0.09167798335466223
2023-07-13,13.609999656677246,13.609999656677246,13.609999656677246,13.119999885559082,13.4399995803833,0,^VIX,0.005169844536294876,0.005156526770827636
2023-07-14,13.34000015258789,13.34000015258789,13.760000228881836,13.220000267028809,13.720000267028809,0,^VIX,-0.019838318214570272,-0.020037739511752393
2023-07-17,13.479999542236328,13.479999542236328,14.0,13.430000305175781,13.779999732971191,0,^VIX,0.010494706750155292,0.01044001959958077
2023-07-18,13.300000190734863,13.300000190734863,13.670000076293945,13.289999961853027,13.609999656677246,0,^VIX,-0.013353068072256224,-0.013443021956755858
2023-07-19,13.760000228881836,13.760000228881836,13.84000015258789,13.119999885559082,13.319999694824219,0,^VIX,0.03458646853760361,0.03400179957037673
2023-07-20,13.989999771118164,13.989999771118164,14.229999542236328,13.579999923706055,13.960000038146973,0,^VIX,0.016715082733324893,0.01657692317794938
2023-07-21,13.600000381469727,13.600000381469727,13.890000343322754,13.369999885559082,13.869999885559082,0,^VIX,-0.02787701186768976,-0.028272951525750628
2023-07-24,13.90999984741211,13.90999984741211,14.300000190734863,13.729999542236328,14.289999961853027,0,^VIX,0.022794077738759633,0.02253817417444661
2023-07-25,13.859999656677246,13.859999656677246,14.09000015258789,13.819999694824219,14.020000457763672,0,^VIX,-0.003594550056315482,-0.003601025974701848
2023-07-26,13.1899995803833,13.1899995803833,14.15999984741211,13.149999618530273,13.859999656677246,0,^VIX,-0.04834055504259438,-0.049548034075017525
2023-07-27,14.40999984741211,14.40999984741211,15.020000457763672,12.739999771118164,13.140000343322754,0,^VIX,0.09249433706148413,0.08846346450642487
2023-07-28,13.329999923706055,13.329999923706055,14.180000305175781,13.270000457763672,14.029999732971191,0,^VIX,-0.07494794830966023,-0.07790527095526234
2023-07-31,13.630000114440918,13.630000114440918,14.09000015258789,13.569999694824219,13.979999542236328,0,^VIX,0.022505640844104002,0.022256125637552852
2023-08-01,13.930000305175781,13.930000305175781,14.300000190734863,13.75,13.75,0,^VIX,0.022010285268964536,0.021771555594829822
2023-08-02,16.09000015258789,16.09000015258789,16.479999542236328,14.949999809265137,15.699999809265137,0,^VIX,0.15506100503167586,0.14415316078816753
2023-08-03,15.920000076293945,15.920000076293945,17.420000076293945,15.720000267028809,16.770000457763672,0,^VIX,-0.010565573317698362,-0.010621785279120641
2023-08-04,17.100000381469727,17.100000381469727,17.389999389648438,14.569999694824219,16.010000228881836,0,^VIX,0.07412062182919765,0.07150230060821486
2023-08-07,15.770000457763672,15.770000457763672,17.360000610351562,15.770000457763672,16.899999618530273,0,^VIX,-0.07777777158106369,-0.08096905581433864
2023-08-08,15.989999771118164,15.989999771118164,18.139999389648438,15.960000038146973,16.280000686645508,0,^VIX,0.013950495051900047,0.013854082529355417
2023-08-09,15.960000038146973,15.960000038146973,16.8700008392334,15.380000114440918,15.8100004196167,0,^VIX,-0.0018761559349974588,-0.0018779181199778247
2023-08-10,15.850000381469727,15.850000381469727,16.860000610351562,14.600000381469727,15.579999923706055,0,^VIX,-0.00689220904851684,-0.006916070021043906
2023-08-11,14.84000015258789,14.84000015258789,16.510000228881836,14.84000015258789,15.529999732971191,0,^VIX,-0.06372241038319659,-0.0658432763693428
2023-08-14,14.819999694824219,14.819999694824219,16.059999465942383,14.770000457763672,15.880000114440918,0,^VIX,-0.0013477397276295822,-0.0013486487456545642
2023-08-15,16.459999084472656,16.459999084472656,16.56999969482422,14.90999984741211,14.949999809265137,0,^VIX,0.110661229650443,0.1049555403517943
2023-08-16,16.780000686645508,16.780000686645508,16.93000030517578,15.800000190734863,16.540000915527344,0,^VIX,0.019441167677507476,0.0192546023319537
2023-08-17,17.889999389648438,17.889999389648438,18.1299991607666,16.399999618530273,16.959999084472656,0,^VIX,0.06615009878315026,0.06405412144418428
2023-08-18,17.299999237060547,17.299999237060547,18.8799991607666,17.139999389648438,17.799999237060547,0,^VIX,-0.03297932770916012,-0.03353540600052895
2023-08-21,17.1299991607666,17.1299991607666,18.110000610351562,16.8799991607666,18.030000686645508,0,^VIX,-0.009826594438788527,-0.0098751940591841
2023-08-22,16.969999313354492,16.969999313354492,17.579999923706055,16.610000610351562,16.959999084472656,0,^VIX,-0.009340330137234454,-0.009384224560183918
2023-08-23,15.979999542236328,15.979999542236328,17.100000381469727,15.90999984741211,16.639999389648438,0,^VIX,-0.058338232832990555,-0.060109127091726666
2023-08-24,17.200000762939453,17.200000762939453,17.31999969482422,15.479999542236328,15.569999694824219,0,^VIX,0.07634551036616566,0.07357151648426023
2023-08-25,15.680000305175781,15.680000305175781,17.360000610351562,15.449999809265137,17.209999084472656,0,^VIX,-0.0883721157175057,-0.09252339379134855
2023-08-28,15.079999923706055,15.079999923706055,16.280000686645508,15.0,16.239999771118164,0,^VIX,-0.03826532970612717,-0.0390166768644729
2023-08-29,14.449999809265137,14.449999809265137,15.300000190734863,14.34000015258789,15.079999923706055,0,^VIX,-0.04177719612919528,-0.04267495616173323
2023-08-30,13.880000114440918,13.880000114440918,14.699999809265137,13.829999923706055,14.529999732971191,0,^VIX,-0.03944634618325349,-0.040245438035115294
2023-08-31,13.569999694824219,13.569999694824219,14.0,13.4399995803833,13.979999542236328,0,^VIX,-0.022334323995730432,-0.022587511965907553
2023-09-01,13.09000015258789,13.09000015258789,13.5600004196167,13.020000457763672,13.5600004196167,0,^VIX,-0.03537211149823438,-0.036012859779136375
2023-09-05,14.010000228881836,14.010000228881836,14.470000267028809,13.699999809265137,14.149999618530273,0,^VIX,0.07028266352709411,0.06792278510731134
2023-09-06,14.449999809265137,14.449999809265137,15.300000190734863,14.130000114440918,14.270000457763672,0,^VIX,0.03140610800820931,0.030923024672847757
2023-09-07,14.399999618530273,14.399999618530273,15.6899995803833,14.399999618530273,14.8100004196167,0,^VIX,-0.003460220857774976,-0.003466221267795236
2023-09-08,13.84000015258789,13.84000015258789,14.869999885559082,13.579999923706055,14.220000267028809,0,^VIX,-0.03888885283175714,-0.03966521887634129
2023-09-11,13.800000190734863,13.800000190734863,14.329999923706055,13.739999771118164,14.170000076293945,0,^VIX,-0.0028901706222559387,-0.0028943552301342276
2023-09-12,14.229999542236328,14.229999542236328,14.420000076293945,13.710000038146973,14.020000457763672,0,^VIX,0.031159372866542467,0.03068377394831886
2023-09-13,13.479999542236328,13.479999542236328,14.680000305175781,13.40999984741211,14.420000076293945,0,^VIX,-0.052705553346921175,-0.0541453084074137
2023-09-14,12.819999694824219,12.819999694824219,13.460000038146973,12.789999961853027,13.390000343322754,0,^VIX,-0.04896141467543513,-0.0502006438375704
2023-09-15,13.789999961853027,13.789999961853027,14.170000076293945,12.680000305175781,12.699999809265137,0,^VIX,0.07566304915127442,0.07293726135107188
2023-09-18,14.0,14.0,14.75,13.859999656677246,14.399999618530273,0,^VIX,0.015228429204342975,0.015113640576325997
2023-09-19,14.109999656677246,14.109999656677246,14.880000114440918,13.859999656677246,14.109999656677246,0,^VIX,0.007857118334088975,0.00782641191758886
2023-09-20,15.140000343322754,15.140000343322754,15.149999618530273,13.569999694824219,14.180000305175781,0,^VIX,0.07299792428826057,0.07045652915299092
2023-09-21,17.540000915527344,17.540000915527344,17.540000915527344,15.100000381469727,15.489999771118164,0,^VIX,0.15852050976095722,0.1471437684547391
2023-09-22,17.200000762939453,17.200000762939453,17.40999984741211,15.930000305175781,17.309999465942383,0,^VIX,-0.019384272225830057,-0.01957461096422612
2023-09-25,16.899999618530273,16.899999618530273,18.40999984741211,16.790000915527344,17.25,0,^VIX,-0.017441926226863136,-0.017595828819496954
2023-09-26,18.940000534057617,18.940000534057617,19.5,17.170000076293945,18.030000686645508,0,^VIX,0.12071011606950299,0.1139625165984174
2023-09-27,18.219999313354492,18.219999313354492,19.709999084472656,18.030000686645508,18.290000915527344,0,^VIX,-0.03801484690607215,-0.03875626180982169
2023-09-28,17.34000015258789,17.34000015258789,18.770000457763672,17.059999465942383,18.219999313354492,0,^VIX,-0.0482985287557941,-0.04950387399329117
2023-09-29,17.520000457763672,17.520000457763672,17.739999771118164,15.829999923706055,16.8700008392334,0,^VIX,0.010380640345549086,0.01032713148414973
2023-10-02,17.610000610351562,17.610000610351562,18.549999237060547,16.93000030517578,17.309999465942383,0,^VIX,0.0051369948765045415,0.005123845531178813
2023-10-03,19.780000686645508,19.780000686645508,20.479999542236328,17.520000457763672,17.809999465942383,0,^VIX,0.1232254401523627,0.11620440374120897
2023-10-04,18.579999923706055,18.579999923706055,20.8799991607666,18.299999237060547,20.719999313354492,0,^VIX,-0.06066737721347171,-0.06258563162924412
2023-10-05,18.489999771118164,18.489999771118164,19.579999923706055,18.260000228881836,18.670000076293945,0,^VIX,-0.004843926423974909,-0.0048556962591010805
2023-10-06,17.450000762939453,17.450000762939453,19.93000030517578,17.190000534057617,18.729999542236328,0,^VIX,-0.05624656684978524,-0.057890340650457284
2023-10-09,17.700000762939453,17.700000762939453,19.600000381469727,17.559999465942383,19.540000915527344,0,^VIX,0.01432664693808805,0.014224990313812625
2023-10-10,17.030000686645508,17.030000686645508,17.860000610351562,16.510000228881836,17.700000762939453,0,^VIX,-0.03785311002340763,-0.03858814768935068
2023-10-11,16.09000015258789,16.09000015258789,17.780000686645508,16.09000015258789,16.950000762939453,0,^VIX,-0.05519674081955506,-0.056778564506664936
2023-10-12,16.690000534057617,16.690000534057617,18.079999923706055,15.4399995803833,16.079999923706055,0,^VIX,0.03729026574143468,0.03661179918471129
2023-10-13,19.31999969482422,19.31999969482422,20.780000686645508,16.5,16.530000686645508,0,^VIX,0.15757933352966802,0.14633104331612187
2023-10-16,17.209999084472656,17.209999084472656,19.56999969482422,17.139999389648438,19.100000381469727,0,^VIX,-0.10921328383441054,-0.11565025596248249
2023-10-17,17.8799991607666,17.8799991607666,18.540000915527344,16.969999313354492,17.40999984741211,0,^VIX,0.03893086065869911,0.03819216578233453
2023-10-18,19.219999313354492,19.219999313354492,20.149999618530273,17.8799991607666,18.360000610351562,0,^VIX,0.07494408364001504,0.07226864500819706
2023-10-19,21.399999618530273,21.399999618530273,21.399999618530273,18.549999237060547,19.729999542236328,0,^VIX,0.11342353709976805,0.10743953638554433
2023-10-20,21.709999084472656,21.709999084472656,21.829999923706055,20.420000076293945,21.59000015258789,0,^VIX,0.01448595661066987,0.014382037517315394
2023-10-23,20.3700008392334,20.3700008392334,23.079999923706055,19.479999542236328,21.829999923706055,0,^VIX,-0.06172263020488311,-0.06370967028123974
2023-10-24,18.969999313354492,18.969999313354492,20.239999771118164,18.649999618530273,20.030000686645508,0,^VIX,-0.06872859441333212,-0.07120452368766046
2023-10-25,20.190000534057617,20.190000534057617,21.239999771118164,18.860000610351562,19.389999389648438,0,^VIX,0.0643121383691494,0.0623287110258037
2023-10-26,20.68000030517578,20.68000030517578,21.959999084472656,20.219999313354492,21.780000686645508,0,^VIX,0.024269428338627552,0.023979605620941095
2023-10-27,21.270000457763672,21.270000457763672,22.06999969482422,19.719999313354492,20.389999389648438,0,^VIX,0.02852998761514658,0.028130586336432287
2023-10-30,19.75,19.75,21.15999984741211,19.549999237060547,21.1299991607666,0,^VIX,-0.07146217325109949,-0.07414415938657903
2023-10-31,18.139999389648438,18.139999389648438,19.860000610351562,17.969999313354492,19.860000610351562,0,^VIX,-0.08151901824564878,-0.08503408030686435
2023-11-01,16.8700008392334,16.8700008392334,18.420000076293945,16.6299991607666,18.020000457763672,0,^VIX,-0.0700109478029951,-0.07258246473530151
2023-11-02,15.65999984741211,15.65999984741211,16.6200008392334,15.579999923706055,16.59000015258789,0,^VIX,-0.07172501076628712,-0.07442726548610695
2023-11-03,14.90999984741211,14.90999984741211,15.829999923706055,14.90999984741211,15.699999809265137,0,^VIX,-0.047892720773170416,-0.04907756227614069
2023-11-06,14.890000343322754,14.890000343322754,15.579999923706055,14.84000015258789,15.390000343322754,0,^VIX,-0.0013413483765277734,-0.0013422487895297923
2023-11-07,14.8100004196167,14.8100004196167,15.170000076293945,14.710000038146973,15.100000381469727,0,^VIX,-0.005372728130387805,-0.005387213140145018
2023-11-08,14.449999809265137,14.449999809265137,15.09000015258789,14.300000190734863,14.90999984741211,0,^VIX,-0.02430794059092134,-0.024608255254246005
2023-11-09,15.289999961853027,15.289999961853027,15.569999694824219,14.130000114440918,14.609999656677246,0,^VIX,0.058131499216304006,0.05650461608727744
2023-11-10,14.170000076293945,14.170000076293945,15.449999809265137,14.15999984741211,15.09000015258789,0,^VIX,-0.07325048321473948,-0.07607195835929698
2023-11-13,14.760000228881836,14.760000228881836,15.1899995803833,14.579999923706055,15.15999984741211,0,^VIX,0.04163727236494141,0.04079377559244869
2023-11-14,14.15999984741211,14.15999984741211,14.859999656677246,13.90999984741211,14.829999923706055,0,^VIX,-0.04065043171853533,-0.04149975718963313
2023-11-15,14.180000305175781,14.180000305175781,14.350000381469727,13.970000267028809,14.210000038146973,0,^VIX,0.0014124617216946245,0.0014114651359527655
2023-11-16,14.319999694824219,14.319999694824219,14.420000076293945,13.680000305175781,14.119999885559082,0,^VIX,0.009873017393189798,0.009824597595795924
2023-11-17,13.800000190734863,13.800000190734863,14.1899995803833,13.670000076293945,14.180000305175781,0,^VIX,-0.03631281530524766,-0.03698853423681555
2023-11-20,13.40999984741211,13.40999984741211,14.3100004196167,13.390000343322754,14.260000228881836,0,^VIX,-0.028260894053073637,-0.028667920069603205
2023-11-21,13.350000381469727,13.350000381469727,14.3100004196167,13.130000114440918,13.449999809265137,0,^VIX,-0.004474233156233853,-0.004484272494153086
2023-11-22,12.850000381469727,12.850000381469727,13.25,12.819999694824219,13.079999923706055,0,^VIX,-0.03745318245039286,-0.03817257239318107
2023-11-24,12.460000038146973,12.460000038146973,13.170000076293945,12.449999809265137,13.029999732971191,0,^VIX,-0.0303502203692656,-0.030820324606726488
2023-11-27,12.6899995803833,12.6899995803833,13.279999732971191,12.640000343322754,13.140000343322754,0,^VIX,0.018459032225695893,0.018290732238712026
2023-11-28,12.6899995803833,12.6899995803833,14.300000190734863,12.5600004196167,12.779999732971191,0,^VIX,0.0,0.0
2023-11-29,12.979999542236328,12.979999542236328,13.100000381469727,12.479999542236328,12.710000038146973,0,^VIX,0.02285263762351275,0.022595427349522586
2023-11-30,12.920000076293945,12.920000076293945,13.390000343322754,12.819999694824219,13.069999694824219,0,^VIX,-0.004622455166284678,-0.004633171749536602
2023-12-01,12.630000114440918,12.630000114440918,12.960000038146973,12.479999542236328,12.9399995803833,0,^VIX,-0.022445817348339614,-0.0227015588361216
2023-12-04,13.079999923706055,13.079999923706055,13.699999809265137,12.979999542236328,13.279999732971191,0,^VIX,0.03562943825713938,0.0350093947727438
2023-12-05,12.850000381469727,12.850000381469727,13.760000228881836,12.8100004196167,13.260000228881836,0,^VIX,-0.01758406296467019,-0.017740499168593812
2023-12-06,12.970000267028809,12.970000267028809,13.029999732971191,12.640000343322754,12.779999732971191,0,^VIX,0.009338512217643702,0.009295177888952625
2023-12-07,13.0600004196167,13.0600004196167,13.279999732971191,12.949999809265137,13.170000076293945,0,^VIX,0.00693910182998847,0.006915137061659103
2023-12-08,12.350000381469727,12.350000381469727,13.239999771118164,12.350000381469727,13.140000343322754,0,^VIX,-0.05436447284339452,-0.05589806201597754
2023-12-11,12.630000114440918,12.630000114440918,13.140000343322754,12.609999656677246,13.050000190734863,0,^VIX,0.022672042455262664,0.022418851461215666
2023-12-12,12.069999694824219,12.069999694824219,12.739999771118164,11.8100004196167,12.6899995803833,0,^VIX,-0.044338908514846676,-0.04535193559782461
2023-12-13,12.1899995803833,12.1899995803833,12.460000038146973,11.819999694824219,12.199999809265137,0,^VIX,0.009941995740939458,0.009892899244538936
2023-12-14,12.479999542236328,12.479999542236328,12.739999771118164,11.84000015258789,11.960000038146973,0,^VIX,0.023789989486111995,0.02351141719134706
2023-12-15,12.279999732971191,12.279999732971191,12.539999961853027,12.010000228881836,12.119999885559082,0,^VIX,-0.016025626330215204,-0.016155425287520307
2023-12-18,12.5600004196167,12.5600004196167,12.640000343322754,12.399999618530273,12.619999885559082,0,^VIX,0.022801359343169958,0.0225452934750457
2023-12-19,12.529999732971191,12.529999732971191,12.600000381469727,12.329999923706055,12.600000381469727,0,^VIX,-0.0023885896212750835,-0.002391446852206076
2023-12-20,13.670000076293945,13.670000076293945,13.930000305175781,12.289999961853027,12.630000114440918,0,^VIX,0.09098167339325469,0.0870779087201619
2023-12-21,13.649999618530273,13.649999618530273,14.489999771118164,13.34000015258789,13.399999618530273,0,^VIX,-0.0014630912693524012,-0.00146416263251253
2023-12-22,13.029999732971191,13.029999732971191,13.960000038146973,13.0,13.720000267028809,0,^VIX,-0.045421238306660006,-0.04648512304109983
2023-12-26,12.989999771118164,12.989999771118164,13.800000190734863,12.960000038146973,13.770000457763672,0,^VIX,-0.003069835968746104,-0.003074557580709151
2023-12-27,12.430000305175781,12.430000305175781,13.039999961853027,12.369999885559082,13.020000457763672,0,^VIX,-0.04311004432713539,-0.044066882988488563
2023-12-28,12.470000267028809,12.470000267028809,12.649999618530273,12.380000114440918,12.4399995803833,0,^VIX,0.0032180177691847334,0.0032128510314717836
2023-12-29,12.449999809265137,12.449999809265137,13.1899995803833,12.359999656677246,12.550000190734863,0,^VIX,-0.001603885913022296,-0.0016051735149952427
2024-01-02,13.199999809265137,13.199999809265137,14.229999542236328,13.100000381469727,13.220000267028809,0,^VIX,0.06024096477831753,0.05849620755206713
2024-01-03,14.039999961853027,14.039999961853027,14.220000267028809,13.329999923706055,13.350000381469727,0,^VIX,0.06363637611557316,0.06169358073792997
2024-01-04,14.130000114440918,14.130000114440918,14.199999809265137,13.640000343322754,13.930000305175781,0,^VIX,0.006410267295756666,0.006389808914936812
2024-01-05,13.350000381469727,13.350000381469727,14.579999923706055,13.289999961853027,14.239999771118164,0,^VIX,-0.05520167916870922,-0.05678379137481154
2024-01-08,13.079999923706055,13.079999923706055,14.180000305175781,13.020000457763672,14.0,0,^VIX,-0.020224752812624813,-0.020432073224587316
2024-01-09,12.760000228881836,12.760000228881836,13.449999809265137,12.739999771118164,13.199999809265137,0,^VIX,-0.02446480861549971,-0.024769044342090624
2024-01-10,12.6899995803833,12.6899995803833,12.949999809265137,12.670000076293945,12.859999656677246,0,^VIX,-0.00548594414129322,-0.005501047194517584
2024-01-11,12.4399995803833,12.4399995803833,13.3100004196167,12.350000381469727,12.640000343322754,0,^VIX,-0.019700552266877946,-0.019897195079787117
2024-01-12,12.699999809265137,12.699999809265137,13.079999923706055,12.470000267028809,12.65999984741211,0,^VIX,0.020900340647264315,0.02068492486626542
2024-01-16,13.84000015258789,13.84000015258789,14.350000381469727,13.520000457763672,14.119999885559082,0,^VIX,0.08976380790896399,0.08596098276860784
2024-01-17,14.789999961853027,14.789999961853027,15.399999618530273,14.380000114440918,14.59000015258789,0,^VIX,0.06864160395890595,0.06638831292880744
2024-01-18,14.130000114440918,14.130000114440918,14.890000343322754,13.890000343322754,14.850000381469727,0,^VIX,-0.04462473624843866,-0.04565106934788655
2024-01-19,13.300000190734863,13.300000190734863,14.579999923706055,13.279999732971191,13.800000190734863,0,^VIX,-0.058740263056175857,-0.06053615522690582
2024-01-22,13.1899995803833,13.1899995803833,13.84000015258789,13.170000076293945,13.770000457763672,0,^VIX,-0.00827072246421412,-0.008305114652697272
2024-01-23,12.550000190734863,12.550000190734863,13.289999961853027,12.529999732971191,13.199999809265137,0,^VIX,-0.04852156254805884,-0.0497382541401881
2024-01-24,13.140000343322754,13.140000343322754,13.180000305175781,12.40999984741211,12.65999984741211,0,^VIX,0.04701196363514493,0.04594035840873762
2024-01-25,13.449999809265137,13.449999809265137,13.579999923706055,13.0600004196167,13.180000305175781,0,^VIX,0.02359204397585213,0.023318052682289685
2024-01-26,13.260000228881836,13.260000228881836,14.100000381469727,13.199999809265137,13.729999542236328,0,^VIX,-0.014126363054103419,-0.014227089848027405
2024-01-29,13.600000381469727,13.600000381469727,15.350000381469727,13.59000015258789,13.979999542236328,0,^VIX,0.02564103670581619,0.0253178187724606
2024-01-30,13.3100004196167,13.3100004196167,13.739999771118164,13.229999542236328,13.6899995803833,0,^VIX,-0.02132352600873144,-0.021554156857807073
2024-01-31,14.350000381469727,14.350000381469727,14.609999656677246,13.180000305175781,13.420000076293945,0,^VIX,0.07813673396435372,0.07523430485544245
2024-02-01,13.880000114440918,13.880000114440918,14.630000114440918,13.869999885559082,14.210000038146973,0,^VIX,-0.03275263097802583,-0.0333010054652046
2024-02-02,13.850000381469727,13.850000381469727,14.229999542236328,13.390000343322754,13.949999809265137,0,^VIX,-0.0021613640290952807,-0.0021637031473936137
2024-02-05,13.670000076293945,13.670000076293945,14.529999732971191,13.579999923706055,14.369999885559082,0,^VIX,-0.012996411568089838,-0.013081603859306986
2024-02-06,13.0600004196167,13.0600004196167,13.779999732971191,12.979999542236328,13.569999694824219,0,^VIX,-0.04462323725477424,-0.045649500338780576
2024-02-07,12.829999923706055,12.829999923706055,13.130000114440918,12.8100004196167,13.0600004196167,0,^VIX,-0.0176110634395672,-0.017767983297182415
2024-02-08,12.789999961853027,12.789999961853027,13.170000076293945,12.739999771118164,12.949999809265137,0,^VIX,-0.0031176899525243718,-0.003122560072828745
2024-02-09,12.930000305175781,12.930000305175781,13.010000228881836,12.6899995803833,12.789999961853027,0,^VIX,0.010946078478523358,0.010886603777725476
2024-02-12,13.930000305175781,13.930000305175781,13.9399995803833,13.34000015258789,13.479999542236328,0,^VIX,0.07733951866959421,0.07449459331360889
2024-02-13,15.850000381469727,15.850000381469727,17.940000534057617,13.430000305175781,13.960000038146973,0,^VIX,0.13783201968635694,0.1291247146912568
2024-02-14,14.380000114440918,14.380000114440918,15.470000267028809,14.220000267028809,15.380000114440918,0,^VIX,-0.09274449411038432,-0.09733116413954013
2024-02-15,14.010000228881836,14.010000228881836,14.640000343322754,13.9399995803833,14.270000457763672,0,^VIX,-0.02573017264356725,-0.02606698356529103
2024-02-16,14.239999771118164,14.239999771118164,14.710000038146973,13.75,13.9399995803833,0,^VIX,0.016416812168366768,0.016283513224718212
2024-02-20,15.420000076293945,15.420000076293945,15.90999984741211,15.069999694824219,15.09000015258789,0,^VIX,0.082865191302115,0.0796104831722431
2024-02-21,15.34000015258789,15.34000015258789,16.1200008392334,15.220000267028809,15.539999961853027,0,^VIX,-0.005188062471480959,-0.005201567196740616
2024-02-22,14.539999961853027,14.539999961853027,14.640000343322754,14.119999885559082,14.279999732971191,0,^VIX,-0.05215125050698921,-0.05356033640438439
2024-02-23,13.75,13.75,14.3100004196167,13.640000343322754,14.3100004196167,0,^VIX,-0.054332872347019445,-0.055864645369204845
2024-02-26,13.739999771118164,13.739999771118164,14.199999809265137,13.65999984741211,14.170000076293945,0,^VIX,-0.0007272893732244157,-0.0007275539764438033
2024-02-27,13.430000305175781,13.430000305175781,13.75,13.40999984741211,13.630000114440918,0,^VIX,-0.022561824680231046,-0.02282023687755186
2024-02-28,13.84000015258789,13.84000015258789,13.899999618530273,13.4399995803833,13.520000457763672,0,^VIX,0.030528655107632474,0.03007192795607551
2024-02-29,13.399999618530273,13.399999618530273,14.149999618530273,13.300000190734863,14.140000343322754,0,^VIX,-0.03179194575191846,-0.03230828272568483
2024-03-01,13.109999656677246,13.109999656677246,13.65999984741211,13.079999923706055,13.34000015258789,0,^VIX,-0.021641788814083185,-0.021879406901220193
2024-03-04,13.489999771118164,13.489999771118164,13.579999923706055,13.319999694824219,13.489999771118164,0,^VIX,0.02898551673472971,0.028573381665131348
2024-03-05,14.460000038146973,14.460000038146973,15.100000381469727,13.75,13.75,0,^VIX,0.07190513591449865,0.06943756611583544
2024-03-06,14.5,14.5,14.930000305175781,13.890000343322754,14.270000457763672,0,^VIX,0.0027662490835065334,0.0027624300578069465
2024-03-07,14.4399995803833,14.4399995803833,14.979999542236328,14.25,14.979999542236328,0,^VIX,-0.004137959973565475,-0.004146545021177181
2024-03-08,14.739999771118164,14.739999771118164,15.529999732971191,13.970000267028809,14.220000267028809,0,^VIX,0.020775637081209553,0.020562766827898746
2024-03-11,15.220000267028809,15.220000267028809,16.040000915527344,15.130000114440918,15.510000228881836,0,^VIX,0.032564484624427736,0.03204549874488908
2024-03-12,13.84000015258789,13.84000015258789,15.199999809265137,13.8100004196167,14.970000267028809,0,^VIX,-0.09067017675620026,-0.0950474087634793
2024-03-13,13.75,13.75,14.039999961853027,13.670000076293945,13.890000343322754,0,^VIX,-0.00650290112685159,-0.006524137102079705
2024-03-14,14.399999618530273,14.399999618530273,15.329999923706055,13.420000076293945,13.619999885559082,0,^VIX,0.04727269952947433,0.04618935597842095
2024-03-15,14.40999984741211,14.40999984741211,15.529999732971191,14.140000343322754,14.329999923706055,0,^VIX,0.0006944603574132735,0.0006942193314014823
2024-03-18,14.329999923706055,14.329999923706055,14.850000381469727,14.260000228881836,14.75,0,^VIX,-0.005551694972461885,-0.00556716290639392
2024-03-19,13.819999694824219,13.819999694824219,14.859999656677246,13.800000190734863,14.5,0,^VIX,-0.03558968817844477,-0.036238440258669194
2024-03-20,13.039999961853027,13.039999961853027,14.170000076293945,13.010000228881836,13.829999923706055,0,^VIX,-0.056439924037285816,-0.05809524268421421
2024-03-21,12.920000076293945,12.920000076293945,13.079999923706055,12.399999618530273,12.979999542236328,0,^VIX,-0.009202445238506662,-0.009245049313565606
2024-03-22,13.0600004196167,13.0600004196167,13.149999618530273,12.579999923706055,12.920000076293945,0,^VIX,0.010835939821674634,0.010777651718640221
2024-03-25,13.1899995803833,13.1899995803833,13.670000076293945,13.109999656677246,13.670000076293945,0,^VIX,0.009953993613303291,0.009904778937777805
2024-03-26,13.239999771118164,13.239999771118164,13.430000305175781,12.84000015258789,13.119999885559082,0,^VIX,0.003790765149775055,0.003783598305736472
2024-03-27,12.779999732971191,12.779999732971191,13.34000015258789,12.65999984741211,13.130000114440918,0,^VIX,-0.0347432058987206,-0.03536110516659866
2024-03-28,13.010000228881836,13.010000228881836,13.100000381469727,12.84000015258789,12.930000305175781,0,^VIX,0.017996909289228258,0.017836882062060327
2024-04-01,13.649999618530273,13.649999618530273,14.149999618530273,13.550000190734863,13.609999656677246,0,^VIX,0.04919288073705452,0.04802118356729221
2024-04-02,14.609999656677246,14.609999656677246,15.430000305175781,13.680000305175781,13.739999771118164,0,^VIX,0.0703296750897886,0.0679667085789778
2024-04-03,14.329999923706055,14.329999923706055,15.180000305175781,14.25,15.0,0,^VIX,-0.019164937683158856,-0.01935096574743714
2024-04-04,16.350000381469727,16.350000381469727,16.920000076293945,13.739999771118164,14.289999961853027,0,^VIX,0.14096304734949738,0.13187268415873488
2024-04-05,16.030000686645508,16.030000686645508,16.75,15.529999732971191,16.450000762939453,0,^VIX,-0.019571846321599473,-0.019765911218254613
2024-04-08,15.1899995803833,15.1899995803833,16.5,15.109999656677246,16.239999771118164,0,^VIX,-0.05240181349224815,-0.053824720473343995
2024-04-09,14.979999542236328,14.979999542236328,16.6299991607666,14.9399995803833,15.34000015258789,0,^VIX,-0.013824887685854326,-0.013921341452394936
2024-04-10,15.800000190734863,15.800000190734863,16.6200008392334,14.59000015258789,15.239999771118164,0,^VIX,0.05473969783420429,0.053294004573997446
2024-04-11,14.90999984741211,14.90999984741211,17.610000610351562,14.90999984741211,16.020000457763672,0,^VIX,-0.05632913497334324,-0.0579778335620304
2024-04-12,17.309999465942383,17.309999465942383,19.200000762939453,14.90999984741211,14.90999984741211,0,^VIX,0.16096577083110009,0.14925221979285147
2024-04-15,19.229999542236328,19.229999542236328,19.459999084472656,16.260000228881836,16.940000534057617,0,^VIX,0.11091855202373435,0.10518719746045613
2024-04-16,18.399999618530273,18.399999618530273,19.559999465942383,17.639999389648438,19.489999771118164,0,^VIX,-0.04316172352906522,-0.04412089191313562
2024-04-17,18.209999084472656,18.209999084472656,19.110000610351562,17.540000915527344,18.239999771118164,0,^VIX,-0.010326116195473745,-0.010379800419449975
2024-04-18,18.0,18.0,18.3700008392334,17.209999084472656,17.90999984741211,0,^VIX,-0.011532075509642303,-0.01159908556727462
2024-04-19,18.709999084472656,18.709999084472656,21.360000610351562,18.170000076293945,21.329999923706055,0,^VIX,0.039444393581814285,0.03868633345731804
2024-04-22,16.940000534057617,16.940000534057617,18.719999313354492,16.690000534057617,18.59000015258789,0,^VIX,-0.09460174436266822,-0.09938037060315114
2024-04-23,15.6899995803833,15.6899995803833,16.760000228881836,15.6899995803833,16.719999313354492,0,^VIX,-0.07378990048797274,-0.07665418074960349
2024-04-24,15.970000267028809,15.970000267028809,16.3799991607666,15.579999923706055,15.760000228881836,0,^VIX,0.017845805872141796,0.01768843894684457
2024-04-25,15.369999885559082,15.369999885559082,17.549999237060547,15.270000457763672,16.25,0,^VIX,-0.03757046784203688,-0.03829442884280131
2024-04-26,15.029999732971191,15.029999732971191,16.059999465942383,14.920000076293945,15.489999771118164,0,^VIX,-0.022121025056567434,-0.022369364106276213
2024-04-29,14.670000076293945,14.670000076293945,15.420000076293945,14.630000114440918,15.369999885559082,0,^VIX,-0.023952073391426465,-0.0242435886429269
2024-04-30,15.649999618530273,15.649999618530273,15.899999618530273,14.670000076293945,14.819999694824219,0,^VIX,0.06680296776684846,0.0646662952555313
2024-05-01,15.390000343322754,15.390000343322754,16.219999313354492,14.350000381469727,15.75,0,^VIX,-0.01661337262268492,-0.01675292245214082
2024-05-02,14.680000305175781,14.680000305175781,16.09000015258789,14.600000381469727,15.140000343322754,0,^VIX,-0.04613385460092079,-0.047231926184048506
2024-05-03,13.489999771118164,13.489999771118164,14.579999923706055,13.479999542236328,14.510000228881836,0,^VIX,-0.08106270499449886,-0.08453739072202397
2024-05-06,13.489999771118164,13.489999771118164,14.020000457763672,13.4399995803833,13.979999542236328,0,^VIX,0.0,0.0
2024-05-07,13.229999542236328,13.229999542236328,13.640000343322754,13.15999984741211,13.520000457763672,0,^VIX,-0.01927355324634561,-0.019461709726451316
2024-05-08,13.0,13.0,13.510000228881836,12.9399995803833,13.239999771118164,0,^VIX,-0.017384697671535276,-0.01753758606489831
2024-05-09,12.6899995803833,12.6899995803833,13.289999961853027,12.680000305175781,13.079999923706055,0,^VIX,-0.023846186124361513,-0.02413510880196279
2024-05-10,12.550000190734863,12.550000190734863,12.960000038146973,12.5,12.770000457763672,0,^VIX,-0.011032261172400193,-0.011093567883784123
2024-05-13,13.600000381469727,13.600000381469727,13.65999984741211,13.25,13.260000228881836,0,^VIX,0.08366535257186958,0.08034914001546065
2024-05-14,13.420000076293945,13.420000076293945,14.029999732971191,13.270000457763672,13.710000038146973,0,^VIX,-0.013235316185802093,-0.013323683562621993
2024-05-15,12.449999809265137,12.449999809265137,13.9399995803833,12.380000114440918,13.729999542236328,0,^VIX,-0.07228019832446109,-0.07502552963798141
2024-05-16,12.420000076293945,12.420000076293945,12.670000076293945,12.329999923706055,12.520000457763672,0,^VIX,-0.0024096171430353364,-0.0024125249424847843
2024-05-17,11.989999771118164,11.989999771118164,12.479999542236328,11.90999984741211,12.279999732971191,0,^VIX,-0.034621602458483336,-0.03523513269813392
2024-05-20,12.149999618530273,12.149999618530273,12.59000015258789,12.069999694824219,12.270000457763672,0,^VIX,0.01334444123990064,0.013256188439843044
2024-05-21,11.859999656677246,11.859999656677246,12.5600004196167,11.84000015258789,12.300000190734863,0,^VIX,-0.023868310366918943,-0.024157773768248323
2024-05-22,12.289999961853027,12.289999961853027,12.8100004196167,11.779999732971191,12.050000190734863,0,^VIX,0.03625635055846632,0.03561455585241666
2024-05-23,12.770000457763672,12.770000457763672,13.369999885559082,11.520000457763672,11.529999732971191,0,^VIX,0.03905618367782915,0.038312785417210074
2024-05-24,11.930000305175781,11.930000305175781,12.890000343322754,11.890000343322754,12.859999656677246,0,^VIX,-0.06577917952048329,-0.06804244420089076
2024-05-28,12.920000076293945,12.920000076293945,13.4399995803833,12.359999656677246,12.510000228881836,0,^VIX,0.08298405245544349,0.07972024256920057
2024-05-29,14.279999732971191,14.279999732971191,14.319999694824219,13.6899995803833,13.75,0,^VIX,0.10526313070017856,0.10008343395238188
2024-05-30,14.470000267028809,14.470000267028809,14.880000114440918,13.670000076293945,14.819999694824219,0,^VIX,0.01330535977664793,0.013217620885411141
2024-05-31,12.920000076293945,12.920000076293945,14.869999885559082,12.84000015258789,14.5,0,^VIX,-0.10711818674023643,-0.1133010548377929
2024-06-03,13.109999656677246,13.109999656677246,14.3100004196167,13.0,13.079999923706055,0,^VIX,0.014705849788028802,0.014598767328195046
2024-06-04,13.15999984741211,13.15999984741211,14.079999923706055,13.109999656677246,13.510000228881836,0,^VIX,0.003813897181103032,0.0038066427145914943
2024-06-05,12.630000114440918,12.630000114440918,13.25,12.600000381469727,13.140000343322754,0,^VIX,-0.04027353640702469,-0.04110696887890819
2024-06-06,12.579999923706055,12.579999923706055,12.979999542236328,12.539999961853027,12.75,0,^VIX,-0.00395884325271656,-0.003966700215845465
2024-06-07,12.220000267028809,12.220000267028809,13.079999923706055,12.109999656677246,12.6899995803833,0,^VIX,-0.028616825028659476,-0.029034269612359193
2024-06-10,12.739999771118164,12.739999771118164,13.279999732971191,12.619999885559082,13.09000015258789,0,^VIX,0.042553149977613725,0.041672656583176315
2024-06-11,12.850000381469727,12.850000381469727,13.470000267028809,12.779999732971191,12.850000381469727,0,^VIX,0.008634270983343129,0.008597208849178589
2024-06-12,12.039999961853027,12.039999961853027,13.149999618530273,11.9399995803833,13.100000381469727,0,^VIX,-0.06303505023896772,-0.06510940431526659
2024-06-13,11.9399995803833,11.9399995803833,12.680000305175781,11.880000114440918,12.050000190734863,0,^VIX,-0.008305679550378975,-0.008340363891643488
2024-06-14,12.65999984741211,12.65999984741211,13.449999809265137,12.119999885559082,12.220000267028809,0,^VIX,0.060301532021133974,0.058553331842595924
2024-06-17,12.75,12.75,13.289999961853027,12.5,13.069999694824219,0,^VIX,0.0071090168777756535,0.007083866941161012
2024-06-18,12.300000190734863,12.300000190734863,12.739999771118164,12.239999771118164,12.699999809265137,0,^VIX,-0.03529410268746169,-0.035931993719163995
2024-06-20,13.279999732971191,13.279999732971191,13.550000190734863,12.180000305175781,12.5,0,^VIX,0.07967475829590032,0.07665984605542543
2024-06-21,13.199999809265137,13.199999809265137,13.779999732971191,12.989999771118164,13.220000267028809,0,^VIX,-0.006024090761646117,-0.006042308797982368
2024-06-24,13.329999923706055,13.329999923706055,13.880000114440918,13.149999618530273,13.850000381469727,0,^VIX,0.009848493660558288,0.009800313324426333
2024-06-25,12.84000015258789,12.84000015258789,13.520000457763672,12.84000015258789,13.479999542236328,0,^VIX,-0.03675917283740937,-0.03745181832153341
2024-06-26,12.550000190734863,12.550000190734863,13.239999771118164,12.369999885559082,12.8100004196167,0,^VIX,-0.022585666542580096,-0.022844629369817324
2024-06-27,12.239999771118164,12.239999771118164,12.770000457763672,12.210000038146973,12.6899995803833,0,^VIX,-0.024701228279307874,-0.025011422391106403
2024-06-28,12.4399995803833,12.4399995803833,12.760000228881836,11.869999885559082,12.239999771118164,0,^VIX,0.01633985400367921,0.016207795195103535
2024-07-01,12.220000267028809,12.220000267028809,13.260000228881836,12.100000381469727,12.979999542236328,0,^VIX,-0.017684832859754307,-0.017843077984553226
2024-07-02,12.029999732971191,12.029999732971191,12.880000114440918,11.850000381469727,12.670000076293945,0,^VIX,-0.015548324869538943,-0.015670467805554818
2024-07-03,12.09000015258789,12.09000015258789,12.229999542236328,11.949999809265137,12.130000114440918,0,^VIX,0.004987566163634494,0.0049751694580224505
2024-07-05,12.479999542236328,12.479999542236328,12.609999656677246,11.84000015258789,12.369999885559082,0,^VIX,0.03225801362500036,0.03174864901379818
2024-07-08,12.369999885559082,12.369999885559082,12.90999984741211,12.3100004196167,12.90999984741211,0,^VIX,-0.008814075377564845,-0.00885314910859194
2024-07-09,12.510000228881836,12.510000228881836,12.609999656677246,12.350000381469727,12.479999542236328,0,^VIX,0.01131773198205055,0.011254165621822165
2024-07-10,12.850000381469727,12.850000381469727,12.920000076293945,12.390000343322754,12.510000228881836,0,^VIX,0.02717826909410692,0.026815498252858585
2024-07-11,12.920000076293945,12.920000076293945,13.329999923706055,12.229999542236328,12.880000114440918,0,^VIX,0.00544744690631771,0.0054326632319714845
2024-07-12,12.460000038146973,12.460000038146973,12.890000343322754,12.109999656677246,12.869999885559082,0,^VIX,-0.035603717912586985,-0.03625298783869797
2024-07-15,13.119999885559082,13.119999885559082,13.260000228881836,12.75,12.779999732971191,0,^VIX,0.0529694899993165,0.05161425837245012
2024-07-16,13.1899995803833,13.1899995803833,13.470000267028809,12.949999809265137,13.380000114440918,0,^VIX,0.0053353426398474735,0.005321160122665793
2024-07-17,14.479999542236328,14.479999542236328,14.880000114440918,13.539999961853027,13.600000381469727,0,^VIX,0.09780136488947022,0.09330942042807858
2024-07-18,15.930000305175781,15.930000305175781,16.43000030517578,14.079999923706055,14.270000457763672,0,^VIX,0.1001381774018697,0.09543578773519995
2024-07-19,16.520000457763672,16.520000457763672,17.190000534057617,10.619999885559082,16.440000534057617,0,^VIX,0.037037045906157084,0.03636765272324057
2024-07-22,14.90999984741211,14.90999984741211,16.889999389648438,14.75,16.790000915527344,0,^VIX,-0.09745766136434542,-0.10253967725977965
2024-07-23,14.720000267028809,14.720000267028809,15.350000381469727,13.899999618530273,15.210000038146973,0,^VIX,-0.012743097406287318,-0.012824987101443355
2024-07-24,18.040000915527344,18.040000915527344,18.459999084472656,15.180000305175781,15.350000381469727,0,^VIX,0.22554351822499452,0.20338443394305505
2024-07-25,18.459999084472656,18.459999084472656,19.360000610351562,16.420000076293945,18.40999984741211,0,^VIX,0.023281493771090345,0.023014614095178493
2024-07-26,16.389999389648438,16.389999389648438,18.049999237060547,16.3700008392334,17.969999313354492,0,^VIX,-0.11213433355830271,-0.11893482396303547
2024-07-29,16.600000381469727,16.600000381469727,17.209999084472656,16.229999542236328,16.59000015258789,0,^VIX,0.012812751655983723,0.0127313628261293
2024-07-30,17.690000534057617,17.690000534057617,18.31999969482422,16.260000228881836,16.639999389648438,0,^VIX,0.06566265828551643,0.06359682001889519
2024-07-31,16.360000610351562,16.360000610351562,16.770000457763672,15.710000038146973,16.65999984741211,0,^VIX,-0.07518371303299154,-0.07816016987934357
2024-08-01,18.59000015258789,18.59000015258789,19.479999542236328,15.949999809265137,16.200000762939453,0,^VIX,0.13630803539367387,0.1277844414592625
2024-08-02,23.389999389648438,23.389999389648438,29.65999984741211,20.010000228881836,20.520000457763672,0,^VIX,0.2582032919667483,0.22968474456012009
2024-08-05,38.56999969482422,38.56999969482422,65.7300033569336,23.389999389648438,23.389999389648438,0,^VIX,0.648995327118046,0.500166209806343
2024-08-06,27.709999084472656,27.709999084472656,34.77000045776367,24.020000457763672,33.709999084472656,0,^VIX,-0.2815660019776688,-0.33068143847259307
2024-08-07,27.850000381469727,27.850000381469727,29.760000228881836,21.969999313354492,24.770000457763672,0,^VIX,0.005052374652567915,0.0050396542353046
2024-08-08,23.790000915527344,23.790000915527344,29.469999313354492,23.360000610351562,28.34000015258789,0,^VIX,-0.1457809483063327,-0.15756761727201954
2024-08-09,20.3700008392334,20.3700008392334,24.520000457763672,20.260000228881836,23.780000686645508,0,^VIX,-0.1437578791374391,-0.1552020913603775
2024-08-12,20.709999084472656,20.709999084472656,21.190000534057617,18.889999389648438,20.790000915527344,0,^VIX,0.01669112573546916,0.016553359762280576
2024-08-13,18.1200008392334,18.1200008392334,20.790000915527344,17.950000762939453,20.059999465942383,0,^VIX,-0.12506027811373066,-0.1336002842703326
2024-08-14,16.190000534057617,16.190000534057617,18.489999771118164,16.1200008392334,18.40999984741211,0,^VIX,-0.10651215318914042,-0.11262254625371607
2024-08-15,15.229999542236328,15.229999542236328,16.68000030517578,14.770000457763672,16.270000457763672,0,^VIX,-0.05929592094835401,-0.06112666382606371
2024-08-16,14.800000190734863,14.800000190734863,15.760000228881836,14.649999618530273,15.289999961853027,0,^VIX,-0.028233707447526624,-0.028639943192801342
2024-08-19,14.649999618530273,14.649999618530273,16.06999969482422,14.460000038146973,15.9399995803833,0,^VIX,-0.01013517366699046,-0.010186884233373265
2024-08-20,15.880000114440918,15.880000114440918,15.930000305175781,14.779999732971191,14.890000343322754,0,^VIX,0.08395908040535782,0.08062015360140978
2024-08-21,16.270000457763672,16.270000457763672,17.170000076293945,15.920000076293945,16.25,0,^VIX,0.024559215397492062,0.0242624863407933
2024-08-22,17.549999237060547,17.549999237060547,18.059999465942383,15.760000228881836,16.270000457763672,0,^VIX,0.07867232595473528,0.07573095707315049
2024-08-23,15.859999656677246,15.859999656677246,17.209999084472656,15.609999656677246,17.1200008392334,0,^VIX,-0.09629627657273676,-0.10125371187992283
2024-08-26,16.149999618530273,16.149999618530273,16.670000076293945,15.8100004196167,16.270000457763672,0,^VIX,0.018284991685414864,0.018119831488631097
2024-08-27,15.430000305175781,15.430000305175781,16.809999465942383,15.369999885559082,16.209999084472656,0,^VIX,-0.044582001879948985,-0.04560633989509903
2024-08-28,17.110000610351562,17.110000610351562,17.889999389648438,15.460000038146973,15.510000228881836,0,^VIX,0.10887882514248881,0.10334943742316474
2024-08-29,15.649999618530273,15.649999618530273,16.56999969482422,15.1899995803833,16.540000915527344,0,^VIX,-0.0853302711712346,-0.08919223096521478
2024-08-30,15.0,15.0,16.040000915527344,14.779999732971191,15.670000076293945,0,^VIX,-0.041533522963198455,-0.04242069150888951
2024-09-03,20.719999313354492,20.719999313354492,21.989999771118164,15.710000038146973,15.760000228881836,0,^VIX,0.38133328755696616,0.32304918314980974
2024-09-04,21.31999969482422,21.31999969482422,23.309999465942383,19.34000015258789,23.200000762939453,0,^VIX,0.028957548327861904,0.02854620073156293
2024-09-05,19.899999618530273,19.899999618530273,21.530000686645508,19.209999084472656,20.75,0,^VIX,-0.06660413211162819,-0.0689258724224691
2024-09-06,22.3799991607666,22.3799991607666,23.760000228881836,18.829999923706055,21.979999542236328,0,^VIX,0.12462309496363155,0.11744795282340682
2024-09-09,19.450000762939453,19.450000762939453,21.40999984741211,19.290000915527344,21.31999969482422,0,^VIX,-0.13092039802055044,-0.14032055609438693
2024-09-10,19.079999923706055,19.079999923706055,20.739999771118164,18.899999618530273,19.860000610351562,0,^VIX,-0.019023178648836292,-0.019206447268627396
2024-09-11,17.690000534057617,17.690000534057617,21.40999984741211,17.549999237060547,19.40999984741211,0,^VIX,-0.07285112134206173,-0.07564112366000948
2024-09-12,17.06999969482422,17.06999969482422,18.59000015258789,16.889999389648438,17.6200008392334,0,^VIX,-0.035048096128643014,-0.035677019433049094
2024-09-13,16.559999465942383,16.559999465942383,17.18000030517578,16.229999542236328,17.030000686645508,0,^VIX,-0.029876991095463934,-0.030332402221190383
2024-09-16,17.139999389648438,17.139999389648438,17.690000534057617,16.90999984741211,17.15999984741211,0,^VIX,0.03502415111177348,0.034424760852599955
2024-09-17,17.610000610351562,17.610000610351562,18.079999923706055,16.670000076293945,17.15999984741211,0,^VIX,0.027421309068831112,0.02705207960763049
2024-09-18,18.229999542236328,18.229999542236328,19.389999389648438,17.110000610351562,17.579999923706055,0,^VIX,0.03520720672322497,0.034601606412624705
2024-09-19,16.329999923706055,16.329999923706055,17.270000457763672,16.209999084472656,17.209999084472656,0,^VIX,-0.10422378860340853,-0.11006466126974973
2024-09-20,16.149999618530273,16.149999618530273,16.68000030517578,15.8100004196167,16.350000381469727,0,^VIX,-0.011022676424785383,-0.011083876262113658
2024-09-23,15.890000343322754,15.890000343322754,16.950000762939453,15.75,16.709999084472656,0,^VIX,-0.01609902670890473,-0.01623002389340957
2024-09-24,15.390000343322754,15.390000343322754,16.670000076293945,15.270000457763672,15.869999885559082,0,^VIX,-0.031466330345934046,-0.03197203199588042
2024-09-25,15.40999984741211,15.40999984741211,15.819999694824219,15.170000076293945,15.819999694824219,0,^VIX,0.0012995129072905787,0.0012986692711907113
2024-09-26,15.369999885559082,15.369999885559082,15.829999923706055,14.899999618530273,15.0600004196167,0,^VIX,-0.002595714617073419,-0.0025990893253781478
2024-09-27,16.959999084472656,16.959999084472656,16.969999313354492,15.199999809265137,15.640000343322754,0,^VIX,0.10344822451218505,0.09844002627741914
2024-09-30,16.729999542236328,16.729999542236328,17.790000915527344,16.469999313354492,17.010000228881836,0,^VIX,-0.013561294495994303,-0.013654088745303506
2024-10-01,19.260000228881836,19.260000228881836,20.729999542236328,16.610000610351562,16.959999084472656,0,^VIX,0.15122538887453651,0.14082693061688453
2024-10-02,18.899999618530273,18.899999618530273,20.360000610351562,18.579999923706055,19.649999618530273,0,^VIX,-0.018691620253031727,-0.018868516371758504
2024-10-03,20.489999771118164,20.489999771118164,20.75,19.15999984741211,19.6299991607666,0,^VIX,0.08412699389840173,0.08077504919837869
2024-10-04,19.209999084472656,19.209999084472656,20.479999542236328,18.479999542236328,20.479999542236328,0,^VIX,-0.06246953152482426,-0.06450602195882109
2024-10-07,22.639999389648438,22.639999389648438,23.030000686645508,20.649999618530273,20.760000228881836,0,^VIX,0.17855286145995874,0.16428729725441985
2024-10-08,21.420000076293945,21.420000076293945,23.139999389648438,21.139999389648438,22.920000076293945,0,^VIX,-0.05388689691892423,-0.05539315779457903
2024-10-09,20.860000610351562,20.860000610351562,22.010000228881836,20.709999084472656,21.979999542236328,0,^VIX,-0.026143765823892218,-0.02649158974936262
2024-10-10,20.93000030517578,20.93000030517578,21.389999389648438,20.639999389648438,20.90999984741211,0,^VIX,0.0033556899700895038,0.003350072206641976
2024-10-11,20.459999084472656,20.459999084472656,21.15999984741211,20.139999389648438,20.8700008392334,0,^VIX,-0.022455863060207304,-0.022711835262393478
2024-10-14,19.700000762939453,19.700000762939453,20.860000610351562,19.690000534057617,20.860000610351562,0,^VIX,-0.037145569674535084,-0.037853041304464326
2024-10-15,20.639999389648438,20.639999389648438,20.889999389648438,19.440000534057617,19.610000610351562,0,^VIX,0.047715664482478326,0.0466122365702319
2024-10-16,19.579999923706055,19.579999923706055,21.010000228881836,19.450000762939453,20.770000457763672,0,^VIX,-0.051356564791082526,-0.05272227783622492
2024-10-17,19.110000610351562,19.110000610351562,19.649999618530273,18.8799991607666,19.549999237060547,0,^VIX,-0.024004050826652468,-0.024296843014801575
2024-10-18,18.030000686645508,18.030000686645508,19.31999969482422,17.989999771118164,19.299999237060547,0,^VIX,-0.05651490786039204,-0.05817471489231307
2024-10-21,18.3700008392334,18.3700008392334,19.34000015258789,18.360000610351562,18.780000686645508,0,^VIX,0.018857467534081795,0.018681869613305074
2024-10-22,18.200000762939453,18.200000762939453,19.440000534057617,18.049999237060547,18.790000915527344,0,^VIX,-0.009254222565459602,-0.009297308909531486
2024-10-23,19.239999771118164,19.239999771118164,20.469999313354492,18.18000030517578,18.209999084472656,0,^VIX,0.05714280025176999,0.05556979733891606
2024-10-24,19.079999923706055,19.079999923706055,20.239999771118164,18.6299991607666,18.8700008392334,0,^VIX,-0.008316000484173136,-0.008350771319909049
2024-10-25,20.329999923706055,20.329999923706055,20.510000228881836,18.229999542236328,19.219999313354492,0,^VIX,0.06551362709634656,0.06345696186597276
2024-10-28,19.799999237060547,19.799999237060547,19.8799991607666,18.90999984741211,19.110000610351562,0,^VIX,-0.026069881388808724,-0.026415724719285577
2024-10-29,19.34000015258789,19.34000015258789,20.530000686645508,19.059999465942383,19.75,0,^VIX,-0.023232277888761477,-0.023506401253288445
2024-10-30,20.350000381469727,20.350000381469727,20.440000534057617,19.299999237060547,19.329999923706055,0,^VIX,0.05222338267389759,0.05090543271914016
2024-10-31,23.15999984741211,23.15999984741211,23.420000076293945,21.1200008392334,21.440000534057617,0,^VIX,0.13808350925148427,0.12934571548232596
2024-11-01,21.8799991607666,21.8799991607666,23.09000015258789,21.15999984741211,22.959999084472656,0,^VIX,-0.055267732948130144,-0.056853706918779355
2024-11-04,21.979999542236328,21.979999542236328,23.06999969482422,21.729999542236328,22.5,0,^VIX,0.004570401522182799,0.004559988951510874
2024-11-05,20.489999771118164,20.489999771118164,22.059999465942383,20.200000762939453,21.979999542236328,0,^VIX,-0.06778888999770039,-0.07019597706871061
2024-11-06,16.270000457763672,16.270000457763672,16.81999969482422,15.4399995803833,16.059999465942383,0,^VIX,-0.20595409275225196,-0.2306140017140018
2024-11-07,15.199999809265137,15.199999809265137,15.859999656677246,15.130000114440918,15.859999656677246,0,^VIX,-0.06576525005492273,-0.06802753406250556
2024-11-08,14.9399995803833,14.9399995803833,15.329999923706055,14.65999984741211,15.130000114440918,0,^VIX,-0.017105278430553206,-0.017253263686007284
2024-11-11,14.970000267028809,14.970000267028809,15.5600004196167,14.890000343322754,15.329999923706055,0,^VIX,0.002008078145122605,0.0020060646512555826
2024-11-12,14.710000038146973,14.710000038146973,15.369999885559082,14.6899995803833,15.09000015258789,0,^VIX,-0.017368084451840793,-0.017520679062518398
2024-11-13,14.020000457763672,14.020000457763672,15.260000228881836,13.770000457763672,15.09000015258789,0,^VIX,-0.04690683742990798,-0.04804262294940944
2024-11-14,14.3100004196167,14.3100004196167,14.319999694824219,13.59000015258789,14.170000076293945,0,^VIX,0.020684732695029018,0.020473708634473634
2024-11-15,16.139999389648438,16.139999389648438,17.549999237060547,14.5600004196167,15.020000457763672,0,^VIX,0.1278825238553527,0.12034200213404177
2024-11-18,15.579999923706055,15.579999923706055,17.0,15.350000381469727,16.600000381469727,0,^VIX,-0.03469637466662756,-0.03531258948003348
2024-11-19,16.350000381469727,16.350000381469727,17.93000030517578,15.369999885559082,15.4399995803833,0,^VIX,0.04942236595213734,0.04823988512905733
2024-11-20,17.15999984741211,17.15999984741211,18.790000915527344,16.040000915527344,16.190000534057617,0,^VIX,0.049541250583724494,0.04835316449300409
2024-11-21,16.8700008392334,16.8700008392334,17.989999771118164,15.729999542236328,17.100000381469727,0,^VIX,-0.016899709251596895,-0.0170441388627829
2024-11-22,15.239999771118164,15.239999771118164,17.559999465942383,15.239999771118164,16.670000076293945,0,^VIX,-0.0966212796103989,-0.10161341106495818
2024-11-25,14.600000381469727,14.600000381469727,15.720000267028809,14.539999961853027,15.229999542236328,0,^VIX,-0.041994711237550164,-0.04290198039765308
2024-11-26,14.100000381469727,14.100000381469727,15.029999732971191,13.880000114440918,14.949999809265137,0,^VIX,-0.0342465744476691,-0.03484673040364113
2024-11-27,14.100000381469727,14.100000381469727,15.130000114440918,13.960000038146973,14.279999732971191,0,^VIX,0.0,0.0
2024-11-29,13.510000228881836,13.510000228881836,14.149999618530273,13.489999771118164,14.0,0,^VIX,-0.041843981320970114,-0.04274465552494473
2024-12-02,13.34000015258789,13.34000015258789,14.100000381469727,13.300000190734863,14.079999923706055,0,^VIX,-0.012583277084667777,-0.012663116987917826
2024-12-03,13.300000190734863,13.300000190734863,13.770000457763672,13.1899995803833,13.380000114440918,0,^VIX,-0.002998497855734139,-0.0030030023571751023
2024-12-04,13.449999809265137,13.449999809265137,13.609999656677246,12.890000343322754,13.15999984741211,0,^VIX,0.01127816664504766,0.011215042298142144
2024-12-05,13.539999961853027,13.539999961853027,13.699999809265137,13.260000228881836,13.460000038146973,0,^VIX,0.006691461253842901,0.006669172799957789
2024-12-06,12.770000457763672,12.770000457763672,13.739999771118164,12.699999809265137,13.619999885559082,0,^VIX,-0.056868501200791455,-0.058549558775524854
2024-12-09,14.1899995803833,14.1899995803833,14.229999542236328,13.350000381469727,13.359999656677246,0,^VIX,0.1111980479026784,0.1054387557094042
2024-12-10,14.180000305175781,14.180000305175781,14.539999961853027,13.859999656677246,14.300000190734863,0,^VIX,-0.0007046705780979767,-0.0007049189751086937
2024-12-11,13.579999923706055,13.579999923706055,14.430000305175781,13.520000457763672,14.420000076293945,0,^VIX,-0.04231314305760081,-0.043234426113106225
2024-12-12,13.920000076293945,13.920000076293945,13.949999809265137,13.390000343322754,13.729999542236328,0,^VIX,0.02503683022813319,0.02472854387472121
2024-12-13,13.8100004196167,13.8100004196167,14.25,13.239999771118164,13.569999694824219,0,^VIX,-0.00790227414327227,-0.007933662580971048
2024-12-16,14.6899995803833,14.6899995803833,14.6899995803833,13.989999771118164,14.369999885559082,0,^VIX,0.06372187791657047,0.06177396381481069
2024-12-17,15.869999885559082,15.869999885559082,15.9399995803833,14.779999732971191,14.979999542236328,0,^VIX,0.0803267759620312,0.07726356570616974
2024-12-18,27.6200008392334,27.6200008392334,28.31999969482422,14.819999694824219,15.569999694824219,0,^VIX,0.7403907396600702,0.554109651038965
2024-12-19,24.09000015258789,24.09000015258789,24.1200008392334,20.15999984741211,21.610000610351562,0,^VIX,-0.1278059587033482,-0.13674335540527865
2024-12-20,18.360000610351562,18.360000610351562,26.510000228881836,17.81999969482422,24.139999389648438,0,^VIX,-0.23785801186974165,-0.271622404524963
2024-12-23,16.780000686645508,16.780000686645508,20.020000457763672,16.739999771118164,18.09000015258789,0,^VIX,-0.08605663786390261,-0.08998667647636249
2024-12-24,14.270000457763672,14.270000457763672,17.040000915527344,14.270000457763672,16.969999313354492,0,^VIX,-0.14958284422952606,-0.1620282783920423
2024-12-26,14.729999542236328,14.729999542236328,15.930000305175781,14.550000190734863,14.989999771118164,0,^VIX,0.03223539381334706,0.031726735830086665
2024-12-27,15.949999809265137,15.949999809265137,18.450000762939453,15.289999961853027,15.380000114440918,0,^VIX,0.08282418906603617,0.07957261787497986
2024-12-30,17.399999618530273,17.399999618530273,19.219999313354492,16.440000534057617,17.209999084472656,0,^VIX,0.0909090800379102,0.08701136702438074
2024-12-31,17.350000381469727,17.350000381469727,17.809999465942383,16.68000030517578,17.389999389648438,0,^VIX,-0.002873519434293592,-0.002877655917339942
