Price,Adj Close,Close,High,Low,Open,Volume,Ticker,Returns,Log_Returns
Ticker,CL=F,CL=F,CL=F,CL=F,CL=F,CL=F,,,
Date,,,,,,,,,
2022-01-03,76.08000183105469,76.08000183105469,76.45999908447266,74.2699966430664,75.69000244140625,317628,CL=F,,
2022-01-04,76.98999786376953,76.98999786376953,77.63999938964844,75.69999694824219,76.0199966430664,372848,CL=F,0.011961041151597351,0.011890073238476307
2022-01-05,77.8499984741211,77.8499984741211,78.58000183105469,76.51000213623047,77.18000030517578,397898,CL=F,0.011170290092400004,0.011108363136662809
2022-01-06,79.45999908447266,79.45999908447266,80.23999786376953,76.7300033569336,77.23999786376953,476665,CL=F,0.020680804648785633,0.02046986018482409
2022-01-07,78.9000015258789,78.9000015258789,80.47000122070312,78.5199966430664,79.62000274658203,414434,CL=F,-0.007047540461187607,-0.007072491673356959
2022-01-10,78.2300033569336,78.2300033569336,79.44999694824219,77.83000183105469,78.87999725341797,389956,CL=F,-0.008491738352191969,-0.008527998583165617
2022-01-11,81.22000122070312,81.22000122070312,81.58999633789062,78.36000061035156,78.41999816894531,481815,CL=F,0.038220602524166036,0.037508288679673644
2022-01-12,82.63999938964844,82.63999938964844,83.0999984741211,81.16999816894531,81.37999725341797,420619,CL=F,0.017483355671057854,0.01733228013797603
2022-01-13,82.12000274658203,82.12000274658203,82.94000244140625,81.38999938964844,82.81999969482422,364769,CL=F,-0.006292311797034489,-0.006312191829025816
2022-01-14,83.81999969482422,83.81999969482422,84.44999694824219,81.58000183105469,81.7300033569336,364442,CL=F,0.02070137471242295,0.02049001325938894
2022-01-18,85.43000030517578,85.43000030517578,86.62999725341797,83.5,84.31999969482422,163643,CL=F,0.01920783364606682,0.01902569187968059
2022-01-19,86.95999908447266,86.95999908447266,87.91000366210938,85.7699966430664,86.61000061035156,113153,CL=F,0.017909385155464808,0.017750901549051262
2022-01-20,86.9000015258789,86.9000015258789,87.81999969482422,86.0,86.2300033569336,532202,CL=F,-0.0006899443333189259,-0.0006901824544436454
2022-01-21,85.13999938964844,85.13999938964844,85.55999755859375,82.77999877929688,84.56999969482422,509103,CL=F,-0.02025318878396498,-0.020461096599159925
2022-01-24,83.30999755859375,83.30999755859375,86.08999633789062,81.9000015258789,84.91000366210938,511695,CL=F,-0.0214940315265868,-0.021728392549470024
2022-01-25,85.5999984741211,85.5999984741211,85.70999908447266,82.98999786376953,84.1500015258789,507219,CL=F,0.027487708349970053,0.027116704640271064
2022-01-26,87.3499984741211,87.3499984741211,87.94999694824219,85.01000213623047,85.26000213623047,459642,CL=F,0.020443925598071955,0.020237753789495192
2022-01-27,86.61000061035156,86.61000061035156,88.54000091552734,86.19999694824219,87.1500015258789,427804,CL=F,-0.00847164140465062,-0.008507729721424101
2022-01-28,86.81999969482422,86.81999969482422,88.83999633789062,86.44000244140625,87.5,436172,CL=F,0.0024246516914070426,0.0024217169663282062
2022-01-31,88.1500015258789,88.1500015258789,88.38999938964844,86.33999633789062,87.44999694824219,359080,CL=F,0.015319072054016392,0.015202919797499057
2022-02-01,88.19999694824219,88.19999694824219,88.87000274658203,86.55000305175781,88.1500015258789,376841,CL=F,0.0005671630345758238,0.0005670022584099223
2022-02-02,88.26000213623047,88.26000213623047,89.72000122070312,87.0999984741211,88.3499984741211,456863,CL=F,0.0006803309531120405,0.0006800996329194048
2022-02-03,90.2699966430664,90.2699966430664,90.44999694824219,86.75,87.9800033569336,465771,CL=F,0.022773560595811926,0.022518114077128004
2022-02-04,92.30999755859375,92.30999755859375,93.16999816894531,90.06999969482422,90.19000244140625,410926,CL=F,0.02259888103899721,0.0223473094317894
2022-02-07,91.31999969482422,91.31999969482422,92.7300033569336,90.7300033569336,91.81999969482422,497754,CL=F,-0.010724709023430812,-0.010782633234386996
2022-02-08,89.36000061035156,89.36000061035156,91.68000030517578,88.51000213623047,91.63999938964844,467386,CL=F,-0.021462977343655654,-0.02169665672856624
2022-02-09,89.66000366210938,89.66000366210938,90.58000183105469,88.41000366210938,89.86000061035156,445618,CL=F,0.0033572409322819574,0.003351617980497887
2022-02-10,89.87999725341797,89.87999725341797,91.73999786376953,89.02999877929688,90.01000213623047,492091,CL=F,0.002453642452856286,0.0024506371871076305
2022-02-11,93.0999984741211,93.0999984741211,94.66000366210938,89.19000244140625,90.0,554423,CL=F,0.035825559847585176,0.035198751134539005
2022-02-14,95.45999908447266,95.45999908447266,95.81999969482422,92.08999633789062,93.91000366210938,467071,CL=F,0.025349093974556425,0.025033134093715086
2022-02-15,92.06999969482422,92.06999969482422,95.16999816894531,90.66000366210938,94.83000183105469,442641,CL=F,-0.035512250389282185,-0.03615814800191128
2022-02-16,93.66000366210938,93.66000366210938,95.01000213623047,90.0,92.20999908447266,401453,CL=F,0.017269512029492784,0.01712208887028263
2022-02-17,91.76000213623047,91.76000213623047,93.36000061035156,90.62000274658203,90.9000015258789,212552,CL=F,-0.020286156860866766,-0.020494746753687516
2022-02-18,91.06999969482422,91.06999969482422,92.66000366210938,89.02999877929688,91.62999725341797,150382,CL=F,-0.0075196428219546085,-0.007548057873018512
2022-02-22,92.3499984741211,92.3499984741211,96.0,90.3499984741211,91.75,789041,CL=F,0.014055109076382521,0.013957251893742095
2022-02-23,92.0999984741211,92.0999984741211,93.9000015258789,90.63999938964844,91.73999786376953,440574,CL=F,-0.0027070926272950713,-0.002710763428837968
2022-02-24,92.80999755859375,92.80999755859375,100.54000091552734,91.44999694824219,92.5199966430664,872244,CL=F,0.007709002130680265,0.00767943960824961
2022-02-25,91.58999633789062,91.58999633789062,95.63999938964844,90.05999755859375,93.31999969482422,523793,CL=F,-0.01314514872099748,-0.013232310870708412
2022-02-28,95.72000122070312,95.72000122070312,99.0999984741211,94.43000030517578,94.98999786376953,490796,CL=F,0.045092314094830055,0.044105220361855504
2022-03-01,103.41000366210938,103.41000366210938,106.77999877929688,95.31999969482422,96.08999633789062,698814,CL=F,0.08033851173565365,0.07727442881735072
2022-03-02,110.5999984741211,110.5999984741211,112.51000213623047,105.18000030517578,107.12000274658203,651853,CL=F,0.06952900645381388,0.06721837068148417
2022-03-03,107.66999816894531,107.66999816894531,116.56999969482422,106.43000030517578,111.33000183105469,592031,CL=F,-0.02649186569257833,-0.026849098470408818
2022-03-04,115.68000030517578,115.68000030517578,116.0199966430664,107.25,107.95999908447266,493875,CL=F,0.07439400271616936,0.0717567842271057
2022-03-07,119.4000015258789,119.4000015258789,130.5,115.54000091552734,121.33000183105469,576022,CL=F,0.0321576868161253,0.03165145268949915
2022-03-08,123.69999694824219,123.69999694824219,129.44000244140625,117.06999969482422,120.66999816894531,583106,CL=F,0.03601336153610757,0.03538004098974776
2022-03-09,108.69999694824219,108.69999694824219,126.83999633789062,103.62999725341797,124.66000366210938,594773,CL=F,-0.12126111859385258,-0.12926748867569027
2022-03-10,106.0199966430664,106.0199966430664,114.87999725341797,105.52999877929688,110.41000366210938,437924,CL=F,-0.024655017299143767,-0.024964042155665663
2022-03-11,109.33000183105469,109.33000183105469,110.29000091552734,104.4800033569336,105.98999786376953,368194,CL=F,0.03122057435194936,0.030743124297906384
2022-03-14,103.01000213623047,103.01000213623047,109.72000122070312,99.76000213623047,109.41999816894531,344184,CL=F,-0.05780663668688468,-0.05954475656066523
2022-03-15,96.44000244140625,96.44000244140625,102.58000183105469,93.52999877929688,102.27999877929688,401690,CL=F,-0.06378021122779332,-0.06590501300543337
2022-03-16,95.04000091552734,95.04000091552734,99.22000122070312,94.06999969482422,95.2300033569336,293947,CL=F,-0.014516813463681721,-0.014623213380848012
2022-03-17,102.9800033569336,102.9800033569336,104.23999786376953,94.8499984741211,95.33999633789062,210763,CL=F,0.08354379592718453,0.08023696196850406
2022-03-18,104.69999694824219,104.69999694824219,106.27999877929688,102.30000305175781,103.62000274658203,74247,CL=F,0.01670220950903456,0.016564261512938844
2022-03-21,112.12000274658203,112.12000274658203,112.69000244140625,104.08000183105469,105.12999725341797,77217,CL=F,0.07086920739842895,0.06847066206454293
2022-03-22,111.76000213623047,111.76000213623047,115.01000213623047,109.30000305175781,112.9000015258789,318629,CL=F,-0.0032108508877336517,-0.00321601673024245
2022-03-23,114.93000030517578,114.93000030517578,115.4000015258789,108.37999725341797,108.8499984741211,289182,CL=F,0.028364335257270445,0.02796951597283389
2022-03-24,112.33999633789062,112.33999633789062,116.63999938964844,110.61000061035156,114.47000122070312,307238,CL=F,-0.022535490824048265,-0.02279329553014544
2022-03-25,113.9000015258789,113.9000015258789,114.12000274658203,108.68000030517578,111.75,320304,CL=F,0.01388646287023354,0.013790929343950018
2022-03-28,105.95999908447266,105.95999908447266,112.93000030517578,102.83000183105469,112.91999816894531,372251,CL=F,-0.06971029266933082,-0.07225922808623245
2022-03-29,104.23999786376953,104.23999786376953,107.83999633789062,98.44000244140625,103.47000122070312,387200,CL=F,-0.01623255224202025,-0.01636574344035365
2022-03-30,107.81999969482422,107.81999969482422,108.75,104.55000305175781,105.23999786376953,284544,CL=F,0.034343840218928,0.0337672548698994
2022-03-31,100.27999877929688,100.27999877929688,107.80000305175781,99.66000366210938,107.44999694824219,450845,CL=F,-0.06993137578249586,-0.07249690607595803
2022-04-01,99.2699966430664,99.2699966430664,101.75,97.77999877929688,101.2300033569336,324777,CL=F,-0.010071820388164898,-0.010122884331709858
2022-04-04,103.27999877929688,103.27999877929688,103.94000244140625,98.05000305175781,98.94999694824219,288131,CL=F,0.04039490552869429,0.03960035793359485
2022-04-05,101.95999908447266,101.95999908447266,105.58999633789062,99.87999725341797,103.66000366210938,280283,CL=F,-0.012780787281426842,-0.01286316419039552
2022-04-06,96.2300033569336,96.2300033569336,104.0199966430664,95.7300033569336,101.23999786376953,366036,CL=F,-0.05619846782061888,-0.05783937627584542
2022-04-07,96.02999877929688,96.02999877929688,98.81999969482422,93.80999755859375,97.16000366210938,367318,CL=F,-0.0020784014409193086,-0.002080564314593593
2022-04-08,98.26000213623047,98.26000213623047,98.76000213623047,95.29000091552734,97.16999816894531,310082,CL=F,0.023221945072172234,0.022956418542896817
2022-04-11,94.29000091552734,94.29000091552734,98.5199966430664,92.93000030517578,98.4000015258789,315873,CL=F,-0.04040302396084827,-0.041241899293809864
2022-04-12,100.5999984741211,100.5999984741211,101.3499984741211,94.83999633789062,95.16999816894531,329037,CL=F,0.06692117400917996,0.06477709331057327
2022-04-13,104.25,104.25,104.47000122070312,99.87000274658203,100.91000366210938,312502,CL=F,0.03628232188112657,0.03563961818105445
2022-04-14,106.94999694824219,106.94999694824219,107.63999938964844,102.12000274658203,104.19999694824219,244952,CL=F,0.02589925130208326,0.025569546315068425
2022-04-18,108.20999908447266,108.20999908447266,109.80999755859375,106.0,107.02999877929688,68489,CL=F,0.011781226481383023,0.011712368128924148
2022-04-19,102.55999755859375,102.55999755859375,108.91999816894531,102.0999984741211,107.75,71792,CL=F,-0.05221330351798925,-0.05362580575520705
2022-04-20,102.75,102.75,104.16000366210938,100.69999694824219,103.05000305175781,299028,CL=F,0.0018525979517276525,0.0018508840086474256
2022-04-21,103.79000091552734,103.79000091552734,105.41999816894531,102.01000213623047,102.5,280321,CL=F,0.01012166341145826,0.010070782421812615
2022-04-22,102.06999969482422,102.06999969482422,104.22000122070312,101.05999755859375,104.06999969482422,246116,CL=F,-0.016571935692562545,-0.016710786372617224
2022-04-25,98.54000091552734,98.54000091552734,101.55000305175781,95.27999877929688,101.37999725341797,328153,CL=F,-0.03458409708877341,-0.035196283018801594
2022-04-26,101.69999694824219,101.69999694824219,102.77999877929688,97.05999755859375,98.63999938964844,351850,CL=F,0.03206815509798622,0.031564706640324416
2022-04-27,102.0199966430664,102.0199966430664,102.98999786376953,99.80000305175781,101.76000213623047,278781,CL=F,0.00314650643487302,0.003141566543055737
2022-04-28,105.36000061035156,105.36000061035156,105.68000030517578,100.12999725341797,102.11000061035156,312064,CL=F,0.03273871865503697,0.03221422363791778
2022-04-29,104.69000244140625,104.69000244140625,107.98999786376953,103.77999877929688,105.16999816894531,294386,CL=F,-0.006359132166514847,-0.0063794375764339144
2022-05-02,105.16999816894531,105.16999816894531,105.94000244140625,100.27999877929688,104.0,261878,CL=F,0.004584924217646336,0.004574445469907173
2022-05-03,102.41000366210938,102.41000366210938,105.80000305175781,102.0999984741211,105.08000183105469,239266,CL=F,-0.026243173479971738,-0.026593671274868835
2022-05-04,107.80999755859375,107.80999755859375,108.61000061035156,102.94999694824219,103.5,272909,CL=F,0.052729164177174104,0.051385996058933216
2022-05-05,108.26000213623047,108.26000213623047,111.37000274658203,106.44999694824219,107.58000183105469,286916,CL=F,0.004174052386858973,0.004165365195665697
2022-05-06,109.7699966430664,109.7699966430664,111.18000030517578,107.23999786376953,108.69999694824219,294278,CL=F,0.013947852180307585,0.013851476016463813
2022-05-09,103.08999633789062,103.08999633789062,110.48999786376953,102.12999725341797,110.43000030517578,368183,CL=F,-0.060854518624946285,-0.06278487953283066
2022-05-10,99.76000213623047,99.76000213623047,104.16000366210938,98.86000061035156,102.6500015258789,389750,CL=F,-0.03230181705260393,-0.03283503479939427
2022-05-11,105.70999908447266,105.70999908447266,106.44000244140625,98.19999694824219,99.0,382701,CL=F,0.05964311167633074,0.05793216433434838
2022-05-12,106.12999725341797,106.12999725341797,107.37000274658203,102.66000366210938,105.62999725341797,323547,CL=F,0.003973116758895223,0.0039652447744917664
2022-05-13,110.48999786376953,110.48999786376953,110.63999938964844,106.29000091552734,106.6500015258789,240989,CL=F,0.04108169907835513,0.04026026789661295
2022-05-16,114.19999694824219,114.19999694824219,114.9000015258789,108.11000061035156,110.9800033569336,289127,CL=F,0.03357769170243774,0.03302627070805514
2022-05-17,112.4000015258789,112.4000015258789,115.55999755859375,111.75,113.87000274658203,252630,CL=F,-0.015761781702840816,-0.01588731946396071
2022-05-18,109.58999633789062,109.58999633789062,115.41999816894531,108.45999908447266,113.66000366210938,103669,CL=F,-0.02500004581709292,-0.025317854976181154
2022-05-19,112.20999908447266,112.20999908447266,112.62000274658203,105.12999725341797,109.08999633789062,68511,CL=F,0.023907316672444834,0.02362601145887709
2022-05-20,113.2300033569336,113.2300033569336,114.04000091552734,110.8499984741211,111.44999694824219,229930,CL=F,0.009090137071412485,0.00904907045525924
2022-05-23,110.29000091552734,110.29000091552734,111.95999908447266,109.1500015258789,110.55999755859375,215623,CL=F,-0.02596487109638701,-0.02630790935383447
2022-05-24,109.7699966430664,109.7699966430664,111.43000030517578,108.61000061035156,110.41000366210938,224794,CL=F,-0.004714881386747027,-0.004726031501443259
2022-05-25,110.33000183105469,110.33000183105469,111.68000030517578,109.2300033569336,110.38999938964844,191370,CL=F,0.005101623440959102,0.005088654250674318
2022-05-26,114.08999633789062,114.08999633789062,114.83000183105469,110.2699966430664,110.69000244140625,234752,CL=F,0.0340795290894087,0.03351168714147415
2022-05-27,115.06999969482422,115.06999969482422,115.30000305175781,112.8499984741211,114.19999694824219,217281,CL=F,0.008589739577440358,0.00855305767342729
2022-05-31,114.66999816894531,114.66999816894531,119.9800033569336,114.1500015258789,114.95999908447266,440796,CL=F,-0.0034761582249043244,-0.0034822141011021353
2022-06-01,115.26000213623047,115.26000213623047,117.87000274658203,114.58000183105469,115.4000015258789,290530,CL=F,0.0051452339470337005,0.005132042460357287
2022-06-02,116.87000274658203,116.87000274658203,117.7699966430664,111.19999694824219,114.80000305175781,327600,CL=F,0.013968424262639223,0.013871764903703702
2022-06-03,118.87000274658203,118.87000274658203,120.45999908447266,115.2300033569336,117.55000305175781,240831,CL=F,0.017113031171366977,0.01696825265205771
2022-06-06,118.5,118.5,120.98999786376953,117.62999725341797,120.81999969482422,246825,CL=F,-0.003112667098787214,-0.0031175215231096917
2022-06-07,119.41000366210938,119.41000366210938,120.36000061035156,117.13999938964844,119.0999984741211,341694,CL=F,0.007679355798391407,0.00765001963847122
2022-06-08,122.11000061035156,122.11000061035156,123.18000030517578,119.30000305175781,119.79000091552734,340591,CL=F,0.022611145343251815,0.022359302629648345
2022-06-09,121.51000213623047,121.51000213623047,122.72000122070312,120.79000091552734,122.43000030517578,293295,CL=F,-0.004913589969061327,-0.004925701342088371
2022-06-10,120.66999816894531,120.66999816894531,122.75,118.33000183105469,121.45999908447266,352906,CL=F,-0.006913043803121521,-0.006937049589774876
2022-06-13,120.93000030517578,120.93000030517578,122.25,117.47000122070312,120.19000244140625,372403,CL=F,0.002154654348021534,0.002152336409315797
2022-06-14,118.93000030517578,118.93000030517578,123.68000030517578,116.62000274658203,121.08999633789062,366320,CL=F,-0.01653849330152035,-0.01667678101559221
2022-06-15,115.30999755859375,115.30999755859375,119.61000061035156,114.5999984741211,119.06999969482422,301750,CL=F,-0.03043809583194368,-0.030910954694686854
2022-06-16,117.58999633789062,117.58999633789062,118.08000183105469,112.30999755859375,115.9800033569336,162543,CL=F,0.01977277623424034,0.01957983408181096
2022-06-17,109.55999755859375,109.55999755859375,118.97000122070312,108.25,117.08000183105469,103149,CL=F,-0.06828811148376057,-0.07073164458114989
2022-06-21,110.6500015258789,110.6500015258789,112.47000122070312,108.72000122070312,110.58000183105469,427262,CL=F,0.009948922887682787,0.00989975817605793
2022-06-22,106.19000244140625,106.19000244140625,109.76000213623047,101.52999877929688,109.54000091552734,432724,CL=F,-0.040307266362120675,-0.04114211488051964
2022-06-23,104.2699966430664,104.2699966430664,107.05000305175781,102.31999969482422,104.41999816894531,346362,CL=F,-0.018080852756353072,-0.018246308799802363
2022-06-24,107.62000274658203,107.62000274658203,108.58000183105469,103.63999938964844,103.98999786376953,321591,CL=F,0.0321281884661726,0.03162287297550904
2022-06-27,109.56999969482422,109.56999969482422,110.54000091552734,105.5999984741211,107.22000122070312,282914,CL=F,0.018119279859469373,0.01795708204970407
2022-06-28,111.76000213623047,111.76000213623047,112.22000122070312,109.62000274658203,110.18000030517578,306748,CL=F,0.019987245117330188,0.019790122431063026
2022-06-29,109.77999877929688,109.77999877929688,114.05000305175781,109.22000122070312,111.86000061035156,322060,CL=F,-0.01771656513141484,-0.017875382060949133
2022-06-30,105.76000213623047,105.76000213623047,110.44999694824219,105.0999984741211,109.69999694824219,362890,CL=F,-0.036618661757760296,-0.037305955699976086
2022-07-01,108.43000030517578,108.43000030517578,109.33999633789062,104.55999755859375,106.01000213623047,305338,CL=F,0.025245821813676406,0.024932409996359532
2022-07-05,99.5,99.5,111.44999694824219,97.43000030517578,108.80000305175781,594215,CL=F,-0.08235728377794271,-0.08594716213403925
2022-07-06,98.52999877929688,98.52999877929688,102.13999938964844,95.0999984741211,100.36000061035156,444106,CL=F,-0.009748755986966118,-0.009796586219315792
2022-07-07,102.7300033569336,102.7300033569336,104.4800033569336,96.56999969482422,98.22000122070312,379861,CL=F,0.042626658171838194,0.04174316196018757
2022-07-08,104.79000091552734,104.79000091552734,105.23999786376953,101.51000213623047,102.22000122070312,327461,CL=F,0.02005254055561867,0.019854136318213016
2022-07-11,104.08999633789062,104.08999633789062,105.05000305175781,100.88999938964844,104.79000091552734,348566,CL=F,-0.0066800703456525445,-0.0067024818783995065
2022-07-12,95.83999633789062,95.83999633789062,103.48999786376953,95.3499984741211,103.45999908447266,398552,CL=F,-0.07925833692240081,-0.08257577818875095
2022-07-13,96.30000305175781,96.30000305175781,97.95999908447266,93.66999816894531,95.88999938964844,347193,CL=F,0.004799736346456029,0.004788254337710234
2022-07-14,95.77999877929688,95.77999877929688,97.0,90.55999755859375,96.56999969482422,387528,CL=F,-0.005399836510715961,-0.0054144683245929874
2022-07-15,97.58999633789062,97.58999633789062,99.02999877929688,94.56999969482422,96.38999938964844,240766,CL=F,0.018897448127604077,0.018721109458313057
2022-07-18,102.5999984741211,102.5999984741211,102.80000305175781,95.8499984741211,97.2699966430664,84669,CL=F,0.05133725099121933,0.05006292623664312
2022-07-19,104.22000122070312,104.22000122070312,104.45999908447266,99.8499984741211,102.0,63149,CL=F,0.01578950068883911,0.01566614332926657
2022-07-20,102.26000213623047,102.26000213623047,104.38999938964844,101.51000213623047,103.5999984741211,315620,CL=F,-0.018806362133138244,-0.018985450651782098
2022-07-21,96.3499984741211,96.3499984741211,99.98999786376953,94.58999633789062,99.91000366210938,318911,CL=F,-0.05779389339573926,-0.059531231518497624
2022-07-22,94.69999694824219,94.69999694824219,97.94999694824219,94.2300033569336,96.51000213623047,307568,CL=F,-0.017125080975710527,-0.017273411057041062
2022-07-25,96.69999694824219,96.69999694824219,96.94000244140625,93.01000213623047,95.0999984741211,278998,CL=F,0.02111932486220769,0.02089940293372144
2022-07-26,94.9800033569336,94.9800033569336,99.0,94.76000213623047,96.33000183105469,310043,CL=F,-0.017786904297724115,-0.017946992435663202
2022-07-27,97.26000213623047,97.26000213623047,98.58999633789062,94.30000305175781,95.5999984741211,321903,CL=F,0.024005039994878352,0.02372144847520207
2022-07-28,96.41999816894531,96.41999816894531,99.83999633789062,96.04000091552734,98.16999816894531,318403,CL=F,-0.008636684647699067,-0.008674196952688428
2022-07-29,98.62000274658203,98.62000274658203,101.87999725341797,96.41000366210938,97.30000305175781,349374,CL=F,0.022816890887945362,0.022560478659059337
2022-08-01,93.88999938964844,93.88999938964844,98.6500015258789,92.41999816894531,98.45999908447266,365293,CL=F,-0.047961906562586476,-0.049150230876384905
2022-08-02,94.41999816894531,94.41999816894531,96.47000122070312,92.58999633789062,93.75,328538,CL=F,0.005644890645886136,0.005629017955736299
2022-08-03,90.66000366210938,90.66000366210938,96.56999969482422,90.37999725341797,93.83000183105469,395099,CL=F,-0.03982201418928433,-0.040636609818898634
2022-08-04,88.54000091552734,88.54000091552734,91.9000015258789,87.55000305175781,90.94999694824219,334931,CL=F,-0.02338410170909877,-0.02366184826232168
2022-08-05,89.01000213623047,89.01000213623047,90.76000213623047,87.01000213623047,88.05999755859375,350016,CL=F,0.005308348947856256,0.005294309326469751
2022-08-08,90.76000213623047,90.76000213623047,90.88999938964844,87.22000122070312,88.45999908447266,340157,CL=F,0.019660711807664155,0.01946993647804398
2022-08-09,90.5,90.5,92.6500015258789,89.05000305175781,90.69000244140625,347045,CL=F,-0.002864721574600715,-0.0028688327428962974
2022-08-10,91.93000030517578,91.93000030517578,92.43000030517578,87.66000366210938,90.51000213623047,383766,CL=F,0.015801108344483783,0.015677570489436722
2022-08-11,94.33999633789062,94.33999633789062,95.05000305175781,91.23999786376953,91.55000305175781,341234,CL=F,0.026215555582665973,0.025877817842593524
2022-08-12,92.08999633789062,92.08999633789062,94.80999755859375,91.16000366210938,94.08999633789062,264953,CL=F,-0.02384990552619215,-0.02413891907127049
2022-08-15,89.41000366210938,89.41000366210938,92.0999984741211,86.81999969482422,91.94000244140625,275443,CL=F,-0.029101887092578438,-0.029533746260803902
2022-08-16,86.52999877929688,86.52999877929688,90.6500015258789,85.7300033569336,87.93000030517578,305366,CL=F,-0.03221121535456328,-0.032741413194471235
2022-08-17,88.11000061035156,88.11000061035156,89.16000366210938,85.87999725341797,87.0999984741211,230346,CL=F,0.0182595845758029,0.018094880294427504
2022-08-18,90.5,90.5,91.45999908447266,87.31999969482422,87.38999938964844,80029,CL=F,0.027125177313500615,0.026763809900087754
2022-08-19,90.7699966430664,90.7699966430664,92.08999633789062,88.37999725341797,90.38999938964844,58714,CL=F,0.0029833883211758394,0.0029789468498015374
2022-08-22,90.2300033569336,90.2300033569336,91.26000213623047,86.5999984741211,89.6500015258789,352665,CL=F,-0.005949028380558663,-0.005966794345088517
2022-08-23,93.73999786376953,93.73999786376953,94.22000122070312,90.41999816894531,90.55000305175781,285607,CL=F,0.03890052506094932,0.03816296649507722
2022-08-24,94.88999938964844,94.88999938964844,95.4000015258789,92.79000091552734,93.77999877929688,320388,CL=F,0.012267991808045275,0.012193349847795385
2022-08-25,92.5199966430664,92.5199966430664,95.76000213623047,92.29000091552734,95.3499984741211,279877,CL=F,-0.02497631743941786,-0.02529351847355716
2022-08-26,93.05999755859375,93.05999755859375,94.0199966430664,91.08000183105469,93.05999755859375,288392,CL=F,0.005836585982710529,0.0058196191018388506
2022-08-29,97.01000213623047,97.01000213623047,97.37000274658203,92.29000091552734,92.95999908447266,283463,CL=F,0.042445784238815065,0.041569667812168705
2022-08-30,91.63999938964844,91.63999938964844,97.66000366210938,90.54000091552734,96.9000015258789,386272,CL=F,-0.05535514512246864,-0.056946237068939747
2022-08-31,89.55000305175781,89.55000305175781,92.7300033569336,88.2699966430664,92.30999755859375,344147,CL=F,-0.022806594847344708,-0.023070688339442143
2022-09-01,86.61000061035156,86.61000061035156,89.62999725341797,85.9800033569336,88.83000183105469,305106,CL=F,-0.03283084691473426,-0.033381873195455214
2022-09-02,86.87000274658203,86.87000274658203,89.66000366210938,86.3499984741211,86.55999755859375,277533,CL=F,0.0030019874656297407,0.00299749049890181
2022-09-06,86.87999725341797,86.87999725341797,90.38999938964844,86.18000030517578,86.83999633789062,420255,CL=F,0.00011505130102373862,0.00011504468313039828
2022-09-07,81.94000244140625,81.94000244140625,87.76000213623047,81.5,86.93000030517578,380781,CL=F,-0.056859978915542286,-0.05854052265833876
2022-09-08,83.54000091552734,83.54000091552734,84.25,81.19999694824219,81.91000366210938,342763,CL=F,0.019526463588589893,0.01933826811440578
2022-09-09,86.79000091552734,86.79000091552734,87.19999694824219,82.70999908447266,82.80000305175781,305188,CL=F,0.03890351884585552,0.03816584817674012
2022-09-12,87.77999877929688,87.77999877929688,89.0999984741211,85.16000366210938,86.25,275104,CL=F,0.011406819372350219,0.011342252148776735
2022-09-13,87.30999755859375,87.30999755859375,89.30999755859375,85.05999755859375,88.08999633789062,347998,CL=F,-0.005354308808830588,-0.0053686944934838755
2022-09-14,88.4800033569336,88.4800033569336,90.19000244140625,86.18000030517578,87.94000244140625,335381,CL=F,0.013400593643982717,0.01331159985383934
2022-09-15,85.0999984741211,85.0999984741211,89.1500015258789,84.52999877929688,88.91000366210938,235358,CL=F,-0.03820077706346103,-0.03894955806514469
2022-09-16,85.11000061035156,85.11000061035156,86.58999633789062,84.2699966430664,85.16000366210938,87829,CL=F,0.00011753391785918055,0.00011752701128942239
2022-09-19,85.7300033569336,85.7300033569336,86.22000122070312,82.0999984741211,85.20999908447266,59626,CL=F,0.007284722619384176,0.007258317187514524
2022-09-20,84.44999694824219,84.44999694824219,86.44999694824219,83.5199966430664,85.61000061035156,279813,CL=F,-0.014930670227109921,-0.015043254730761624
2022-09-21,82.94000244140625,82.94000244140625,86.68000030517578,82.48999786376953,84.25,339683,CL=F,-0.017880338204883328,-0.018042122862901723
2022-09-22,83.48999786376953,83.48999786376953,86.0,82.4000015258789,83.06999969482422,303492,CL=F,0.006631244347404364,0.006609354365199205
2022-09-23,78.73999786376953,78.73999786376953,83.91999816894531,78.04000091552734,83.54000091552734,334271,CL=F,-0.0568930425384675,-0.0585755802338362
2022-09-26,76.70999908447266,76.70999908447266,80.30999755859375,76.25,79.2300033569336,280927,CL=F,-0.025781036758586673,-0.026119192349120236
2022-09-27,78.5,78.5,79.51000213623047,76.41999816894531,76.47000122070312,283614,CL=F,0.023334649157747966,0.023066558752072978
2022-09-28,82.1500015258789,82.1500015258789,82.33999633789062,76.55000305175781,78.08000183105469,324678,CL=F,0.046496834724572,0.045448238269216075
2022-09-29,81.2300033569336,81.2300033569336,82.94000244140625,80.33999633789062,81.9000015258789,286126,CL=F,-0.01119900367446125,-0.011262184668438886
2022-09-30,79.48999786376953,79.48999786376953,82.55999755859375,79.13999938964844,81.73999786376953,253154,CL=F,-0.021420724132169333,-0.021653477678323034
2022-10-03,83.62999725341797,83.62999725341797,84.55999755859375,80.87000274658203,81.0199966430664,287168,CL=F,0.052082016617280624,0.050771073840550345
2022-10-04,86.5199966430664,86.5199966430664,86.9800033569336,83.22000122070312,83.22000122070312,302549,CL=F,0.034556970997991154,0.03397328773398024
2022-10-05,87.76000213623047,87.76000213623047,88.41999816894531,85.41999816894531,86.37000274658203,329790,CL=F,0.014332010416963303,0.014230278023359837
2022-10-06,88.44999694824219,88.44999694824219,89.06999969482422,87.04000091552734,88.08000183105469,235296,CL=F,0.007862292561714224,0.007831545794454152
2022-10-07,92.63999938964844,92.63999938964844,93.30999755859375,88.0,88.93000030517578,429162,CL=F,0.04737142550562323,0.046283621133100014
2022-10-10,91.12999725341797,91.12999725341797,93.63999938964844,90.54000091552734,93.4800033569336,289508,CL=F,-0.016299677743728425,-0.016433978867390647
2022-10-11,89.3499984741211,89.3499984741211,91.3499984741211,87.91000366210938,91.13999938964844,333158,CL=F,-0.019532523131181256,-0.019725803840981798
2022-10-12,87.2699966430664,87.2699966430664,90.06999969482422,86.27999877929688,88.66999816894531,332271,CL=F,-0.0232792598385676,-0.023554501818735887
2022-10-13,89.11000061035156,89.11000061035156,89.66000366210938,85.55999755859375,87.08000183105469,298032,CL=F,0.021084038479006306,0.020864845764892608
2022-10-14,85.61000061035156,85.61000061035156,89.7300033569336,85.19999694824219,89.2699966430664,237026,CL=F,-0.0392772974528901,-0.0400694625902089
2022-10-17,85.45999908447266,85.45999908447266,87.12000274658203,84.61000061035156,85.58999633789062,172020,CL=F,-0.0017521495714224455,-0.0017536863808918246
2022-10-18,82.81999969482422,82.81999969482422,86.51000213623047,82.08999633789062,85.69999694824219,97304,CL=F,-0.03089163840311937,-0.03137884507033144
2022-10-19,85.55000305175781,85.55000305175781,86.19999694824219,82.58999633789062,83.69000244140625,71309,CL=F,0.03296309305714962,0.032431461577801336
2022-10-20,85.9800033569336,85.9800033569336,88.16999816894531,85.22000122070312,85.94000244140625,338344,CL=F,0.005026303797039278,0.005013714100911246
2022-10-21,85.05000305175781,85.05000305175781,85.9000015258789,83.1500015258789,85.06999969482422,272803,CL=F,-0.010816472073338024,-0.010875395387529897
2022-10-24,84.58000183105469,84.58000183105469,85.91999816894531,82.62999725341797,85.23999786376953,250726,CL=F,-0.0055261752361972505,-0.005541501030663559
2022-10-25,85.31999969482422,85.31999969482422,86.02999877929688,83.05999755859375,84.87999725341797,240441,CL=F,0.008749087819218238,0.008711036333179677
2022-10-26,87.91000366210938,87.91000366210938,88.41000366210938,84.13999938964844,85.06999969482422,287182,CL=F,0.03035635228022948,0.029904715494257612
2022-10-27,89.08000183105469,89.08000183105469,89.79000091552734,87.33000183105469,88.26000213623047,292556,CL=F,0.013309044707156659,0.013221257423768493
2022-10-28,87.9000015258789,87.9000015258789,88.76000213623047,87.08000183105469,88.66999816894531,263404,CL=F,-0.013246523135616028,-0.013335040893947693
2022-10-31,86.52999877929688,86.52999877929688,88.6500015258789,85.30000305175781,88.38999938964844,285342,CL=F,-0.015585924036402687,-0.015708661539025393
2022-11-01,88.37000274658203,88.37000274658203,89.44999694824219,85.91999816894531,86.43000030517578,274321,CL=F,0.02126434754700801,0.021041416099027432
2022-11-02,90.0,90.0,90.36000061035156,87.72000122070312,88.62000274658203,280961,CL=F,0.0184451420477183,0.018277093719872264
2022-11-03,88.16999816894531,88.16999816894531,89.66999816894531,87.5999984741211,89.3499984741211,239816,CL=F,-0.020333353678385402,-0.020542921998650533
2022-11-04,92.61000061035156,92.61000061035156,92.87000274658203,87.81999969482422,87.9000015258789,354060,CL=F,0.05035729311118531,0.049130385441120944
2022-11-07,91.79000091552734,91.79000091552734,93.73999786376953,90.4000015258789,91.0,322419,CL=F,-0.008854332031313694,-0.008893764567584613
2022-11-08,88.91000366210938,88.91000366210938,92.16999816894531,88.5199966430664,91.87000274658203,344223,CL=F,-0.03137593664552174,-0.03187870588315595
2022-11-09,85.83000183105469,85.83000183105469,89.23999786376953,85.5,88.56999969482422,388301,CL=F,-0.034641791746627515,-0.03525604625836199
2022-11-10,86.47000122070312,86.47000122070312,87.3499984741211,84.69999694824219,85.8499984741211,340007,CL=F,0.0074565929860772595,0.007428930025776933
2022-11-11,88.95999908447266,88.95999908447266,90.0999984741211,86.18000030517578,86.2699966430664,301664,CL=F,0.028796089147890003,0.028389273121412952
2022-11-14,85.87000274658203,85.87000274658203,89.83999633789062,85.1500015258789,89.0199966430664,315450,CL=F,-0.03473467142188813,-0.03535226354107958
2022-11-15,86.91999816894531,86.91999816894531,88.68000030517578,84.05999755859375,85.25,331709,CL=F,0.012227732488398813,0.012153577652508817
2022-11-16,85.58999633789062,85.58999633789062,87.51000213623047,84.19999694824219,86.88999938964844,225668,CL=F,-0.015301447987488226,-0.015419723215384675
2022-11-17,81.63999938964844,81.63999938964844,85.44999694824219,81.4000015258789,85.22000122070312,138476,CL=F,-0.04615021751664128,-0.047249080641357105
2022-11-18,80.08000183105469,80.08000183105469,82.63999938964844,77.23999786376953,82.08999633789062,96583,CL=F,-0.019108250493097723,-0.019293172593227038
2022-11-21,79.7300033569336,79.7300033569336,80.30000305175781,75.08000183105469,80.30000305175781,475104,CL=F,-0.004370610216262061,-0.004380189254109803
2022-11-22,80.94999694824219,80.94999694824219,82.36000061035156,79.8499984741211,80.22000122070312,269615,CL=F,0.015301562021099446,0.015185673806176454
2022-11-23,77.94000244140625,77.94000244140625,81.94999694824219,76.83000183105469,81.08000183105469,379145,CL=F,-0.03718338011501676,-0.03789231118961153
2022-11-25,76.27999877929688,76.27999877929688,79.9000015258789,76.22000122070312,77.51000213623047,266451,CL=F,-0.021298481012460013,-0.021528566505445258
2022-11-28,77.23999786376953,77.23999786376953,77.83999633789062,73.5999984741211,75.93000030517578,405033,CL=F,0.012585200574664945,0.012506665173971046
2022-11-29,78.19999694824219,78.19999694824219,79.6500015258789,76.29000091552734,76.54000091552734,381869,CL=F,0.012428781862032556,0.012352178622964359
2022-11-30,80.55000305175781,80.55000305175781,81.37999725341797,78.4000015258789,79.0,287534,CL=F,0.030051230117962957,0.029608538983256973
2022-12-01,81.22000122070312,81.22000122070312,83.33999633789062,79.93000030517578,80.4000015258789,321432,CL=F,0.008317791974691735,0.008283389778253769
2022-12-02,79.9800033569336,79.9800033569336,82.22000122070312,79.6500015258789,81.47000122070312,280235,CL=F,-0.015267149041281347,-0.015384891896905036
2022-12-05,76.93000030517578,76.93000030517578,82.72000122070312,76.7699966430664,79.98999786376953,346657,CL=F,-0.03813457018932975,-0.03888072395306297
2022-12-06,74.25,74.25,77.87999725341797,73.41000366210938,77.3499984741211,380598,CL=F,-0.03483686851091139,-0.03545814375496243
2022-12-07,72.01000213623047,72.01000213623047,75.37999725341797,71.75,74.55000305175781,392236,CL=F,-0.03016832139756942,-0.030632749756286597
2022-12-08,71.45999908447266,71.45999908447266,75.44000244140625,71.12000274658203,72.37999725341797,474459,CL=F,-0.007637870232489408,-0.00766718814300438
2022-12-09,71.0199966430664,71.0199966430664,72.91999816894531,70.08000183105469,71.8499984741211,356722,CL=F,-0.006157325035592631,-0.006176359536017363
2022-12-12,73.16999816894531,73.16999816894531,73.98999786376953,70.25,71.79000091552734,323553,CL=F,0.030273185405575553,0.02982399562377329
2022-12-13,75.38999938964844,75.38999938964844,76.37000274658203,73.20999908447266,73.29000091552734,352858,CL=F,0.030340320845399837,0.029889156256414372
2022-12-14,77.27999877929688,77.27999877929688,77.75,74.9000015258789,75.2699966430664,292488,CL=F,0.025069629990048137,0.02476054198072616
2022-12-15,76.11000061035156,76.11000061035156,77.7699966430664,75.33000183105469,77.37000274658203,224663,CL=F,-0.015139728098167993,-0.015255503809779651
2022-12-16,74.29000091552734,74.29000091552734,76.56999969482422,73.33000183105469,76.37000274658203,99205,CL=F,-0.02391275364904788,-0.024203304811224517
2022-12-19,75.19000244140625,75.19000244140625,76.41000366210938,73.80999755859375,74.5,69348,CL=F,0.012114706081404858,0.01204191037235116
2022-12-20,76.08999633789062,76.08999633789062,76.75,74.30999755859375,75.69999694824219,254792,CL=F,0.011969595255509224,0.011898526200013675
2022-12-21,78.29000091552734,78.29000091552734,78.61000061035156,75.80000305175781,75.98999786376953,234624,CL=F,0.028913190741490125,0.02850309055409988
2022-12-22,77.48999786376953,77.48999786376953,79.9000015258789,77.02999877929688,78.43000030517578,219142,CL=F,-0.010218457560384864,-0.010271024405837678
2022-12-23,79.55999755859375,79.55999755859375,80.33000183105469,77.9800033569336,78.18000030517578,237711,CL=F,0.026713121072262203,0.02636255509138068
2022-12-27,79.52999877929688,79.52999877929688,81.18000030517578,79.16000366210938,79.9000015258789,199601,CL=F,-0.0003770585748796851,-0.0003771296793383892
2022-12-28,78.95999908447266,78.95999908447266,79.91999816894531,77.30000305175781,79.88999938964844,207717,CL=F,-0.007167103024935506,-0.007192910089677919
2022-12-29,78.4000015258789,78.4000015258789,78.81999969482422,76.79000091552734,78.81999969482422,199858,CL=F,-0.007092167744260691,-0.007117436711298444
2022-12-30,80.26000213623047,80.26000213623047,80.66999816894531,77.70999908447266,78.7300033569336,205909,CL=F,0.02372449711927116,0.023447444636044895
2023-01-03,76.93000030517578,76.93000030517578,81.5,76.5999984741211,80.56999969482422,338520,CL=F,-0.04149017869950289,-0.042375470017376494
2023-01-04,72.83999633789062,72.83999633789062,77.41999816894531,72.7300033569336,77.25,352434,CL=F,-0.05316526648980113,-0.05463071685444142
2023-01-05,73.66999816894531,73.66999816894531,74.91999816894531,72.45999908447266,73.25,300731,CL=F,0.01139486371202536,0.011330431256570664
2023-01-06,73.7699966430664,73.7699966430664,75.47000122070312,73.23999786376953,73.97000122070312,258128,CL=F,0.0013573839637102125,0.0013564635509059847
2023-01-09,74.62999725341797,74.62999725341797,76.73999786376953,73.47000122070312,73.47000122070312,329290,CL=F,0.011657864301019893,0.011590434949835204
2023-01-10,75.12000274658203,75.12000274658203,75.91999816894531,73.83999633789062,74.86000061035156,307430,CL=F,0.0065657980865276855,0.006544337121958464
2023-01-11,77.41000366210938,77.41000366210938,77.83999633789062,74.30999755859375,74.77999877929688,350891,CL=F,0.030484569113404802,0.030029147061982935
2023-01-12,78.38999938964844,78.38999938964844,79.16000366210938,77.0999984741211,77.69999694824219,307705,CL=F,0.01265980727525462,0.012580341889957748
2023-01-13,79.86000061035156,79.86000061035156,80.11000061035156,77.97000122070312,78.31999969482422,283539,CL=F,0.018752407604907262,0.01857874886330334
2023-01-17,80.18000030517578,80.18000030517578,81.2300033569336,78.52999877929688,80.0999984741211,312275,CL=F,0.004007008419465663,0.003999001742649654
2023-01-18,79.4800033569336,79.4800033569336,82.37999725341797,78.94000244140625,80.97000122070312,92549,CL=F,-0.008730318602867326,-0.008768651100673848
2023-01-19,80.33000183105469,80.33000183105469,81.18000030517578,78.12999725341797,79.13999938964844,58863,CL=F,0.010694494693261003,0.01063771306005812
2023-01-20,81.30999755859375,81.30999755859375,81.63999938964844,79.69000244140625,80.5999984741211,300145,CL=F,0.012199622870669558,0.01212580721396317
2023-01-23,81.62000274658203,81.62000274658203,82.63999938964844,81.05000305175781,81.79000091552734,297076,CL=F,0.0038126330992063195,0.0038053834346630346
2023-01-24,80.12999725341797,80.12999725341797,82.22000122070312,79.66000366210938,81.62000274658203,288207,CL=F,-0.018255396263466284,-0.01842408211510216
2023-01-25,80.1500015258789,80.1500015258789,81.2300033569336,79.44999694824219,80.26000213623047,297234,CL=F,0.0002496477367603944,0.00024961657994953667
2023-01-26,81.01000213623047,81.01000213623047,82.13999938964844,79.91999816894531,80.4800033569336,291060,CL=F,0.010729888883082461,0.010672732119007489
2023-01-27,79.68000030517578,79.68000030517578,82.4800033569336,79.04000091552734,81.22000122070312,367588,CL=F,-0.016417748376528762,-0.016554013105999542
2023-01-30,77.9000015258789,77.9000015258789,80.48999786376953,77.66000366210938,80.04000091552734,327426,CL=F,-0.022339342024089492,-0.02259264464199529
2023-01-31,78.87000274658203,78.87000274658203,79.25,76.55000305175781,77.91000366210938,312734,CL=F,0.012451876786945704,0.012374989769700837
2023-02-01,76.41000366210938,76.41000366210938,79.7300033569336,76.05000305175781,79.05999755859375,360859,CL=F,-0.031190554061179654,-0.031687336647495866
2023-02-02,75.87999725341797,75.87999725341797,77.23999786376953,74.97000122070312,76.79000091552734,339755,CL=F,-0.0069363484267731534,-0.006960516716146392
2023-02-03,73.38999938964844,73.38999938964844,78.0,73.0999984741211,75.91999816894531,413414,CL=F,-0.03281494404188812,-0.03336543063000143
2023-02-06,74.11000061035156,74.11000061035156,74.51000213623047,72.25,73.2300033569336,380028,CL=F,0.009810617613994488,0.009762805958597316
2023-02-07,77.13999938964844,77.13999938964844,77.5999984741211,74.3499984741211,74.56999969482422,408279,CL=F,0.04088515388399072,0.04007146066880467
2023-02-08,78.47000122070312,78.47000122070312,78.56999969482422,77.08000183105469,77.48999786376953,353468,CL=F,0.017241403183536397,0.01709445682786104
2023-02-09,78.05999755859375,78.05999755859375,78.83999633789062,76.5199966430664,78.44999694824219,324156,CL=F,-0.005224973311217407,-0.005238671219238274
2023-02-10,79.72000122070312,79.72000122070312,80.33000183105469,77.47000122070312,77.68000030517578,356062,CL=F,0.021265740635763253,0.02104278018052939
2023-02-13,80.13999938964844,80.13999938964844,80.62000274658203,78.44999694824219,79.94000244140625,301299,CL=F,0.005268416489138783,0.005254586934955847
2023-02-14,79.05999755859375,79.05999755859375,79.61000061035156,77.45999908447266,79.05999755859375,299938,CL=F,-0.013476439222361525,-0.013568070603816167
2023-02-15,78.58999633789062,78.58999633789062,79.1500015258789,77.25,78.83000183105469,264486,CL=F,-0.005944867634922413,-0.005962608707684238
2023-02-16,78.48999786376953,78.48999786376953,79.54000091552734,77.91999816894531,78.54000091552734,117600,CL=F,-0.001272407160971989,-0.0012732173583038164
2023-02-17,76.33999633789062,76.33999633789062,78.25,75.05999755859375,78.06999969482422,93267,CL=F,-0.02739204464765732,-0.027774201576087686
2023-02-21,76.16000366210938,76.16000366210938,77.51000213623047,75.69000244140625,76.52999877929688,402351,CL=F,-0.002357776845895776,-0.002360560778512077
2023-02-22,73.94999694824219,73.94999694824219,76.55000305175781,73.80000305175781,76.11000061035156,332018,CL=F,-0.029017943902314935,-0.029447290678574236
2023-02-23,75.38999938964844,75.38999938964844,75.98999786376953,73.83000183105469,73.91999816894531,333838,CL=F,0.01947265045073787,0.019285484238734635
2023-02-24,76.31999969482422,76.31999969482422,76.62999725341797,74.08999633789062,75.5999984741211,329254,CL=F,0.01233585770931156,0.012260391013708292
2023-02-27,75.68000030517578,75.68000030517578,76.81999969482422,74.98999786376953,76.41999816894531,266091,CL=F,-0.008385736271063426,-0.008421094365324252
2023-02-28,77.05000305175781,77.05000305175781,77.83000183105469,75.55000305175781,75.76000213623047,300093,CL=F,0.01810257321693398,0.017940672597550784
2023-03-01,77.69000244140625,77.69000244140625,77.8499984741211,76.12000274658203,76.8499984741211,342121,CL=F,0.008306286363396032,0.008271979013680026
2023-03-02,78.16000366210938,78.16000366210938,78.58999633789062,77.2300033569336,77.73999786376953,260331,CL=F,0.006049700166473881,0.006031474201232518
2023-03-03,79.68000030517578,79.68000030517578,79.9000015258789,75.83000183105469,77.88999938964844,374201,CL=F,0.019447243754458388,0.019260562517824452
2023-03-06,80.45999908447266,80.45999908447266,80.62999725341797,78.31999969482422,79.91999816894531,292351,CL=F,0.009789141268944146,0.009741538036617536
2023-03-07,77.58000183105469,77.58000183105469,80.94000244140625,77.05999755859375,80.5,398241,CL=F,-0.03579414971648631,-0.036450469529008156
2023-03-08,76.66000366210938,76.66000366210938,77.7300033569336,76.11000061035156,77.31999969482422,335930,CL=F,-0.011858702593856352,-0.011929577890763479
2023-03-09,75.72000122070312,75.72000122070312,78.05999755859375,75.43000030517578,76.5,349960,CL=F,-0.012261967081940828,-0.0123377652608065
2023-03-10,76.68000030517578,76.68000030517578,77.11000061035156,74.7699966430664,75.6500015258789,371834,CL=F,0.012678276135713817,0.012598579694905953
2023-03-13,74.80000305175781,74.80000305175781,77.47000122070312,72.30000305175781,76.5999984741211,457423,CL=F,-0.02451743930537087,-0.02482299637797327
2023-03-14,71.33000183105469,71.33000183105469,74.9000015258789,70.77999877929688,74.69999694824219,432858,CL=F,-0.046390388758434375,-0.04750090381919502
2023-03-15,67.61000061035156,67.61000061035156,72.55999755859375,65.6500015258789,71.55999755859375,555164,CL=F,-0.052151985492920105,-0.05356111183001665
2023-03-16,68.3499984741211,68.3499984741211,69.37999725341797,65.70999908447266,68.22000122070312,327120,CL=F,0.01094509476540706,0.010885630715347722
2023-03-17,66.73999786376953,66.73999786376953,69.63999938964844,65.16999816894531,68.26000213623047,152255,CL=F,-0.02355523988725683,-0.023837099530488595
2023-03-20,67.63999938964844,67.63999938964844,67.69999694824219,64.12000274658203,66.62000274658203,76873,CL=F,0.013485189611722737,0.013395073691870074
2023-03-21,69.33000183105469,69.33000183105469,69.5999984741211,66.7699966430664,67.62000274658203,409495,CL=F,0.024985252168185035,0.02467822435826142
2023-03-22,70.9000015258789,70.9000015258789,71.30999755859375,68.88999938964844,69.4800033569336,337639,CL=F,0.022645314486649415,0.02239271569453471
2023-03-23,69.95999908447266,69.95999908447266,71.66999816894531,69.13999938964844,69.94999694824219,335241,CL=F,-0.013258144163271202,-0.013346817995684641
2023-03-24,69.26000213623047,69.26000213623047,70.37999725341797,66.81999969482422,69.51000213623047,380852,CL=F,-0.010005674062359304,-0.01005606724604635
2023-03-27,72.80999755859375,72.80999755859375,73.0999984741211,69.12999725341797,69.41999816894531,353598,CL=F,0.051256068623570794,0.049985705057510155
2023-03-28,73.19999694824219,73.19999694824219,73.93000030517578,72.19000244140625,72.86000061035156,328472,CL=F,0.005356398883746616,0.005342104401159677
2023-03-29,72.97000122070312,72.97000122070312,74.37000274658203,72.76000213623047,73.61000061035156,312669,CL=F,-0.003142018266772406,-0.003146964770220413
2023-03-30,74.37000274658203,74.37000274658203,74.62999725341797,72.61000061035156,72.9800033569336,269743,CL=F,0.019185987425770934,0.019004257140160793
2023-03-31,75.66999816894531,75.66999816894531,75.72000122070312,73.7699966430664,74.37000274658203,304361,CL=F,0.01748010453614013,0.01732908486201034
2023-04-03,80.41999816894531,80.41999816894531,81.69000244140625,79.0,80.0999984741211,547126,CL=F,0.0627725666042025,0.06088112219194424
2023-04-04,80.70999908447266,80.70999908447266,81.80999755859375,79.61000061035156,80.44000244140625,343570,CL=F,0.003606079608682755,0.003599593292382364
2023-04-05,80.61000061035156,80.61000061035156,81.23999786376953,79.72000122070312,81.01000213623047,254974,CL=F,-0.001238984949267996,-0.001239753125691826
2023-04-06,80.69999694824219,80.69999694824219,80.95999908447266,79.6500015258789,80.37000274658203,0,CL=F,0.0011164413498225834,0.0011158185926502604
2023-04-10,79.73999786376953,79.73999786376953,81.22000122070312,79.61000061035156,80.5,264906,CL=F,-0.011895899885700834,-0.011967222296559991
2023-04-11,81.52999877929688,81.52999877929688,81.58999633789062,79.37000274658203,79.87999725341797,309683,CL=F,0.022447967939319913,0.022199720539117694
2023-04-12,83.26000213623047,83.26000213623047,83.52999877929688,81.27999877929688,81.44000244140625,356133,CL=F,0.02121922461469361,0.020997231721794976
2023-04-13,82.16000366210938,82.16000366210938,83.44000244140625,82.11000061035156,83.22000122070312,261230,CL=F,-0.013211607565434269,-0.013299657230972449
2023-04-14,82.5199966430664,82.5199966430664,83.12000274658203,81.76000213623047,82.4000015258789,275129,CL=F,0.004381608628421407,0.004372037329607262
2023-04-17,80.83000183105469,80.83000183105469,82.70999908447266,80.47000122070312,82.4800033569336,217048,CL=F,-0.020479821628224926,-0.020692441123898137
2023-04-18,80.86000061035156,80.86000061035156,81.4800033569336,79.87000274658203,81.0,96290,CL=F,0.00037113421523327084,0.0003710653619657546
2023-04-19,79.16000366210938,79.16000366210938,81.18000030517578,78.45999908447266,80.91999816894531,78310,CL=F,-0.021023954185137028,-0.021248104764392216
2023-04-20,77.29000091552734,77.29000091552734,78.88999938964844,76.97000122070312,78.87000274658203,361413,CL=F,-0.023623075544109917,-0.023906574032350608
2023-04-21,77.87000274658203,77.87000274658203,78.38999938964844,76.72000122070312,77.12999725341797,291114,CL=F,0.007504228544240599,0.007476211896137108
2023-04-24,78.76000213623047,78.76000213623047,79.18000030517578,76.72000122070312,77.97000122070312,306720,CL=F,0.011429297011133155,0.011364476033946481
2023-04-25,77.06999969482422,77.06999969482422,79.06999969482422,76.5,78.73999786376953,361646,CL=F,-0.021457623102689505,-0.02169118506403655
2023-04-26,74.30000305175781,74.30000305175781,77.93000030517578,74.05000305175781,77.08000183105469,497778,CL=F,-0.035941308603020916,-0.036603103033010724
2023-04-27,74.76000213623047,74.76000213623047,75.27999877929688,74.02999877929688,74.37999725341797,345880,CL=F,0.006191104516539703,0.006172018364703903
2023-04-28,76.77999877929688,76.77999877929688,76.91999816894531,73.93000030517578,74.91000366210938,328399,CL=F,0.027019751007838266,0.026661162512066235
2023-05-01,75.66000366210938,75.66000366210938,76.69000244140625,74.52999877929688,76.66000366210938,215017,CL=F,-0.014587068702708761,-0.014694506066871485
2023-05-02,71.66000366210938,71.66000366210938,76.11000061035156,71.41999816894531,75.76000213623047,417820,CL=F,-0.05286809154627636,-0.05431690462630695
2023-05-03,68.5999984741211,68.5999984741211,71.79000091552734,67.94999694824219,71.55999755859375,490523,CL=F,-0.04270171687984825,-0.04364025049205437
2023-05-04,68.55999755859375,68.55999755859375,69.83999633789062,63.63999938964844,68.16000366210938,412495,CL=F,-0.0005831037378584147,-0.0005832738089589101
2023-05-05,71.33999633789062,71.33999633789062,71.80999755859375,68.4800033569336,68.69999694824219,330585,CL=F,0.04054840837648799,0.039747889917812196
2023-05-08,73.16000366210938,73.16000366210938,73.69000244140625,71.04000091552734,71.3499984741211,290076,CL=F,0.025511738402656636,0.025191744981273616
2023-05-09,73.70999908447266,73.70999908447266,73.77999877929688,71.33999633789062,72.83999633789062,317493,CL=F,0.007517706326306994,0.0074895892016972705
2023-05-10,72.55999755859375,72.55999755859375,73.88999938964844,71.80000305175781,73.58000183105469,351506,CL=F,-0.015601703163243719,-0.01572469062037348
2023-05-11,70.87000274658203,70.87000274658203,73.5,70.62999725341797,72.7699966430664,365892,CL=F,-0.023290998744135982,-0.023566520582779076
2023-05-12,70.04000091552734,70.04000091552734,71.77999877929688,69.93000030517578,71.41999816894531,275435,CL=F,-0.011711609974429105,-0.011780731088234459
2023-05-15,71.11000061035156,71.11000061035156,71.69000244140625,69.41000366210938,70.04000091552734,259013,CL=F,0.015276980023382736,0.015161461989485866
2023-05-16,70.86000061035156,70.86000061035156,71.79000091552734,70.44999694824219,71.31999969482422,232328,CL=F,-0.0035156799023231544,-0.003521874427818382
2023-05-17,72.83000183105469,72.83000183105469,73.26000213623047,70.04000091552734,70.5999984741211,273708,CL=F,0.02780131532224872,0.027421875320501887
2023-05-18,71.86000061035156,71.86000061035156,72.87000274658203,71.41999816894531,72.75,80864,CL=F,-0.01331870378025335,-0.01340819319232004
2023-05-19,71.55000305175781,71.55000305175781,73.4000015258789,71.02999877929688,71.94000244140625,69949,CL=F,-0.004313909768449031,-0.004323241524433219
2023-05-22,71.98999786376953,71.98999786376953,72.36000061035156,70.55000305175781,71.69999694824219,263977,CL=F,0.006149473001328065,0.006130642152662373
2023-05-23,72.91000366210938,72.91000366210938,73.79000091552734,71.70999908447266,72.0999984741211,317586,CL=F,0.01277963363856216,0.012698663238922174
2023-05-24,74.33999633789062,74.33999633789062,74.7300033569336,73.12999725341797,73.7699966430664,386611,CL=F,0.01961312033953999,0.019423261561333362
2023-05-25,71.83000183105469,71.83000183105469,74.37000274658203,70.9800033569336,74.20999908447266,422637,CL=F,-0.033763715771890745,-0.034346874029264264
2023-05-26,72.66999816894531,72.66999816894531,73.05000305175781,71.48999786376953,71.88999938964844,261498,CL=F,0.011694226875648805,0.01162637785348642
2023-05-30,69.45999908447266,69.45999908447266,73.55000305175781,69.0199966430664,73.2300033569336,440862,CL=F,-0.04417227418954872,-0.04517758529641315
2023-05-31,68.08999633789062,68.08999633789062,69.69000244140625,67.02999877929688,69.62000274658203,444787,CL=F,-0.019723621719544338,-0.019920728423778573
2023-06-01,70.0999984741211,70.0999984741211,71.06999969482422,67.51000213623047,67.5999984741211,395393,CL=F,0.02951978622903728,0.029092466561861888
2023-06-02,71.73999786376953,71.73999786376953,72.16999816894531,70.0,70.20999908447266,322596,CL=F,0.023395141588396395,0.023125670053368873
2023-06-05,72.1500015258789,72.1500015258789,75.05999755859375,71.7300033569336,75.02999877929688,383943,CL=F,0.005715133458575661,0.00569886404184349
2023-06-06,71.73999786376953,71.73999786376953,72.33000183105469,70.12999725341797,71.98999786376953,314962,CL=F,-0.00568265631931153,-0.005698864041843443
2023-06-07,72.52999877929688,72.52999877929688,73.19000244140625,71.01000213623047,71.55999755859375,299127,CL=F,0.01101200082313225,0.01095181021826159
2023-06-08,71.29000091552734,71.29000091552734,73.27999877929688,69.02999877929688,72.47000122070312,485396,CL=F,-0.017096344748918968,-0.017244174573166782
2023-06-09,70.16999816894531,70.16999816894531,71.7699966430664,70.0999984741211,70.94000244140625,300724,CL=F,-0.015710516653087758,-0.015835234802188534
2023-06-12,67.12000274658203,67.12000274658203,70.33000183105469,66.80000305175781,70.2699966430664,404769,CL=F,-0.04346580450265847,-0.044438740090224194
2023-06-13,69.41999816894531,69.41999816894531,69.83000183105469,67.1500015258789,67.30999755859375,366354,CL=F,0.03426691490235978,0.03369288097774668
2023-06-14,68.2699966430664,68.2699966430664,70.48999786376953,68.06999969482422,69.3499984741211,304449,CL=F,-0.016565853589914914,-0.016704601798411153
2023-06-15,70.62000274658203,70.62000274658203,70.95999908447266,67.97000122070312,68.69999694824219,115613,CL=F,0.034422238451278675,0.033843047133893404
2023-06-16,71.77999877929688,71.77999877929688,71.88999938964844,69.94999694824219,70.55000305175781,99185,CL=F,0.01642588484281804,0.016292439320637658
2023-06-20,70.5,70.5,72.08999633789062,69.6500015258789,71.44999694824219,430492,CL=F,-0.017832248552030583,-0.017993158895064698
2023-06-21,72.52999877929688,72.52999877929688,72.72000122070312,70.80000305175781,70.9000015258789,264656,CL=F,0.028794308926196832,0.028387542726777716
2023-06-22,69.51000213623047,69.51000213623047,72.6500015258789,68.93000030517578,72.43000030517578,421348,CL=F,-0.04163789733756951,-0.04252959469989951
2023-06-23,69.16000366210938,69.16000366210938,69.6500015258789,67.3499984741211,69.52999877929688,322475,CL=F,-0.0050352246204099504,-0.005047944078749438
2023-06-26,69.37000274658203,69.37000274658203,70.11000061035156,68.70999908447266,69.83999633789062,280116,CL=F,0.0030364238483653327,0.003031823224082698
2023-06-27,67.69999694824219,67.69999694824219,70.1500015258789,67.5,69.48999786376953,384752,CL=F,-0.024073889753768674,-0.024368402149869475
2023-06-28,69.55999755859375,69.55999755859375,69.7300033569336,67.05000305175781,68.01000213623047,368295,CL=F,0.027474160918700807,0.02710351954766955
2023-06-29,69.86000061035156,69.86000061035156,70.5999984741211,68.93000030517578,69.25,292865,CL=F,0.004312867485440908,0.004303593727232923
2023-06-30,70.63999938964844,70.63999938964844,71.04000091552734,69.52999877929688,69.81999969482422,299873,CL=F,0.011165169946782072,0.01110329953992615
2023-07-03,69.79000091552734,69.79000091552734,71.7699966430664,69.69000244140625,70.44999694824219,303479,CL=F,-0.012032821085296463,-0.012105801508016404
2023-07-05,71.79000091552734,71.79000091552734,72.16999816894531,69.9000015258789,70.1500015258789,456809,CL=F,0.02865740039781306,0.028254457193867853
2023-07-06,71.80000305175781,71.80000305175781,72.33999633789062,70.22000122070312,71.80000305175781,395381,CL=F,0.00013932492133883478,0.00013931521652338637
2023-07-07,73.86000061035156,73.86000061035156,73.91999816894531,71.19000244140625,71.88999938964844,362632,CL=F,0.028690772577109502,0.02828689913027681
2023-07-10,72.98999786376953,72.98999786376953,74.1500015258789,72.66999816894531,73.86000061035156,301014,CL=F,-0.011779078518719954,-0.011849001491944946
2023-07-11,74.83000183105469,74.83000183105469,74.95999908447266,72.9800033569336,73.19000244140625,326883,CL=F,0.025208987822131323,0.02489648236569345
2023-07-12,75.75,75.75,76.1500015258789,74.66999816894531,74.83000183105469,352887,CL=F,0.012294509507328577,0.012219545827684955
2023-07-13,76.88999938964844,76.88999938964844,77.33000183105469,75.31999969482422,75.8499984741211,379728,CL=F,0.015049496893048575,0.01493737671662713
2023-07-14,75.41999816894531,75.41999816894531,77.30000305175781,75.11000061035156,77.16000366210938,299576,CL=F,-0.019118236862686544,-0.019303353554000074
2023-07-17,74.1500015258789,74.1500015258789,76.08999633789062,73.83999633789062,75.0199966430664,244785,CL=F,-0.016838990637755513,-0.016982378389892278
2023-07-18,75.75,75.75,75.95999908447266,73.87999725341797,74.18000030517578,125092,CL=F,0.021577861647955388,0.021348355227265157
2023-07-19,75.3499984741211,75.3499984741211,76.97000122070312,75.06999969482422,75.83999633789062,92920,CL=F,-0.005280548196421209,-0.005294539567523786
2023-07-20,75.62999725341797,75.62999725341797,76.1500015258789,74.72000122070312,75.3499984741211,340962,CL=F,0.0037159759119709257,0.0037090887299437904
2023-07-21,77.06999969482422,77.06999969482422,77.29000091552734,75.69000244140625,75.69999694824219,308106,CL=F,0.019040096439262744,0.0188611022782814
2023-07-24,78.73999786376953,78.73999786376953,79.27999877929688,76.44000244140625,77.01000213623047,368285,CL=F,0.021668589276735872,0.02143716255522998
2023-07-25,79.62999725341797,79.62999725341797,79.9000015258789,78.29000091552734,78.8499984741211,349600,CL=F,0.011303015161217678,0.011239613392143006
2023-07-26,78.77999877929688,78.77999877929688,79.7699966430664,78.55000305175781,79.33999633789062,322031,CL=F,-0.010674350162489965,-0.010731729729882442
2023-07-27,80.08999633789062,80.08999633789062,80.5999984741211,78.87000274658203,78.9000015258789,374358,CL=F,0.016628555202999218,0.016491814562992667
2023-07-28,80.58000183105469,80.58000183105469,80.70999908447266,79.06999969482422,79.83999633789062,299547,CL=F,0.006118185985385605,0.006099545875976461
2023-07-31,81.80000305175781,81.80000305175781,82.0,80.12999725341797,80.6500015258789,297270,CL=F,0.015140248113433952,0.015026778429613846
2023-08-01,81.37000274658203,81.37000274658203,82.22000122070312,80.58999633789062,81.7300033569336,307859,CL=F,-0.005256727251021109,-0.0052705924534539855
2023-08-02,79.48999786376953,79.48999786376953,82.43000030517578,79.05000305175781,82.05000305175781,414825,CL=F,-0.023104397435840918,-0.023375487751982435
2023-08-03,81.55000305175781,81.55000305175781,81.86000061035156,78.69000244140625,79.7699966430664,402641,CL=F,0.02591527542268568,0.025585165778128107
2023-08-04,82.81999969482422,82.81999969482422,83.23999786376953,81.51000213623047,81.7300033569336,320873,CL=F,0.015573226186887723,0.015453207943668348
2023-08-07,81.94000244140625,81.94000244140625,83.30000305175781,81.5199966430664,82.81999969482422,293036,CL=F,-0.010625419665063918,-0.01068227251884067
2023-08-08,82.91999816894531,82.91999816894531,83.08000183105469,79.9000015258789,82.52999877929688,424545,CL=F,0.011959918212595122,0.011888963571621945
2023-08-09,84.4000015258789,84.4000015258789,84.6500015258789,82.66999816894531,82.87999725341797,478140,CL=F,0.01784856958050285,0.01769115419565046
2023-08-10,82.81999969482422,82.81999969482422,84.88999938964844,82.58000183105469,84.25,362188,CL=F,-0.0187204005034316,-0.018897845248431876
2023-08-11,83.19000244140625,83.19000244140625,83.80999755859375,82.2300033569336,82.83000183105469,331254,CL=F,0.004467553102456279,0.004457603210535083
2023-08-14,82.51000213623047,82.51000213623047,83.19999694824219,81.76000213623047,83.08999633789062,277352,CL=F,-0.008174062810669236,-0.008207653636332482
2023-08-15,80.98999786376953,80.98999786376953,82.91000366210938,80.4000015258789,82.5199966430664,303207,CL=F,-0.018422060757570802,-0.018593860122389717
2023-08-16,79.37999725341797,79.37999725341797,81.43000030517578,79.05000305175781,81.2300033569336,325403,CL=F,-0.019879005467560162,-0.020079251129936113
2023-08-17,80.38999938964844,80.38999938964844,81.08000183105469,78.94999694824219,79.25,235581,CL=F,0.012723635313391046,0.01264336999299781
2023-08-18,81.25,81.25,81.61000061035156,79.58999633789062,80.04000091552734,128090,CL=F,0.010697855664647538,0.010641038462359106
2023-08-21,80.72000122070312,80.72000122070312,82.47000122070312,80.61000061035156,81.43000030517578,115874,CL=F,-0.006523061899038507,-0.006544430041808612
2023-08-22,80.3499984741211,80.3499984741211,80.98999786376953,80.0999984741211,80.80000305175781,287489,CL=F,-0.0045837802401709205,-0.004594317974920206
2023-08-23,78.88999938964844,78.88999938964844,79.91000366210938,77.62000274658203,79.63999938964844,378146,CL=F,-0.018170492995627008,-0.018337603822861738
2023-08-24,79.05000305175781,79.05000305175781,79.27999877929688,77.58999633789062,78.56999969482422,349230,CL=F,0.00202818688486861,0.002026132890635851
2023-08-25,79.83000183105469,79.83000183105469,80.44999694824219,78.13999938964844,78.87999725341797,411409,CL=F,0.009867156852431336,0.009818794333739538
2023-08-28,80.0999984741211,80.0999984741211,80.87000274658203,79.61000061035156,80.1500015258789,246584,CL=F,0.003382145019084515,0.003376438430007358
2023-08-29,81.16000366210938,81.16000366210938,81.41000366210938,79.33999633789062,79.9800033569336,284168,CL=F,0.013233523198265207,0.013146725055070738
2023-08-30,81.62999725341797,81.62999725341797,82.05000305175781,80.87999725341797,81.29000091552734,299418,CL=F,0.0057909508391018605,0.005774247736830996
2023-08-31,83.62999725341797,83.62999725341797,83.69000244140625,81.4800033569336,81.69999694824219,368848,CL=F,0.024500797100250438,0.02420546673482652
2023-09-01,85.55000305175781,85.55000305175781,86.05999755859375,83.45999908447266,83.62999725341797,420461,CL=F,0.02295833865116359,0.022698761459047576
2023-09-05,86.69000244140625,86.69000244140625,88.06999969482422,85.0199966430664,86.05999755859375,452908,CL=F,0.013325533009726831,0.013237529032623712
2023-09-06,87.54000091552734,87.54000091552734,88.08000183105469,85.93000030517578,86.72000122070312,307115,CL=F,0.009805034608178831,0.009757277178099374
2023-09-07,86.87000274658203,86.87000274658203,87.73999786376953,86.38999938964844,87.54000091552734,270736,CL=F,-0.007653623051613101,-0.007683062332156812
2023-09-08,87.51000213623047,87.51000213623047,87.94999694824219,86.1500015258789,86.77999877929688,294437,CL=F,0.007367323234873657,0.007340317070030951
2023-09-11,87.29000091552734,87.29000091552734,88.1500015258789,86.70999908447266,87.4000015258789,292388,CL=F,-0.0025140122881112115,-0.002517177723412052
2023-09-12,88.83999633789062,88.83999633789062,89.37000274658203,87.22000122070312,87.2699966430664,341137,CL=F,0.017756849651809015,0.01760103856922371
2023-09-13,88.5199966430664,88.5199966430664,89.63999938964844,88.29000091552734,88.75,345972,CL=F,-0.0036019778029610094,-0.003608480544858315
2023-09-14,90.16000366210938,90.16000366210938,90.79000091552734,88.68000030517578,88.80999755859375,325270,CL=F,0.018526966575200587,0.018357433089449215
2023-09-15,90.7699966430664,90.7699966430664,91.2300033569336,89.22000122070312,90.66999816894531,315003,CL=F,0.006765671652400274,0.0067428872062673595
2023-09-18,91.4800033569336,91.4800033569336,92.43000030517578,90.75,91.19999694824219,119258,CL=F,0.007822041865432006,0.007791608294717611
2023-09-19,91.19999694824219,91.19999694824219,93.73999786376953,91.06999969482422,92.22000122070312,94597,CL=F,-0.003060848255534987,-0.0030655422323710565
2023-09-20,90.27999877929688,90.27999877929688,91.9800033569336,89.87000274658203,91.55000305175781,457854,CL=F,-0.010087699558448793,-0.010138925189995375
2023-09-21,89.62999725341797,89.62999725341797,90.9800033569336,88.37000274658203,89.30000305175781,351032,CL=F,-0.007199839772571659,-0.007225883702320368
2023-09-22,90.02999877929688,90.02999877929688,91.33000183105469,89.30999755859375,89.62000274658203,402087,CL=F,0.004462808637023086,0.00445287983582428
2023-09-25,89.68000030517578,89.68000030517578,90.83000183105469,89.02999877929688,90.55000305175781,328369,CL=F,-0.003887576128697834,-0.003895152394691035
2023-09-26,90.38999938964844,90.38999938964844,90.73999786376953,88.19000244140625,89.87999725341797,318016,CL=F,0.007917028122843117,0.00788585289105018
2023-09-27,93.68000030517578,93.68000030517578,94.16999816894531,90.4000015258789,90.52999877929688,504630,CL=F,0.03639784199295071,0.035751087489206496
2023-09-28,91.70999908447266,91.70999908447266,95.02999877929688,91.38999938964844,93.77999877929688,406709,CL=F,-0.021029047974867265,-0.02125330795910164
2023-09-29,90.79000091552734,90.79000091552734,93.0999984741211,90.3499984741211,91.76000213623047,355782,CL=F,-0.01003160154977123,-0.010082257120324335
2023-10-02,88.81999969482422,88.81999969482422,91.87999725341797,88.45999908447266,90.81999969482422,334493,CL=F,-0.02169843816320749,-0.02193731103961071
2023-10-03,89.2300033569336,89.2300033569336,90.2699966430664,87.76000213623047,88.66999816894531,350659,CL=F,0.0046161187065763,0.0046054971051253885
2023-10-04,84.22000122070312,84.22000122070312,89.58999633789062,84.16000366210938,89.41999816894531,459995,CL=F,-0.056147057578712634,-0.05778490630519061
2023-10-05,82.30999755859375,82.30999755859375,84.91999816894531,82.1500015258789,84.44999694824219,465997,CL=F,-0.02267874180034868,-0.022939859904561943
2023-10-06,82.79000091552734,82.79000091552734,83.27999877929688,81.5,82.27999877929688,461139,CL=F,0.0058316531547932815,0.00581471488570491
2023-10-09,86.37999725341797,86.37999725341797,87.23999786376953,84.66999816894531,85.25,435037,CL=F,0.04336268025354406,0.042448843526906935
2023-10-10,85.97000122070312,85.97000122070312,86.73999786376953,85.12000274658203,86.43000030517578,337654,CL=F,-0.00474642331270303,-0.004757723350522214
2023-10-11,83.48999786376953,83.48999786376953,86.51000213623047,83.11000061035156,85.95999908447266,425395,CL=F,-0.028847310942416993,-0.029271573766282092
2023-10-12,82.91000366210938,82.91000366210938,85.19999694824219,82.30999755859375,83.19999694824219,373492,CL=F,-0.006946870481498002,-0.006971112321425114
2023-10-13,87.69000244140625,87.69000244140625,87.83000183105469,83.3499984741211,83.51000213623047,356863,CL=F,0.05765285934345443,0.05605216933477332
2023-10-16,86.66000366210938,86.66000366210938,88.33000183105469,86.31999969482422,87.72000122070312,235780,CL=F,-0.01174590889064131,-0.01181543706247282
2023-10-17,86.66000366210938,86.66000366210938,87.75,85.5999984741211,87.05999755859375,197124,CL=F,0.0,0.0
2023-10-18,88.31999969482422,88.31999969482422,89.87999725341797,87.19999694824219,87.80999755859375,92797,CL=F,0.019155273050613264,0.018974120503322253
2023-10-19,89.37000274658203,89.37000274658203,90.68000030517578,86.5999984741211,88.23999786376953,72058,CL=F,0.01188862155101833,0.01181850705256384
2023-10-20,88.75,88.75,90.77999877929688,88.33000183105469,90.27999877929688,311917,CL=F,-0.006937481565711834,-0.006961657770482004
2023-10-23,85.48999786376953,85.48999786376953,88.29000091552734,85.3499984741211,88.0,315517,CL=F,-0.03673241843639963,-0.037424043305457406
2023-10-24,83.73999786376953,83.73999786376953,86.30000305175781,82.94000244140625,86.1500015258789,370591,CL=F,-0.020470230947819967,-0.020682649969346264
2023-10-25,85.38999938964844,85.38999938964844,85.55999755859375,82.08000183105469,83.69000244140625,429459,CL=F,0.01970386395952839,0.01951225569098259
2023-10-26,83.20999908447266,83.20999908447266,85.58999633789062,82.55999755859375,85.37000274658203,341792,CL=F,-0.025529925292868128,-0.025861468861977484
2023-10-27,85.54000091552734,85.54000091552734,85.9000015258789,83.0999984741211,83.52999877929688,333760,CL=F,0.028001464447672042,0.02761659159195094
2023-10-30,82.30999755859375,82.30999755859375,85.30000305175781,81.81999969482422,85.0,356928,CL=F,-0.037760151068075065,-0.03849153617823873
2023-10-31,81.0199966430664,81.0199966430664,83.37000274658203,80.73999786376953,82.58999633789062,346007,CL=F,-0.01567246936933797,-0.015796580982289202
2023-11-01,80.44000244140625,80.44000244140625,83.41999816894531,80.30000305175781,81.4800033569336,321592,CL=F,-0.0071586549702701285,-0.007184401086049107
2023-11-02,82.45999908447266,82.45999908447266,82.83000183105469,80.22000122070312,80.81999969482422,307122,CL=F,0.025111842140206342,0.024801720920969248
2023-11-03,80.51000213623047,80.51000213623047,83.5999984741211,80.0999984741211,82.58000183105469,457281,CL=F,-0.023647792504152165,-0.02393188933045226
2023-11-06,80.81999969482422,80.81999969482422,82.23999786376953,80.66000366210938,81.12999725341797,271131,CL=F,0.0038504229334039852,0.0038430290287168557
2023-11-07,77.37000274658203,77.37000274658203,81.05000305175781,77.08999633789062,80.93000030517578,396289,CL=F,-0.042687416001848,-0.043625311813656455
2023-11-08,75.33000183105469,75.33000183105469,77.52999877929688,74.91000366210938,77.12000274658203,429647,CL=F,-0.026366819737737024,-0.026720657915963647
2023-11-09,75.73999786376953,75.73999786376953,77.16000366210938,75.20999908447266,75.6500015258789,303430,CL=F,0.005442665906664423,0.005427908124148504
2023-11-10,77.16999816894531,77.16999816894531,77.7300033569336,75.30999755859375,75.58999633789062,266998,CL=F,0.01888038480998988,0.018704362473103198
2023-11-13,78.26000213623047,78.26000213623047,78.63999938964844,76.20999908447266,77.1500015258789,262903,CL=F,0.014124711586734229,0.014025887336881721
2023-11-14,78.26000213623047,78.26000213623047,79.7699966430664,77.79000091552734,78.52999877929688,263002,CL=F,0.0,0.0
2023-11-15,76.66000366210938,76.66000366210938,78.7699966430664,76.30999755859375,78.16999816894531,282301,CL=F,-0.020444651551834947,-0.020656536355641606
2023-11-16,72.9000015258789,72.9000015258789,76.62999725341797,72.16000366210938,76.5999984741211,125165,CL=F,-0.049047768805272285,-0.050291447777470084
2023-11-17,75.88999938964844,75.88999938964844,75.98999786376953,72.75,72.97000122070312,101484,CL=F,0.04101505900117308,0.04019625542750343
2023-11-20,77.5999984741211,77.5999984741211,78.22000122070312,75.6500015258789,75.6500015258789,270638,CL=F,0.022532601109836126,0.02228249215254567
2023-11-21,77.7699966430664,77.7699966430664,77.91999816894531,76.91999816894531,77.6500015258789,238629,CL=F,0.0021906980964954137,0.0021883020161747205
2023-11-22,77.0999984741211,77.0999984741211,77.97000122070312,73.79000091552734,77.7699966430664,389325,CL=F,-0.008615124056393308,-0.008652448763582765
2023-11-24,75.54000091552734,75.54000091552734,77.08999633789062,75.06999969482422,76.79000091552734,281147,CL=F,-0.020233431770006693,-0.020440931374297266
2023-11-27,74.86000061035156,74.86000061035156,76.2300033569336,74.05999755859375,75.30999755859375,289562,CL=F,-0.009001857253565504,-0.009042618774556595
2023-11-28,76.41000366210938,76.41000366210938,77.0199966430664,74.63999938964844,75.06999969482422,286618,CL=F,0.02070535718835509,0.02049391495704665
2023-11-29,77.86000061035156,77.86000061035156,78.08999633789062,75.66999816894531,76.55999755859375,322170,CL=F,0.018976532898155263,0.018798724434829987
2023-11-30,75.95999908447266,75.95999908447266,79.5999984741211,75.05000305175781,77.75,559169,CL=F,-0.02440279361655051,-0.024705476130070746
2023-12-01,74.06999969482422,74.06999969482422,76.76000213623047,73.93000030517578,75.58999633789062,358976,CL=F,-0.024881508852397816,-0.0251962859862309
2023-12-04,73.04000091552734,73.04000091552734,75.02999877929688,72.62999725341797,74.58000183105469,388832,CL=F,-0.013905748393959416,-0.014003339083783048
2023-12-05,72.31999969482422,72.31999969482422,74.12000274658203,72.0199966430664,73.30000305175781,358703,CL=F,-0.009857628856492329,-0.009906536957191996
2023-12-06,69.37999725341797,69.37999725341797,72.5999984741211,69.11000061035156,72.0999984741211,436803,CL=F,-0.04065268879718564,-0.04150210991003878
2023-12-07,69.33999633789062,69.33999633789062,70.4800033569336,68.80000305175781,69.27999877929688,339000,CL=F,-0.0005765482431663305,-0.0005767145110153752
2023-12-08,71.2300033569336,71.2300033569336,71.62999725341797,69.5,69.76000213623047,302250,CL=F,0.027257097185772183,0.02689223767527876
2023-12-11,71.31999969482422,71.31999969482422,71.80999755859375,70.3499984741211,71.1500015258789,274414,CL=F,0.0012634610929280754,0.0012626635976269154
2023-12-12,68.61000061035156,68.61000061035156,71.95999908447266,68.22000122070312,71.43000030517578,324530,CL=F,-0.03799774391571298,-0.03873848311721898
2023-12-13,69.47000122070312,69.47000122070312,69.88999938964844,67.70999908447266,68.7300033569336,306996,CL=F,0.012534624729646282,0.012456716677692235
2023-12-14,71.58000183105469,71.58000183105469,72.45999908447266,69.54000091552734,69.8499984741211,275688,CL=F,0.030372831053337546,0.029920708641966384
2023-12-15,71.43000030517578,71.43000030517578,72.22000122070312,70.30000305175781,71.61000061035156,95513,CL=F,-0.002095578681779675,-0.0020977774791577537
2023-12-18,72.47000122070312,72.47000122070312,74.26000213623047,70.63999938964844,71.68000030517578,73941,CL=F,0.014559721560745809,0.014454746526187893
2023-12-19,73.44000244140625,73.44000244140625,74.01000213623047,71.8499984741211,72.4800033569336,230042,CL=F,0.013384865521790745,0.013296079590339167
2023-12-20,74.22000122070312,74.22000122070312,75.37000274658203,73.5999984741211,74.05999755859375,273364,CL=F,0.010620898057828843,0.010564892523759216
2023-12-21,73.88999938964844,73.88999938964844,74.58000183105469,72.44000244140625,73.80999755859375,251982,CL=F,-0.004446265502925373,-0.0044561795392595365
2023-12-22,73.55999755859375,73.55999755859375,74.9800033569336,73.38999938964844,73.91000366210938,222600,CL=F,-0.004466123071871553,-0.004476125993481734
2023-12-26,75.56999969482422,75.56999969482422,76.18000030517578,73.12999725341797,73.55999755859375,208715,CL=F,0.027324662900232166,0.026958008447507856
2023-12-27,74.11000061035156,74.11000061035156,75.66000366210938,73.7699966430664,75.31999969482422,253323,CL=F,-0.019319823876784437,-0.019508890795290112
2023-12-28,71.7699966430664,71.7699966430664,74.4000015258789,71.72000122070312,73.80000305175781,262748,CL=F,-0.0315747395495003,-0.03208396953053284
2023-12-29,71.6500015258789,71.6500015258789,72.62000274658203,71.25,71.98999786376953,214486,CL=F,-0.0016719398467338609,-0.0016733390980195589
2024-01-02,70.37999725341797,70.37999725341797,73.63999938964844,70.05999755859375,71.70999908447266,330992,CL=F,-0.01772511158987533,-0.017884082702064517
2024-01-03,72.69999694824219,72.69999694824219,73.2300033569336,69.27999877929688,70.5,334861,CL=F,0.03296390715206443,0.032432249693658995
2024-01-04,72.19000244140625,72.19000244140625,74.0,71.05999755859375,73.04000091552734,344467,CL=F,-0.007015055409136051,-0.0070397765918172265
2024-01-05,73.80999755859375,73.80999755859375,74.23999786376953,72.20999908447266,72.4000015258789,325525,CL=F,0.022440712874367774,0.022192624734812802
2024-01-08,70.7699966430664,70.7699966430664,73.94999694824219,70.12999725341797,73.51000213623047,392249,CL=F,-0.041186844818875024,-0.0420590560517803
2024-01-09,72.23999786376953,72.23999786376953,72.93000030517578,70.47000122070312,70.91000366210938,363445,CL=F,0.020771531587279624,0.020558744884156332
2024-01-10,71.37000274658203,71.37000274658203,73.58999633789062,71.01000213623047,72.16999816894531,352772,CL=F,-0.012043122133366335,-0.01211622807075257
2024-01-11,72.0199966430664,72.0199966430664,73.80999755859375,71.16999816894531,71.33000183105469,373645,CL=F,0.009107382254031071,0.009066160142917532
2024-01-12,72.68000030517578,72.68000030517578,75.25,72.36000061035156,73.01000213623047,403636,CL=F,0.009164172353136602,0.009122436117268835
2024-01-16,72.4000015258789,72.4000015258789,73.55999755859375,71.2300033569336,72.62999725341797,430437,CL=F,-0.0038524873159216932,-0.0038599272595207343
2024-01-17,72.55999755859375,72.55999755859375,72.94999694824219,70.5,72.0,315679,CL=F,0.0022098899080500445,0.002207451692811289
2024-01-18,74.08000183105469,74.08000183105469,74.37999725341797,72.18000030517578,72.77999877929688,86646,CL=F,0.02094824040248211,0.020731842895027334
2024-01-19,73.41000366210938,73.41000366210938,74.91000366210938,73.19999694824219,74.08000183105469,78234,CL=F,-0.009044251517073332,-0.009085399046793905
2024-01-22,75.19000244140625,75.19000244140625,75.75,72.88999938964844,73.41000366210938,372284,CL=F,0.02424735990328819,0.02395805985137076
2024-01-23,74.37000274658203,74.37000274658203,75.25,73.41000366210938,74.68000030517578,306060,CL=F,-0.01090570113311573,-0.010965604213236486
2024-01-24,75.08999633789062,75.08999633789062,75.83000183105469,73.94000244140625,74.56999969482422,323726,CL=F,0.009681236583545472,0.009634673695664826
2024-01-25,77.36000061035156,77.36000061035156,77.51000213623047,75.16000366210938,75.30000305175781,320177,CL=F,0.030230448570623958,0.029782513692605563
2024-01-26,78.01000213623047,78.01000213623047,78.26000213623047,76.05999755859375,77.1500015258789,365456,CL=F,0.008402294735658566,0.0083671919494853
2024-01-29,76.77999877929688,76.77999877929688,79.29000091552734,76.41000366210938,78.9000015258789,331925,CL=F,-0.01576725193245876,-0.01589287731034141
2024-01-30,77.81999969482422,77.81999969482422,78.13999938964844,75.8499984741211,77.0199966430664,347242,CL=F,0.013545206200338944,0.013454289960908507
2024-01-31,75.8499984741211,75.8499984741211,78.11000061035156,75.5199966430664,77.83999633789062,344493,CL=F,-0.025314844878290943,-0.02564077795736542
2024-02-01,73.81999969482422,73.81999969482422,76.94999694824219,73.69999694824219,75.95999908447266,577936,CL=F,-0.02676333315932078,-0.027127992209682653
2024-02-02,72.27999877929688,72.27999877929688,74.5199966430664,71.79000091552734,73.91000366210938,467768,CL=F,-0.020861567622511346,-0.02108224463230448
2024-02-05,72.77999877929688,72.77999877929688,73.27999877929688,71.41000366210938,72.75,350843,CL=F,0.0069175430055929965,0.006893726576010502
2024-02-06,73.30999755859375,73.30999755859375,73.81999969482422,72.37999725341797,72.76000213623047,310955,CL=F,0.007282203739850113,0.007255816521489378
2024-02-07,73.86000061035156,73.86000061035156,74.22000122070312,73.2300033569336,73.5,294955,CL=F,0.007502429001149835,0.007474425755050153
2024-02-08,76.22000122070312,76.22000122070312,76.58999633789062,73.55999755859375,74.08000183105469,377906,CL=F,0.031952350268743546,0.031452493773191474
2024-02-09,76.83999633789062,76.83999633789062,77.29000091552734,75.93000030517578,76.41999816894531,302612,CL=F,0.008134283747808446,0.008101378780224825
2024-02-12,76.91999816894531,76.91999816894531,77.08999633789062,75.54000091552734,76.5999984741211,248476,CL=F,0.0010411482934342686,0.0010406066744543267
2024-02-13,77.87000274658203,77.87000274658203,78.47000122070312,76.87000274658203,77.02999877929688,338174,CL=F,0.012350553825419386,0.012274907944354303
2024-02-14,76.63999938964844,76.63999938964844,78.7699966430664,76.37999725341797,77.80999755859375,296131,CL=F,-0.015795599249386005,-0.01592167916154222
2024-02-15,78.02999877929688,78.02999877929688,78.44000244140625,75.77999877929688,76.5999984741211,122432,CL=F,0.018136735395592574,0.017974226785918826
2024-02-16,79.19000244140625,79.19000244140625,79.3499984741211,77.22000122070312,78.11000061035156,113713,CL=F,0.014866124314449669,0.014756706567403265
2024-02-20,78.18000030517578,78.18000030517578,79.80000305175781,77.66999816894531,78.9800033569336,435235,CL=F,-0.01275416220599035,-0.012836194783739074
2024-02-21,77.91000366210938,77.91000366210938,78.08000183105469,76.31999969482422,77.1500015258789,323243,CL=F,-0.003453525735641727,-0.0034595029211889807
2024-02-22,78.61000061035156,78.61000061035156,78.91999816894531,77.2300033569336,78.08999633789062,330511,CL=F,0.008984686373241901,0.008944564222842582
2024-02-23,76.48999786376953,76.48999786376953,78.38999938964844,76.3499984741211,78.37000274658203,353437,CL=F,-0.02696861379114235,-0.02733894016442214
2024-02-26,77.58000183105469,77.58000183105469,78.02999877929688,75.83999633789062,76.4000015258789,274710,CL=F,0.014250281052778702,0.014149700208427214
2024-02-27,78.87000274658203,78.87000274658203,79.0,77.16999816894531,77.62000274658203,269236,CL=F,0.016628008315036746,0.016491276620096248
2024-02-28,78.54000091552734,78.54000091552734,79.62000274658203,77.77999877929688,78.4800033569336,330043,CL=F,-0.0041841234888125856,-0.0041929014273732485
2024-02-29,78.26000213623047,78.26000213623047,79.27999877929688,77.94000244140625,78.19999694824219,317939,CL=F,-0.003565046804596128,-0.0035714167278449132
2024-03-01,79.97000122070312,79.97000122070312,80.8499984741211,78.05000305175781,78.27999877929688,363417,CL=F,0.02185023048550372,0.02161493552946405
2024-03-04,78.73999786376953,78.73999786376953,80.41000366210938,78.55999755859375,80.13999938964844,347214,CL=F,-0.01538080953055132,-0.015500321222901771
2024-03-05,78.1500015258789,78.1500015258789,79.48999786376953,77.5199966430664,78.73999786376953,436521,CL=F,-0.007492968680433476,-0.0075211819929224405
2024-03-06,79.12999725341797,79.12999725341797,80.66999816894531,77.98999786376953,78.1500015258789,371049,CL=F,0.012539932289246991,0.012461958518870208
2024-03-07,78.93000030517578,78.93000030517578,79.52999877929688,78.0199966430664,79.12999725341797,432923,CL=F,-0.002527447936105487,-0.0025306473246359336
2024-03-08,78.01000213623047,78.01000213623047,79.98999786376953,77.55999755859375,79.51000213623047,347533,CL=F,-0.011655874387282661,-0.01172433660244081
2024-03-11,77.93000030517578,77.93000030517578,78.47000122070312,76.79000091552734,77.80000305175781,329873,CL=F,-0.0010255329940253022,-0.0010260592127867838
2024-03-12,77.55999755859375,77.55999755859375,78.7300033569336,77.33999633789062,78.08999633789062,309922,CL=F,-0.0047478858608122065,-0.004759192874689783
2024-03-13,79.72000122070312,79.72000122070312,79.9000015258789,77.56999969482422,78.05999755859375,316390,CL=F,0.027849455003883472,0.02746871176017195
2024-03-14,81.26000213623047,81.26000213623047,81.62000274658203,79.56999969482422,79.62999725341797,297450,CL=F,0.019317622829230663,0.01913340619143594
2024-03-15,81.04000091552734,81.04000091552734,81.44999694824219,80.48999786376953,81.13999938964844,185078,CL=F,-0.002707374045281208,-0.0027110456107564012
2024-03-18,82.72000122070312,82.72000122070312,83.08999633789062,81.01000213623047,81.02999877929688,84718,CL=F,0.02073050698662926,0.020518554279512564
2024-03-19,83.47000122070312,83.47000122070312,83.8499984741211,82.38999938964844,82.8499984741211,76814,CL=F,0.009066731007401074,0.009025874969930351
2024-03-20,81.68000030517578,81.68000030517578,83.20999908447266,81.44000244140625,83.19999694824219,351161,CL=F,-0.021444841132737036,-0.021678122894452184
2024-03-21,81.06999969482422,81.06999969482422,81.91999816894531,80.30000305175781,81.48999786376953,266860,CL=F,-0.007468175906861663,-0.007496202357379792
2024-03-22,80.62999725341797,80.62999725341797,81.44999694824219,80.41999816894531,80.83999633789062,231101,CL=F,-0.005427438547706553,-0.00544222060235778
2024-03-25,81.94999694824219,81.94999694824219,82.4800033569336,80.58999633789062,80.8499984741211,300360,CL=F,0.01637107453539266,0.016238513317663482
2024-03-26,81.62000274658203,81.62000274658203,82.36000061035156,81.22000122070312,81.94000244140625,235845,CL=F,-0.004026775032933472,-0.004034904322067613
2024-03-27,81.3499984741211,81.3499984741211,81.73999786376953,80.55000305175781,81.29000091552734,249964,CL=F,-0.003308064976415892,-0.0033135487204207707
2024-03-28,83.16999816894531,83.16999816894531,83.20999908447266,81.5199966430664,81.70999908447266,293774,CL=F,0.022372461327128335,0.022125868956704677
2024-04-01,83.70999908447266,83.70999908447266,84.48999786376953,82.5999984741211,83.13999938964844,321059,CL=F,0.006492736893301654,0.006471749870282901
2024-04-02,85.1500015258789,85.1500015258789,85.5,83.8499984741211,84.04000091552734,344040,CL=F,0.017202275201952055,0.01705599129351878
2024-04-03,85.43000030517578,85.43000030517578,86.19999694824219,84.8499984741211,85.45999908447266,322549,CL=F,0.0032883003438559655,0.003282905707169063
2024-04-04,86.58999633789062,86.58999633789062,87.22000122070312,84.63999938964844,85.66000366210938,359534,CL=F,0.013578321767190316,0.013486962431428861
2024-04-05,86.91000366210938,86.91000366210938,87.62999725341797,86.31999969482422,86.86000061035156,353206,CL=F,0.003695661597790334,0.0036888494189806584
2024-04-08,86.43000030517578,86.43000030517578,87.0999984741211,84.69000244140625,86.0999984741211,393734,CL=F,-0.005522993173487367,-0.005538301290720926
2024-04-09,85.2300033569336,85.2300033569336,86.9800033569336,85.08999633789062,86.58999633789062,314994,CL=F,-0.01388403267389926,-0.013981317374481906
2024-04-10,86.20999908447266,86.20999908447266,86.37999725341797,84.55000305175781,85.33999633789062,373939,CL=F,0.011498248139624634,0.011432645681132773
2024-04-11,85.0199966430664,85.0199966430664,86.62999725341797,84.83999633789062,86.31999969482422,388128,CL=F,-0.013803531539772207,-0.013899686155501469
2024-04-12,85.66000366210938,85.66000366210938,87.66999816894531,85.23999786376953,85.5999984741211,369958,CL=F,0.007527723409939346,0.007499531492312272
2024-04-15,85.41000366210938,85.41000366210938,86.11000061035156,84.05000305175781,85.93000030517578,343894,CL=F,-0.0029185149347662476,-0.002922782104032367
2024-04-16,85.36000061035156,85.36000061035156,86.18000030517578,84.75,85.69999694824219,241343,CL=F,-0.0005854472498986185,-0.0005856186910562605
2024-04-17,82.69000244140625,82.69000244140625,85.51000213623047,82.55000305175781,85.36000061035156,259540,CL=F,-0.03127926604796116,-0.031778908884939415
2024-04-18,82.7300033569336,82.7300033569336,83.47000122070312,81.55999755859375,82.79000091552734,84468,CL=F,0.00048374548731788813,0.0004836285201896646
2024-04-19,83.13999938964844,83.13999938964844,86.27999877929688,81.80000305175781,82.62000274658203,76901,CL=F,0.004955832419659689,0.004943592704169771
2024-04-22,82.8499984741211,82.8499984741211,83.3499984741211,81.8499984741211,83.05000305175781,313914,CL=F,-0.003488103411791066,-0.003494201028036716
2024-04-23,83.36000061035156,83.36000061035156,83.43000030517578,80.87999725341797,82.12999725341797,355814,CL=F,0.00615572897553851,0.006136859871728367
2024-04-24,82.80999755859375,82.80999755859375,83.70999908447266,82.44000244140625,83.4000015258789,329077,CL=F,-0.006597925236693336,-0.006619787763346306
2024-04-25,83.56999969482422,83.56999969482422,83.83000183105469,81.98999786376953,82.83000183105469,314116,CL=F,0.009177661618607225,0.009135802798020112
2024-04-26,83.8499984741211,83.8499984741211,84.45999908447266,83.3499984741211,83.80999755859375,244090,CL=F,0.00335047002895017,0.003344869709890436
2024-04-29,82.62999725341797,82.62999725341797,83.91000366210938,82.4000015258789,83.69000244140625,336984,CL=F,-0.014549806116927466,-0.014656692597930232
2024-04-30,81.93000030517578,81.93000030517578,83.30000305175781,80.94999694824219,82.76000213623047,400680,CL=F,-0.008471462804184426,-0.008507549595007585
2024-05-01,79.0,79.0,81.56999969482422,78.83000183105469,81.4800033569336,441978,CL=F,-0.035762239646796146,-0.03641737541153739
2024-05-02,78.94999694824219,78.94999694824219,79.9000015258789,78.41000366210938,79.1500015258789,359652,CL=F,-0.0006329500222508333,-0.0006331504196816675
2024-05-03,78.11000061035156,78.11000061035156,79.62999725341797,77.95999908447266,79.06999969482422,324438,CL=F,-0.01063959937124892,-0.010696604611133635
2024-05-06,78.4800033569336,78.4800033569336,79.08999633789062,77.91000366210938,78.16000366210938,297369,CL=F,0.004736944612608207,0.004725760595283706
2024-05-07,78.37999725341797,78.37999725341797,79.16999816894531,77.55000305175781,78.72000122070312,327593,CL=F,-0.0012742877069052971,-0.0012751003018784941
2024-05-08,78.98999786376953,78.98999786376953,79.2699966430664,76.88999938964844,78.33999633789062,355449,CL=F,0.007782605661228903,0.0077524774024004825
2024-05-09,79.26000213623047,79.26000213623047,79.80000305175781,78.91000366210938,79.2300033569336,272712,CL=F,0.0034182083778075967,0.0034123795824652194
2024-05-10,78.26000213623047,78.26000213623047,79.95999908447266,78.13999938964844,79.58999633789062,281169,CL=F,-0.01261670417673244,-0.012696970635629665
2024-05-13,79.12000274658203,79.12000274658203,79.48999786376953,77.77999877929688,78.18000030517578,287701,CL=F,0.010989018488071656,0.010929077949739378
2024-05-14,78.0199966430664,78.0199966430664,79.37999725341797,77.68000030517578,79.2300033569336,307410,CL=F,-0.013903008914684878,-0.014000560976655058
2024-05-15,78.62999725341797,78.62999725341797,78.91999816894531,76.69999694824219,78.44000244140625,321267,CL=F,0.007818516234270767,0.007788110021032777
2024-05-16,79.2300033569336,79.2300033569336,79.8499984741211,78.19999694824219,78.83999633789062,230277,CL=F,0.00763075320455453,0.00760178627366133
2024-05-17,80.05999755859375,80.05999755859375,80.13999938964844,79.0,79.37999725341797,94152,CL=F,0.01047575623493291,0.010421265723094177
2024-05-20,79.80000305175781,79.80000305175781,80.5999984741211,79.16999816894531,80.01000213623047,85072,CL=F,-0.0032474958126954556,-0.0032527803713785952
2024-05-21,79.26000213623047,79.26000213623047,79.72000122070312,78.08000183105469,79.69999694824219,371672,CL=F,-0.0067669285072220475,-0.006789927983864295
2024-05-22,77.56999969482422,77.56999969482422,78.41000366210938,77.25,78.20999908447266,314145,CL=F,-0.021322260861178277,-0.02155286414589558
2024-05-23,76.87000274658203,76.87000274658203,78.66000366210938,76.43000030517578,77.29000091552734,330273,CL=F,-0.009024067951477588,-0.00906503147732145
2024-05-24,77.72000122070312,77.72000122070312,78.05000305175781,76.1500015258789,77.04000091552734,299075,CL=F,0.01105760951932444,0.010996921124401168
2024-05-28,79.83000183105469,79.83000183105469,80.29000091552734,77.69000244140625,77.80999755859375,334074,CL=F,0.027148746490105458,0.026786756378970412
2024-05-29,79.2300033569336,79.2300033569336,80.62000274658203,78.98999786376953,80.26000213623047,259594,CL=F,-0.007515952152811867,-0.00754433924800599
2024-05-30,77.91000366210938,77.91000366210938,79.41999816894531,77.62999725341797,79.27999877929688,373779,CL=F,-0.016660351368124715,-0.016800695999504067
2024-05-31,76.98999786376953,76.98999786376953,78.62000274658203,76.66999816894531,77.91000366210938,345120,CL=F,-0.011808570852208544,-0.011878845804020198
2024-06-03,74.22000122070312,74.22000122070312,77.5199966430664,73.9800033569336,76.97000122070312,443271,CL=F,-0.035978655928368686,-0.036641843463558636
2024-06-04,73.25,73.25,74.12999725341797,72.4800033569336,74.0199966430664,408721,CL=F,-0.013069269802606143,-0.013155424182366147
2024-06-05,74.06999969482422,74.06999969482422,74.33000183105469,72.81999969482422,72.9000015258789,307701,CL=F,0.011194535082924562,0.011132340007921552
2024-06-06,75.55000305175781,75.55000305175781,75.79000091552734,74.05999755859375,74.30000305175781,291082,CL=F,0.019981144363863335,0.019784141207531986
2024-06-07,75.52999877929688,75.52999877929688,76.25,75.20999908447266,75.66999816894531,280253,CL=F,-0.0002647818881917896,-0.0002648169491050799
2024-06-10,77.73999786376953,77.73999786376953,78.29000091552734,75.2300033569336,75.3499984741211,317031,CL=F,0.029259885081295955,0.02883998578138424
2024-06-11,77.9000015258789,77.9000015258789,78.36000061035156,77.22000122070312,78.12000274658203,314874,CL=F,0.0020581896900713215,0.0020560745194554914
2024-06-12,78.5,78.5,79.31999969482422,77.87999725341797,78.22000122070312,322285,CL=F,0.007702162546450841,0.007672652323997818
2024-06-13,78.62000274658203,78.62000274658203,78.88999938964844,77.66999816894531,78.37000274658203,307638,CL=F,0.0015286974086883287,0.0015275301402533966
2024-06-14,78.44999694824219,78.44999694824219,79.1500015258789,77.7300033569336,77.95999908447266,245827,CL=F,-0.0021623733452137417,-0.0021647146502484236
2024-06-17,80.33000183105469,80.33000183105469,80.66000366210938,77.9800033569336,78.4800033569336,126733,CL=F,0.02396437165004417,0.023681732701511034
2024-06-18,81.56999969482422,81.56999969482422,81.66999816894531,79.7699966430664,80.43000030517578,140709,CL=F,0.015436298213678867,0.01531837059133567
2024-06-20,82.16999816894531,82.16999816894531,82.41000366210938,81.12999725341797,81.5199966430664,420499,CL=F,0.007355626779034674,0.007328706088144798
2024-06-21,80.7300033569336,80.7300033569336,81.79000091552734,80.3499984741211,81.2699966430664,290500,CL=F,-0.017524581283925866,-0.017679954670203727
2024-06-24,81.62999725341797,81.62999725341797,81.77999877929688,80.2300033569336,80.44999694824219,271745,CL=F,0.011148195950211992,0.011086512827385236
2024-06-25,80.83000183105469,80.83000183105469,81.9000015258789,80.55000305175781,81.69999694824219,286038,CL=F,-0.009800262762226009,-0.009848601417630847
2024-06-26,80.9000015258789,80.9000015258789,81.62999725341797,80.18000030517578,80.72000122070312,308410,CL=F,0.000866011298261915,0.0008656365268328098
2024-06-27,81.73999786376953,81.73999786376953,82.04000091552734,80.51000213623047,80.86000061035156,306342,CL=F,0.010383143659421501,0.010329609075931839
2024-06-28,81.54000091552734,81.54000091552734,82.72000122070312,80.97000122070312,81.86000061035156,260252,CL=F,-0.0024467452100440656,-0.0024497433826135406
2024-07-01,83.37999725341797,83.37999725341797,83.63999938964844,81.37999725341797,81.44999694824219,345780,CL=F,0.02256556680440558,0.02231473089305164
2024-07-02,82.80999755859375,82.80999755859375,84.37999725341797,82.72000122070312,83.43000030517578,367787,CL=F,-0.00683616830895073,-0.006859641948526388
2024-07-03,83.87999725341797,83.87999725341797,83.93000030517578,82.45999908447266,83.19999694824219,289685,CL=F,0.01292114148496526,0.01283837572594993
2024-07-05,83.16000366210938,83.16000366210938,84.5199966430664,83.0199966430664,83.5999984741211,361357,CL=F,-0.00858361486509529,-0.008620666262815612
2024-07-08,82.33000183105469,82.33000183105469,83.31999969482422,82.08000183105469,83.1500015258789,251774,CL=F,-0.009980781559691843,-0.010030923475955026
2024-07-09,81.41000366210938,81.41000366210938,82.4800033569336,81.25,82.22000122070312,297325,CL=F,-0.011174518990454962,-0.011237422981347668
2024-07-10,82.0999984741211,82.0999984741211,82.66000366210938,80.80999755859375,81.80999755859375,334380,CL=F,0.008475553138107328,0.008439837303350642
2024-07-11,82.62000274658203,82.62000274658203,83.12999725341797,81.62999725341797,82.4000015258789,324170,CL=F,0.006333791499701924,0.006313817339398577
2024-07-12,82.20999908447266,82.20999908447266,83.73999786376953,82.0999984741211,82.86000061035156,370062,CL=F,-0.004962522978448347,-0.004974877184572584
2024-07-15,81.91000366210938,81.91000366210938,82.58000183105469,81.47000122070312,82.16000366210938,296520,CL=F,-0.003649135454374952,-0.0036558097911436604
2024-07-16,80.76000213623047,80.76000213623047,81.93000030517578,80.22000122070312,81.91999816894531,308186,CL=F,-0.014039817781266728,-0.014139308340223741
2024-07-17,82.8499984741211,82.8499984741211,83.0999984741211,80.44999694824219,80.8499984741211,257437,CL=F,0.025879102062987824,0.025549905558976974
2024-07-18,82.81999969482422,82.81999969482422,83.81999969482422,82.04000091552734,83.11000061035156,95704,CL=F,-0.0003620854538246565,-0.00036215102259073414
2024-07-19,80.12999725341797,80.12999725341797,82.87999725341797,80.06999969482422,82.47000122070312,83795,CL=F,-0.03248010687416558,-0.03301929291921077
2024-07-22,79.77999877929688,79.77999877929688,80.69000244140625,79.16999816894531,80.38999938964844,345235,CL=F,-0.004367883266165551,-0.0043774503370086724
2024-07-23,76.95999908447266,76.95999908447266,78.7300033569336,76.4000015258789,78.2699966430664,417941,CL=F,-0.035347201528862615,-0.035987036715088364
2024-07-24,77.58999633789062,77.58999633789062,78.19000244140625,76.9800033569336,77.44999694824219,355971,CL=F,0.00818603509501692,0.008152711246337686
2024-07-25,78.27999877929688,78.27999877929688,78.47000122070312,76.04000091552734,77.5,457288,CL=F,0.00889293045460926,0.00885362122617054
2024-07-26,77.16000366210938,77.16000366210938,78.5999984741211,76.19000244140625,78.3499984741211,365121,CL=F,-0.014307551541297592,-0.014410891435045557
2024-07-29,75.80999755859375,75.80999755859375,77.69000244140625,75.3499984741211,77.30000305175781,362635,CL=F,-0.017496190246794496,-0.017651057634833576
2024-07-30,74.7300033569336,74.7300033569336,75.97000122070312,74.58999633789062,75.91000366210938,419478,CL=F,-0.014246065643590433,-0.014348515000907594
2024-07-31,77.91000366210938,77.91000366210938,78.66000366210938,75.18000030517578,75.23999786376953,460315,CL=F,0.04255319366154864,0.041672698484094266
2024-08-01,76.30999755859375,76.30999755859375,78.87999725341797,76.23999786376953,78.58999633789062,383014,CL=F,-0.02053659386867379,-0.020750402038847978
2024-08-02,73.5199966430664,73.5199966430664,77.29000091552734,72.97000122070312,76.87000274658203,467786,CL=F,-0.03656140747986625,-0.03724652692098453
2024-08-05,72.94000244140625,72.94000244140625,74.45999908447266,71.66999816894531,74.20999908447266,500151,CL=F,-0.007888931285946366,-0.00792021353532362
2024-08-06,73.19999694824219,73.19999694824219,74.55999755859375,72.19999694824219,73.86000061035156,352250,CL=F,0.0035644981921243435,0.0035581604246189076
2024-08-07,75.2300033569336,75.2300033569336,75.83999633789062,72.58000183105469,72.83999633789062,427995,CL=F,0.02773232914376722,0.02735475291781767
2024-08-08,76.19000244140625,76.19000244140625,76.5199966430664,74.5999984741211,75.47000122070312,327301,CL=F,0.012760853936399252,0.012680120334172904
2024-08-09,76.83999633789062,76.83999633789062,77.08999633789062,75.8499984741211,76.0199966430664,263007,CL=F,0.008531222938130911,0.008495037712886217
2024-08-12,80.05999755859375,80.05999755859375,80.16000366210938,76.69999694824219,76.98999786376953,376747,CL=F,0.0419052755617495,0.04105103282825877
2024-08-13,78.3499984741211,78.3499984741211,80.1500015258789,78.16000366210938,79.73999786376953,370763,CL=F,-0.021358969980247,-0.021590373742851835
2024-08-14,76.9800033569336,76.9800033569336,79.0999984741211,76.83000183105469,78.7300033569336,357636,CL=F,-0.017485579372921167,-0.01764025786340206
2024-08-15,78.16000366210938,78.16000366210938,78.5999984741211,76.93000030517578,77.5199966430664,195122,CL=F,0.01532866008987388,0.015212363125069652
2024-08-16,76.6500015258789,76.6500015258789,78.16000366210938,75.54000091552734,78.16000366210938,100810,CL=F,-0.01931937135978523,-0.019508429363616648
2024-08-19,74.37000274658203,74.37000274658203,76.87000274658203,74.16999816894531,76.58000183105469,118172,CL=F,-0.029745580351059675,-0.030196953578393984
2024-08-20,74.04000091552734,74.04000091552734,75.02999877929688,73.5,74.33999633789062,329276,CL=F,-0.004437297550992092,-0.004447171575921042
2024-08-21,71.93000030517578,71.93000030517578,74.16000366210938,71.45999908447266,73.12000274658203,390527,CL=F,-0.028498117021350078,-0.028912071948661716
2024-08-22,73.01000213623047,73.01000213623047,73.5199966430664,71.58000183105469,71.93000030517578,334117,CL=F,0.0150146229177337,0.014903019205474667
2024-08-23,74.83000183105469,74.83000183105469,75.06999969482422,72.83000183105469,72.95999908447266,313764,CL=F,0.024928087132886967,0.024622451234376702
2024-08-26,77.41999816894531,77.41999816894531,77.5999984741211,75.04000091552734,75.0999984741211,409675,CL=F,0.03461173693057118,0.03402622293678218
2024-08-27,75.52999877929688,75.52999877929688,77.4800033569336,75.4000015258789,77.19999694824219,331162,CL=F,-0.0244122892579266,-0.024715209335050777
2024-08-28,74.5199966430664,74.5199966430664,75.94999694824219,73.81999969482422,75.75,337361,CL=F,-0.013372198498000198,-0.013462411477556464
2024-08-29,75.91000366210938,75.91000366210938,76.91000366210938,74.05000305175781,74.41999816894531,408147,CL=F,0.018652805712012777,0.018480975585486233
2024-08-30,73.55000305175781,73.55000305175781,76.58999633789062,73.36000061035156,75.87000274658203,427273,CL=F,-0.03108945457118406,-0.03158298773172092
2024-09-03,70.33999633789062,70.33999633789062,74.41000366210938,70.0999984741211,73.52999877929688,546617,CL=F,-0.043643869213822795,-0.04462491355686993
2024-09-04,69.19999694824219,69.19999694824219,71.45999908447266,68.81999969482422,70.27999877929688,482025,CL=F,-0.016206986764290554,-0.016339756459787656
2024-09-05,69.1500015258789,69.1500015258789,70.81999969482422,68.75,69.2699966430664,405596,CL=F,-0.0007224772336431595,-0.0007227383460925007
2024-09-06,67.66999816894531,67.66999816894531,70.12999725341797,67.16999816894531,69.33000183105469,351074,CL=F,-0.021402795723434842,-0.021635156991438764
2024-09-09,68.70999908447266,68.70999908447266,68.95999908447266,67.30999755859375,68.12999725341797,351074,CL=F,0.015368714994359323,0.01525181253292539
2024-09-10,65.75,65.75,69.08000183105469,65.2699966430664,68.77999877929688,442855,CL=F,-0.0430795972043837,-0.04403506466059675
2024-09-11,67.30999755859375,67.30999755859375,67.97000122070312,65.62999725341797,66.27999877929688,393311,CL=F,0.02372619860979097,0.023449106693669394
2024-09-12,68.97000122070312,68.97000122070312,69.80999755859375,67.23999786376953,67.38999938964844,351976,CL=F,0.02466206688931072,0.024362867390701433
2024-09-13,68.6500015258789,68.6500015258789,70.31999969482422,68.47000122070312,69.30999755859375,308983,CL=F,-0.004639693912723342,-0.00465049070133241
2024-09-16,70.08999633789062,70.08999633789062,70.69999694824219,68.6500015258789,69.16000366210938,295176,CL=F,0.020975889002258663,0.02075892382264858
2024-09-17,71.19000244140625,71.19000244140625,71.91999816894531,69.61000061035156,70.5,251629,CL=F,0.015694195477093498,0.015572315146450825
2024-09-18,70.91000366210938,70.91000366210938,71.4800033569336,69.7300033569336,71.13999938964844,102907,CL=F,-0.003933119394501139,-0.00394087444963749
2024-09-19,71.94999694824219,71.94999694824219,72.48999786376953,70.12999725341797,70.12999725341797,86630,CL=F,0.014666383195923283,0.014559871958021912
2024-09-20,71.91999816894531,71.91999816894531,72.4000015258789,71.36000061035156,72.0999984741211,306997,CL=F,-0.0004169392712893849,-0.0004170262146349265
2024-09-23,70.37000274658203,70.37000274658203,71.80999755859375,69.48999786376953,71.30999755859375,338267,CL=F,-0.021551661037618852,-0.02178728969472246
2024-09-24,71.55999755859375,71.55999755859375,72.4000015258789,70.44000244140625,70.76000213623047,318516,CL=F,0.016910540934567786,0.016769149514567056
2024-09-25,69.69000244140625,69.69000244140625,71.72000122070312,69.2300033569336,71.54000091552734,476237,CL=F,-0.026131849929932338,-0.026479354040803024
2024-09-26,67.66999816894531,67.66999816894531,70.01000213623047,66.94999694824219,69.88999938964844,478069,CL=F,-0.02898556753760073,-0.029413947297257197
2024-09-27,68.18000030517578,68.18000030517578,68.6500015258789,67.05999755859375,67.44999694824219,341133,CL=F,0.007536606325260875,0.0075083480002425705
2024-09-30,68.16999816894531,68.16999816894531,69.31999969482422,67.56999969482422,68.62999725341797,350115,CL=F,-0.00014670190944121586,-0.00014671267121886113
2024-10-01,69.83000183105469,69.83000183105469,71.94000244140625,66.33000183105469,68.41000366210938,668216,CL=F,0.024350941861482678,0.024059184564979595
2024-10-02,70.0999984741211,70.0999984741211,72.48999786376953,69.87000274658203,70.80000305175781,429225,CL=F,0.0038664848344072134,0.0038590291938212363
2024-10-03,73.70999908447266,73.70999908447266,74.08999633789062,70.5199966430664,70.9800033569336,460554,CL=F,0.051497870027547465,0.05021569050716062
2024-10-04,74.37999725341797,74.37999725341797,75.56999969482422,73.45999908447266,73.94999694824219,428815,CL=F,0.009089651027908596,0.00904858879004115
2024-10-07,77.13999938964844,77.13999938964844,77.4000015258789,73.62000274658203,74.4000015258789,419018,CL=F,0.03710677921682293,0.036434893297252344
2024-10-08,73.56999969482422,73.56999969482422,78.45999908447266,72.69000244140625,77.33000183105469,496760,CL=F,-0.04627948824307726,-0.04738461507175182
2024-10-09,73.23999786376953,73.23999786376953,74.44999694824219,71.52999877929688,73.83999633789062,401159,CL=F,-0.004485548897968816,-0.004495639157300412
2024-10-10,75.8499984741211,75.8499984741211,76.23999786376953,73.26000213623047,73.38999938964844,321453,CL=F,0.035636273709432675,0.035015995038710473
2024-10-11,75.55999755859375,75.55999755859375,76.04000091552734,74.52999877929688,75.73999786376953,315302,CL=F,-0.0038233476778023467,-0.0038306753550031453
2024-10-14,73.83000183105469,73.83000183105469,75.08000183105469,71.80999755859375,75.05000305175781,273455,CL=F,-0.02289565621276679,-0.023161832450447797
2024-10-15,70.58000183105469,70.58000183105469,72.12000274658203,69.70999908447266,71.51000213623047,328738,CL=F,-0.044020044960001226,-0.04501833368193956
2024-10-16,70.38999938964844,70.38999938964844,71.30999755859375,69.63999938964844,70.98999786376953,222437,CL=F,-0.002692015251870572,-0.0026956452410497786
2024-10-17,70.66999816894531,70.66999816894531,71.11000061035156,69.44000244140625,70.68000030517578,188161,CL=F,0.003977820453541003,0.003969929843791636
2024-10-18,69.22000122070312,69.22000122070312,71.2300033569336,68.69000244140625,70.75,95768,CL=F,-0.020517857447453047,-0.020731272950513795
2024-10-21,70.55999755859375,70.55999755859375,71.02999877929688,69.0,69.45999908447266,92584,CL=F,0.01935851364142782,0.019173521255786898
2024-10-22,72.08999633789062,72.08999633789062,72.66000366210938,70.05000305175781,70.48999786376953,330456,CL=F,0.02168365691943719,0.021451910519248066
2024-10-23,70.7699966430664,70.7699966430664,71.72000122070312,70.12999725341797,71.3499984741211,293835,CL=F,-0.018310441973630964,-0.018480152964077994
2024-10-24,70.19000244140625,70.19000244140625,72.33999633789062,69.7699966430664,71.0199966430664,286571,CL=F,-0.00819548154828098,-0.008229249128125489
2024-10-25,71.77999877929688,71.77999877929688,71.91999816894531,69.95999908447266,70.33000183105469,287189,CL=F,0.022652746581935723,0.022399983188136557
2024-10-28,67.37999725341797,67.37999725341797,69.0,66.91999816894531,68.9800033569336,419623,CL=F,-0.06129843411404423,-0.06325767149745264
2024-10-29,67.20999908447266,67.20999908447266,68.5199966430664,66.72000122070312,68.0199966430664,291929,CL=F,-0.0025229767865074804,-0.002526164855852338
2024-10-30,68.61000061035156,68.61000061035156,69.16999816894531,67.27999877929688,67.47000122070312,284795,CL=F,0.020830256583091344,0.02061627323877297
2024-10-31,69.26000213623047,69.26000213623047,70.80999755859375,68.30000305175781,69.0999984741211,311055,CL=F,0.009473859788609929,0.009429264219159237
2024-11-01,69.48999786376953,69.48999786376953,71.44999694824219,69.31999969482422,70.44000244140625,320572,CL=F,0.003320758308477556,0.003315256766768306
2024-11-04,71.47000122070312,71.47000122070312,71.80999755859375,70.25,70.29000091552734,286947,CL=F,0.02849335757378002,0.028094971727141534
2024-11-05,71.98999786376953,71.98999786376953,72.66999816894531,71.29000091552734,71.62000274658203,247311,CL=F,0.007275732953475611,0.007249392495397435
2024-11-06,71.69000244140625,71.69000244140625,72.62999725341797,69.73999786376953,72.0199966430664,388265,CL=F,-0.00416718198729471,-0.004175888887395827
2024-11-07,72.36000061035156,72.36000061035156,72.87999725341797,70.66000366210938,71.87000274658203,353595,CL=F,0.009345768532968313,0.009302367042198464
2024-11-08,70.37999725341797,70.37999725341797,72.25,69.98999786376953,72.20999908447266,362038,CL=F,-0.02736323024091214,-0.02774457609362235
2024-11-11,68.04000091552734,68.04000091552734,70.55999755859375,67.91999816894531,70.25,364506,CL=F,-0.03324803110555652,-0.03381331188501914
2024-11-12,68.12000274658203,68.12000274658203,69.12999725341797,67.75,68.1500015258789,286926,CL=F,0.0011758058491799783,0.001175115130863235
2024-11-13,68.43000030517578,68.43000030517578,68.86000061035156,66.94000244140625,67.9800033569336,386027,CL=F,0.004550756695459901,0.004540433309838222
2024-11-14,68.69999694824219,68.69999694824219,69.38999938964844,67.91999816894531,68.12999725341797,232270,CL=F,0.003945588804067146,0.003937825382707094
2024-11-15,67.0199966430664,67.0199966430664,68.69000244140625,66.81999969482422,68.62000274658203,205235,CL=F,-0.02445415400005735,-0.024758122586163202
2024-11-18,69.16000366210938,69.16000366210938,69.38999938964844,66.61000061035156,66.86000061035156,110375,CL=F,0.0319308732651864,0.031431681545723344
2024-11-19,69.38999938964844,69.38999938964844,69.69000244140625,68.44999694824219,69.01000213623047,89360,CL=F,0.0033255597941077575,0.003320042349147119
2024-11-20,68.87000274658203,68.87000274658203,70.1500015258789,68.75,69.55000305175781,235637,CL=F,-0.007493826886298849,-0.007522046678218695
2024-11-21,70.0999984741211,70.0999984741211,70.37999725341797,68.86000061035156,69.04000091552734,283850,CL=F,0.01785967298513147,0.017702062836089758
2024-11-22,71.23999786376953,71.23999786376953,71.51000213623047,69.29000091552734,70.18000030517578,408207,CL=F,0.01626247381544932,0.01613165616169969
2024-11-25,68.94000244140625,68.94000244140625,71.4800033569336,68.73999786376953,71.44000244140625,380922,CL=F,-0.03228516972672435,-0.032817831932857484
2024-11-26,68.7699966430664,68.7699966430664,70.30000305175781,68.05000305175781,69.08000183105469,292138,CL=F,-0.002465996407301163,-0.0024690419843932956
2024-11-27,68.72000122070312,68.72000122070312,69.37000274658203,68.18000030517578,68.91000366210938,227215,CL=F,-0.0007269946895994694,-0.0007272590783860844
2024-11-29,68.0,68.0,69.69000244140625,67.87000274658203,68.7699966430664,291408,CL=F,-0.01047731676241892,-0.010532590263326157
2024-12-02,68.0999984741211,68.0999984741211,69.11000061035156,67.70999908447266,68.0,264883,CL=F,0.0014705657958984375,0.0014694855729147065
2024-12-03,69.94000244140625,69.94000244140625,70.2300033569336,67.91000366210938,68.16000366210938,303752,CL=F,0.02701914843631581,0.026660575793360352
2024-12-04,68.54000091552734,68.54000091552734,70.51000213623047,68.48999786376953,70.0199966430664,325636,CL=F,-0.020017178681853598,-0.020220236738356396
2024-12-05,68.30000305175781,68.30000305175781,69.16000366210938,67.9800033569336,68.73999786376953,286701,CL=F,-0.003501573687828219,-0.0035077185456156065
2024-12-06,67.19999694824219,67.19999694824219,68.48999786376953,66.9800033569336,68.44000244140625,341593,CL=F,-0.01610550592043225,-0.01623660914236962
2024-12-09,68.37000274658203,68.37000274658203,68.87999725341797,67.08000183105469,67.1500015258789,297085,CL=F,0.017410801361211092,0.017260969981989026
2024-12-10,68.58999633789062,68.58999633789062,69.05999755859375,67.72000122070312,68.19000244140625,286003,CL=F,0.003217691713777171,0.0032125260218978198
2024-12-11,70.29000091552734,70.29000091552734,70.52999877929688,68.44000244140625,68.5,335892,CL=F,0.02478502213736955,0.02448285609288817
2024-12-12,70.0199966430664,70.0199966430664,70.72000122070312,69.13999938964844,70.43000030517578,326046,CL=F,-0.003841289926648672,-0.0038486866287931534
2024-12-13,71.29000091552734,71.29000091552734,71.41999816894531,69.87000274658203,70.05999755859375,230429,CL=F,0.01813773683730524,0.017975210387811715
2024-12-16,70.70999908447266,70.70999908447266,71.44000244140625,70.37000274658203,71.44000244140625,204296,CL=F,-0.008135808999945704,-0.008169085303320521
2024-12-17,70.08000183105469,70.08000183105469,70.91999816894531,69.18000030517578,70.61000061035156,99604,CL=F,-0.00890959215917042,-0.00894951991231415
2024-12-18,70.58000183105469,70.58000183105469,71.37999725341797,69.98999786376953,70.22000122070312,99386,CL=F,0.0071347030099311315,0.007109371433892709
2024-12-19,69.91000366210938,69.91000366210938,71.26000213623047,69.69999694824219,70.13999938964844,291660,CL=F,-0.009492747967746795,-0.009538091283001255
2024-12-20,69.45999908447266,69.45999908447266,69.8499984741211,68.41999816894531,69.2300033569336,231592,CL=F,-0.006436912517008175,-0.006457718771803879
2024-12-23,69.23999786376953,69.23999786376953,69.94000244140625,68.58999633789062,69.4000015258789,188843,CL=F,-0.0031673081428574834,-0.003172334679827193
2024-12-24,70.0999984741211,70.0999984741211,70.43000030517578,69.36000061035156,69.55999755859375,122602,CL=F,0.01242057534495622,0.012344072817910593
2024-12-26,69.62000274658203,69.62000274658203,70.75,69.33000183105469,70.19999694824219,144877,CL=F,-0.006847300113940302,-0.006870850439029008
2024-12-27,70.5999984741211,70.5999984741211,70.75,69.44000244140625,69.68000030517578,172641,CL=F,0.014076352899701217,0.013978201051839344
2024-12-30,70.98999786376953,70.98999786376953,71.55999755859375,70.12000274658203,70.41999816894531,199296,CL=F,0.005524070794298952,0.00550886907312227
2024-12-31,71.72000122070312,71.72000122070312,72.0199966430664,70.87000274658203,71.1500015258789,151155,CL=F,0.010283186067063577,0.010230673798029735
