date,Adj Close,Close,High,Low,Open,Volume,Ticker,Returns,Log_Returns,nb_articles,titles,MA20,MA50,MA200,RSI_14,Volatility_20,Drawdown,geo_score,geo_score_raw,nb_articles_scored
2022-01-03,4796.56005859375,4796.56005859375,4796.64013671875,4758.169921875,4778.14013671875,3831020000,^GSPC,,,0,,4796.56005859375,4796.56005859375,4796.56005859375,,,0.0,-0.031508972772734914,-0.031508972772734914,13.0
2022-01-04,4793.5400390625,4793.5400390625,4818.6201171875,4774.27001953125,4804.509765625,4683170000,^GSPC,-0.0006296219570605,-0.0006298202522032,0,,4795.050048828125,4795.050048828125,4795.050048828125,,,-0.0006296219570604,-0.06704807058090734,-0.10258716838907976,15.0
2022-01-05,4700.580078125,4700.580078125,4797.7001953125,4699.43994140625,4787.990234375,4887960000,^GSPC,-0.0193927577906871,-0.019583264304501,0,,4763.56005859375,4763.56005859375,4763.56005859375,,,-0.0200101696416346,0.05291091716041544,0.292828892643061,7.0
2022-01-06,4696.0498046875,4696.0498046875,4725.009765625,4671.259765625,4693.39013671875,4295280000,^GSPC,-0.0009637690162076,-0.0009642337401809,0,,4746.682495117188,4746.682495117188,4746.682495117188,,,-0.0209546534763326,0.0194117730533028,-0.13200640509407283,5.0
2022-01-07,4677.02978515625,4677.02978515625,4707.9501953125,4662.740234375,4697.66015625,4181510000,^GSPC,-0.0040502167400917,-0.0040584410823365,0,,4732.751953125,4732.751953125,4732.751953125,,,-0.0249199993281317,-0.06083481520542438,-0.3433269331652613,6.0
2022-01-10,4670.2900390625,4670.2900390625,4673.02001953125,4582.240234375,4655.33984375,4511810000,^GSPC,-0.0014410312534549,-0.0014420705375388,0,,4722.341634114583,4722.341634114583,4722.341634114583,,0.1282400506671902,-0.0263251200837188,-0.14601606051513807,0.037285156713919916,9.0
2022-01-11,4713.06982421875,4713.06982421875,4714.1298828125,4638.27001953125,4669.14013671875,4101590000,^GSPC,0.0091599846687118,0.0091182864523993,0,,4721.01708984375,4721.01708984375,4721.01708984375,,0.1480904797275874,-0.0174062731113758,-0.09616101303718179,0.017558737339795946,7.0
2022-01-12,4726.35009765625,4726.35009765625,4748.830078125,4706.7099609375,4728.58984375,4048220000,^GSPC,0.0028177544430294,0.002813792014667,1,IMF cuts global growth forecast to 4.4% amid Omicron and supply-chain risks,4721.6837158203125,4721.6837158203125,4721.6837158203125,,0.1395060221323994,-0.0146375652717427,0.047368826285689614,0.08726258480335292,7.0
2022-01-13,4659.02978515625,4659.02978515625,4744.1298828125,4650.2900390625,4733.56005859375,4251730000,^GSPC,-0.0142436152864307,-0.0143460292344005,0,,4714.72216796875,4714.72216796875,4714.72216796875,,0.1462891594013967,-0.0286726887097127,0.0637115560718219,0.08631334607231676,6.0
2022-01-14,4662.85009765625,4662.85009765625,4665.1298828125,4614.75,4637.990234375,4338490000,^GSPC,0.0008199802697488,0.0008196442695905,0,,4709.5349609375,4709.5349609375,4709.5349609375,,0.1388576564562017,-0.0278762194789865,0.06536313020340997,0.0225134597345602,8.0
2022-01-18,4577.10986328125,4577.10986328125,4632.240234375,4568.7001953125,4632.240234375,4748700000,^GSPC,-0.0183879456940073,-0.0185591053980085,0,,4697.496315696023,4697.496315696023,4697.496315696023,,0.1520831605024961,-0.04575157876306,0.030955724785807492,-0.01595963144945455,7.0
2022-01-19,4532.759765625,4532.759765625,4611.5498046875,4530.2001953125,4588.02978515625,4465740000,^GSPC,-0.0096895418683388,-0.0097367909414601,0,,4683.7682698567705,4683.7682698567705,4683.7682698567705,,0.1462923332172742,-0.0549978087934315,-0.08929875098147165,-0.27445008122952064,8.0
2022-01-20,4482.72998046875,4482.72998046875,4602.10986328125,4477.9501953125,4547.35009765625,4640870000,^GSPC,-0.0110373784941483,-0.0110987423043307,0,,4668.303786057692,4668.303786057692,4668.303786057692,,0.142129735958126,-0.0654281556555779,-0.1828651178871422,-0.2581856409824514,8.0
2022-01-21,4397.93994140625,4397.93994140625,4494.52001953125,4395.33984375,4471.3798828125,5589100000,^GSPC,-0.0189148218679086,-0.0190959953246354,0,,4648.992082868303,4648.992082868303,4648.992082868303,,0.1484179368018994,-0.0831054156141155,-0.25186703912075686,-0.22296539515029853,13.0
2022-01-24,4410.1298828125,4410.1298828125,4417.35009765625,4222.6201171875,4356.31982421875,6928110000,^GSPC,0.0027717389433818,0.0027679047582695,1,NATO holds emergency consultations as Russia masses 100000 troops on Ukraine border,4633.067936197916,4633.067936197916,4633.067936197916,12.220227984829876,0.1481153053311995,-0.0805640231875973,-0.30108598254541896,-0.422106911503507,24.0
2022-01-25,4356.4501953125,4356.4501953125,4411.009765625,4287.10986328125,4366.64013671875,5145050000,^GSPC,-0.0121719062536467,-0.0122465905568662,0,,4615.779327392578,4615.779327392578,4615.779327392578,10.604897469505673,0.1450060157341028,-0.091755311703588,-0.2882771987581033,-0.21975928962050437,8.0
2022-01-26,4349.93017578125,4349.93017578125,4453.22998046875,4304.7998046875,4408.43017578125,5570640000,^GSPC,-0.0014966358477518,-0.0014977569258856,0,,4600.141142003677,4600.141142003677,4600.141142003677,10.42465081731416,0.14144240957398,-0.0931146232626226,-0.297498961085972,-0.2506306821339046,11.0
2022-01-27,4326.509765625,4326.509765625,4428.740234375,4309.5,4380.580078125,5214200000,^GSPC,-0.0053840887577105,-0.0053986351999709,0,,4584.939398871527,4584.939398871527,4584.939398871527,9.78152271916332,0.1369783083081019,-0.0979973746240464,-0.23951250973766666,-0.24814755745859093,5.0
2022-01-28,4431.85009765625,4431.85009765625,4432.72021484375,4292.4599609375,4336.18994140625,5031090000,^GSPC,0.0243476468880761,0.0240559679147366,0,,4576.882067228618,4576.882067228618,4576.882067228618,30.538532557971024,0.1742492333363597,-0.0760357332092752,-0.22119420450543725,-0.16480437392381625,7.0
2022-01-31,4515.5498046875,4515.5498046875,4516.89013671875,4414.02001953125,4431.7900390625,5098610000,^GSPC,0.0188859517327795,0.0187098262229844,0,,4573.815454101563,4573.815454101563,4573.815454101563,41.964147968804845,0.1890907909901941,-0.0585857886638526,-0.2668015524488911,-0.38745272596426605,11.0
2022-02-01,4546.5400390625,4546.5400390625,4550.490234375,4483.52978515625,4519.56982421875,4816830000,^GSPC,0.0068630035578014,0.006839560348317,0,,4561.314453125,4572.5166248139885,4572.5166248139885,45.53628812403418,0.1874506998143629,-0.0521248595820877,-0.22263349860117188,-0.11564339591543335,5.0
2022-02-02,4589.3798828125,4589.3798828125,4595.31005859375,4544.31982421875,4566.39013671875,4481580000,^GSPC,0.0094225154473364,0.0093784004483244,0,,4551.1064453125,4573.283136541193,4573.283136541193,50.10792177661672,0.192206205607889,-0.0431934914293538,-0.21932777695093977,-0.1548872089731199,8.0
2022-02-03,4477.43994140625,4477.43994140625,4542.8798828125,4470.39013671875,4535.41015625,4401970000,^GSPC,-0.024391082077444,-0.0246934717201206,0,,4539.949438476562,4569.116041100543,4569.116041100543,40.53372085625588,0.1990775652125337,-0.066531037512133,-0.061945430935287794,0.08469431208268985,10.0
2022-02-04,4500.52978515625,4500.52978515625,4539.66015625,4451.5,4482.7900390625,4706290000,^GSPC,0.0051569298644233,0.0051436784398636,1,Beijing Winter Olympics open — China and Russia sign broad partnership declaration,4530.1734375,4566.258280436198,4566.258280436198,42.95494369417654,0.2008474630011877,-0.061717203541967,0.0032928565453653517,0.0800714665265261,8.0
2022-02-07,4483.8701171875,4483.8701171875,4521.85986328125,4471.47021484375,4505.75,4228480000,^GSPC,-0.0037017126347429,-0.0037085809278284,0,,4520.515454101563,4562.96275390625,4562.96275390625,41.63765698348074,0.2008066599677963,-0.0651904568245777,0.07211106719507222,0.051567422976000726,12.0
2022-02-08,4521.5400390625,4521.5400390625,4531.31982421875,4465.39990234375,4480.02001953125,4459620000,^GSPC,0.0084012071916632,0.0083661134666343,0,,4513.077954101563,4561.3695725661055,4561.3695725661055,45.69307329794202,0.2042276087960223,-0.0573369281676168,0.05143021849959941,0.02265176599627139,11.0
2022-02-09,4587.18017578125,4587.18017578125,4590.02978515625,4547.0,4547.0,4524350000,^GSPC,0.0145172078875055,0.0144128420792647,0,,4506.783471679688,4562.325520833333,4562.325520833333,51.9575820853538,0.2087343805241451,-0.0436520923859516,0.03830606774977935,0.040699014277065924,10.0
2022-02-10,4504.080078125,4504.080078125,4588.919921875,4484.31005859375,4553.240234375,5314860000,^GSPC,-0.0181157256684597,-0.018281824485056,0,,4495.669970703125,4560.245326450893,4560.245326450893,44.89664382134937,0.216437693835523,-0.0609770287238932,-0.009064579458390667,-0.09054451864850933,7.0
2022-02-11,4418.64013671875,4418.64013671875,4526.330078125,4401.41015625,4506.27001953125,5251500000,^GSPC,-0.0189694543445634,-0.0191516826380865,0,,4483.65048828125,4555.362388873922,4555.362388873922,39.02452072513614,0.2205856251261162,-0.0787897821060116,-0.01865981080782448,-0.006133928052030051,10.0
2022-02-14,4401.669921875,4401.669921875,4426.22021484375,4364.83984375,4412.60986328125,4600390000,^GSPC,-0.0038405967262932,-0.0038479907556283,0,,4470.591479492187,4550.239306640625,4550.239306640625,37.96246629408849,0.220234172264368,-0.0823277790530832,-0.059326100250442326,-0.08129985405078763,8.0
2022-02-15,4471.06982421875,4471.06982421875,4472.77001953125,4429.27978515625,4429.27978515625,4430830000,^GSPC,0.0157667211707204,0.0156437176460641,0,,4465.289477539062,4547.685452368952,4547.685452368952,44.60229905517775,0.2214038710183854,-0.0678590970192973,-0.1247770502953136,-0.2868973687831231,7.0
2022-02-16,4475.009765625,4475.009765625,4489.5498046875,4429.68017578125,4455.75,4283640000,^GSPC,0.000881207755895,0.0008808197202838,0,,4462.401977539063,4545.414337158203,4545.414337158203,44.96244401734202,0.2191526385220192,-0.0670376872260037,-0.2572261722106388,-0.4034812937980057,3.0
2022-02-17,4380.259765625,4380.259765625,4456.06005859375,4373.81005859375,4456.06005859375,4539420000,^GSPC,-0.021173138152195,-0.0214005041369366,0,,4457.278466796875,4540.409653172348,4540.409653172348,38.4831159417031,0.2285230865319031,-0.0867914271651589,-0.22190271409806148,0.024670520286944348,3.0
2022-02-18,4348.8701171875,4348.8701171875,4394.60009765625,4327.22021484375,4384.56982421875,4708060000,^GSPC,-0.0071661613961429,-0.0071919616638663,0,,4454.824975585938,4534.776137408088,4534.776137408088,36.6013356702702,0.2198714354148939,-0.0933356271864347,-0.1968151148744183,-0.21163457111219372,6.0
2022-02-22,4304.759765625,4304.759765625,4362.1201171875,4267.10986328125,4332.740234375,5121900000,^GSPC,-0.0101429452648328,-0.010194735435016,1,Russia recognises breakaway regions of Donetsk and Luhansk as independent states,4449.556469726563,4528.204241071428,4528.204241071428,34.07942504237158,0.2220720068290036,-0.1025318742934567,-0.22235293923908647,-0.48009476689201,12.0
2022-02-23,4225.5,4225.5,4341.509765625,4221.509765625,4324.93017578125,4797430000,^GSPC,-0.0184121228454876,-0.0185837357487884,0,,4443.008959960937,4519.795789930556,4519.795789930556,30.07015448241546,0.2273266206249496,-0.1190561676738751,-0.33670094162900455,-0.31837348688280986,17.0
2022-02-24,4288.7001953125,4288.7001953125,4294.72998046875,4114.64990234375,4155.77001953125,6752130000,^GSPC,0.0149568560673292,0.014846105252724,3,Russia launches full-scale invasion of Ukraine — Kyiv under missile attack | European markets crash — CAC 40 drops 4% as Russian tanks enter Ukraine | Oil spikes above $100 per barrel for first time since 2014 on Ukraine war,4439.9474609375,4513.549963048987,4513.549963048987,36.48652320341469,0.234638809821767,-0.1058800175703718,-0.2717937022203612,-0.01691285288626366,13.0
2022-02-25,4384.64990234375,4384.64990234375,4385.33984375,4286.830078125,4298.3798828125,5177060000,^GSPC,0.0223726776556034,0.0221260805512657,1,US announces first wave of sanctions targeting Russian banks and oligarchs,4442.854467773437,4510.1578561883225,4510.1578561883225,44.77164285533191,0.2473399967944755,-0.0858761594180399,-0.10295752323191858,0.02641377007331775,6.0
2022-02-28,4373.93994140625,4373.93994140625,4388.83984375,4315.1201171875,4354.169921875,6071370000,^GSPC,-0.0024426034406476,-0.0024455914631261,1,Russian ruble collapses 30% after SWIFT ban — Moscow Stock Exchange halted,4439.958959960937,4506.665089142628,4506.665089142628,44.08043653353072,0.2314834500060258,-0.0881090014562234,0.001996115197063839,-0.0035125715958626313,6.0
2022-03-01,4306.259765625,4306.259765625,4378.4501953125,4279.5400390625,4363.14013671875,5846230000,^GSPC,-0.0154735036804118,-0.015594467786613,1,Biden State of the Union: US will defend NATO but will not send troops to Ukraine,4429.494458007813,4501.654956054687,4501.654956054687,39.88940870967733,0.2253626436418304,-0.102219150178325,0.06239403059259673,0.16428089330033502,8.0
2022-03-02,4386.5400390625,4386.5400390625,4401.47998046875,4322.56005859375,4322.56005859375,5337870000,^GSPC,0.018642691757321,0.0184710467806521,0,,4421.494458007813,4498.847275152439,4498.847275152439,46.39934585835947,0.2352347738232799,-0.0854820985294738,0.09051110317995663,0.11076498783539741,7.0
2022-03-03,4363.490234375,4363.490234375,4416.77978515625,4345.56005859375,4401.31005859375,5039890000,^GSPC,-0.0052546664300883,-0.0052685207442456,0,,4410.199975585938,4495.6244884672615,4495.6244884672615,44.89594094998324,0.2317299287071919,-0.0902875850460458,0.07911145016085834,-0.03771153065315744,5.0
2022-03-04,4328.8701171875,4328.8701171875,4342.1201171875,4284.97998046875,4342.1201171875,5797380000,^GSPC,-0.0079340425503344,-0.0079656845430019,1,IAEA warns of nuclear accident risk after Russia seizes Zaporizhzhia power plant,4402.771484375,4491.746479832849,4491.746479832849,42.66014384890885,0.2176858544731506,-0.097505282054858,-0.1285370617753713,-0.4586646425083539,9.0
2022-03-07,4201.08984375,4201.08984375,4327.009765625,4199.85009765625,4327.009765625,6940470000,^GSPC,-0.0295181583134491,-0.0299625868144164,0,,4387.799487304687,4485.140647194602,4485.140647194602,35.611093899281286,0.2378124728884011,-0.1241452640162144,-0.27914212112166065,-0.3410501902034706,8.0
2022-03-08,4170.7001953125,4170.7001953125,4276.93994140625,4157.8701171875,4202.66015625,7243120000,^GSPC,-0.0072337535181997,-0.007260043975698,1,US bans Russian oil imports — oil hits $130 per barrel,4372.1409912109375,4478.153081597222,4478.153081597222,34.1651924594876,0.2381989841334711,-0.130480981294069,-0.32147732469496415,-0.16471714137306798,2.0
2022-03-09,4277.8798828125,4277.8798828125,4299.39990234375,4223.10009765625,4223.10009765625,5662670000,^GSPC,0.0256982478914358,0.0253735981221411,0,,4359.957983398437,4473.79931640625,4473.79931640625,42.96136945170706,0.2564973839665757,-0.1081358660050461,-0.347825114421281,-0.5377080116873045,7.0
2022-03-10,4259.52001953125,4259.52001953125,4268.27978515625,4209.7998046875,4252.5498046875,4980830000,^GSPC,-0.0042918136516678,-0.0043010499202472,0,,4343.574975585938,4469.240182430186,4469.240182430186,41.92793368381001,0.2483423582566041,-0.1119635806707586,-0.20144139267381703,0.09810097503892135,5.0
2022-03-11,4204.31005859375,4204.31005859375,4291.009765625,4200.490234375,4279.5,4938640000,^GSPC,-0.0129615451234751,-0.0130462789332381,0,,4328.586474609375,4463.720804850261,4463.720804850261,38.89779157069912,0.2449386490054462,-0.1234739047911838,-0.16727266039729452,-0.06221094454350035,9.0
2022-03-14,4173.10986328125,4173.10986328125,4247.56982421875,4161.72021484375,4202.75,5574920000,^GSPC,-0.0074210024659636,-0.0074486750955333,0,,4316.3099609375,4457.789969308035,4457.789969308035,37.259030480959616,0.238420395024522,-0.1299786071052099,-0.17160617750409599,-0.5507085630077089,12.0
2022-03-15,4262.4501953125,4262.4501953125,4271.0498046875,4187.89990234375,4188.81982421875,5392470000,^GSPC,0.0214085741708709,0.0211826297241449,0,,4309.348974609375,4453.883173828125,4453.883173828125,44.47293441661169,0.2531434581365039,-0.1113526895851773,-0.1573021686892917,0.14101300148333418,6.0
2022-03-16,4357.85986328125,4357.85986328125,4358.89990234375,4251.990234375,4288.14013671875,6309750000,^GSPC,0.0223837613571822,0.0221369216483934,1,Fed raises interest rates by 25bp — first hike since 2018 as inflation hits 7.9%,4303.6884765625,4445.109169921875,4452.000363817402,50.95803212018537,0.2599694664071547,-0.09146142025815,-0.09759519224273093,0.11690998479618196,12.0
2022-03-17,4411.669921875,4411.669921875,4412.669921875,4335.64990234375,4345.10986328125,4985090000,^GSPC,0.0123478175714519,0.0122722050687002,0,,4300.521484375,4437.471767578125,4451.224778395433,54.2064498891109,0.2643346142032297,-0.0802429516188715,0.13934499610203846,0.16011200202659928,6.0
2022-03-18,4463.1201171875,4463.1201171875,4465.39990234375,4390.56982421875,4407.33984375,8278430000,^GSPC,0.0116622948279487,0.0115948144118881,0,,4304.664501953125,4432.722568359375,4451.44921875,57.13034773805842,0.2558973792647194,-0.0695164737505669,0.06280275354546079,-0.08861372618639879,6.0
2022-03-21,4461.18017578125,4461.18017578125,4481.75,4424.2998046875,4462.39990234375,4869820000,^GSPC,-0.0004346603621039,-0.0004347548543014,0,,4310.280004882812,4428.02517578125,4451.629421657986,56.982611681879945,0.2541686765370461,-0.0699209180570182,0.09159104229801514,0.20327485105384502,10.0
2022-03-22,4511.60986328125,4511.60986328125,4522.0,4469.10009765625,4469.10009765625,4754840000,^GSPC,0.0113041136006502,0.0112406995540742,0,,4320.622509765625,4424.71677734375,4452.719975142046,59.88657874157682,0.2527241330875544,-0.0594071984571462,0.03398193778830299,-0.012715311502537192,4.0
2022-03-23,4456.240234375,4456.240234375,4501.06982421875,4455.81005859375,4493.10009765625,4550670000,^GSPC,-0.012272698789159,-0.0123486302524952,0,,4332.159521484375,4420.43578125,4452.782836914063,55.45972308069411,0.2467743222554669,-0.070950810593733,0.017461800721879406,-0.13817413738566953,9.0
2022-03-24,4520.16015625,4520.16015625,4520.580078125,4465.169921875,4469.97998046875,4131390000,^GSPC,0.0143439129205664,0.014242012281618,0,,4343.73251953125,4416.577587890625,4453.964895148027,59.20846239600146,0.2463876293300483,-0.0576246099219665,-0.09077306884469631,-0.12142975764588211,8.0
2022-03-25,4543.06005859375,4543.06005859375,4546.02978515625,4501.06982421875,4522.91015625,4305020000,^GSPC,0.005066170567449,0.0050533807042376,0,,4351.65302734375,4412.911787109375,4455.501018655711,60.491401464927385,0.2356890961649196,-0.0528503754572648,-0.1299972394714702,-0.13038782338285895,5.0
2022-03-28,4575.52001953125,4575.52001953125,4575.64990234375,4517.68994140625,4541.08984375,4312260000,^GSPC,0.0071449552765867,0.0071195510200425,0,,4361.73203125,4411.241591796875,4457.535239009534,62.301328418287554,0.2358630541553507,-0.046083033749671,-0.1184131101077443,-0.10342174929449177,10.0
2022-03-29,4631.60009765625,4631.60009765625,4637.2998046875,4589.66015625,4602.85986328125,5085910000,^GSPC,0.0122565474275304,0.012182044101391,0,,4377.999047851563,4410.616591796875,4460.43631998698,65.26218405792241,0.2284790827105937,-0.0343913052108979,-0.11952495694835528,-0.12476529816771502,6.0
2022-03-30,4602.4501953125,4602.4501953125,4627.77001953125,4581.31982421875,4624.2001953125,4385570000,^GSPC,-0.0062937001746978,-0.0063135889990887,0,,4388.794555664063,4411.1233984375,4462.764416303791,62.51378277080664,0.2240381032929557,-0.0404685568219819,-0.21369786773269575,-0.4129065557358804,6.0
2022-03-31,4530.41015625,4530.41015625,4603.06982421875,4530.41015625,4599.02001953125,4823020000,^GSPC,-0.0156525407131773,-0.0157763352268817,0,,4397.140551757812,4411.07640625,4463.855476625504,56.21323071161904,0.2317810048201575,-0.0554876618018996,-0.10000589657731669,0.23765416417164542,7.0
2022-04-01,4545.85986328125,4545.85986328125,4548.7001953125,4507.56982421875,4540.31982421875,4562940000,^GSPC,0.0034102225843584,0.003404420961463,0,,4407.9900390625,4412.33900390625,4465.157133556548,57.20928578641926,0.2288727316201446,-0.0522666644949714,0.031040662104317624,0.26837437787718793,10.0
2022-04-04,4582.64013671875,4582.64013671875,4583.5,4539.2099609375,4547.97021484375,4547350000,^GSPC,0.0080909386878793,0.0080583825321336,1,Bucha massacre images shock the world — EU prepares new sanctions on Russia,4427.067553710937,4416.0330078125,4466.992805480957,59.56733161853195,0.1947095736724429,-0.0445986121849408,0.23936021259752852,0.21205209574375228,11.0
2022-04-05,4525.1201171875,4525.1201171875,4593.4501953125,4514.169921875,4572.4501953125,4800620000,^GSPC,-0.0125517208018073,-0.0126311590740053,0,,4444.788549804687,4418.3328125,4467.887071814904,54.50844171555688,0.1998223610107368,-0.0565905436584547,0.15570693328701252,-0.013305673759902614,6.0
2022-04-06,4481.14990234375,4481.14990234375,4503.93994140625,4450.0400390625,4494.169921875,4986830000,^GSPC,-0.0097169166132718,-0.0097644339124797,1,EU bans coal and timber imports from Russia worth 4 billion euros per year,4454.95205078125,4420.826806640625,4468.088023792614,50.94650863919293,0.1887768893991204,-0.0657575746778977,-0.14098784467203807,-0.6217099559999638,8.0
2022-04-07,4500.2099609375,4500.2099609375,4521.16015625,4450.2998046875,4474.64990234375,4821490000,^GSPC,0.0042533856284925,0.0042443655520372,0,,4466.986547851562,4423.83240234375,4468.567455690299,52.39859383607249,0.1872317225003826,-0.0617838813725046,-0.17485800321393066,0.11044162011807448,7.0
2022-04-08,4488.27978515625,4488.27978515625,4520.41015625,4474.60009765625,4494.14990234375,4083200000,^GSPC,-0.0026510264820542,-0.0026545466755523,0,,4481.185034179687,4427.067802734375,4468.857342888327,51.37348842511594,0.1790600502005745,-0.0642711171488763,-0.11214543321198983,0.17483203624591984,6.0
2022-04-11,4412.52978515625,4412.52978515625,4464.35009765625,4408.3798828125,4462.64013671875,4266290000,^GSPC,-0.0168772901035542,-0.0170213345846961,0,,4493.156030273438,4426.681396484375,4468.04100147192,45.31195909490203,0.1895741576734218,-0.0800636849630294,0.15433106617012674,0.17771954214638588,6.0
2022-04-12,4397.4501953125,4397.4501953125,4471.0,4381.33984375,4437.58984375,4152090000,^GSPC,-0.0034174477177417,-0.0034233005304522,0,,4499.906030273438,4424.319404296875,4467.032561383929,44.19406997691535,0.1776560234786677,-0.0832075192233203,0.15340188006837138,0.1076540618128084,5.0
2022-04-13,4446.58984375,4446.58984375,4453.919921875,4392.7001953125,4394.2998046875,3828150000,^GSPC,0.011174577597236,0.0111126032689019,1,US CPI reaches 8.5% — highest inflation reading in 40 years,4504.342529296875,4422.320400390625,4466.744635783451,48.64071119614174,0.1645458183875851,-0.0729627505063188,0.09827031469007876,0.00943734011104202,10.0
2022-04-14,4392.58984375,4392.58984375,4460.4599609375,4390.77001953125,4449.1201171875,4083090000,^GSPC,-0.0121441378443979,-0.0122184803835081,0,,4503.388525390625,4418.384599609375,4465.714708116319,44.449275356303566,0.1652720337219266,-0.0842208186510616,0.04340851133109438,0.013134132069432702,10.0
2022-04-18,4391.68994140625,4391.68994140625,4410.31005859375,4370.2998046875,4385.6298828125,3910490000,^GSPC,-0.0002048682840329,-0.0002048892724065,0,,4499.8170166015625,4416.669599609375,4464.700670216182,44.3806408077503,0.1592863489971623,-0.0844084327604978,-0.027929825898066918,-0.10636094987467548,7.0
2022-04-19,4462.2099609375,4462.2099609375,4471.02978515625,4390.6298828125,4390.6298828125,4108120000,^GSPC,0.0160576043555271,0.0159300447493866,0,,4499.868505859375,4415.903203125,4464.667011982686,50.792854576733006,0.1700234260908179,-0.0697062256225088,-0.06882648624116781,-0.11325264091826068,7.0
2022-04-20,4459.4501953125,4459.4501953125,4488.2900390625,4448.759765625,4472.259765625,4290450000,^GSPC,-0.0006184750715809,-0.0006186664061825,0,,4497.260522460938,4415.4148046875,4464.597454427083,50.54725700703968,0.1647651619842448,-0.0702815891312082,-0.24028364734007182,-0.5012373512272793,8.0
2022-04-21,4393.66015625,4393.66015625,4512.93994140625,4384.47021484375,4489.169921875,4636890000,^GSPC,-0.0147529484983719,-0.014862855551311,0,,4494.131518554687,4412.85720703125,4463.664068924753,44.965470600514735,0.1673678551760696,-0.0839976769647437,-0.280010512850783,-0.225541546406809,4.0
2022-04-22,4271.77978515625,4271.77978515625,4385.830078125,4267.6201171875,4385.830078125,4651940000,^GSPC,-0.0277400542507536,-0.0281320763773669,0,,4481.7125,4406.54919921875,4461.172065239448,36.84758454012157,0.1839370161243752,-0.1094076310995581,-0.31483345252825495,-0.2177214599506766,7.0
2022-04-25,4296.1201171875,4296.1201171875,4299.02001953125,4200.81982421875,4255.33984375,5240040000,^GSPC,0.0056979369853822,0.0056817651441118,0,,4469.365502929688,4402.39,4459.0560146233975,39.20799583119997,0.184307183372519,-0.1043330919019011,0.01846247262528546,0.498650424233342,7.0
2022-04-26,4175.2001953125,4175.2001953125,4278.14013671875,4175.0400390625,4278.14013671875,4689970000,^GSPC,-0.0281463084310038,-0.0285500089285977,0,,4449.34951171875,4397.521201171875,4455.462902986551,32.674285707038806,0.2015438243873311,-0.1295428089486738,0.024147609432422973,-0.20848613598539648,8.0
2022-04-27,4183.9599609375,4183.9599609375,4240.7099609375,4162.89990234375,4186.52001953125,4769680000,^GSPC,0.0020980468517017,0.0020958490249645,0,,4426.967504882812,4393.167001953125,4452.069116210938,33.5383295577182,0.1934363228264194,-0.1277165489794474,0.06879891038117235,-0.08376755710442844,10.0
2022-04-28,4287.5,4287.5,4308.4501953125,4188.6298828125,4222.580078125,4854180000,^GSPC,0.0247469000729394,0.0244456553408321,0,,4411.219995117188,4389.49560546875,4450.037398726852,42.871111336213175,0.2198502819288267,-0.106130237581763,-0.17024621807073195,-0.21848496112237092,4.0
2022-04-29,4131.93017578125,4131.93017578125,4269.68017578125,4124.27978515625,4253.75,5084030000,^GSPC,-0.0362845071064139,-0.0369591597846941,0,,4391.29599609375,4382.634013671875,4446.158042349466,34.933591614988615,0.2467005373053692,-0.1385638613284361,-0.2831388336754279,-0.5471639827994844,16.0
2022-05-02,4155.3798828125,4155.3798828125,4169.81005859375,4062.510009765625,4130.60986328125,5163790000,^GSPC,0.0056752428123536,0.0056591992938186,0,,4371.771997070313,4378.136416015625,4442.654691029744,36.83210313505303,0.2477986456341777,-0.1336750020741386,-0.3803328296116313,-0.3753495449130387,9.0
2022-05-03,4175.47998046875,4175.47998046875,4200.10009765625,4147.080078125,4159.77978515625,4582050000,^GSPC,0.0048371263814863,0.0048254650753595,0,,4351.413989257812,4374.66861328125,4439.474039713542,38.488848219878776,0.2458855189428314,-0.1294844785717303,-0.3334092544872222,-0.07771423574914356,6.0
2022-05-04,4300.169921875,4300.169921875,4307.66015625,4148.91015625,4181.18017578125,5136360000,^GSPC,0.0298624210844022,0.0294252215573258,1,Fed raises rates by 50bp — largest single hike since 2000,4340.166479492187,4374.57681640625,4437.835167738971,47.65976725892289,0.2717435885135176,-0.1034887775103312,-0.2410649648284292,-0.2701311138231054,8.0
2022-05-05,4146.8701171875,4146.8701171875,4270.43017578125,4106.009765625,4270.43017578125,5077030000,^GSPC,-0.0356497086098069,-0.036300677564099,0,,4323.452490234375,4373.00421875,4434.451853197675,39.80261045107064,0.2963035908375456,-0.1354491413575097,-0.19337717317884665,-0.23228616996429102,13.0
2022-05-06,4123.33984375,4123.33984375,4157.68994140625,4067.909912109375,4128.169921875,5116940000,^GSPC,-0.005674224842484,-0.0056903844139527,0,,4304.608984375,4369.69701171875,4430.87585308908,38.74672084913131,0.2947869960963512,-0.1403547973172098,-0.22942547217692857,-0.18585913274338936,8.0
2022-05-09,3991.239990234375,3991.239990234375,4081.27001953125,3975.47998046875,4081.27001953125,5954520000,^GSPC,-0.0320371006323567,-0.0325615195396041,0,,4279.756994628906,4361.828813476563,4425.879991011186,33.39122853569813,0.311136375581433,-0.1678953371836811,-0.29769558730768114,-0.47494145921536296,18.0
2022-05-10,4001.050048828125,4001.050048828125,4068.820068359375,3958.169921875,4035.179931640625,5885820000,^GSPC,0.0024578974498534,0.0024548817604092,0,,4259.1830078125,4354.371015625,4421.106620874298,34.11947012689427,0.3095534470239343,-0.1658501092549337,-0.3159019341944931,-0.28690521062472696,16.0
2022-05-11,3935.179931640625,3935.179931640625,4049.090087890625,3928.820068359375,3990.080078125,5816140000,^GSPC,-0.0164632075039383,-0.0166002320956977,0,,4236.069494628906,4346.949418945313,4415.707435438368,31.61968269294958,0.3122448304039933,-0.1795828919956573,-0.3794697857659517,-0.37656268745776506,17.0
2022-05-12,3930.080078125,3930.080078125,3964.800048828125,3858.8701171875,3903.949951171875,6286450000,^GSPC,-0.0012959645058717,-0.0012968049941124,0,,4210.244006347656,4337.820219726563,4410.370871072287,31.4276976838692,0.306514437553708,-0.1806461234476408,-0.3488968662160092,-0.3832227005655355,11.0
2022-05-13,4023.889892578125,4023.889892578125,4038.8798828125,3963.89990234375,3963.89990234375,5183340000,^GSPC,0.0238696954230714,0.0235892679568694,0,,4191.809008789062,4331.028212890625,4406.169990871264,38.7899062164594,0.3230562017702658,-0.161088395970623,-0.37342575134935135,-0.36049186602475364,12.0
2022-05-16,4008.010009765625,4008.010009765625,4046.4599609375,3983.989990234375,4013.02001953125,4415030000,^GSPC,-0.0039464009295556,-0.0039542085177224,0,,4172.625012207031,4324.611010742187,4401.888700751848,38.045270675027695,0.3226869174643178,-0.1643990775045796,-0.37149626672902447,-0.37077423359678435,13.0
2022-05-17,4088.85009765625,4088.85009765625,4090.719970703125,4033.929931640625,4052.0,4841410000,^GSPC,0.0201696322348636,0.0199689195814626,0,,4153.957019042969,4322.366215820312,4398.558502846576,43.94464933147852,0.3263874841796784,-0.1475453142027342,-0.29175215933342,-0.14399037837872208,6.0
2022-05-18,3923.679931640625,3923.679931640625,4051.97998046875,3911.909912109375,4051.97998046875,5103220000,^GSPC,-0.0403952607874525,-0.0412338092912488,0,,4127.168505859375,4317.425810546875,4393.559781044408,36.33236518360052,0.3511026979451636,-0.1819804435450006,-0.3309582910524906,-0.4781102611819653,20.0
2022-05-19,3900.7900390625,3900.7900390625,3945.9599609375,3876.580078125,3899.0,5113550000,^GSPC,-0.0058337818009925,-0.0058508647773478,0,,4102.525,4309.884013671875,4388.426762898763,35.416746834340415,0.3496759714143067,-0.1867525911463038,-0.41313614075838156,-0.6173077827144574,20.0
2022-05-20,3901.360107421875,3901.360107421875,3943.419921875,3810.320068359375,3927.760009765625,5130730000,^GSPC,0.0001461417696584,0.0001461310919903,0,,4084.004016113281,4302.720815429688,4383.405457172197,35.46036979677717,0.3401605507647258,-0.1866337417308037,-0.4825550290514196,-0.3522470432578363,19.0
2022-05-23,3973.75,3973.75,3981.8798828125,3909.0400390625,3919.419921875,4420030000,^GSPC,0.0185550399309235,0.0183849954120607,0,,4067.8855102539055,4298.109614257813,4379.22529944595,40.917792922806846,0.3481168195907848,-0.1715416983301529,-0.4004314156269792,-0.23173942090864377,14.0
2022-05-24,3941.47998046875,3941.47998046875,3955.679931640625,3875.1298828125,3942.93994140625,4923190000,^GSPC,-0.0081207976171752,-0.008153950903558,0,,4056.199499511719,4293.477016601562,4374.803629557292,39.32155431727933,0.3362893333469292,-0.1782694405322825,-0.14079276616386538,0.16160816567488392,13.0
2022-05-25,3978.72998046875,3978.72998046875,3999.330078125,3925.030029296875,3929.590087890625,4802560000,^GSPC,0.0094507647342076,0.0094063856489315,1,ECB signals it will raise rates for the first time since 2011 starting in July,4045.9380004882814,4287.802612304688,4370.842893066406,42.12805665599138,0.3387165370707967,-0.1705034583398441,0.06918798896707122,0.2776952221349735,10.0
2022-05-26,4057.840087890625,4057.840087890625,4075.139892578125,3984.60009765625,3984.60009765625,4709970000,^GSPC,0.0198832561672241,0.0196881660077208,0,,4034.455004882812,4281.802216796875,4367.743855391399,47.66434850629373,0.3340833832031324,-0.1540103661121887,0.11295756583492944,-0.1004306903050691,9.0
2022-05-27,4158.240234375,4158.240234375,4158.490234375,4077.429931640625,4077.429931640625,4375620000,^GSPC,0.0247422629551097,0.024441130195822,0,,4035.7705078125,4276.733623046875,4365.68989832261,53.71593765552615,0.3215597987215622,-0.1330786681332396,0.01256847208036374,-0.13955911558881318,10.0
2022-05-31,4132.14990234375,4132.14990234375,4168.33984375,4104.8798828125,4151.08984375,6822640000,^GSPC,-0.006274368617659,-0.0062941351936669,0,,4034.6090087890634,4270.11421875,4363.422519720873,52.0322018479549,0.3217254145822543,-0.1385180521318836,-0.16738235141749805,-0.2621572483586119,7.0
2022-06-01,4101.22998046875,4101.22998046875,4166.5400390625,4073.85009765625,4149.77978515625,4531800000,^GSPC,-0.0074827686811318,-0.0075109050411554,1,ECB confirms July rate hike as eurozone inflation hits record 8.1%,4030.8965087890624,4262.91521484375,4360.901437612681,50.03072288312989,0.3221086514110811,-0.1449643222707517,-0.10093135253408847,0.0989223063451597,7.0
2022-06-02,4176.81982421875,4176.81982421875,4177.509765625,4074.3701171875,4095.409912109375,4405790000,^GSPC,0.0184310180384861,0.0182632254155451,0,,4024.72900390625,4256.2194140625,4359.148279389881,54.62584559313763,0.3103961651552355,-0.1292051442709746,-0.09037251965935766,-0.10788261696462072,6.0
2022-06-03,4108.5400390625,4108.5400390625,4142.669921875,4098.669921875,4137.56982421875,3711110000,^GSPC,-0.0163473139924156,-0.016482405609817,0,,4022.8125,4249.26541015625,4356.784050707547,50.14049831248983,0.2880558056667845,-0.1434403012005572,0.005989158002870941,0.026927784628073874,8.0
2022-06-06,4121.43017578125,4121.43017578125,4168.77978515625,4109.18017578125,4134.72021484375,4332700000,^GSPC,0.0031374007789131,0.003132489407036,0,,4022.7170166015626,4241.290810546875,4354.584481783002,50.95916258945841,0.2876349553445136,-0.1407529301343583,-0.03646221883990979,-0.028431824183182505,7.0
2022-06-07,4160.68017578125,4160.68017578125,4164.85986328125,4080.18994140625,4096.47021484375,4248210000,^GSPC,0.009523393173235,0.0094783315317198,0,,4031.189025878906,4233.643212890625,4352.789071542245,53.464734782038384,0.2621391126080071,-0.1325699824550777,-0.1784433451354941,-0.5338259958513736,7.0
2022-06-08,4115.77001953125,4115.77001953125,4160.14013671875,4107.2001953125,4147.1201171875,4159470000,^GSPC,-0.0107939457859356,-0.0108526230401553,0,,4036.925024414063,4224.448212890625,4350.614584826548,50.29815327367478,0.2661118159494989,-0.1419329750375508,-0.2176312920436985,-0.09063605609653931,8.0
2022-06-09,4017.820068359375,4017.820068359375,4119.10009765625,4017.169921875,4101.64990234375,4134170000,^GSPC,-0.0237986939763535,-0.0240864576651555,0,,4041.05703125,4212.172612304687,4347.589180131392,44.155544691862296,0.2740416781312095,-0.1623538495758323,-0.21982355001150278,-0.03500859808659536,12.0
2022-06-10,3900.860107421875,3900.860107421875,3974.389892578125,3900.159912109375,3974.389892578125,4889640000,^GSPC,-0.0291103033355246,-0.0295424148114094,1,US CPI hits 8.6% — shock print triggers major equity selloff,4039.596032714844,4198.140810546875,4343.5645938907655,38.16240724377329,0.2947906341727861,-0.1867379831025143,-0.10985910420342544,-0.2039326584271416,9.0
2022-06-13,3749.6298828125,3749.6298828125,3838.14990234375,3734.300048828125,3838.14990234375,5636890000,^GSPC,-0.0387684306652372,-0.0395399319900399,1,S&P 500 enters bear market — down 21% from January peak,4025.8830322265626,4182.525205078125,4338.261605398996,32.09630065586775,0.3114308280134527,-0.2182668752172755,-0.22811843698618559,-0.4454140544448196,34.0
2022-06-14,3735.47998046875,3735.47998046875,3778.179931640625,3705.679931640625,3763.52001953125,5153890000,^GSPC,-0.0037736797459957,-0.0037808180394896,0,,4012.256530761719,4166.317607421875,4332.927254735896,31.59032697688892,0.3114283007088054,-0.2212168856770421,-0.32352086725356927,-0.32121588888874647,21.0
2022-06-15,3789.989990234375,3789.989990234375,3837.56005859375,3722.300048828125,3764.050048828125,5530480000,^GSPC,0.0145925048589832,0.0144870588365344,1,Fed raises rates by 75bp — largest hike since 1994,3997.313525390625,4150.464604492187,4328.164647152549,35.78970627440357,0.306513432136683,-0.2098524892971902,-0.3055761820227252,-0.15009860273460945,8.0
2022-06-16,3666.77001953125,3666.77001953125,3728.179931640625,3639.77001953125,3728.179931640625,5644930000,^GSPC,-0.0325119514881634,-0.0330522071138406,0,,3984.468029785157,4133.297602539063,4322.41338952106,31.1367367516816,0.2943954041071731,-0.235541726833653,-0.26165522038630523,-0.3136511695355596,10.0
2022-06-17,3674.840087890625,3674.840087890625,3707.7099609375,3636.8701171875,3665.89990234375,8520740000,^GSPC,0.0022008656982546,0.0021984473410133,0,,3973.1705322265625,4117.17140625,4316.830861058728,31.76245134844613,0.2948876373348812,-0.2338592568424942,-0.2064145625852614,-0.15549391548561498,11.0
2022-06-21,3764.7900390625,3764.7900390625,3779.64990234375,3715.31005859375,3715.31005859375,5292260000,^GSPC,0.0244772422800869,0.0241824749606719,0,,3966.3420288085936,4102.4630078125,4312.112563434829,38.47306686990259,0.3102156329485017,-0.215106244251582,-0.16761818634104342,-0.03370947400195549,6.0
2022-06-22,3759.889892578125,3759.889892578125,3801.7900390625,3717.68994140625,3733.889892578125,5058990000,^GSPC,-0.0013015723144006,-0.0013024200953574,0,,3955.6490234375,4087.895209960937,4307.432710291976,38.25237306757051,0.3009745897608116,-0.2161278402338101,-0.14640600484499836,-0.25001462504742444,6.0
2022-06-23,3795.72998046875,3795.72998046875,3802.580078125,3743.52001953125,3774.7099609375,5098640000,^GSPC,0.0095322174091778,0.0094870724855565,0,,3948.3615234375,4075.5592138671873,4303.132687352285,40.921724920832446,0.3032912952066577,-0.208655800385917,-0.1615454382882552,-0.20091221581538554,7.0
2022-06-24,3911.739990234375,3911.739990234375,3913.64990234375,3821.75,3821.75,8120260000,^GSPC,0.0305632935858357,0.030105539729901,0,,3945.012023925781,4065.845009765625,4299.871081542969,48.65858071497505,0.3218437008317463,-0.1844697152856636,-0.14709038840464553,0.009655675648873567,13.0
2022-06-27,3900.110107421875,3900.110107421875,3927.719970703125,3889.659912109375,3920.760009765625,4325310000,^GSPC,-0.0029730715337762,-0.0029774998903406,1,G7 bans imports of Russian gold — further tightening of energy sanctions,3937.125524902344,4054.9154150390623,4296.567271839489,47.98021568751521,0.3125838904044885,-0.1868943451600802,-0.11262686992320915,-0.14662406960311533,10.0
2022-06-28,3821.550048828125,3821.550048828125,3945.860107421875,3820.139892578125,3913.0,4270120000,^GSPC,-0.020143036075892,-0.0203486731494949,0,,3920.291015625,4043.494619140625,4292.673688044313,43.56222117499486,0.3026416663116553,-0.2032727616990325,-0.11629722689514961,-0.2119232867312069,13.0
2022-06-29,3818.830078125,3818.830078125,3836.5,3799.02001953125,3825.090087890625,4211240000,^GSPC,-0.000711745409159,-0.0007119988201726,0,,3904.6250244140624,4032.037421875,4288.821300971798,43.41317130586189,0.3027833189705473,-0.2038398286532452,-0.250148643276509,-0.3918985734952046,12.0
2022-06-30,3785.3798828125,3785.3798828125,3818.989990234375,3738.669921875,3785.989990234375,4840070000,^GSPC,-0.0087592782679987,-0.0087978662463676,0,,3888.83251953125,4018.5008203125,4284.76128953503,41.53119096007183,0.3030188448233421,-0.210813617139969,-0.3800468738725824,-0.5363187613913355,18.0
2022-07-01,3825.330078125,3825.330078125,3829.820068359375,3752.10009765625,3781.0,4046950000,^GSPC,0.0105538140290473,0.0104985112966391,0,,3871.2580322265626,4005.81841796875,4281.08583984375,44.61905968874762,0.2966363015936818,-0.2024846908210077,-0.436373307867946,-0.38090258871729765,12.0
2022-07-05,3831.389892578125,3831.389892578125,3832.18994140625,3742.06005859375,3792.610107421875,5076590000,^GSPC,0.0015841285142366,0.0015828751061934,1,EU agrees on partial oil embargo on Russia — Russian gas cuts intensify,3857.400524902344,3994.5730126953126,4277.516824389261,45.0927444587207,0.2937906402363849,-0.2012213240791969,-0.24675959480931606,0.17694256568068517,11.0
2022-07-06,3845.080078125,3845.080078125,3870.909912109375,3809.3701171875,3831.97998046875,4417720000,^GSPC,0.0035731642904301,0.0035667957050661,0,,3843.583020019531,3986.039018554688,4274.111810639149,46.21205031764633,0.2939245391689486,-0.1983671566384397,-0.04918916728412842,0.05639252118422744,6.0
2022-07-07,3902.6201171875,3902.6201171875,3910.6298828125,3858.85009765625,3858.85009765625,4057770000,^GSPC,0.0149645879652418,0.0148537231809303,0,,3830.680017089844,3978.169018554688,4271.209531784058,50.7558501007204,0.2976609565097666,-0.1863710514381288,0.2769499255367626,0.5975146897453754,4.0
2022-07-08,3899.3798828125,3899.3798828125,3918.5,3869.340087890625,3888.260009765625,3521620000,^GSPC,-0.000830271529819,-0.0008306163961273,0,,3819.8605102539054,3972.652612304688,4268.327131404433,50.49715271279919,0.2963672971908355,-0.1870465843899564,0.1774371035942587,-0.12159590014682652,5.0
2022-07-11,3854.429931640625,3854.429931640625,3880.93994140625,3847.219970703125,3880.93994140625,3423480000,^GSPC,-0.0115274614227772,-0.0115944176605255,0,,3811.6910034179687,3966.06201171875,4265.143306790866,46.92410039383416,0.2875989814428508,-0.1964178735269162,0.14733550227351833,-0.03391228277799373,7.0
2022-07-12,3818.800048828125,3818.800048828125,3873.409912109375,3802.360107421875,3851.949951171875,3817210000,^GSPC,-0.0092438787173215,-0.0092868684974937,0,,3807.588000488281,3956.688012695312,4261.736106348401,44.25128929443644,0.2704160722918443,-0.2038460892434407,-0.1185846397672729,-0.2002457363769983,3.0
2022-07-13,3801.780029296875,3801.780029296875,3829.43994140625,3759.070068359375,3779.669921875,4109390000,^GSPC,-0.00445690251221,-0.0044668641118166,0,,3810.1955078125,3950.085009765625,4258.251590613163,42.991535680242656,0.2298413210923073,-0.2073944696083975,0.02413167516045021,0.3065530446363428,7.0
2022-07-14,3790.3798828125,3790.3798828125,3796.409912109375,3721.56005859375,3763.989990234375,4199690000,^GSPC,-0.0029986339021522,-0.0030031388127643,0,,3812.940502929688,3942.785009765625,4254.733758223684,42.126468572173344,0.2296571622890023,-0.2097712034228631,-0.05941745439003509,-0.2845596714294496,6.0
2022-07-15,3863.159912109375,3863.159912109375,3863.6201171875,3817.179931640625,3818.0,4143800000,^GSPC,0.0192012493594366,0.0190192316586336,0,,3816.5989990234375,3936.5386083984376,4251.811565342234,49.15979268605481,0.2337844802479736,-0.194597823248778,-0.2125953062625537,-0.6597792919945542,5.0
2022-07-18,3830.85009765625,3830.85009765625,3902.43994140625,3818.6298828125,3883.7900390625,4046870000,^GSPC,-0.0083635715808313,-0.0083987424858359,0,,3824.803002929688,3927.152211914063,4248.693332248264,46.46037387952703,0.200182699458348,-0.2013338620053943,-0.3507360728696784,-0.10786925518503125,11.0
2022-07-19,3936.68994140625,3936.68994140625,3939.81005859375,3860.72998046875,3860.72998046875,4041070000,^GSPC,0.0276282916459595,0.0272535176437308,0,,3837.895495605469,3922.9486083984375,4246.399189668543,55.14867582275437,0.219064538240444,-0.179268081017127,-0.3387942244170006,-0.24873412607141618,6.0
2022-07-20,3959.89990234375,3959.89990234375,3974.1298828125,3922.030029296875,3935.320068359375,4185300000,^GSPC,0.0058958061932632,0.0058784939410571,0,,3847.650988769531,3919.679809570313,4244.307953994639,56.804109939951424,0.2052808391535334,-0.174429204686179,-0.07417391808842146,0.13408162699118314,3.0
2022-07-21,3998.949951171875,3998.949951171875,3999.2900390625,3927.639892578125,3955.469970703125,4132790000,^GSPC,0.0098613727091971,0.0098130666895046,0,,3859.6039916992186,3919.8340087890624,4242.529997452446,59.51178834671053,0.2063203455481025,-0.1662879433757611,-0.011947914571704105,0.07880875536512082,9.0
2022-07-22,3961.6298828125,3961.6298828125,4012.43994140625,3938.860107421875,3998.429931640625,3979240000,^GSPC,-0.0093324669763467,-0.0093762872938138,0,,3867.8989868164062,3919.04560546875,4240.509133318345,55.90507660267142,0.2093958202067526,-0.1740685336119889,0.11269219023136239,0.12518618833778328,7.0
2022-07-25,3966.840087890625,3966.840087890625,3975.300048828125,3943.4599609375,3965.719970703125,3568340000,^GSPC,0.0013151670479691,0.0013143029733058,0,,3870.6539916992183,3919.67880859375,4238.554354422433,56.30323400965365,0.1814728358185477,-0.1729822957635146,0.1626999100832011,0.28410478654669924,7.0
2022-07-26,3921.050048828125,3921.050048828125,3953.219970703125,3910.739990234375,3953.219970703125,3778950000,^GSPC,-0.0115432026620586,-0.0116103425992633,0,,3871.7009887695312,3919.498208007813,4236.302550836658,51.87035096708548,0.1863153593169747,-0.1825287287286268,0.14783297375898796,0.03420794639248151,2.0
2022-07-27,4023.610107421875,4023.610107421875,4039.56005859375,3951.429931640625,3951.429931640625,4112180000,^GSPC,0.0261562737829377,0.025820048778629,1,Fed raises rates by 75bp for second consecutive meeting,3881.803991699219,3919.492612304688,4234.804716728103,59.55181349595984,0.1905841695724754,-0.1611467263475665,0.15826887896834485,0.15649390396585391,5.0
2022-07-28,4072.429931640625,4072.429931640625,4078.949951171875,3992.969970703125,4026.1298828125,4413000000,^GSPC,0.0121333386971809,0.0120603197919128,0,,3894.483984375,3920.7810107421874,4233.669228720498,62.61081606861583,0.1930382087228355,-0.1509686354611026,0.16929328982000133,0.31717801910166865,4.0
2022-07-29,4130.2900390625,4130.2900390625,4140.14990234375,4079.219970703125,4087.330078125,4616360000,^GSPC,0.0142077600825818,0.0141077757817535,0,,3911.7294921875,3921.609809570312,4232.951317681207,65.90217449376776,0.1912476315713188,-0.1389058015311469,0.13396516713481768,-0.07177642166306944,6.0
2022-08-01,4118.6298828125,4118.6298828125,4144.9501953125,4096.02001953125,4112.3798828125,4202810000,^GSPC,-0.0028230841271976,-0.0028270765449167,0,,3926.394482421875,3925.50880859375,4232.162893992457,64.66673928644528,0.1914242566083968,-0.1413367428948663,0.04131266375216476,-0.12146360618210482,11.0
2022-08-02,4091.18994140625,4091.18994140625,4140.47021484375,4079.81005859375,4104.2099609375,4727710000,^GSPC,-0.0066623955507048,-0.0066846883788709,0,,3939.384484863281,3929.316806640625,4231.197325824058,61.73377640678085,0.1948523270120164,-0.1470574971585573,-0.11798127963660164,-0.16070381106463055,6.0
2022-08-03,4155.169921875,4155.169921875,4167.66015625,4107.9599609375,4107.9599609375,4351760000,^GSPC,0.0156384771631401,0.0155174562700907,1,Nancy Pelosi visits Taiwan — China launches unprecedented military exercises,3954.888977050781,3934.393002929688,4230.680132599915,65.64620100454599,0.1996439969378055,-0.1337187753063999,-0.1883103113989213,-0.28276351695002844,6.0
2022-08-04,4151.93994140625,4151.93994140625,4161.2900390625,4135.419921875,4154.85009765625,4283320000,^GSPC,-0.0007773401640558,-0.0007776424495837,0,,3967.354968261719,3937.9568017578126,4230.148104281039,65.28331264634082,0.1959218713832485,-0.1343921704957216,-0.22792020895401752,-0.2402932988473934,9.0
2022-08-05,4145.18994140625,4145.18994140625,4151.580078125,4107.31005859375,4115.8701171875,4085940000,^GSPC,-0.0016257460597355,-0.0016270690189191,0,,3979.645471191406,3942.0310009765626,4229.577915268456,64.48110924782921,0.1961538623768928,-0.1357994290138145,-0.16749039023030665,0.020585645106501987,2.0
2022-08-08,4140.06005859375,4140.06005859375,4186.6201171875,4128.97021484375,4155.93017578125,4221090000,^GSPC,-0.0012375507238541,-0.0012383171221209,0,,3993.926977539063,3945.257602539063,4228.981129557292,63.8390763769449,0.1892165856663975,-0.1368689210559936,-0.11711669833868389,-0.13164244127516017,9.0
2022-08-09,4122.47021484375,4122.47021484375,4137.2998046875,4112.08984375,4133.10986328125,3913090000,^GSPC,-0.004248692893594,-0.0042577442359264,0,,4009.110485839844,3946.550205078125,4228.275759261175,61.57511398054947,0.1854881551183224,-0.1405360999373432,-0.028830584126792055,0.024565043788282132,2.0
2022-08-10,4210.240234375,4210.240234375,4211.02978515625,4177.259765625,4181.02001953125,4546010000,^GSPC,0.0212906376412902,0.0210671584604074,0,,4029.53349609375,3947.590205078125,4228.157104492188,67.72560300204032,0.1923643842816894,-0.1222375654753391,-0.06162074033706211,-0.07778482352430818,10.0
2022-08-11,4207.27001953125,4207.27001953125,4257.91015625,4201.41015625,4227.39990234375,4630200000,^GSPC,-0.0007054739583503,-0.0007057229222018,0,,4050.378002929688,3949.092607421875,4228.020587597018,67.33282222015916,0.1912500614149367,-0.1228568040145143,-0.1407072915325824,-0.3689020948617211,6.0
2022-08-12,4280.14990234375,4280.14990234375,4280.47021484375,4219.77978515625,4225.02001953125,3788010000,^GSPC,0.0173223687745669,0.0171740469514926,0,,4071.227502441406,3952.671005859375,4228.359089640828,71.67382243988783,0.1895888732559277,-0.1076626061055515,-0.06876477374266414,0.24039259715803696,10.0
2022-08-15,4297.14013671875,4297.14013671875,4301.7900390625,4256.89990234375,4269.3701171875,3696830000,^GSPC,0.0039695418998517,0.0039616840562331,0,,4094.542004394531,3955.077412109375,4228.802838331653,72.58833565305122,0.1828518810470506,-0.1041204354316829,0.04327357738823978,0.2583302298684036,9.0
2022-08-16,4305.2001953125,4305.2001953125,4325.27978515625,4277.77001953125,4290.4599609375,4329820000,^GSPC,0.001875679716581,0.0018739228259478,0,,4112.967517089844,3959.010615234375,4229.292564978967,73.03312678240876,0.1645278293123522,-0.1024400523039226,0.133008431460161,-0.09969753264595745,4.0
2022-08-17,4274.0400390625,4274.0400390625,4302.18017578125,4253.080078125,4280.39990234375,3885030000,^GSPC,-0.0072377949540946,-0.007264114867648,0,,4128.674523925782,3962.0628125,4229.57758073746,68.41148938533803,0.1695765279945195,-0.1089364071643547,-0.025025852543151022,-0.23371025485189909,9.0
2022-08-18,4283.740234375,4283.740234375,4292.52978515625,4261.97998046875,4273.1298828125,3340330000,^GSPC,0.0022695611701915,0.0022669896063847,0,,4142.914038085937,3964.524013671875,4229.9203823427615,69.06771549458898,0.1681471425022648,-0.1069140838338836,-0.20057412075031925,-0.26831457475310116,10.0
2022-08-19,4228.47998046875,4228.47998046875,4266.31005859375,4218.7001953125,4266.31005859375,3761340000,^GSPC,-0.0129000011398479,-0.0129839287130388,0,,4156.25654296875,3966.778212890625,4229.911323211478,61.26008850651239,0.1722321455612206,-0.1184348931704086,-0.31328641292906506,-0.4378344091821948,6.0
2022-08-22,4137.990234375,4137.990234375,4195.080078125,4129.85986328125,4195.080078125,3907430000,^GSPC,-0.0214000649197158,-0.0216323664664945,0,,4164.814050292969,3969.1816162109376,4229.33681640625,51.0777623265134,0.1936036441662769,-0.1373004436875181,-0.3107060232661734,-0.22596908586322415,8.0
2022-08-23,4128.72998046875,4128.72998046875,4159.77001953125,4124.02978515625,4133.08984375,3823520000,^GSPC,-0.0022378626777133,-0.0022403704344374,0,,4175.198046875,3973.739013671875,4228.711929226514,50.15895162601765,0.1875577265197588,-0.1392310468266697,-0.3814486135992082,-0.4805423457522056,3.0
2022-08-24,4140.77001953125,4140.77001953125,4156.56005859375,4119.97021484375,4126.5498046875,3583630000,^GSPC,0.002916160446301,0.0029119166987241,0,,4181.056042480469,3981.56181640625,4228.169077932099,51.38347692458224,0.1663377085621456,-0.1367209064520217,-0.19874002692211043,0.11029135084909861,5.0
2022-08-25,4199.1201171875,4199.1201171875,4200.5400390625,4147.58984375,4153.259765625,3566870000,^GSPC,0.0140916055180615,0.013993241836107,0,,4187.390551757812,3990.834619140625,4227.990863449003,56.908911405038864,0.1681074024358007,-0.1245559180137539,-0.05873003123854265,0.1940609011874791,3.0
2022-08-26,4057.659912109375,4057.659912109375,4203.0400390625,4057.659912109375,4198.740234375,3832750000,^GSPC,-0.0336880587195187,-0.0342685763170395,2,Powell Jackson Hole speech: Fed will use all tools to bring inflation down | Markets tumble after Powell's hawkish Jackson Hole speech — S&P falls 3.4%,4183.759045410156,3996.188017578125,4226.952260087176,43.88651266716629,0.2039837957315257,-0.1540479296533618,-0.05049616305687047,-0.455840741207189,8.0
2022-08-29,4030.610107421875,4030.610107421875,4062.989990234375,4017.419921875,4034.580078125,3396510000,^GSPC,-0.0066663557995026,-0.0066886751973248,0,,4179.358056640625,4003.4648193359376,4225.762307646781,41.91154966794624,0.2049292635025379,-0.1596873471436184,-0.1798017306811204,-0.27762535202365124,8.0
2022-08-30,3986.159912109375,3986.159912109375,4044.97998046875,3965.2099609375,4041.25,3835860000,^GSPC,-0.0110281555714482,-0.011089416492117,0,,4174.106555175781,4009.6912158203127,4224.318919721856,38.81999065237303,0.2071118195224033,-0.1689544458079749,-0.24366266885362522,0.002478086669964683,8.0
2022-08-31,3955.0,3955.0,4015.3701171875,3954.530029296875,4000.669921875,4542490000,^GSPC,-0.0078170251059712,-0.007847738208153,0,,4164.098059082031,4013.495415039063,4222.706231579809,36.77226648997698,0.1983695690660433,-0.1754507497692998,-0.18123911700128548,-0.26857008565016977,14.0
2022-09-01,3966.85009765625,3966.85009765625,3970.22998046875,3903.64990234375,3936.72998046875,4152250000,^GSPC,0.0029962320243361,0.0029917522671948,0,,4154.843566894531,4017.634619140625,4221.183278401692,38.1093286881509,0.1992450508954187,-0.1729802089001161,-0.17952258653485764,-0.27247576062436774,16.0
2022-09-02,3924.260009765625,3924.260009765625,4018.429931640625,3906.2099609375,3994.659912109375,3665850000,^GSPC,-0.010736500458081,-0.0107945525707243,0,,4143.7970703125,4020.2052197265625,4219.426335983728,35.22609533806998,0.2014912134253301,-0.181859507266102,-0.20914525296934702,-0.08638991263350353,8.0
2022-09-06,3908.18994140625,3908.18994140625,3942.550048828125,3886.75,3930.889892578125,4127340000,^GSPC,-0.0040950569838349,-0.0041034646908951,0,,4132.203564453125,4020.13421875,4217.595533662684,34.17544889819716,0.2014649440546284,-0.1852098392046302,-0.18563400025672072,-0.19803632751229075,8.0
2022-09-07,3979.8701171875,3979.8701171875,3987.889892578125,3906.030029296875,3909.429931640625,3890320000,^GSPC,0.018341016392734,0.0181748486661698,0,,4125.073559570313,4021.729418945312,4216.205326548794,42.42436430107734,0.2147322721227639,-0.1702657595088439,-0.0877682730331598,0.021121421046314984,6.0
2022-09-08,4006.179931640625,4006.179931640625,4010.5,3944.81005859375,3959.93994140625,3966850000,^GSPC,0.006610721877456,0.0065889668804424,0,,4114.870544433594,4025.4220166015625,4214.984248671421,45.14176797144783,0.1999605728693551,-0.1647806172127547,-0.07021479088555478,-0.033729466190688485,6.0
2022-09-09,4067.360107421875,4067.360107421875,4076.81005859375,4022.93994140625,4022.93994140625,3901940000,^GSPC,0.0152714498163328,0.015156014981211,0,,4107.875048828125,4030.3926171875,4214.1309299358745,50.94029835532345,0.2095294091477788,-0.1520256063228907,0.12716250058092207,0.3940955468871399,8.0
2022-09-12,4110.41015625,4110.41015625,4119.27978515625,4083.669921875,4083.669921875,3814200000,^GSPC,0.0105842727693497,0.0105286514839956,0,,4099.3880615234375,4036.89322265625,4213.534833535381,54.57848796138554,0.2028139959417488,-0.1430504140387881,0.07151072604525856,-0.14583390256067558,11.0
2022-09-13,3932.68994140625,3932.68994140625,4037.1201171875,3921.280029296875,4037.1201171875,4224550000,^GSPC,-0.0432366134006168,-0.044199163031974,0,,4081.165551757813,4039.040419921875,4211.930005580357,41.04596527016804,0.2504253541920709,-0.1801020119908117,-0.13283394816859395,-0.646763488832246,14.0
2022-09-14,3946.010009765625,3946.010009765625,3961.93994140625,3912.179931640625,3940.72998046875,4293240000,^GSPC,0.0033870120853238,0.0033812890788447,0,,4063.206042480469,4041.332822265625,4210.419096513228,42.2026617394317,0.2509852601431682,-0.1773250075966917,-0.3766469364941663,-0.3373434180895773,11.0
2022-09-15,3901.35009765625,3901.35009765625,3959.139892578125,3888.280029296875,3932.409912109375,4441830000,^GSPC,-0.0113177391843534,-0.0113822721681495,0,,4044.571545410157,4042.45822265625,4208.672943977313,39.41066003503625,0.2520416140919408,-0.1866358285942022,-0.43850269644072654,-0.33140118240035615,10.0
2022-09-16,3873.330078125,3873.330078125,3880.949951171875,3837.080078125,3880.949951171875,7954650000,^GSPC,-0.0071821340894484,-0.0072080497756631,0,,4024.051037597656,4041.872421875,4206.788995292749,37.72436698477907,0.2508780844286052,-0.1924775191367918,-0.3306346071419704,-0.32315922093597765,11.0
2022-09-19,3899.889892578125,3899.889892578125,3900.449951171875,3838.5,3849.909912109375,3766850000,^GSPC,0.0068571007162865,0.0068336977247057,0,,4007.621533203125,4041.8826220703127,4205.074475165852,40.3305945782221,0.2524083344210194,-0.1869402561548473,-0.1842602430787349,0.10177967410012917,10.0
2022-09-20,3855.929931640625,3855.929931640625,3876.010009765625,3827.5400390625,3875.22998046875,4058050000,^GSPC,-0.0112721030973618,-0.0113361147366004,0,,3993.518518066406,4041.912622070312,4203.134783257378,37.53096325846625,0.2454427838575594,-0.1961051494117844,-0.14731198964114026,-0.22055642208757215,7.0
2022-09-21,3789.929931640625,3789.929931640625,3907.070068359375,3789.489990234375,3871.39990234375,4078330000,^GSPC,-0.0171164936007844,-0.0172646740985063,1,Fed raises rates by 75bp — third consecutive 75bp hike,3976.578515625,4041.3352197265626,4200.85188352469,33.74366278565185,0.2501448095132803,-0.2098650104775812,-0.049344323121292305,-0.029256221376433838,10.0
2022-09-22,3757.989990234375,3757.989990234375,3790.89990234375,3749.449951171875,3782.360107421875,4284600000,^GSPC,-0.0084275809796894,-0.0084632938304539,0,,3957.439514160156,4040.459418945312,4198.418576418699,32.05770261786421,0.2490629736506791,-0.2165239370866674,-0.10132675523994257,-0.05416762225582163,7.0
2022-09-23,3693.22998046875,3693.22998046875,3727.139892578125,3647.469970703125,3727.139892578125,5144270000,^GSPC,-0.017232619015461,-0.0173828287673307,1,UK mini-budget triggers gilt crisis — pound falls to near parity with dollar,3932.1450073242186,4038.516420898437,4195.657982998207,28.90432884682289,0.2423913467533499,-0.2300252815865862,-0.19403965348077276,-0.4986951168100626,14.0
2022-09-26,3655.0400390625,3655.0400390625,3715.669921875,3644.760009765625,3682.719970703125,4886140000,^GSPC,-0.010340526208282,-0.0103943608902805,1,Bank of England intervenes to buy gilts as pension funds face collapse,3912.014013671875,4034.3540234375,4192.719841998556,27.204848536882466,0.2197682650474752,-0.2379872253420547,-0.19759000094824072,-0.0399072637788377,11.0
2022-09-27,3647.2900390625,3647.2900390625,3717.530029296875,3623.2900390625,3686.43994140625,4577740000,^GSPC,-0.0021203598092424,-0.0021226109548247,0,,3892.848010253906,4030.682822265625,4189.7715727934965,26.859711171346603,0.2199625005851409,-0.2396029666035687,-0.36189188698880154,-0.5470732803775042,14.0
2022-09-28,3719.0400390625,3719.0400390625,3736.739990234375,3640.610107421875,3651.93994140625,4684850000,^GSPC,0.0196721399262347,0.0194811441811523,0,,3879.492016601562,4026.32982421875,4187.240758096018,35.07230826633885,0.2349855050532111,-0.2246443297631002,-0.2570917692871719,-0.1842947637051737,7.0
2022-09-29,3640.469970703125,3640.469970703125,3687.010009765625,3610.39990234375,3687.010009765625,4681810000,^GSPC,-0.0211264378802388,-0.0213527948230975,0,,3863.765515136719,4019.9412255859374,4184.316850142045,30.971195386202997,0.2430744814472666,-0.2410248331654511,-0.400028839976835,-0.46871847584782694,15.0
2022-09-30,3585.6201171875,3585.6201171875,3671.43994140625,3584.1298828125,3633.47998046875,5645360000,^GSPC,-0.0150666957719832,-0.0151813515462093,0,,3844.704016113281,4011.67462890625,4181.132293051862,28.468515945484512,0.2445544821867757,-0.2524600811026375,-0.31260299161685373,-0.2847957352975604,15.0
2022-10-03,3678.429931640625,3678.429931640625,3698.35009765625,3604.929931640625,3609.780029296875,4806680000,^GSPC,0.0258838949525761,0.0255545775309301,1,Credit Suisse CDS spike as default fears grip Swiss banking giant,3832.4125122070313,4006.010629882812,4178.472492197834,37.64951992026933,0.2663039385757664,-0.2331108363690409,-0.24684770586799856,0.01297109354139171,14.0
2022-10-04,3790.929931640625,3790.929931640625,3791.919921875,3726.4599609375,3726.4599609375,5146580000,^GSPC,0.0305837006795515,0.0301253414167998,0,,3826.54951171875,4002.4924267578126,4176.432794510691,46.59702040140541,0.2913609116870297,-0.20965652773416,-0.14400953064837876,-0.16020395018896752,15.0
2022-10-05,3783.280029296875,3783.280029296875,3806.909912109375,3722.659912109375,3753.25,4293180000,^GSPC,-0.0020179487570848,-0.0020199875589381,0,,3816.720007324219,3999.7370263671874,4174.374403069781,46.11243752828314,0.2819179765733339,-0.211251400361689,-0.005766546272430599,0.12993321783028414,9.0
2022-10-06,3744.52001953125,3744.52001953125,3797.929931640625,3739.219970703125,3771.969970703125,4252100000,^GSPC,-0.0102450808466399,-0.0102979229113952,0,,3803.63701171875,3994.155224609375,4172.135578155518,43.636322983824805,0.2810422418776188,-0.2193321935326576,0.07192675772559605,0.24605100553547168,5.0
2022-10-07,3639.659912109375,3639.659912109375,3706.739990234375,3620.72998046875,3706.739990234375,4449660000,^GSPC,-0.0280036177867735,-0.028403196531478,0,,3782.252001953125,3985.49982421875,4169.376636880667,37.7331346328258,0.2854426631530194,-0.241193716403408,0.08228363931679435,-0.12913330541537266,9.0
2022-10-10,3612.389892578125,3612.389892578125,3652.169921875,3588.10009765625,3647.510009765625,3834320000,^GSPC,-0.0074924636339018,-0.0075206731336527,0,,3757.3509887695313,3975.141821289063,4166.505571188386,36.35570049018511,0.2790728582602428,-0.2468790448884317,0.00980958908297396,-0.08748893287117704,5.0
2022-10-11,3588.840087890625,3588.840087890625,3640.659912109375,3568.449951171875,3595.860107421875,4759030000,^GSPC,-0.0065191757777544,-0.0065405184123237,0,,3740.15849609375,3964.546025390625,4163.543184094551,35.16196623872308,0.2409335162303366,-0.2517887727767142,-0.2110997558461889,-0.4166770292520169,6.0
2022-10-12,3577.030029296875,3577.030029296875,3608.340087890625,3573.860107421875,3590.830078125,4006830000,^GSPC,-0.0032907731480149,-0.0032961996501662,0,,3721.709497070312,3954.262827148437,4160.550770039461,34.549300183113786,0.2391684254454372,-0.254250966192304,-0.2238192483388282,-0.16729178289329058,13.0
2022-10-13,3669.909912109375,3669.909912109375,3685.409912109375,3491.580078125,3520.3701171875,5021680000,^GSPC,0.0259656424608649,0.0256342593076311,1,US CPI at 8.2% — hotter than expected — reinforcing Fed hawkish stance,3710.137487792969,3944.557626953125,4158.060207308851,42.96594848260224,0.2609785044508786,-0.2348871134149178,-0.1861388055778399,0.02555239541178782,12.0
2022-10-14,3583.070068359375,3583.070068359375,3712.0,3579.679931640625,3690.409912109375,4243030000,^GSPC,-0.0236626636156543,-0.0239471207445284,0,,3695.624487304688,3933.180229492188,4155.1562167080965,38.04042590477076,0.2710776342503089,-0.2529917222781829,-0.03887754774049746,0.02510674426001048,13.0
2022-10-17,3677.949951171875,3677.949951171875,3689.72998046875,3638.64990234375,3638.64990234375,4352780000,^GSPC,0.026480052302171,0.0261355245575618,0,,3684.527490234375,3923.8354296875,4152.758195273242,45.40459560144666,0.2892583105482307,-0.2332109040139545,-0.0034319349830484133,-0.060954944620943426,15.0
2022-10-18,3719.97998046875,3719.97998046875,3762.7900390625,3686.530029296875,3746.260009765625,4483740000,^GSPC,0.0114275696664887,0.0113627682070874,0,,3677.729992675781,3915.433828125,4150.594304199219,48.33407092296227,0.2917202388235403,-0.2244483682000701,0.016538079128381834,0.08546243774607856,10.0
2022-10-19,3695.159912109375,3695.159912109375,3728.580078125,3666.510009765625,3703.110107421875,4223800000,^GSPC,-0.0066720972934503,-0.0066944552396843,0,,3672.991491699219,3906.887622070312,4145.087303466797,46.73913801398447,0.2866546330238165,-0.2296229241435334,-0.023692605201030035,-0.09558530872822513,13.0
2022-10-20,3665.780029296875,3665.780029296875,3736.0,3656.43994140625,3689.050048828125,4496620000,^GSPC,-0.0079509097065648,-0.0079826867387666,0,,3668.380993652344,3895.99841796875,4139.448503417969,44.852421260597616,0.286499624755736,-0.2357481227136757,0.04444644877863712,0.14346221731805803,5.0
2022-10-21,3752.75,3752.75,3757.889892578125,3647.419921875,3657.10009765625,5078020000,^GSPC,0.0237248198222648,0.0234477598604472,0,,3671.356994628906,3886.908017578125,4134.709353027344,51.139999756499485,0.2925854359297936,-0.21761638462623,-0.0023109717252009685,-0.054809823765435695,12.0
2022-10-24,3797.340087890625,3797.340087890625,3810.739990234375,3741.64990234375,3762.010009765625,4747930000,^GSPC,0.0118819766546198,0.0118119402051114,0,,3678.4719970703127,3877.251821289063,4130.215804443359,54.03367909382843,0.2919346874309934,-0.2083201207734017,-0.07721540745045828,-0.32029861590399705,7.0
2022-10-25,3859.110107421875,3859.110107421875,3862.85009765625,3799.43994140625,3799.43994140625,4843120000,^GSPC,0.0162666545796699,0.0161357700158749,0,,3689.0630004882814,3868.491220703125,4126.126206054688,57.76524416941281,0.2957589390534408,-0.1954421376403479,0.006611642338676745,0.3949433666854631,9.0
2022-10-26,3830.60009765625,3830.60009765625,3886.14990234375,3824.070068359375,3825.969970703125,4817310000,^GSPC,-0.0073877160723645,-0.0074151403989898,1,ECB raises rates by 75bp — third consecutive large hike to fight inflation,3694.641003417969,3858.99921875,4121.927756347656,55.52475803511924,0.2910380216320905,-0.2013859826912495,-0.11930277235074283,-0.4325530678336944,6.0
2022-10-27,3807.300048828125,3807.300048828125,3859.949951171875,3803.7900390625,3834.68994140625,4687320000,^GSPC,-0.0060826106182112,-0.0061011850531844,0,,3702.982507324218,3849.6644189453127,4117.398907470703,53.69190105925932,0.2799955125577993,-0.2062436407927841,-0.0814086379732258,-0.20661621277144598,7.0
2022-10-28,3901.06005859375,3901.06005859375,3905.419921875,3808.260009765625,3808.260009765625,4459410000,^GSPC,0.0246263778959276,0.0243280367708563,0,,3718.754504394531,3842.010815429688,4113.272457275391,59.48724453797444,0.282501934110239,-0.1866962967336516,-0.18333204157438718,0.089173155881979,10.0
2022-10-31,3871.97998046875,3871.97998046875,3893.72998046875,3863.179931640625,3881.85009765625,4820620000,^GSPC,-0.0074544041076575,-0.0074823270303364,0,,3728.4320068359375,3834.880815429688,4109.337208251953,57.10040076901402,0.273604289827238,-0.1927589912000533,-0.031210240596675588,0.02381233509944033,9.0
2022-11-01,3856.10009765625,3856.10009765625,3911.7900390625,3843.800048828125,3901.7900390625,4481210000,^GSPC,-0.0041012306087846,-0.004109663720359,0,,3731.690515136719,3829.2430126953127,4105.303458251953,55.78412415082124,0.2541608031679812,-0.1960696727340099,0.11915331655518724,0.2444744586841425,7.0
2022-11-02,3759.68994140625,3759.68994140625,3894.43994140625,3758.679931640625,3852.89990234375,4899000000,^GSPC,-0.0250019848573428,-0.0253198437374828,1,Fed raises rates by 75bp — fourth consecutive 75bp hike,3730.5110107421874,3821.8622119140623,4101.216358642578,48.47762231090138,0.2705794820691318,-0.2161695266026729,0.09644984876723663,0.02106275251812715,7.0
2022-11-03,3719.889892578125,3719.889892578125,3750.590087890625,3698.14990234375,3733.25,4625290000,^GSPC,-0.0105859923154296,-0.0106424225319565,0,,3729.279504394531,3813.444609375,4097.152009277344,45.81011416176087,0.2707508062865728,-0.2244671499706566,-0.05493747783871161,-0.4303496447184044,9.0
2022-11-04,3770.550048828125,3770.550048828125,3796.340087890625,3708.840087890625,3766.97998046875,5400180000,^GSPC,0.0136187246700705,0.0135268232855639,0,,3735.824011230469,3804.873208007813,4093.5911096191408,49.61086134370362,0.2534442260091725,-0.2139053816135118,-0.10905410442241459,0.08212457893303361,6.0
2022-11-07,3806.800048828125,3806.800048828125,3813.949951171875,3764.699951171875,3780.7099609375,4341620000,^GSPC,0.0096139819205598,0.0095680616793591,0,,3745.5445190429687,3799.856010742188,4090.63541015625,52.1946298519814,0.2523956967945945,-0.2063478821644947,-0.21975772204471858,-0.31104810034878483,14.0
2022-11-08,3828.110107421875,3828.110107421875,3859.39990234375,3786.280029296875,3817.02001953125,4607640000,^GSPC,0.0055978928024627,0.0055822828287603,1,FTX crypto exchange halts withdrawals — liquidity crisis confirmed,3757.508020019531,3795.806010742188,4087.725311279297,53.69770434862472,0.2502183517190081,-0.201905102686404,-0.08234906069106893,-0.018123660657455427,8.0
2022-11-09,3748.570068359375,3748.570068359375,3818.199951171875,3744.219970703125,3810.93994140625,4645010000,^GSPC,-0.0207778869547897,-0.0209967847123034,0,,3766.085021972656,3791.054213867188,4084.6859106445313,47.672674813338666,0.2638557109406678,-0.2184878282419804,-0.14588392982486018,-0.1084800284683401,14.0
2022-11-10,3956.3701171875,3956.3701171875,3958.330078125,3859.889892578125,3859.889892578125,5781260000,^GSPC,0.0554344843603449,0.0539525156647976,0,,3780.408032226562,3791.0816162109377,4082.7181103515622,60.22794407181258,0.3118022938164634,-0.1751651039792413,-0.024966743931297747,0.05170345733190241,16.0
2022-11-11,3992.929931640625,3992.929931640625,4001.47998046875,3944.820068359375,3963.719970703125,5593310000,^GSPC,0.0092407467881479,0.009198312304769,2,Contagion fears sweep crypto market after FTX collapse — Bitcoin drops 20% | FTX files for Chapter 11 bankruptcy — Sam Bankman-Fried resigns,3800.901025390625,3791.603212890625,4081.05021118164,61.95740460161312,0.2944557977163201,-0.1675430135630851,0.01738760512663368,0.10893938651633887,6.0
2022-11-14,3957.25,3957.25,4008.969970703125,3956.39990234375,3977.969970703125,4561930000,^GSPC,-0.0089357770488009,-0.008975940544918,0,,3814.8660278320312,3792.2630126953127,4078.67721069336,59.249567634006176,0.2879918313817864,-0.1749816635966021,0.016080943140901003,-0.11240001442553811,8.0
2022-11-15,3991.72998046875,3991.72998046875,4028.840087890625,3953.169921875,4006.409912109375,5015310000,^GSPC,0.0087131165503191,0.0086753764146691,1,G20 Bali summit — Biden and Xi meet as world leaders call for peace in Ukraine,3828.4535278320313,3793.9338134765626,4076.0581115722657,61.02241717810939,0.2871953461980559,-0.167793182675369,0.06263390092350996,0.19136233067972924,10.0
2022-11-16,3958.7900390625,3958.7900390625,3983.090087890625,3954.340087890625,3976.820068359375,4165320000,^GSPC,-0.0082520464979902,-0.0082862831118737,0,,3841.635034179688,3793.5122119140624,4073.1193615722655,58.40812906250465,0.2880010896697671,-0.1746605920278764,0.0406575445252108,0.04301031732144141,7.0
2022-11-17,3946.56005859375,3946.56005859375,3954.330078125,3906.5400390625,3919.260009765625,4051780000,^GSPC,-0.0030893228355314,-0.0030941046442292,0,,3855.674035644531,3792.319814453125,4069.905262451172,57.42446094881958,0.2859436189265061,-0.1772103319079886,0.05671885203090541,-0.06421609190845429,6.0
2022-11-18,3965.340087890625,3965.340087890625,3979.889892578125,3935.97998046875,3966.389892578125,4037360000,^GSPC,0.0047585819088147,0.0047472956481582,0,,3866.303540039063,3790.2794140625,4067.344763183594,58.57807558071357,0.2763498160540009,-0.1732950198786463,0.03677748600926247,0.1315382326148004,4.0
2022-11-21,3949.93994140625,3949.93994140625,3962.0,3933.340087890625,3956.22998046875,3850690000,^GSPC,-0.0038836886983297,-0.0038912498002756,0,,3873.933532714844,3787.070009765625,4064.591813964844,57.20915145818215,0.2751429907936897,-0.1765056846667966,-0.04823043118293439,-0.21201343425514915,12.0
2022-11-22,4003.580078125,4003.580078125,4005.8798828125,3956.8798828125,3965.510009765625,3887990000,^GSPC,0.013579987927526,0.0134886062698283,0,,3881.15703125,3788.4878125,4062.1903637695314,60.65782693352162,0.2734908492403052,-0.1653226418061853,0.02820722164541825,0.1650968665766036,11.0
2022-11-23,4027.260009765625,4027.260009765625,4033.780029296875,3998.659912109375,4000.300048828125,3279720000,^GSPC,0.0059146891478476,0.0058972660417383,0,,3890.990026855469,3790.1128125,4059.718963623047,62.10962297629204,0.2715930786709992,-0.1603857846937222,-0.035020378231540784,-0.05814456701607671,10.0
2022-11-25,4026.1201171875,4026.1201171875,4034.02001953125,4020.760009765625,4023.340087890625,1706460000,^GSPC,-0.0002830441976333,-0.0002830842622024,0,,3901.9310302734375,3792.608212890625,4056.913663330078,61.99103400297715,0.2699284525733708,-0.1606234326256151,0.030116231097647966,-0.016603606267582886,5.0
2022-11-28,3963.93994140625,3963.93994140625,4012.27001953125,3955.77001953125,4005.360107421875,3615430000,^GSPC,-0.0154441929131232,-0.0155646967940648,0,,3905.075024414063,3794.42041015625,4054.212962646485,55.73905228583749,0.2648132702969969,-0.1735869262589003,-0.006535622044266875,0.05514130715085908,11.0
2022-11-29,3957.6298828125,3957.6298828125,3976.77001953125,3937.64990234375,3964.18994140625,3546040000,^GSPC,-0.0015918653377758,-0.0015931337016243,0,,3909.35751953125,3795.5752099609376,4051.907911376953,55.13140161368161,0.2631906007683184,-0.1749024645856736,-0.07563616148603954,-0.2654461853413947,14.0
2022-11-30,4080.110107421875,4080.110107421875,4080.110107421875,3938.580078125,3957.179931640625,6579360000,^GSPC,0.030947872397389,0.0304786435212949,1,OpenAI launches ChatGPT — internet's fastest-growing app reaches 1 million users in 5 days,3920.5580200195313,3800.0588134765626,4050.300112304688,63.458567813377805,0.2820797443707223,-0.1493674513442708,-0.15483799338415624,-0.25420910196193297,14.0
2022-12-01,4076.570068359375,4076.570068359375,4100.509765625,4050.8701171875,4087.139892578125,4527130000,^GSPC,-0.0008676332180498,-0.0008680098296065,0,,3936.4020263671873,3805.7916162109377,4048.3276135253914,63.09409077010687,0.2623894950607231,-0.1501054883998389,-0.21327870987065056,-0.12018084230862393,15.0
2022-12-02,4071.699951171875,4071.699951171875,4080.47998046875,4026.6298828125,4040.169921875,4012620000,^GSPC,-0.0011946604880656,-0.0011953746637614,0,,3953.992529296875,3812.065815429688,4046.311064453125,62.561731630379896,0.2574721568412034,-0.1511208237918715,-0.3569299905419246,-0.6964000273552169,6.0
2022-12-05,3998.840087890625,3998.840087890625,4052.449951171875,3984.489990234375,4052.02001953125,4280820000,^GSPC,-0.0178942122835648,-0.0180562496309722,0,,3965.40703125,3818.178017578125,4044.403966064453,55.07481952282309,0.2670451832192173,-0.1663108479740374,-0.3169322620359291,-0.13421591644394643,9.0
2022-12-06,3941.260009765625,3941.260009765625,4001.510009765625,3918.389892578125,3996.6298828125,4368380000,^GSPC,-0.014399194981406,-0.014503869422986,0,,3972.130029296875,3823.902416992188,4042.365915527344,49.983937637062205,0.2727297021081503,-0.1783153006279423,-0.43657284998345186,-0.4791026061511924,9.0
2022-12-07,3933.919921875,3933.919921875,3957.570068359375,3922.679931640625,3933.280029296875,4118050000,^GSPC,-0.0018623708845491,-0.0018641072533816,0,,3977.420520019531,3829.635014648437,4040.511716308594,49.35760120096593,0.2726175387348919,-0.1798455822883322,-0.3458529475452363,-0.42424032004057005,7.0
2022-12-08,3963.510009765625,3963.510009765625,3974.18994140625,3935.830078125,3947.7900390625,4006900000,^GSPC,0.0075217819575039,0.0074936344139332,0,,3988.167517089844,3834.5244140625,4039.201766357422,51.97045643709367,0.260094760108999,-0.1736765595868214,-0.3805410254952048,-0.23828015029385194,7.0
2022-12-09,3934.3798828125,3934.3798828125,3977.02001953125,3933.0400390625,3954.169921875,3888260000,^GSPC,-0.0073495782479044,-0.0073767194642132,0,,3987.068005371094,3840.402612304688,4037.430164794922,49.27514004543291,0.17833837502654,-0.1797496883702156,-0.19929645203842053,0.06463111421916042,10.0
2022-12-12,3990.56005859375,3990.56005859375,3990.7099609375,3935.300048828125,3939.2900390625,3904130000,^GSPC,0.0142792962181093,0.01417830729965,0,,3986.94951171875,3848.501411132812,4035.459715576172,54.207686729255975,0.1826717832742691,-0.1680370911974575,0.0036259510722222443,0.18452688929135824,13.0
2022-12-13,4019.64990234375,4019.64990234375,4100.9599609375,3993.030029296875,4069.3798828125,5079360000,^GSPC,0.0072896644387934,0.0072632232554572,0,,3990.069506835937,3855.325810546875,4033.6882653808593,56.56302299320474,0.1812125723475812,-0.1619723607667645,0.05313562536279944,-0.08975112742212037,19.0
2022-12-14,3995.320068359375,3995.320068359375,4053.760009765625,3965.64990234375,4015.5400390625,4472340000,^GSPC,-0.0060527246341003,-0.0060711166238359,1,Fed raises rates by 50bp — signals slower pace of hikes ahead,3990.249011230469,3859.41361328125,4032.133566894531,54.0586006185176,0.1802510316133077,-0.1670447113028084,0.028736039290762374,-0.008567643996950772,9.0
2022-12-15,3895.75,3895.75,3958.3701171875,3879.449951171875,3958.3701171875,4493900000,^GSPC,-0.024921675023714,-0.025237477901826,0,,3987.097009277344,3861.663012695312,4029.679616699219,45.23197243400155,0.1996424744213058,-0.1878033523170037,-0.13069633451478316,-0.2937702321252783,11.0
2022-12-16,3852.360107421875,3852.360107421875,3890.909912109375,3827.909912109375,3890.909912109375,7493660000,^GSPC,-0.0111377507740807,-0.0112002399460116,0,,3982.38701171875,3863.819814453125,4027.123966064453,42.0127182554382,0.2029231059437757,-0.1968493961584407,-0.299288144997348,-0.595526558869815,9.0
2022-12-19,3817.659912109375,3817.659912109375,3854.860107421875,3800.0400390625,3853.7900390625,3969610000,^GSPC,-0.0090075160018523,-0.0090483289411038,0,,3975.003002929688,3867.379814453125,4024.5679150390624,39.58621041955639,0.203461339262003,-0.2040837880744409,-0.42302619222878773,-0.3797817856912699,14.0
2022-12-20,3821.6201171875,3821.6201171875,3838.239990234375,3795.6201171875,3810.469970703125,3985370000,^GSPC,0.0010373383615349,0.0010368006978907,0,,3968.58701171875,3871.564418945312,4022.67056640625,40.012039633461534,0.2035728694067559,-0.203258153655243,-0.28245576158005486,0.12794105982092027,11.0
2022-12-21,3878.43994140625,3878.43994140625,3889.820068359375,3839.489990234375,3839.489990234375,3775200000,^GSPC,0.0148679938027347,0.0147585486690542,0,,3962.330004882812,3877.356416015625,4021.209265136719,45.90365260187883,0.2048713013975458,-0.1914122008214098,-0.1076126934382539,-0.07099735444441203,11.0
2022-12-22,3822.389892578125,3822.389892578125,3853.260009765625,3764.489990234375,3853.260009765625,3956950000,^GSPC,-0.0144516995686163,-0.0145571424981456,0,,3952.0864990234377,3882.26361328125,4018.931815185547,41.56677435209607,0.2078042981138993,-0.2030976687699874,-0.0528481753546318,-0.21548823144040363,10.0
2022-12-23,3844.820068359375,3844.820068359375,3845.800048828125,3797.010009765625,3815.110107421875,2819280000,^GSPC,0.005868102525282,0.005850952271915,0,,3943.021496582032,3885.76181640625,4016.858315429688,43.85289284347645,0.2098461910793762,-0.1984213641876935,-0.2817049160014174,-0.5586291621194365,9.0
2022-12-27,3829.25,3829.25,3846.64990234375,3813.219970703125,3843.340087890625,3030300000,^GSPC,-0.0040496221104097,-0.0040578440346594,0,,3936.286999511719,3890.685415039063,4014.983015136719,42.60677235450659,0.2040982211187134,-0.201667454754511,-0.3763235199609441,-0.3548531663229923,15.0
2022-12-28,3783.219970703125,3783.219970703125,3848.320068359375,3780.780029296875,3829.56005859375,3083520000,^GSPC,-0.0120206383226153,-0.0120934704429486,0,,3927.56650390625,3892.790815429688,4013.033565673828,39.07198957288684,0.2073827996536227,-0.21126392154208,-0.3504027039850943,-0.13772578351285428,17.0
2022-12-29,3849.280029296875,3849.280029296875,3858.18994140625,3805.449951171875,3805.449951171875,3003680000,^GSPC,0.0174613316448191,0.0173106343149943,0,,3916.025,3895.37681640625,4010.96771484375,45.99649032963697,0.1837365678522719,-0.1974915392958922,-0.11362898039352082,0.15169200865528412,12.0
2022-12-30,3839.5,3839.5,3839.85009765625,3800.340087890625,3829.06005859375,2979870000,^GSPC,-0.0025407424823445,-0.0025439756461108,0,,3904.171496582031,3898.2636181640623,4008.375915527344,45.17786892507048,0.1835855460623441,-0.1995305066344441,-0.17258517972478862,-0.5317217643167957,19.0
2023-01-03,3824.139892578125,3824.139892578125,3878.4599609375,3794.330078125,3853.2900390625,3959140000,^GSPC,-0.0040005488792486,-0.0040085724812736,0,,3891.793493652344,3901.4308154296873,4005.4382653808593,43.85766007780921,0.1834912089814867,-0.2027328239690004,-0.15691457367972916,-0.09071396537767586,19.0
2023-01-04,3852.969970703125,3852.969970703125,3873.159912109375,3815.77001953125,3840.360107421875,4414080000,^GSPC,0.0075389705750443,0.0075106945621389,0,,3884.499987792969,3903.43521484375,4002.387514648437,46.98892463114962,0.1782880262878123,-0.1967222501884539,-0.27118180038750267,-0.19110967146803648,16.0
2023-01-05,3808.10009765625,3808.10009765625,3839.739990234375,3802.419921875,3839.739990234375,3893450000,^GSPC,-0.0116455288746221,-0.0117138691364571,0,,3877.8419921875,3903.6504150390624,3999.122114257813,42.97187446342625,0.1759227083942375,-0.2060768444182257,-0.06126813221681754,0.0980192401952597,11.0
2023-01-06,3895.080078125,3895.080078125,3906.18994140625,3809.56005859375,3823.3701171875,3923560000,^GSPC,0.0228407810294386,0.0225838355890308,0,,3875.9,3904.369814453125,3996.0394653320313,51.60826193391623,0.1959219673692739,-0.1879430194673815,0.008998580130110623,0.12008617166310863,19.0
2023-01-09,3892.090087890625,3892.090087890625,3950.570068359375,3890.419921875,3910.820068359375,4311770000,^GSPC,-0.0007676325452631,-0.0007679273259905,0,,3872.32900390625,3905.599614257813,3993.2187145996095,51.32054236127527,0.1936348835116421,-0.1885663808342465,-0.09803285350853869,-0.5122039723839844,20.0
2023-01-10,3919.25,3919.25,3919.830078125,3877.2900390625,3888.570068359375,3851030000,^GSPC,0.0069782331590619,0.0069539979705937,0,,3871.572509765625,3907.83861328125,3990.2141638183593,53.83808736012545,0.1939679025112291,-0.1829040078466063,-0.10015718089312337,0.09164625804150567,18.0
2023-01-11,3969.610107421875,3969.610107421875,3970.070068359375,3928.5400390625,3932.35009765625,4303360000,^GSPC,0.0128494246148815,0.0127675711922936,0,,3870.525012207031,3909.209614257813,3987.3469140625,58.15900948487008,0.1926417369476528,-0.1724047944923094,-0.15307080685224894,-0.03865470621426809,11.0
2023-01-12,3983.169921875,3983.169921875,3997.760009765625,3937.56005859375,3977.570068359375,4440260000,^GSPC,0.0034159058663651,0.0034100849120427,0,,3868.7010131835937,3911.4334130859374,3984.385163574219,59.26465479436173,0.1911246608303729,-0.1695778071748399,-0.018170730895448618,-0.10750374451358342,8.0
2023-01-13,3999.090087890625,3999.090087890625,4003.949951171875,3947.669921875,3960.60009765625,3939700000,^GSPC,0.0039968583635343,0.003988892144656,0,,3868.889514160156,3914.293212890625,3981.2226135253904,60.58166950481474,0.1905396013597667,-0.166258727288182,-0.03033960098656278,0.055139647768163186,14.0
2023-01-17,3990.969970703125,3990.969970703125,4015.389892578125,3984.570068359375,3999.280029296875,4235560000,^GSPC,-0.0020304911890052,-0.0020325554309963,0,,3873.650512695313,3918.9188134765623,3978.165212402344,59.524572367032185,0.1659105455148307,-0.1679516315963334,-0.059062543550704984,-0.12482353390669472,15.0
2023-01-18,3928.860107421875,3928.860107421875,4014.159912109375,3926.590087890625,4002.25,4298710000,^GSPC,-0.015562598500411,-0.0156849669777446,0,,3877.475512695312,3923.0982177734377,3975.157462158203,52.04411357026108,0.1710432232643569,-0.1809004662867218,-0.2562336138638724,-0.6990169554530857,6.0
2023-01-19,3898.85009765625,3898.85009765625,3922.93994140625,3885.5400390625,3911.840087890625,3991500000,^GSPC,-0.0076383502962943,-0.0076676719018124,1,US hits debt ceiling — Treasury begins extraordinary measures to avoid default,3881.535021972656,3925.66421875,3971.922413330078,48.84974862582541,0.1700365006057258,-0.1871570354527552,-0.3910276187751285,-0.3492423669656051,11.0
2023-01-20,3972.610107421875,3972.610107421875,3972.9599609375,3897.860107421875,3909.0400390625,4013360000,^GSPC,0.0189184010459815,0.0187416735523519,0,,3889.084521484375,3928.980419921875,3968.8722631835935,55.99835438083392,0.1812589493878783,-0.1717793462620459,-0.35390009131399536,-0.013440951523295332,13.0
2023-01-23,4019.81005859375,4019.81005859375,4039.31005859375,3971.639892578125,3978.139892578125,3945210000,^GSPC,0.0118813449836652,0.0118113159513285,0,,3896.15302734375,3932.814418945312,3966.345712890625,59.86392604822197,0.1787789378245493,-0.1619389709523884,-0.13732178785832017,-0.049282045086060024,21.0
2023-01-24,4016.949951171875,4016.949951171875,4023.919921875,3989.7900390625,4001.739990234375,3320430000,^GSPC,-0.0007115031258156,-0.0007117563642918,0,,3905.881030273437,3938.182016601562,3964.0247131347655,59.522691612801786,0.1684442467273569,-0.1625352539941802,-0.10376134149677867,-0.2485610278809806,25.0
2023-01-25,4016.219970703125,4016.219970703125,4019.550048828125,3949.06005859375,3982.7099609375,3724020000,^GSPC,-0.0001817250594663,-0.0001817415734656,0,,3914.451025390625,3939.379013671875,3961.6047631835936,59.429579990134826,0.1682051138278495,-0.162687442324949,-0.19226267038957232,-0.2789449382016763,15.0
2023-01-26,4060.429931640625,4060.429931640625,4061.570068359375,4013.2900390625,4036.080078125,3809590000,^GSPC,0.0110078534691813,0.0109477080291143,0,,3926.010021972656,3940.729013671875,3959.465513916016,63.18563717661087,0.1692538029691923,-0.1534704283821566,-0.07074378779356132,0.315274602701973,16.0
2023-01-27,4070.56005859375,4070.56005859375,4094.2099609375,4048.699951171875,4053.719970703125,3907760000,^GSPC,0.002494840970949,0.0024917340217038,0,,3940.377026367188,3942.99521484375,3957.755665283203,64.0078975269308,0.1597322241009709,-0.1513584717237644,0.06547042456187387,0.16008160918532494,16.0
2023-01-30,4017.77001953125,4017.77001953125,4063.85009765625,4015.550048828125,4049.27001953125,3802000000,^GSPC,-0.0129687409846833,-0.0130535693152926,0,,3948.8015258789055,3943.516015625,3955.857264404297,56.87836662588039,0.1616684529433968,-0.1623642838928248,0.09771577732302028,-0.1822088799182371,13.0
2023-01-31,4076.60009765625,4076.60009765625,4077.159912109375,4020.43994140625,4020.85009765625,4679320000,^GSPC,0.0146424702855101,0.0145363044164195,0,,3960.656530761719,3945.872216796875,3954.007315673828,61.96306332251458,0.1664014245761553,-0.1500992278096434,-0.0030867078520885223,0.012867147176646585,16.0
2023-02-01,4119.2099609375,4119.2099609375,4148.9501953125,4037.199951171875,4070.070068359375,4856930000,^GSPC,0.0104523039445902,0.0103980562968847,0,,3975.410034179688,3949.32521484375,3952.6404162597655,65.1668122177222,0.1662158916495315,-0.1412158066159677,-0.0003388216718453278,0.16832526772605452,21.0
2023-02-02,4179.759765625,4179.759765625,4195.43994140625,4141.8798828125,4158.68017578125,5624360000,^GSPC,0.0146993732443099,0.0145923846268543,0,,3991.749523925781,3953.6136083984375,3951.5807653808592,69.14403045620011,0.1702127527881935,-0.1285922172211021,0.1539789411714541,0.2807444086116612,17.0
2023-02-03,4136.47998046875,4136.47998046875,4182.35986328125,4123.35986328125,4136.68994140625,4694510000,^GSPC,-0.0103546106913104,-0.0104085926372854,1,US adds 517000 jobs in January — blowout NFP signals labour market resilience,4008.1685180664062,3957.3444091796873,3949.952115478516,63.55787990216898,0.1686633584997933,-0.1376153055651557,0.10200411478484268,-0.14305733198318765,10.0
2023-02-06,4111.080078125,4111.080078125,4124.6298828125,4093.3798828125,4119.56982421875,4114240000,^GSPC,-0.0061404630177543,-0.0061593931939392,0,,4018.9685180664064,3959.494409179688,3948.210264892578,60.47020870504884,0.157452606382025,-0.1429107468884103,-0.011703707872833665,-0.17279820024697456,19.0
2023-02-07,4164.0,4164.0,4176.5400390625,4088.389892578125,4105.35009765625,4355860000,^GSPC,0.0128725105980265,0.012790364037397,0,,4032.564013671875,3962.229208984375,3947.061964111328,64.35551950110462,0.1608129755236596,-0.1318778563942767,-0.13637470519385922,-0.09326858335141548,15.0
2023-02-08,4117.85986328125,4117.85986328125,4156.85009765625,4111.669921875,4153.47021484375,4029820000,^GSPC,-0.0110807244761647,-0.0111425730124113,0,,4042.4945068359375,3964.06400390625,3946.292364501953,58.9180827806199,0.1681362716415413,-0.1414972786792292,-0.149660035721179,-0.18291332356514695,14.0
2023-02-09,4081.5,4081.5,4156.22998046875,4069.669921875,4144.25,4270200000,^GSPC,-0.0088297961777351,-0.0088690098310373,0,,4048.089001464844,3966.415205078125,3945.219263916016,54.97613668851378,0.1681046392621587,-0.1490776827265226,-0.1491515159553418,-0.1712726409494629,13.0
2023-02-10,4090.4599609375,4090.4599609375,4094.360107421875,4060.7900390625,4068.919921875,3891520000,^GSPC,0.0021952617756952,0.0021928557092171,0,,4053.453503417969,3969.071806640625,3944.7955627441406,55.7616073562784,0.1679660900871058,-0.1472096854893262,-0.28747868971867113,-0.5082501046414035,7.0
2023-02-13,4137.2900390625,4137.2900390625,4138.89990234375,4092.669921875,4096.6201171875,3448620000,^GSPC,0.0114486093427661,0.0113835699511551,0,,4060.3635009765626,3970.2154052734377,3944.562213134765,59.7171896600537,0.171532340722143,-0.1374464223271988,-0.2221296086053948,0.013133919774682049,19.0
2023-02-14,4136.1298828125,4136.1298828125,4159.77001953125,4095.010009765625,4126.7001953125,3929200000,^GSPC,-0.0002804145319874,-0.0002804538554937,0,,4067.6214965820313,3971.4066015625,3943.805362548828,59.57507072711447,0.1711391452024747,-0.137688294884996,-0.22070087049351264,-0.1669864266138164,11.0
2023-02-15,4147.60009765625,4147.60009765625,4148.10986328125,4103.97998046875,4119.5,4075980000,^GSPC,0.002773175690496,0.0027693375330766,0,,4078.55849609375,3972.9246044921874,3943.8837121582033,60.5740904223409,0.1581994228318725,-0.1352969530267408,0.021836728084052275,0.2193626910912913,15.0
2023-02-16,4090.409912109375,4090.409912109375,4136.5400390625,4089.489990234375,4114.75,4143660000,^GSPC,-0.0137887414891306,-0.0138846892048816,0,,4088.1364868164064,3974.7560009765625,3943.558862304688,53.477777359379,0.1650010079195067,-0.1472201198063187,0.03193492940337741,0.04342852373265745,22.0
2023-02-17,4079.090087890625,4079.090087890625,4081.510009765625,4047.949951171875,4077.389892578125,4045480000,^GSPC,-0.0027674058253277,-0.0027712421722827,0,,4093.460485839844,3977.5126025390623,3943.076912841797,52.17488005589951,0.1540458649338737,-0.149580107814489,-0.03908227094783998,-0.3800380276674686,17.0
2023-02-21,3997.340087890625,3997.340087890625,4052.35009765625,3995.18994140625,4052.35009765625,4121590000,^GSPC,-0.0200412342553273,-0.0202447839734716,0,,4092.336987304688,3978.781005859375,3941.562763671875,43.863504203044656,0.1666099509977405,-0.1666235720891691,-0.30386158880125236,-0.5749752624689458,25.0
2023-02-22,3991.050048828125,3991.050048828125,4017.3701171875,3976.89990234375,4001.830078125,4079320000,^GSPC,-0.0015735561458868,-0.0015747954856433,0,,4091.0419921875,3979.331806640625,3940.783663330078,43.292065002832295,0.166667749527442,-0.1679349366891454,-0.33786486698916246,-0.05858131083107294,20.0
2023-02-23,4012.320068359375,4012.320068359375,4028.300048828125,3969.18994140625,4018.60009765625,3952940000,^GSPC,0.0053294294160743,0.0053152782632377,0,,4090.8469970703127,3980.8906103515615,3940.228564453125,45.86056547657412,0.1678676135400434,-0.1635005046646487,-0.21690216016419708,-0.01714990719257243,13.0
2023-02-24,3970.0400390625,3970.0400390625,3978.25,3943.080078125,3973.239990234375,3877700000,^GSPC,-0.0105375514855581,-0.0105934646197741,1,One year of war in Ukraine — Western leaders pledge continued support for Kyiv,4086.327502441406,3980.4802099609374,3940.1225646972657,41.80700252307552,0.1665618520946673,-0.1723151611643883,-0.1393629381779993,-0.34235759651035247,20.0
2023-02-27,3982.239990234375,3982.239990234375,4018.050048828125,3973.550048828125,3992.360107421875,3836950000,^GSPC,0.0030730045671669,0.0030682925395522,0,,4081.9114990234375,3979.73201171875,3940.028514404297,43.362638666544576,0.1667404060016683,-0.1697716818744716,-0.07652884936837312,0.12992095559780564,12.0
2023-02-28,3970.14990234375,3970.14990234375,3997.5,3968.97998046875,3977.18994140625,5043400000,^GSPC,-0.0030360018281855,-0.0030406198309477,0,,4079.530493164063,3979.2286083984377,3940.2033642578126,42.159841718018086,0.1609031772838753,-0.172292256566112,-0.13232297914949046,-0.18453229653592446,14.0
2023-03-01,3951.389892578125,3951.389892578125,3971.72998046875,3939.050048828125,3963.340087890625,4249480000,^GSPC,-0.00472526484568,-0.0047364642034928,0,,4073.269982910156,3980.34140625,3940.309913330078,40.29223157973304,0.1511083005206523,-0.1762033948686574,-0.13925819016678412,-0.3631632295622334,21.0
2023-03-02,3981.35009765625,3981.35009765625,3990.840087890625,3928.159912109375,3938.679931640625,4244900000,^GSPC,0.0075821940867943,0.0075535937311959,0,,4066.376989746094,3982.921206054688,3940.0972143554686,44.51917619320122,0.1484365433954969,-0.1699572091205092,-0.14058622113933683,0.1259368626801475,17.0
2023-03-03,4045.639892578125,4045.639892578125,4048.2900390625,3995.169921875,3998.02001953125,4084730000,^GSPC,0.0161477371607488,0.016018749176483,0,,4059.67099609375,3987.480805664063,3940.285363769531,52.31958997472496,0.1505840649610206,-0.1565538963012127,-0.13175017465974706,-0.1580241570971552,18.0
2023-03-06,4048.419921875,4048.419921875,4078.489990234375,4044.610107421875,4055.14990234375,4000870000,^GSPC,0.0006871667698291,0.0006869307788483,0,,4055.2679931640623,3992.0168017578126,3940.083212890625,52.62974049881569,0.1471163364488548,-0.155974308166609,-0.003649402614313131,0.021139086574068412,29.0
2023-03-07,3986.3701171875,3986.3701171875,4050.0,3980.31005859375,4048.260009765625,3922500000,^GSPC,-0.0153269191153376,-0.0154455904792625,0,,4049.0324951171874,3994.1754052734377,3940.3966638183592,45.51352997538213,0.1548611037049908,-0.1689106216766064,-0.12993644833692797,-0.252924274487697,24.0
2023-03-08,3992.010009765625,3992.010009765625,4000.409912109375,3969.760009765625,3987.550048828125,3535570000,^GSPC,0.0014147940136839,0.0014137941356032,1,Silicon Valley Bank discloses $1.8bn loss on bond portfolio — shares plunge 60%,4040.432995605469,3997.567807617188,3940.852763671875,46.22525302546027,0.1459043064999511,-0.1677348013993182,-0.12538334856206776,-0.14436485777257457,15.0
2023-03-09,3918.320068359375,3918.320068359375,4017.81005859375,3908.699951171875,3998.659912109375,4445260000,^GSPC,-0.0184593578738486,-0.0186318579454823,0,,4030.456005859375,3999.0378076171874,3940.9375634765615,39.04820997662338,0.1542381864069971,-0.183097882546238,-0.17918167633181195,-0.1402558967351642,26.0
2023-03-10,3861.590087890625,3861.590087890625,3934.050048828125,3846.320068359375,3912.77001953125,5518190000,^GSPC,-0.0144781384570513,-0.0145839694360666,1,SVB collapse: FDIC shuts down Silicon Valley Bank in largest US bank failure since 2008,4019.460510253906,3999.684609375,3940.376763916016,34.595040680801404,0.158647289449308,-0.194925104508592,-0.29012854999576176,-0.5857648954795464,17.0
2023-03-13,3855.760009765625,3855.760009765625,3905.050048828125,3808.860107421875,3835.1201171875,6558020000,^GSPC,-0.0015097610031894,-0.0015109018407387,0,,4007.725512695312,4001.13541015625,3939.9481640625,34.16383829276343,0.1576524410563732,-0.1961405751904517,-0.35837024492782693,-0.34908994256877,21.0
2023-03-14,3919.2900390625,3919.2900390625,3937.2900390625,3873.6298828125,3894.010009765625,5665870000,^GSPC,0.0164766554806239,0.0163423882353636,2,Credit Suisse borrows 50 billion CHF from Swiss National Bank in emergency lifeline | S&P 500 swings wildly as banking sector contagion fears escalate,3996.8255126953127,4002.5356103515614,3939.6509643554687,42.564898026742654,0.1644692613055633,-0.1828956603930123,-0.3657668013687101,-0.16244556605781385,17.0
2023-03-15,3891.929931640625,3891.929931640625,3894.260009765625,3838.239990234375,3876.739990234375,6594010000,^GSPC,-0.0069808835654376,-0.0070053639293535,0,,3984.615515136719,4003.584208984375,3938.8214135742182,40.18655872071847,0.1648853724921789,-0.1885997706486226,-0.3012956234834589,-0.3923513618237928,24.0
2023-03-16,3960.280029296875,3960.280029296875,3964.4599609375,3864.110107421875,3878.929931640625,5695790000,^GSPC,0.0175620062171666,0.0174095762490317,0,,3975.24951171875,4006.30701171875,3937.831612548828,48.00296023607942,0.1792901779566659,-0.1743499547761431,-0.21786776134049934,-0.09880635613989139,14.0
2023-03-17,3916.639892578125,3916.639892578125,3958.909912109375,3901.27001953125,3958.68994140625,9354280000,^GSPC,-0.0110194573100675,-0.0110806212739537,0,,3966.561010742188,4007.58041015625,3936.7540625,44.04529346079563,0.1771529047376219,-0.1834481702025428,-0.22376041676020175,-0.18012353231692105,23.0
2023-03-20,3951.570068359375,3951.570068359375,3956.6201171875,3916.889892578125,3917.469970703125,5347140000,^GSPC,0.00891840371831,0.0088788696359408,0,,3960.185009765625,4010.449809570313,3936.005762939453,47.75799783496549,0.1814046704567999,-0.1761658313274843,-0.11812936203420803,-0.07545819764581166,19.0
2023-03-21,4002.8701171875,4002.8701171875,4009.080078125,3971.18994140625,3975.889892578125,4920240000,^GSPC,0.0129821938977849,0.0128986475185591,0,,3960.4615112304687,4012.6056103515625,3935.136014404297,52.719751389696086,0.1742012926348507,-0.1654706564101572,-0.012859610832899169,0.21700289746403517,15.0
2023-03-22,3936.969970703125,3936.969970703125,4039.489990234375,3936.169921875,4002.0400390625,4533010000,^GSPC,-0.0164632237757136,-0.0166002486398428,1,Fed raises rates by 25bp despite banking turmoil — signals near end of hiking cycle,3957.7575073242183,4013.5032080078126,3934.2781640625,46.597249300918975,0.1839726514623642,-0.1792096997410762,-0.035903454681554814,-0.24925506386288795,23.0
2023-03-23,3948.719970703125,3948.719970703125,4007.659912109375,3919.050048828125,3959.2099609375,4991600000,^GSPC,0.0029845287333754,0.0029800838691824,0,,3954.577502441406,4014.092607421875,3933.4146130371096,47.76211889948432,0.1831478656616683,-0.1767600275058775,-0.04045004566433051,-0.08909797059413875,16.0
2023-03-24,3970.989990234375,3970.989990234375,3972.739990234375,3909.159912109375,3939.2099609375,4583970000,^GSPC,0.0056398072531045,0.0056239630843032,0,,3954.625,4014.120205078125,3932.466162109375,49.98875263560745,0.18067511415983,-0.1721171127379596,-0.010921615146814093,0.3055881890165844,13.0
2023-03-27,3977.530029296875,3977.530029296875,4003.830078125,3970.489990234375,3982.929931640625,4233540000,^GSPC,0.0016469543057482,0.001645599563767,0,,3954.389501953125,4014.0074072265625,3931.774962158203,50.653964409945495,0.180426322188224,-0.1707536274521281,0.1402991716784295,0.20440729661284285,13.0
2023-03-28,3971.27001953125,3971.27001953125,3979.199951171875,3951.530029296875,3974.1298828125,4014600000,^GSPC,-0.0015738434957162,-0.0015750832883878,0,,3954.4455078125,4013.451005859375,3931.542211914063,49.96883779117348,0.1801799526963552,-0.1720587314619089,0.08555933888477414,-0.25331746897510476,11.0
2023-03-29,4027.81005859375,4027.81005859375,4030.590087890625,3999.530029296875,3999.530029296875,4145250000,^GSPC,0.0142372688798364,0.0141368707750468,0,,3958.266516113281,4014.187807617187,3932.176961669922,55.78566632006503,0.1859425858952061,-0.1602711090050191,0.01412580676930949,0.09128759267019039,17.0
2023-03-30,4050.830078125,4050.830078125,4057.85009765625,4032.10009765625,4046.739990234375,3930860000,^GSPC,0.0057152693886679,0.0056989991994826,0,,3961.740515136719,4016.62720703125,3933.682962646484,57.93028228674371,0.1851850373074019,-0.1554718321795354,-0.012036131067770304,0.12592148310160348,18.0
2023-03-31,4109.31005859375,4109.31005859375,4110.75,4056.179931640625,4056.179931640625,4525120000,^GSPC,0.0144365424717638,0.0143333277820365,0,,3964.9240234375,4020.83640625,3935.552113037109,62.858922978418605,0.1834442637886762,-0.1432797654161943,-0.00023589368620533882,-0.21791675683040987,26.0
2023-04-03,4124.509765625,4124.509765625,4127.66015625,4098.7900390625,4102.2001953125,4234700000,^GSPC,0.0036988464765423,0.0036920225658028,0,,3968.728515625,4023.8743994140623,3937.2247119140634,64.03818902880641,0.1837337824843221,-0.1401108887951214,-0.07607843158290399,-0.13624002101990557,29.0
2023-04-04,4100.60009765625,4100.60009765625,4133.1298828125,4086.8701171875,4128.02978515625,4227800000,^GSPC,-0.0057969720833299,-0.0058138397451625,0,,3974.4400146484377,4025.490200195312,3939.393862304688,60.76955448296038,0.1753364522480115,-0.1450956419675355,-0.20181208591824892,-0.2512794799044313,23.0
2023-04-05,4090.3798828125,4090.3798828125,4099.68994140625,4072.56005859375,4094.5,3968020000,^GSPC,-0.0024923705312281,-0.0024954816571214,0,,3979.358508300781,4026.958798828125,3941.471561279297,59.37447713711117,0.1758843588715598,-0.1472263803965142,-0.2235411106115642,-0.28310383091035574,25.0
2023-04-06,4105.02001953125,4105.02001953125,4107.31982421875,4069.840087890625,4081.14990234375,3486690000,^GSPC,0.0035791630944272,0.0035727731328032,0,,3988.693505859375,4028.734799804688,3943.172711181641,60.76400325484763,0.1595508621416306,-0.1441741645293283,-0.2361413705641345,-0.17404080087761642,19.0
2023-04-10,4109.10986328125,4109.10986328125,4109.5,4072.550048828125,4085.199951171875,3423650000,^GSPC,0.0009963029974375,0.00099580701701,0,,4001.0694946289054,4029.7083984375,3944.918811035156,61.16362827148922,0.1467168907320991,-0.1433215026841644,-0.27050050062334813,-0.35435687008207234,20.0
2023-04-11,4108.93994140625,4108.93994140625,4124.259765625,4102.60986328125,4110.2900390625,3665830000,^GSPC,-4.1352477946232646e-05,-4.135333298352082e-05,0,,4013.7284912109376,4030.47599609375,3946.484860839844,61.13576766244455,0.1461953060970864,-0.1433569284628316,-0.21533852121052174,-0.11761789267187645,15.0
2023-04-12,4091.949951171875,4091.949951171875,4134.3701171875,4086.93994140625,4121.72021484375,3633120000,^GSPC,-0.0041348840520069,-0.0041434563234613,0,,4022.3614868164063,4031.9595947265625,3947.385910644531,58.2773500293921,0.1396717520293852,-0.1468990482375929,-0.17799119769978736,-0.06199883034541329,11.0
2023-04-13,4146.22021484375,4146.22021484375,4150.259765625,4099.39990234375,4100.0400390625,3596590000,^GSPC,0.0132626899936381,0.0131755104978315,0,,4035.076000976562,4033.351997070312,3948.6164611816407,64.05810738468607,0.1404838404034116,-0.1355846347810905,-0.11964825041118361,-0.17932802821626115,17.0
2023-04-14,4137.64013671875,4137.64013671875,4163.18994140625,4113.2001953125,4140.10986328125,3575690000,^GSPC,-0.0020693734728036,-0.0020715175845779,0,,4043.944006347656,4033.7206005859375,3950.196911621094,62.581806282381336,0.1309821177818196,-0.1373734330073585,-0.1618747231253218,-0.24429731081429096,20.0
2023-04-17,4151.31982421875,4151.31982421875,4151.72021484375,4123.18017578125,4137.169921875,3611180000,^GSPC,0.0033061569029655,0.0033007035826147,0,,4055.678002929688,4033.151801757812,3951.8593603515615,64.00609938626133,0.1212416901854929,-0.1345214542282143,-0.12780076244898383,0.04022305168360059,22.0
2023-04-18,4154.8701171875,4154.8701171875,4169.47998046875,4140.35986328125,4164.259765625,3536640000,^GSPC,0.0008552202959737,0.0008548548034659,0,,4065.8430053710936,4033.519604492188,3953.706811523437,64.38499731672255,0.1193325344321476,-0.1337812794101404,-0.07957072950832943,-0.03463792939429789,23.0
2023-04-19,4154.52001953125,4154.52001953125,4162.56982421875,4134.490234375,4139.330078125,3572560000,^GSPC,-8.42619976980652e-05,-8.426554793962826e-05,0,,4073.425500488281,4034.3884033203126,3955.352761230469,64.31310169069789,0.1130742123909486,-0.1338542687299807,-0.025175871432007346,-0.08111273658532472,27.0
2023-04-20,4129.7900390625,4129.7900390625,4148.56982421875,4114.56982421875,4130.47998046875,3772080000,^GSPC,-0.0059525481529729,-0.0059703351883111,0,,4083.06650390625,4033.7042041015625,3956.8447619628905,59.27776129628296,0.0948917360408376,-0.1390100429028575,-0.14826865193108812,-0.32905528981364174,10.0
2023-04-21,4133.52001953125,4133.52001953125,4138.02001953125,4113.85986328125,4132.14013671875,3611750000,^GSPC,0.0009031888869577,0.0009027812573008,1,IMF warns global growth slowing to 2.8% — weakest pace since 2008 financial crisis,4092.306506347656,4034.017407226562,3958.2869616699218,59.78913717553912,0.0950070484002183,-0.1382324063418251,,,
2023-04-24,4137.0400390625,4137.0400390625,4142.41015625,4117.77001953125,4132.06982421875,3290940000,^GSPC,0.0008515791660903,0.0008512167782723,0,,4100.609008789063,4035.1282080078126,3959.4590612792967,60.295856681539206,0.0942914194954877,-0.1374985430130541,,,
2023-04-25,4071.6298828125,4071.6298828125,4126.43017578125,4071.3798828125,4126.43017578125,3978640000,^GSPC,-0.0158108588827732,-0.0159371838185764,0,,4105.314001464843,4034.751606445313,3960.3203112792967,48.15274304426746,0.1139035447604893,-0.151135431835661,,,
2023-04-26,4055.989990234375,4055.989990234375,4089.669921875,4049.35009765625,4087.780029296875,3837030000,^GSPC,-0.0038411871973298,-0.0038485835033448,0,,4109.55,4033.12560546875,3961.3281115722657,45.77874823465213,0.1149114465740472,-0.1543960795471608,,,
2023-04-27,4135.35009765625,4135.35009765625,4138.240234375,4075.2900390625,4075.2900390625,3750550000,^GSPC,0.019566149722497,0.0193771934026963,0,,4114.927001953125,4033.110009765625,3962.9108618164064,57.28621971186359,0.1239719801223004,-0.1378508666336501,,,
2023-04-28,4169.47998046875,4169.47998046875,4170.06005859375,4127.18017578125,4129.6298828125,4087800000,^GSPC,0.0082532027534605,0.0082193313132434,0,,4120.8594970703125,4033.547607421875,3964.7493615722656,61.10897894839818,0.1254671926434767,-0.1307353750322573,,,
2023-05-01,4167.8701171875,4167.8701171875,4186.919921875,4164.1201171875,4166.7900390625,3321370000,^GSPC,-0.0003861064902076,-0.0003861810485107,1,First Republic Bank seized by FDIC — JPMorgan acquires deposits and assets,4123.7875,4035.096811523437,3966.636812744141,60.8324230449842,0.1159270599481664,-0.1310710037456653,-0.11383652137143352,0.06865846228466595,21.0
2023-05-02,4119.580078125,4119.580078125,4164.10009765625,4089.719970703125,4164.10009765625,4486130000,^GSPC,-0.0115862629364003,-0.0116539066805717,0,,4123.541015625,4035.906611328125,3967.9189135742185,53.07338410088885,0.1232535587201628,-0.1411386435693304,-0.16473085810551105,-0.23379574678755735,16.0
2023-05-03,4090.75,4090.75,4148.2998046875,4088.860107421875,4122.25,4246510000,^GSPC,-0.0069983050646564,-0.0070229080548929,1,Fed raises rates by 25bp and signals possible pause at next meeting,4123.048510742187,4037.774809570312,3969.218413085937,49.05091364176033,0.1240741850872968,-0.1471492173498769,-0.17645656951744884,-0.36423242404945505,16.0
2023-05-04,4061.219970703125,4061.219970703125,4082.610107421875,4048.280029296875,4082.550048828125,4920090000,^GSPC,-0.0072187323343824,-0.0072449134550627,0,,4121.590515136719,4039.178208007813,3969.8410632324217,45.26652298398,0.1264035849092826,-0.1533057188709967,-0.30190777309570316,-0.30769514845009704,13.0
2023-05-05,4136.25,4136.25,4147.02001953125,4084.72998046875,4084.72998046875,4186270000,^GSPC,0.0184747513895153,0.0183061663818797,0,,4123.152014160156,4041.656806640625,3970.722813720703,54.807106367696285,0.142299370602754,-0.137663252524214,-0.27577581708142346,-0.15539987874471806,18.0
2023-05-08,4138.1201171875,4138.1201171875,4142.2998046875,4123.81005859375,4136.97998046875,3641640000,^GSPC,0.0004521286642489,0.000452026484882,0,,4124.602526855469,4045.018408203125,3971.418664550781,55.01757295868203,0.1422811961595858,-0.1372733653624449,-0.14654742660218797,0.023452747388251285,19.0
2023-05-09,4119.169921875,4119.169921875,4130.35009765625,4116.64990234375,4124.25,3810140000,^GSPC,-0.0045794212772585,-0.0045899389490595,0,,4125.114025878906,4047.757006835937,3972.2063647460936,52.35675425347909,0.1433598966690672,-0.1412241540695617,-0.12876124092742752,-0.2543365914258157,18.0
2023-05-10,4137.64013671875,4137.64013671875,4154.27978515625,4098.919921875,4143.740234375,4057160000,^GSPC,0.0044839652634049,0.0044739422419144,0,,4127.39853515625,4051.1068115234375,3973.0603649902346,54.65847645087621,0.1432206913479838,-0.1373734330073585,-0.07038621840871387,0.01972518881142291,16.0
2023-05-11,4130.6201171875,4130.6201171875,4132.7998046875,4109.2900390625,4132.240234375,3752900000,^GSPC,-0.0016966239932159,-0.0016980648897067,0,,4126.6185302734375,4054.691416015625,3974.1082153320312,53.59859802490399,0.1353526773332835,-0.1388369859381036,-0.15866362544510804,-0.2413794737209312,20.0
2023-05-12,4124.080078125,4124.080078125,4143.740234375,4099.1201171875,4138.5400390625,3533740000,^GSPC,-0.0015833068345566,-0.001584561589439,0,,4125.94052734375,4057.546015625,3974.610565185547,52.57575092155496,0.1352738391679336,-0.1402004712239352,-0.1535869804980434,-0.2391066565846218,24.0
2023-05-15,4136.27978515625,4136.27978515625,4141.25,4110.27001953125,4126.64990234375,3562170000,^GSPC,0.0029581644391338,0.0029537976803169,0,,4125.188525390625,4059.3588134765614,3974.929814453125,54.32669964133227,0.1351615478365541,-0.1376570428331257,-0.16576704832973627,-0.01681501468365573,21.0
2023-05-16,4109.89990234375,4109.89990234375,4135.5400390625,4109.85986328125,4127.9501953125,3654200000,^GSPC,-0.006377683373153,-0.0063981076819174,0,,4122.940014648438,4060.5884130859376,3974.827863769531,50.02565553414898,0.1368652203288607,-0.1431567931730045,-0.0637299934916178,0.06473169079342421,14.0
2023-05-17,4158.77001953125,4158.77001953125,4164.669921875,4113.6201171875,4122.85009765625,4039080000,^GSPC,0.0118908290587882,0.0118206886220715,0,,4123.152514648437,4064.0364111328126,3975.028564453125,56.842346417541634,0.1437465879248265,-0.1329682170704408,0.05556670566928618,0.11878344089809016,19.0
2023-05-18,4198.0498046875,4198.0498046875,4202.2001953125,4153.5,4157.68017578125,3980500000,^GSPC,0.0094450486494266,0.0094007230637271,0,,4126.565502929688,4068.15720703125,3975.5628637695313,61.399839438648186,0.1455503411691656,-0.1247790597000719,0.11112940494417589,0.1498730831410134,22.0
2023-05-19,4191.97998046875,4191.97998046875,4212.91015625,4180.2001953125,4204.14990234375,4041900000,^GSPC,-0.0014458676054706,-0.0014469138806754,0,,4129.488500976562,4073.6304052734376,3975.7469140625,60.339459993620586,0.1457713531762745,-0.1260445133052811,0.07429286590101718,-0.045777926336051954,22.0
2023-05-22,4192.6298828125,4192.6298828125,4209.22021484375,4179.68017578125,4190.77978515625,3728520000,^GSPC,0.0001550346964389,0.0001550226798023,0,,4132.267993164062,4080.251201171875,3975.950363769531,60.4182816182391,0.1457828601969721,-0.1259090198817003,0.008932049827030062,-0.0772990073238712,31.0
2023-05-23,4145.580078125,4145.580078125,4185.68017578125,4142.5400390625,4176.7998046875,4155320000,^GSPC,-0.0112220267475501,-0.0112854687682842,0,,4135.965502929687,4086.047602539063,3975.952314453125,52.312633477566486,0.1395578804686116,-0.1357180922403802,-0.19064566455247567,-0.44886005999750384,17.0
2023-05-24,4115.240234375,4115.240234375,4132.9599609375,4103.97998046875,4132.9599609375,0,^GSPC,-0.0073186003353533,-0.0073455126783052,0,,4138.928015136718,4089.9666064453127,3975.828215332031,47.85422492536218,0.1416720152618815,-0.1420434261003496,-0.23580597654528998,-0.18125886231449478,9.0
2023-05-25,4151.27978515625,4151.27978515625,4165.740234375,4129.72998046875,4155.7099609375,4147760000,^GSPC,0.0087575812659024,0.0087194560790118,0,,4139.724499511719,4095.153603515625,3975.972263183594,52.98050098124256,0.1273931858438018,-0.1345298016818083,-0.22547060296215835,-0.04629288657447632,16.0
2023-05-26,4205.4501953125,4205.4501953125,4212.8701171875,4156.16015625,4156.16015625,3715460000,^GSPC,0.0130490867779973,0.0129646809316407,0,,4141.523010253906,4100.0570068359375,3975.948312988281,59.43550317461701,0.1323751449473256,-0.1232362059601836,-0.1044557780639257,-0.08581558530280596,17.0
2023-05-30,4205.52001953125,4205.52001953125,4231.10009765625,4192.18017578125,4226.7099609375,4228510000,^GSPC,1.660326849850513e-05,1.660313066576836e-05,0,,4143.405505371094,4105.834609375,3975.939562988281,59.44323194456332,0.1323499456037659,-0.1232216488155014,0.006466426904331246,0.15150775259027607,26.0
2023-05-31,4179.830078125,4179.830078125,4195.43994140625,4166.14990234375,4190.740234375,5980670000,^GSPC,-0.0061086242098339,-0.006127358186214,0,,4146.418005371093,4110.399809570313,3975.437963867188,55.27068844321036,0.1269920432207485,-0.1285775582782053,-0.09317737046861817,-0.34522427869332456,26.0
2023-06-01,4221.02001953125,4221.02001953125,4232.43017578125,4171.64013671875,4183.02978515625,4391860000,^GSPC,0.0098544535630327,0.0098062150858538,0,,4152.931506347656,4114.762807617188,3975.05736328125,60.105943633840894,0.1274218648618145,-0.1199901662924734,-0.12544678171317034,-0.18262381903646252,19.0
2023-06-02,4282.3701171875,4282.3701171875,4290.669921875,4241.009765625,4241.009765625,4454200000,^GSPC,0.0145344247059655,0.0144298123901074,1,G7 Hiroshima summit — leaders pledge new military aid package for Ukraine,4163.989013671875,4121.670810546875,3974.943212890625,66.00116351706866,0.1307251842750074,-0.1071997296239421,-0.15652689423979918,0.05826741501038954,27.0
2023-06-05,4273.7900390625,4273.7900390625,4299.27978515625,4266.81982421875,4282.990234375,3813290000,^GSPC,-0.0020035816359177,-0.0020055914906577,0,,4170.866015625,4128.172211914062,3974.941962890625,64.56420482014468,0.117696933615878,-0.10898852785021,-0.14325559583475353,-0.3054103834781876,19.0
2023-06-06,4283.85009765625,4283.85009765625,4288.330078125,4263.08984375,4271.33984375,3996560000,^GSPC,0.0023538963079141,0.0023511302338505,0,,4178.152514648437,4134.4294140625,3974.942512207031,65.51229774420761,0.1176366809215995,-0.1068911792356073,-0.08675241545490096,-0.013114277896904766,11.0
2023-06-07,4267.52001953125,4267.52001953125,4299.18994140625,4263.9599609375,4285.47021484375,4537800000,^GSPC,-0.0038120096998572,-0.0038192939264206,0,,4185.57001953125,4140.229213867187,3975.137712402344,62.58509969855565,0.117118172890655,-0.1102957187233893,-0.2527177366556603,-0.4396285485918884,13.0
2023-06-08,4293.93017578125,4293.93017578125,4298.009765625,4261.06982421875,4268.68994140625,3826740000,^GSPC,0.0061886426142414,0.0061695716075232,0,,4193.384521484375,4146.682416992187,3975.917412109375,65.2865353534659,0.1177903042848686,-0.1047896568942077,-0.1304230531287422,0.06147366710256659,16.0
2023-06-09,4298.85986328125,4298.85986328125,4322.6201171875,4291.7001953125,4304.8798828125,3786510000,^GSPC,0.001148059539441,0.0011474010230505,0,,4201.796508789063,4152.103413085937,3976.7680615234376,65.78315410238126,0.1170832053902566,-0.1037619021199987,-0.11449042128962127,0.03468361762045802,17.0
2023-06-12,4338.93017578125,4338.93017578125,4340.1298828125,4304.3701171875,4308.31982421875,3945670000,^GSPC,0.0093211488102371,0.0092779749817541,0,,4212.539013671875,4157.865415039062,3977.758862304688,69.5912801176004,0.1190103488417353,-0.0954079334402553,0.05162847391209339,0.05872813701325555,22.0
2023-06-13,4369.009765625,4369.009765625,4375.3701171875,4349.31005859375,4352.60986328125,4275400000,^GSPC,0.0069324899514737,0.0069085707259088,0,,4224.175512695312,4163.059409179688,3978.608310546875,72.10136366549712,0.1200167457917422,-0.089136858028647,0.0783643539426374,0.14168130719419858,24.0
2023-06-14,4372.58984375,4372.58984375,4391.81982421875,4337.85009765625,4366.2900390625,4252110000,^GSPC,0.0008194255259321,0.0008190899801265,1,Fed holds rates for first time in 15 months — pauses but projects more hikes,4237.310009765625,4168.021010742187,3980.182960205078,72.39344748034311,0.1153752762656881,-0.0883904735194849,-0.048782656218921305,-0.3467574128642181,25.0
2023-06-15,4425.83984375,4425.83984375,4439.2001953125,4362.60009765625,4365.330078125,4176690000,^GSPC,0.0121781374203466,0.0121045804935899,0,,4250.663500976562,4174.525805664062,3982.159108886719,76.35820596669384,0.1156639883278547,-0.077288767432308,-0.017649263522836255,0.1521283151015107,23.0
2023-06-16,4409.58984375,4409.58984375,4448.47021484375,4407.43994140625,4440.9501953125,6848600000,^GSPC,-0.0036716195284263,-0.003678376467751,0,,4261.240502929688,4180.910004882812,3984.276258544922,72.91668882421419,0.1155497747602819,-0.0806766120129019,-0.07314474069698866,-0.024805124328258658,34.0
2023-06-20,4388.7099609375,4388.7099609375,4400.14990234375,4367.18994140625,4396.10986328125,4055790000,^GSPC,-0.0047351076976228,-0.004746353835236,0,,4271.077001953125,4186.583803710938,3986.4448083496095,68.63607512615506,0.1176039568705807,-0.0850297072639642,-0.06089354026727292,-0.31000381157507084,17.0
2023-06-21,4365.68994140625,4365.68994140625,4386.22021484375,4360.14013671875,4380.009765625,3709330000,^GSPC,-0.0052452815830036,-0.0052590863669252,0,,4279.730004882813,4191.715405273438,3988.43900756836,64.16377135087708,0.1204453948487461,-0.089828984089448,-0.14350800493804364,-0.0957150789108014,25.0
2023-06-22,4381.89013671875,4381.89013671875,4382.25,4351.81982421875,4355.39990234375,3511000000,^GSPC,0.0037107984144384,0.0037039303873345,0,,4291.5455078125,4197.174409179687,3990.727158203125,65.85019368373236,0.1097574498276677,-0.0864515229267393,-0.1507486766808385,-0.04652713955664328,13.0
2023-06-23,4348.330078125,4348.330078125,4366.5498046875,4341.33984375,4354.169921875,6053620000,^GSPC,-0.0076588087666845,-0.0076882880565021,1,Wagner mercenary group launches armed mutiny in Russia — tanks head toward Moscow,4303.2,4202.30201171875,3992.927858886719,59.593693102118536,0.1101824452372579,-0.0934482160117393,-0.12270884836308714,-0.2258843266218168,23.0
2023-06-26,4328.81982421875,4328.81982421875,4362.06005859375,4328.080078125,4344.83984375,3415030000,^GSPC,-0.0044868382932564,-0.0044969343631321,0,,4312.077001953125,4205.95400390625,3994.672607421875,56.24785231170325,0.1106793814259839,-0.0975157672709578,-0.1898458684006077,-0.2971261390233631,22.0
2023-06-27,4378.41015625,4378.41015625,4384.419921875,4335.0,4337.35986328125,3573500000,^GSPC,0.011455854954693,0.0113907335241807,0,,4320.725,4210.769404296875,3996.533758544922,62.07608536903161,0.1087532707938961,-0.0871770388019164,-0.12356964495146483,0.1523015307907853,17.0
2023-06-28,4376.85986328125,4376.85986328125,4390.35009765625,4360.22021484375,4367.47998046875,3739330000,^GSPC,-0.0003540766884383,-0.0003541393883898,0,,4329.2919921875,4215.280205078125,3998.0812573242183,61.798932136180525,0.1088515549201796,-0.087500248133148,-0.07233019953420501,-0.07216599037003726,23.0
2023-06-29,4396.43994140625,4396.43994140625,4398.39013671875,4371.97021484375,4374.93994140625,3696660000,^GSPC,0.0044735446728059,0.00446356811449,0,,4340.122485351562,4220.1116015625,3999.51140625,63.98595278297236,0.1047836882672331,-0.0834181397292472,0.06864013505018479,0.1257848647298063,14.0
2023-06-30,4450.3798828125,4450.3798828125,4458.47998046875,4422.43994140625,4422.43994140625,3923450000,^GSPC,0.0122690044957141,0.0121943502618858,0,,4351.590478515625,4226.028798828125,4002.099855957031,69.21473969385173,0.1072970521319685,-0.0721725927648955,0.14916760334549076,0.3938839356767032,20.0
2023-07-03,4455.58984375,4455.58984375,4456.4599609375,4442.2900390625,4450.47998046875,2034280000,^GSPC,0.0011706778016009,0.0011699930926736,0,,4360.25146484375,4232.544794921875,4004.647755126953,69.67274529851422,0.0978934432294319,-0.0710864058155284,0.2188451603415161,0.13686668061803875,11.0
2023-07-05,4446.81982421875,4446.81982421875,4454.06005859375,4436.60986328125,4442.0400390625,3482620000,^GSPC,-0.0019683184132291,-0.0019702580976127,0,,4368.9029541015625,4238.810791015625,4007.375103759766,67.84302812915817,0.097874429385708,-0.0729148035472605,0.1342094270231249,-0.1281223352253672,26.0
2023-07-06,4411.58984375,4411.58984375,4422.6201171875,4385.0498046875,4422.6201171875,3682020000,^GSPC,-0.0079225113365009,-0.0079540611758947,0,,4375.28994140625,4244.301787109375,4010.0664025878905,60.9216979959668,0.1040059568842593,-0.0802596465260595,-0.04786562394260354,-0.15234121722048222,24.0
2023-07-07,4398.9501953125,4398.9501953125,4440.39013671875,4397.39990234375,4404.5400390625,3630480000,^GSPC,-0.0028651005386203,-0.0028692127957334,0,,4381.8614501953125,4250.848193359375,4012.5617041015626,58.61137077758452,0.1034182400556106,-0.0828947951081886,-0.1676610911148154,-0.2225197208985968,23.0
2023-07-10,4409.52978515625,4409.52978515625,4412.60009765625,4389.919921875,4394.22998046875,3429600000,^GSPC,0.0024050260571313,0.0024021386106263,0,,4387.641430664063,4257.918989257812,4015.3297033691406,59.97942508642354,0.1020253717059532,-0.0806891331932929,-0.10928276528343844,0.04701264226876363,17.0
2023-07-11,4439.259765625,4439.259765625,4443.64013671875,4408.4599609375,4415.5498046875,3624220000,^GSPC,0.0067422110558885,0.0067195839982548,0,,4394.66142578125,4263.997182617188,4018.576352539063,63.61867045337437,0.1037962470508371,-0.0744909453033103,-0.07286970448754308,-0.04310203483279611,15.0
2023-07-12,4472.16015625,4472.16015625,4488.33984375,4463.22998046875,4467.68994140625,3920290000,^GSPC,0.0074112334853124,0.0073839052353896,0,,4401.322924804687,4270.050786132812,4022.1472033691407,67.1759004769354,0.1021442482560144,-0.0676317816061824,0.07378393438754419,0.21744119572666498,16.0
2023-07-13,4510.0400390625,4510.0400390625,4517.3798828125,4489.35986328125,4491.5,3839530000,^GSPC,0.0084701534580691,0.0084344829896271,0,,4408.374438476562,4276.894184570312,4026.231253662109,70.72503181156354,0.103349958479656,-0.0597344797169602,0.21252687837583664,0.463241474233641,18.0
2023-07-14,4505.419921875,4505.419921875,4527.759765625,4499.56005859375,4514.60986328125,3647450000,^GSPC,-0.0010244071333035,-0.0010249321969074,0,,4415.015942382813,4284.610981445312,4030.483153076172,69.73464040454326,0.1037385853755955,-0.0606976944231375,0.12854468002854638,-0.2950486298746669,12.0
2023-07-17,4522.7900390625,4522.7900390625,4532.85009765625,4504.89990234375,4508.85986328125,3538240000,^GSPC,0.0038553825145495,0.0038479695744204,0,,4419.863452148437,4293.251782226563,4034.860653076172,71.35855461877811,0.0964222676498959,-0.0570763247383404,0.12768198984754642,0.21485312518366512,35.0
2023-07-18,4554.97998046875,4554.97998046875,4562.2998046875,4514.58984375,4521.77978515625,4090010000,^GSPC,0.0071172752058423,0.0070920669414283,0,,4427.132958984375,4303.126982421875,4039.040352783203,74.12890198439594,0.0969454986285967,-0.0503652774433989,0.041670489708805235,0.20520697381741743,22.0
2023-07-19,4565.72021484375,4565.72021484375,4578.43017578125,4557.47998046875,4563.8701171875,4115670000,^GSPC,0.002357910335732,0.0023551348272336,0,,4435.983471679688,4311.71638671875,4043.6666040039054,74.99785215249938,0.0939905318336494,-0.0481261239159126,0.09188272124710983,-0.14441193525975307,18.0
2023-07-20,4534.8701171875,4534.8701171875,4564.740234375,4527.56005859375,4554.3798828125,3761770000,^GSPC,-0.0067568962189037,-0.0067798273962576,0,,4444.44248046875,4319.65138671875,4048.4128540039055,67.93910980216083,0.0956831367191773,-0.0545578369100984,-0.039387000302768614,-0.17895603946597025,27.0
2023-07-21,4536.33984375,4536.33984375,4555.0,4535.7900390625,4550.16015625,3570190000,^GSPC,0.000324094521898,0.000324042014613,0,,4452.164965820312,4327.99478515625,4052.702403564453,68.09318284910107,0.0955905748354573,-0.0542514242842694,-0.2001962063066308,-0.2772206441941691,20.0
2023-07-24,4554.64013671875,4554.64013671875,4563.41015625,4541.2900390625,4543.39013671875,3856250000,^GSPC,0.0040341538771535,0.0040260384968748,0,,4462.48046875,4336.33478515625,4056.520954589844,70.02479295338529,0.0891030468154883,-0.0504361290007334,-0.17022204958678325,-0.05448946510021043,27.0
2023-07-25,4567.4599609375,4567.4599609375,4580.6201171875,4552.419921875,4555.18994140625,3812470000,^GSPC,0.0028146733515561,0.0028107195758387,0,,4474.4124755859375,4345.07158203125,4060.441854248047,71.33400997105896,0.0853886746482121,-0.0477634168774313,-0.13525345353987545,-0.07405025132524688,17.0
2023-07-26,4566.75,4566.75,4582.47021484375,4547.580078125,4558.9599609375,3990290000,^GSPC,-0.0001554388967985,-0.0001554509786759,1,Fed raises rates by 25bp — may be last hike of the cycle,4483.8294677734375,4353.92498046875,4064.553004150391,71.14867671975972,0.0793979669443143,-0.0479114314814032,-0.06519004043736254,-0.06703040488663038,21.0
2023-07-27,4537.41015625,4537.41015625,4607.06982421875,4528.56005859375,4598.259765625,4553210000,^GSPC,-0.0064246660644878,-0.006445393055197,0,,4491.856982421875,4361.947587890625,4069.0417553710936,63.77452658047393,0.084670029505194,-0.0540282825979515,-0.09168337454248417,-0.13396946741557533,18.0
2023-07-28,4582.22998046875,4582.22998046875,4590.16015625,4564.009765625,4565.75,3981010000,^GSPC,0.0098778427947523,0.0098293758104338,0,,4501.146484375,4371.394189453125,4073.890955810547,69.05146763528614,0.0889423076433668,-0.0446841226851722,-0.06612080436445586,0.0026374592088381,22.0
2023-07-31,4588.9599609375,4588.9599609375,4594.22021484375,4573.14013671875,4584.81982421875,4503600000,^GSPC,0.0014687129405193,0.0014676354365687,0,,4508.07548828125,4379.99798828125,4078.891555175781,69.76370553170744,0.0804959798264521,-0.0432810378938763,0.0492474121414019,0.2790742446309429,19.0
2023-08-01,4576.72998046875,4576.72998046875,4584.6201171875,4567.52978515625,4578.830078125,4042370000,^GSPC,-0.0026650876392156,-0.0026686453076827,1,Fitch downgrades United States sovereign credit rating from AAA to AA+,4514.132495117187,4387.571591796875,4083.89005493164,66.75708229965012,0.0818672636765189,-0.0458307777739886,0.0640105741877342,-0.0896799812765784,26.0
2023-08-02,4513.39013671875,4513.39013671875,4550.93017578125,4505.75,4550.93017578125,4270710000,^GSPC,-0.0138395413363479,-0.0139362006383361,0,,4517.461010742188,4393.999794921875,4088.107456054688,53.8201746253464,0.0977623807817958,-0.0590360421668564,-0.10785220963856605,-0.5129508922700626,22.0
2023-08-03,4501.89013671875,4501.89013671875,4519.490234375,4485.5400390625,4494.27001953125,4149120000,^GSPC,-0.0025479738404268,-0.0025512254502915,0,,4521.976025390625,4400.185,4092.701556396484,51.85531318740939,0.0931603458590386,-0.0614335937161998,-0.3838252061550116,-0.5488447449183937,16.0
2023-08-04,4478.02978515625,4478.02978515625,4540.33984375,4474.5498046875,4513.9599609375,4143310000,^GSPC,-0.0053000741550505,-0.0053141693739379,0,,4525.930004882813,4406.833994140625,4096.701955566407,47.94431490382012,0.0948997430106853,-0.0664080652689432,-0.5120588870160012,-0.4743810238595474,20.0
2023-08-07,4518.43994140625,4518.43994140625,4519.83984375,4491.14990234375,4491.580078125,3493920000,^GSPC,0.0090240927793627,0.0089836189648565,0,,4531.375512695313,4414.89798828125,4100.694255371094,54.23918139253506,0.099073627244422,-0.0579832450318653,-0.373962479523239,-0.09866166979177587,25.0
2023-08-08,4499.3798828125,4499.3798828125,4503.31005859375,4464.39013671875,4498.02978515625,3884910000,^GSPC,-0.0042182830447931,-0.0042272051000588,0,,4534.381518554687,4421.859990234375,4104.715355224609,51.10040018896892,0.0986331215430262,-0.0619569383372585,-0.2823684440212845,-0.27406263841253026,25.0
2023-08-09,4467.7099609375,4467.7099609375,4502.43994140625,4461.330078125,4501.56982421875,3803100000,^GSPC,-0.0070387303805971,-0.0070636191020451,0,,4534.159008789063,4427.105185546875,4108.725004882813,46.30541628388509,0.0989265572309534,-0.0685595705336924,-0.24566465830236459,-0.36426966670278754,29.0
2023-08-10,4468.830078125,4468.830078125,4527.3701171875,4457.919921875,4487.16015625,4504370000,^GSPC,0.0002507139445697,0.0002506825210808,0,,4532.098510742188,4432.37138671875,4112.305405273438,46.49664145127574,0.0937471513076544,-0.0683260454294892,-0.2527254448493316,-0.11984402943267708,16.0
2023-08-11,4464.0498046875,4464.0498046875,4476.22998046875,4443.97998046875,4450.68994140625,3753290000,^GSPC,-0.001069692370023,-0.0010702648992294,0,,4530.030004882812,4438.05578125,4115.638953857422,45.74785281168041,0.0937509191841733,-0.0693226499500425,-0.2879620864428504,-0.3797725631930865,12.0
2023-08-14,4489.72021484375,4489.72021484375,4490.330078125,4453.43994140625,4458.1298828125,3896410000,^GSPC,0.005750475751703,0.005734004879419,0,,4528.376513671875,4443.42978515625,4118.792004394531,50.3700284151696,0.0951296082299507,-0.063970812415921,-0.07731168165316366,0.2676815476662726,18.0
2023-08-15,4437.85986328125,4437.85986328125,4478.8701171875,4432.18994140625,4478.8701171875,3832250000,^GSPC,-0.0115509094288417,-0.0116181393960964,1,China Evergrande files for Chapter 15 bankruptcy protection in US courts,4522.5205078125,4446.539580078125,4121.828303222656,42.493431131348295,0.0987853699153961,-0.074782800784457,-0.14420144593977527,-0.32051332229251195,19.0
2023-08-16,4404.330078125,4404.330078125,4449.9501953125,4403.5498046875,4433.7900390625,3753910000,^GSPC,-0.0075553952105776,-0.0075840817926245,0,,4514.451000976563,4449.150380859375,4124.813453369141,38.3210511216475,0.1001945844978373,-0.0817731823801542,-0.08775497045975855,-0.21043313675303632,14.0
2023-08-17,4370.35986328125,4370.35986328125,4421.169921875,4364.830078125,4416.31982421875,3943700000,^GSPC,-0.0077129130290369,-0.007742811377529,0,,4506.22548828125,4450.880576171875,4127.159952392578,34.61293990795741,0.1008853864774383,-0.0888553859653855,-0.265811198171551,-0.2664871354691048,14.0
2023-08-18,4369.7099609375,4369.7099609375,4381.81982421875,4335.31005859375,4344.8798828125,3940400000,^GSPC,-0.0001487068260008,-0.0001487178839572,0,,4497.893994140625,4452.924375,4129.648602294922,34.54407097592328,0.1007643004909136,-0.0889908793889664,-0.2532818201766091,-0.2829251883076862,16.0
2023-08-21,4399.77001953125,4399.77001953125,4407.5498046875,4360.2998046875,4380.27978515625,3726850000,^GSPC,0.0068791885187959,0.0068556348597997,0,,4490.15048828125,4455.041171875,4132.366951904297,40.44634889576629,0.103426140265195,-0.0827238759059404,-0.21523903245578965,-0.09630477359057792,28.0
2023-08-22,4387.5498046875,4387.5498046875,4418.58984375,4382.77001953125,4415.330078125,3522760000,^GSPC,-0.0027774667288296,-0.0027813310465456,0,,4481.15498046875,4456.814970703125,4135.506251220703,38.91028671406726,0.1020660063253715,-0.0852715798217615,-0.225448392575192,-0.29711521582731193,27.0
2023-08-23,4436.009765625,4436.009765625,4443.18017578125,4396.43994140625,4396.43994140625,3837270000,^GSPC,0.0110448799659725,0.0109843307107913,0,,4474.61796875,4458.7565625,4139.086850585937,47.43559559138912,0.111932458662147,-0.0751685142194291,-0.12777729434061108,0.010088106396056626,19.0
2023-08-24,4376.31005859375,4376.31005859375,4458.2998046875,4375.5498046875,4455.16015625,3723470000,^GSPC,-0.0134579746631461,-0.013549353984008,1,Wagner chief Yevgeny Prigozhin dies in plane crash — widely attributed to Putin,4466.562963867187,4458.902568359375,4142.115650634765,40.025085144494966,0.1187672230665073,-0.0876148729227438,-0.19426448945165478,-0.29576635892370906,26.0
2023-08-25,4405.7099609375,4405.7099609375,4418.4599609375,4356.2900390625,4389.3798828125,3296180000,^GSPC,0.006717966037625,0.0066955010602951,0,,4457.736962890625,4459.564970703125,4145.110200195312,44.61392329342941,0.1151608561029242,-0.0814855006258045,-0.07393026554803565,0.06388745588354551,22.0
2023-08-28,4433.31005859375,4433.31005859375,4439.56005859375,4414.97998046875,4426.02978515625,2957230000,^GSPC,0.0062646197550364,0.0062450785941964,0,,4449.9544677734375,4459.714375,4148.136199951172,48.59064049140573,0.1182561478290714,-0.0757313565477375,-0.026773617622921003,0.15155805017140056,21.0
2023-08-29,4497.6298828125,4497.6298828125,4500.14013671875,4431.68017578125,4432.75,3354820000,^GSPC,0.0145083071945462,0.0144040687120565,0,,4445.999462890625,4461.47517578125,4151.881499023438,56.439948981871936,0.1312628502483252,-0.0623217831382455,0.07789589498436238,0.01824217889814106,10.0
2023-08-30,4514.8701171875,4514.8701171875,4521.64990234375,4493.58984375,4500.33984375,3064110000,^GSPC,0.003833182103508,0.0038258541811929,0,,4446.073461914062,4463.99837890625,4154.673999023437,58.27872883586638,0.1226769228223981,-0.0587274917785217,0.04025960303462479,-0.04902141996566726,24.0
2023-08-31,4507.66015625,4507.66015625,4532.259765625,4507.39013671875,4517.009765625,3946360000,^GSPC,-0.0015969365120942,-0.0015982129743398,0,,4446.361962890625,4466.837783203125,4157.247650146484,57.19143535766136,0.1224588174422857,-0.0602306442147311,0.029901903714208016,0.12048495221015024,17.0
2023-09-01,4515.77001953125,4515.77001953125,4541.25,4501.35009765625,4530.60009765625,3246260000,^GSPC,0.001799129260001,0.0017975127655185,0,,4448.248974609375,4469.515380859375,4160.04025024414,58.137513560877736,0.120908385270716,-0.0585398776690855,-0.04303530683043947,-0.2005694527358014,25.0
2023-09-05,4496.830078125,4496.830078125,4514.2900390625,4496.009765625,4510.06005859375,3526250000,^GSPC,-0.004194177587506,-0.0042029978213812,0,,4447.168481445313,4472.485380859375,4162.565750732422,55.07618460618386,0.1175337963877549,-0.0624885286136966,-0.10792854989753813,-0.2437011491669632,27.0
2023-09-06,4465.47998046875,4465.47998046875,4490.35009765625,4442.3798828125,4490.35009765625,3418850000,^GSPC,-0.0069715993514528,-0.0069960144914322,0,,4445.473486328125,4475.218583984375,4165.099200439453,50.3501264531745,0.1191790922952897,-0.069024482979593,-0.21029684213554956,-0.18661992450388404,23.0
2023-09-07,4451.14013671875,4451.14013671875,4457.81005859375,4430.4599609375,4434.5498046875,3763760000,^GSPC,-0.003211265936186,-0.0032164331157329,0,,4444.644995117187,4476.67318359375,4167.622100830078,48.30817212606765,0.1170806675124216,-0.0720140929448238,-0.29104103343133736,-0.4428020266231649,20.0
2023-09-08,4457.490234375,4457.490234375,4473.52978515625,4448.3798828125,4451.2998046875,3259290000,^GSPC,0.0014266227216406,0.001425606062257,0,,4444.078002929688,4478.285791015625,4170.0828515625,49.28894572392737,0.1172129660904368,-0.0706902071644565,-0.362788305751989,-0.45894296612891816,21.0
2023-09-11,4487.4599609375,4487.4599609375,4490.77001953125,4467.89013671875,4480.97998046875,3369920000,^GSPC,0.0067234531062752,0.0067009514981355,0,,4445.248510742187,4480.10619140625,4172.770451660156,53.74913974650634,0.119605090991591,-0.0644420363511244,-0.3185322439787313,-0.05385173918411083,16.0
2023-09-12,4461.89990234375,4461.89990234375,4487.10986328125,4456.830078125,4473.27001953125,3435740000,^GSPC,-0.0056958856048289,-0.0057121690230039,0,,4443.857495117188,4480.336591796875,4175.06205078125,49.73171033191635,0.1195599598034887,-0.0697708674887551,-0.2553604850809271,-0.2532867499297523,33.0
2023-09-13,4467.43994140625,4467.43994140625,4479.39013671875,4453.52001953125,4462.64990234375,3529430000,^GSPC,0.0012416323054647,0.0012408621175346,0,,4445.336499023438,4480.57359375,4177.262950439454,50.593685707369694,0.1118976466845314,-0.0686158649463447,-0.10897526268686643,-0.019787298946736167,22.0
2023-09-14,4505.10009765625,4505.10009765625,4511.990234375,4478.68994140625,4487.77978515625,3648720000,^GSPC,0.0084299188671679,0.0083945855336662,0,,4450.375,4481.73919921875,4179.657850341797,56.10403721134309,0.1112777877527885,-0.060764372253675,-0.08430848863162532,0.02014858298161252,18.0
2023-09-15,4450.31982421875,4450.31982421875,4497.97998046875,4447.2099609375,4497.97998046875,6932230000,^GSPC,-0.0121596129386778,-0.0122341458424939,0,,4454.372998046875,4482.513798828125,4182.089749755859,47.75980873842176,0.1170219593958687,-0.0721851139452865,-0.04099212988222252,-0.12333767368154391,24.0
2023-09-18,4453.52978515625,4453.52978515625,4466.35986328125,4442.10986328125,4445.1298828125,3161230000,^GSPC,0.0007212876971294,0.0007210276941755,0,,4458.563989257813,4483.605390625,4184.569249267578,48.245544470081576,0.11695864463319,-0.0715158924827617,-0.14112189515594462,-0.32017659476790244,14.0
2023-09-19,4443.9501953125,4443.9501953125,4449.85009765625,4416.60986328125,4445.41015625,3614880000,^GSPC,-0.0021510106153728,-0.0021533273615331,0,,4460.772998046875,4484.293798828125,4186.388449707031,46.84564650696348,0.1152851501906354,-0.0735130716542362,-0.2664748501957785,-0.355910282137889,15.0
2023-09-20,4402.2001953125,4402.2001953125,4461.02978515625,4401.3798828125,4452.81005859375,3308450000,^GSPC,-0.0093947947580596,-0.009439204206291,1,Fed holds rates — signals higher for longer interest rate environment,4461.505517578125,4483.552607421875,4188.016600341797,41.23060324159902,0.120119214148271,-0.0822172261920698,-0.20699185927582173,0.055111299078326244,21.0
2023-09-21,4330.0,4330.0,4375.7001953125,4329.169921875,4374.35986328125,3662340000,^GSPC,-0.0164009341032194,-0.016536918318488,0,,4456.205029296875,4480.709404296875,4189.308100585938,33.70636744894345,0.126786493677577,-0.0972697209863636,-0.3179979382158757,-0.6531948315880644,13.0
2023-09-22,4320.06005859375,4320.06005859375,4357.39990234375,4316.490234375,4341.740234375,3349570000,^GSPC,-0.0022955984771939,-0.0022982374027607,0,,4453.392529296875,4476.9098046875,4190.914200439453,32.818413534023904,0.1182664257029145,-0.0993420272401842,-0.3038609541103028,-0.3134993298211702,17.0
2023-09-25,4337.43994140625,4337.43994140625,4338.509765625,4302.7001953125,4310.6201171875,3195650000,^GSPC,0.0040230650909416,0.0040149942038066,0,,4449.979028320313,4473.550205078125,4192.895100097656,35.99346309248688,0.1164277071045075,-0.0957186215910959,-0.3231244598576339,-0.0026792181636671876,15.0
2023-09-26,4273.52978515625,4273.52978515625,4313.009765625,4265.97998046875,4312.8798828125,3472340000,^GSPC,-0.0147345339908682,-0.0148441654822649,0,,4441.990014648438,4468.565,4194.593149414062,30.319021247931857,0.1234053943548898,-0.1090427862985711,-0.3214773546451985,-0.6482535159507582,5.0
2023-09-27,4274.509765625,4274.509765625,4292.06982421875,4238.6298828125,4282.6298828125,3875880000,^GSPC,0.0002293140607452,0.0002292877722947,0,,4430.834008789063,4462.955595703125,4196.14814819336,30.499953851471844,0.1079557915984777,-0.1088384772819469,-0.28134631269514826,-0.19310620397101955,14.0
2023-09-28,4299.7001953125,4299.7001953125,4317.27001953125,4264.3798828125,4269.64990234375,3846230000,^GSPC,0.0058931739705165,0.0058758771430006,0,,4420.075512695313,4457.6351953125,4197.974749755859,35.16058283303671,0.109789792704259,-0.103586707392739,-0.3628667555005743,-0.2472405465799451,13.0
2023-09-29,4288.0498046875,4288.0498046875,4333.14990234375,4274.85986328125,4328.18017578125,3865960000,^GSPC,-0.002709582086142,-0.0027132596482893,0,,4409.094995117188,4452.6987890625,4199.462198486328,34.02416887681633,0.1097475287148884,-0.1060156127921672,-0.2224734547808598,-0.2270736137916148,31.0
2023-10-02,4288.39013671875,4288.39013671875,4300.580078125,4260.2099609375,4284.52001953125,3938660000,^GSPC,7.936755559079245e-05,7.936440615299324e-05,0,,4397.726000976562,4447.739794921875,4200.805899658203,34.09118372330225,0.1090228154498119,-0.1059446594366181,-0.13329642298188535,0.07442489142590393,24.0
2023-10-03,4229.4501953125,4229.4501953125,4281.14990234375,4216.4501953125,4269.75,3953830000,^GSPC,-0.0137440716742595,-0.0138393958634491,0,,4384.357006835938,4441.23599609375,4201.976550292969,28.66147795703526,0.1160605792487257,-0.1182326201180757,-0.183130999225512,-0.396744275310825,29.0
2023-10-04,4263.75,4263.75,4268.5,4220.47998046875,4233.830078125,3777600000,^GSPC,0.0081097549571607,0.0080770476078289,1,US 10-year Treasury yield hits 4.8% — highest level since 2007,4374.2705078125,4435.161796875,4203.816550292969,35.135957419017245,0.1214948909133556,-0.1110817027380156,-0.14579037183128438,-0.11505173160893203,18.0
2023-10-05,4258.18994140625,4258.18994140625,4267.1298828125,4225.91015625,4259.31005859375,3581470000,^GSPC,-0.0013040301597772,-0.0013048811469951,0,,4364.622998046875,4428.990595703125,4205.8456994628905,34.58796050970521,0.1214955037301606,-0.1122408790072231,-0.3217197556401422,-0.45336326000066957,12.0
2023-10-06,4308.5,4308.5,4324.10009765625,4219.5498046875,4234.7900390625,3902030000,^GSPC,0.0118148930146444,0.0117456420939611,0,,4357.173486328125,4424.412392578125,4208.299899902344,43.21773017472088,0.1307667486367706,-0.1017520999699186,-0.2220892683731591,-0.09785281350987546,21.0
2023-10-09,4335.66015625,4335.66015625,4341.72998046875,4283.7900390625,4289.02001953125,3174630000,^GSPC,0.0063038542996403,0.0062840681193874,0,,4349.58349609375,4419.48099609375,4210.870100097656,47.2627540087095,0.1304194524829805,-0.0960896760831711,-0.2624846532574316,-0.23623788626174963,21.0
2023-10-10,4358.240234375,4358.240234375,4385.4599609375,4339.64013671875,4339.75,3520240000,^GSPC,0.0052079907813922,0.0051944760999853,0,,4344.4005126953125,4414.8666015625,4213.2691015625,50.42468014338765,0.1317317952268657,-0.0913821194490069,-0.1515866654675754,-0.12066929663110103,20.0
2023-10-11,4376.9501953125,4376.9501953125,4378.64013671875,4345.33984375,4366.58984375,3601660000,^GSPC,0.0042930081710337,0.004283819500095,0,,4339.876025390625,4410.871005859375,4216.041903076172,52.94233818327115,0.1329096188438225,-0.0874814154634541,-0.14680119157062893,-0.08349639181903602,24.0
2023-10-12,4349.60986328125,4349.60986328125,4385.85009765625,4325.43017578125,4380.93994140625,3713140000,^GSPC,-0.0062464343461184,-0.0062660249406549,0,,4332.101513671875,4407.595400390625,4218.565852050781,49.02438737172604,0.1292696418973995,-0.0931814028913746,-0.14346637552342859,-0.2262334381201486,15.0
2023-10-13,4327.77978515625,4327.77978515625,4377.10009765625,4311.97021484375,4360.490234375,3566560000,^GSPC,-0.0050188588887675,-0.0050314956602198,0,,4325.97451171875,4404.113193359375,4221.058500976563,46.09138884459236,0.1239451123383959,-0.097732597467973,-0.11314273210692989,-0.029698366381604977,22.0
2023-10-16,4373.6298828125,4373.6298828125,4383.330078125,4342.3701171875,4342.3701171875,3409960000,^GSPC,0.0105943693839298,0.0105386423025899,0,,4321.979516601563,4402.0251953125,4224.010550537109,52.516909264027085,0.130874723031714,-0.0881736433224697,-0.06308163894789266,0.06668688765807568,33.0
2023-10-17,4373.2001953125,4373.2001953125,4393.56982421875,4337.5400390625,4345.22998046875,3794850000,^GSPC,-9.824505308242416e-05,-9.824987944376509e-05,1,Gaza hospital explosion kills hundreds — international diplomatic crisis erupts,4318.4420166015625,4399.120400390625,4226.630151367188,52.45380999303232,0.1308180662403402,-0.0882632257512835,-0.0857909797776329,-0.29436146060936935,21.0
2023-10-18,4314.60009765625,4314.60009765625,4364.2001953125,4303.83984375,4357.35009765625,3686030000,^GSPC,-0.0133998205065164,-0.0134904082511518,0,,4314.06201171875,4395.4248046875,4229.005651855468,44.585997928295065,0.1350862647545034,-0.1004803348754066,-0.15355400425840604,-0.2329874398239243,23.0
2023-10-19,4278.0,4278.0,4339.5400390625,4269.68994140625,4321.35986328125,3969730000,^GSPC,-0.008482848196321,-0.0085190323280579,0,,4311.46201171875,4391.63060546875,4231.274952392578,40.49997942327755,0.1255185291444333,-0.1081108236442641,-0.23775934457427586,-0.18592913328953375,23.0
2023-10-20,4224.16015625,4224.16015625,4276.56005859375,4223.02978515625,4273.85009765625,4004030000,^GSPC,-0.0125852837190275,-0.0126651491961559,0,,4306.667016601563,4386.73720703125,4233.130903320312,35.3655882415666,0.1325705137225113,-0.1193355019746308,-0.39069109796077467,-0.7531567207688658,28.0
2023-10-23,4217.0400390625,4217.0400390625,4255.83984375,4189.22021484375,4210.39990234375,3776100000,^GSPC,-0.0016855698941634,-0.0016869920654349,0,,4300.647021484375,4381.79701171875,4235.175603027344,34.73838001333101,0.1311775491649966,-0.120819923539361,-0.4509810589016869,-0.41385732264666103,18.0
2023-10-24,4247.68017578125,4247.68017578125,4259.3798828125,4219.43017578125,4235.7900390625,3821820000,^GSPC,0.0072657922227272,0.0072395235196288,0,,4299.354541015625,4376.9562109375,4236.938603515625,39.69486078760314,0.1244237724853272,-0.1144319837774365,-0.4962671107242727,-0.3217872887572912,16.0
2023-10-25,4186.77001953125,4186.77001953125,4232.419921875,4181.419921875,4232.419921875,3869370000,^GSPC,-0.0143396286277125,-0.014443434657238,0,,4294.967553710938,4371.9344140625,4238.412003173828,34.143413596114854,0.1341141357597088,-0.1271307002546482,-0.3656046555415738,-0.36116935522076904,14.0
2023-10-26,4137.22998046875,4137.22998046875,4183.60009765625,4127.89990234375,4175.990234375,4277640000,^GSPC,-0.0118325197781096,-0.0119030812055848,0,,4286.84404296875,4366.592412109375,4239.501903076172,30.417393137398705,0.1367814752402215,-0.1374589435075898,-0.4375527222344131,-0.6297015227251791,19.0
2023-10-27,4117.3701171875,4117.3701171875,4156.7001953125,4103.77978515625,4152.93017578125,4019500000,^GSPC,-0.0048002802297685,-0.0048118385786207,1,Israel launches ground invasion of Gaza,4278.31005859375,4361.5326171875,4240.240703125,29.04880984749448,0.1371440516462143,-0.141599382288434,-0.5160088640084884,-0.5571557140795173,21.0
2023-10-30,4166.81982421875,4166.81982421875,4177.47021484375,4132.93994140625,4139.39013671875,3911140000,^GSPC,0.0120100223258599,0.0119384743002859,0,,4272.23154296875,4357.474814453125,4241.158952636719,36.687373852238935,0.1457544860636826,-0.1312899717051862,-0.42198666242969035,-0.07910275048437469,34.0
2023-10-31,4193.7998046875,4193.7998046875,4195.5498046875,4153.1201171875,4171.330078125,4249470000,^GSPC,0.0064749573072333,0.0064540848216882,0,,4270.4490234375,4353.35541015625,4242.132501220704,40.454119948226925,0.1405614188093893,-0.1256651113596118,-0.3001850675289925,-0.26429673802308534,21.0
2023-11-01,4237.85986328125,4237.85986328125,4245.64013671875,4197.740234375,4201.27001953125,4224900000,^GSPC,0.0105059994863139,0.0104511949901918,1,Fed holds rates for second consecutive meeting as inflation shows signs of easing,4269.154516601562,4350.361611328125,4243.366950683594,46.09436893549018,0.1427019944244101,-0.1164793494686896,-0.18412543844651239,-0.2089768268320769,21.0
2023-11-02,4317.77978515625,4317.77978515625,4319.72021484375,4268.259765625,4268.259765625,4669780000,^GSPC,0.0188585570201276,0.0186829389340864,0,,4272.134008789062,4347.99701171875,4245.311549072266,54.5111524319921,0.1576938002713444,-0.0998174249021846,-0.18187564550495097,-0.07235337165969054,17.0
2023-11-03,4358.33984375,4358.33984375,4373.6201171875,4334.22998046875,4334.22998046875,4570960000,^GSPC,0.0093937302530313,0.0093498835445514,0,,4274.626000976563,4347.637607421875,4247.608997802734,58.08783443049565,0.1556835567838512,-0.0913613526132365,-0.07445874559944582,0.05795396169343012,13.0
2023-11-06,4365.97998046875,4365.97998046875,4372.2099609375,4347.52978515625,4364.27001953125,3656340000,^GSPC,0.0017529924220356,0.0017514577241005,0,,4276.1419921875,4346.8430078125,4249.575847167969,58.74584121312995,0.1543043055150393,-0.0897685159499987,-0.032343627911253565,-0.08263147376750016,25.0
2023-11-07,4378.3798828125,4378.3798828125,4386.259765625,4355.41015625,4366.2099609375,3791230000,^GSPC,0.0028401189192852,0.0028360934017119,0,,4277.148974609375,4345.744404296875,4251.368696289062,59.847642157674805,0.1535471761798572,-0.0871833502912192,0.01563067686211814,0.07156954266042458,24.0
2023-11-08,4382.77978515625,4382.77978515625,4391.2001953125,4359.759765625,4384.3701171875,3729510000,^GSPC,0.0010049156221052,0.0010044110324198,0,,4277.440454101563,4343.44740234375,4253.197845458984,60.25328711178339,0.1528386182728387,-0.086266046579809,0.01928116052777176,0.06890541269039097,24.0
2023-11-09,4347.35009765625,4347.35009765625,4393.39990234375,4343.93994140625,4391.41015625,3900780000,^GSPC,-0.0080838393067328,-0.0081166906990687,0,,4277.327465820313,4340.097001953125,4254.85349609375,55.39981737761951,0.1539924426402517,-0.0936525250283635,-0.023151790085183577,-0.20993032560636618,19.0
2023-11-10,4415.240234375,4415.240234375,4418.02978515625,4353.33984375,4364.14990234375,3665080000,^GSPC,0.0156164410948524,0.0154957592707722,0,,4281.70048828125,4338.248603515625,4256.627547607422,61.75678526916354,0.1621645704792375,-0.0794986030740006,0.012206081985091682,0.17764315887125037,15.0
2023-11-13,4411.5498046875,4411.5498046875,4421.759765625,4393.81982421875,4406.66015625,3326240000,^GSPC,-0.0008358389332403,-0.00083618844137,0,,4283.596484375,4336.16419921875,4258.332496337891,61.24575770255568,0.1582707135207861,-0.0802679939796535,-0.05769484671531605,-0.14079737341083223,23.0
2023-11-14,4495.7001953125,4495.7001953125,4508.669921875,4458.97021484375,4458.97021484375,4700350000,^GSPC,0.0190750177036618,0.0188953704745772,0,,4289.721484375,4336.1416015625,4260.722147216797,67.79068742640243,0.171254754597891,-0.062724089682191,0.02922500873790365,0.05082924075329293,21.0
2023-11-15,4502.8798828125,4502.8798828125,4521.169921875,4495.31005859375,4505.2998046875,4347170000,^GSPC,0.0015970120755575,0.0015957382078471,0,,4299.135473632812,4336.889599609375,4262.853546142578,68.28285602337031,0.1620014870548594,-0.0612272487352844,0.04813049726444124,0.23435962445086314,18.0
2023-11-16,4508.240234375,4508.240234375,4511.990234375,4487.830078125,4497.080078125,3964520000,^GSPC,0.0011904273935798,0.0011897193967137,0,,4310.647485351563,4338.0316015625,4264.798697509766,68.6677984425649,0.1571247365969929,-0.0601097079358325,0.06152080369560122,-0.10062645411735233,20.0
2023-11-17,4514.02001953125,4514.02001953125,4520.1201171875,4499.66015625,4509.5498046875,3777240000,^GSPC,0.001282049060336,0.0012812279371779,0,,4325.140478515625,4339.162197265625,4266.4699987792965,69.10322800414333,0.1465736249895717,-0.0589047224700726,0.024102062749143133,-0.0614269820860813,21.0
2023-11-20,4547.3798828125,4547.3798828125,4557.10986328125,4510.35986328125,4511.7001953125,3644790000,^GSPC,0.0073902780973298,0.0073631037937956,0,,4341.657470703125,4340.360595703125,4268.524498291015,71.55994265851453,0.1459938427783727,-0.0519497666530426,-0.014086677286039151,0.11979340434531628,26.0
2023-11-21,4538.18994140625,4538.18994140625,4542.14013671875,4525.509765625,4538.77001953125,3511080000,^GSPC,-0.0020209310950652,-0.0020229759317579,0,,4356.182958984375,4341.886396484375,4270.660047607422,69.91079696466183,0.1467752069421897,-0.0538657108492974,-0.013726971659248965,-0.09954733723698177,27.0
2023-11-22,4556.6201171875,4556.6201171875,4568.43017578125,4545.0498046875,4553.0400390625,3042810000,^GSPC,0.0040611292209464,0.0040529050943133,0,,4374.675463867187,4343.67,4272.623148193359,71.33740907077993,0.130935718022235,-0.0500233372406881,0.0681201320057422,0.1841143289088922,38.0
2023-11-24,4559.33984375,4559.33984375,4560.31005859375,4552.7998046875,4555.83984375,1639500000,^GSPC,0.000596873667884,0.000596695609645,0,,4395.78095703125,4344.754794921875,4274.830548095703,71.55176279311937,0.1173145008899889,-0.0494563211855827,-0.07091644320152198,-0.2973163212764763,16.0
2023-11-27,4550.43017578125,4550.43017578125,4560.52001953125,4546.31982421875,4554.85986328125,3403990000,^GSPC,-0.00195415746009,-0.0019560693168983,0,,4417.4339599609375,4346.757001953125,4277.175198974609,69.71248590332348,0.1145991424554122,-0.0513138332066793,-0.03149510399739323,0.01871668037540449,22.0
2023-11-28,4554.89013671875,4554.89013671875,4568.14013671875,4540.509765625,4545.5498046875,3586240000,^GSPC,0.0009801185306033,0.0009796385280502,0,,4436.837475585938,4348.784208984375,4279.497349853516,70.1264548450597,0.1123800710665139,-0.0503840083148781,-0.20524600257644107,-0.33713836682825127,14.0
2023-11-29,4550.580078125,4550.580078125,4587.64013671875,4547.14990234375,4571.83984375,4418760000,^GSPC,-0.0009462486392383,-0.0009466966151019,0,,4454.676489257812,4350.916806640625,4281.563800048828,69.14292246041377,0.1136945176522704,-0.0512825811548091,-0.18818392562471428,-0.24613009042129594,15.0
2023-11-30,4567.7998046875,4567.7998046875,4569.89013671875,4537.240234375,4554.8701171875,5399300000,^GSPC,0.0037840728581564,0.0037769312649946,0,,4471.173486328125,4354.228798828125,4283.722149658203,70.89899528986774,0.111176263360777,-0.0476925653200968,-0.15709906141115806,0.11197127301607315,15.0
2023-12-01,4594.6298828125,4594.6298828125,4599.39013671875,4554.7099609375,4559.43017578125,4397120000,^GSPC,0.0058737421236076,0.0058565589538466,0,,4485.0159912109375,4359.521396484375,4285.957298583984,73.43568167069297,0.0967050979028685,-0.0420989570263927,-0.03027076167951308,0.0433465323666836,20.0
2023-12-04,4569.77978515625,4569.77978515625,4572.3701171875,4546.72021484375,4564.3701171875,4369910000,^GSPC,-0.0054085091269721,-0.0054231880638269,0,,4495.58798828125,4364.515791015625,4288.354147949219,67.56148072104972,0.098262147096953,-0.0472797735600515,0.018146763301406577,-0.10087751547853696,30.0
2023-12-05,4567.18017578125,4567.18017578125,4578.56005859375,4551.68017578125,4557.25,3909950000,^GSPC,-0.0005688697261614,-0.0005690315939348,0,,4505.647998046875,4369.110595703125,4290.794598388672,66.95807516160824,0.0987992385756743,-0.0478217472543749,-0.13687101814358235,-0.3530820713188936,27.0
2023-12-06,4549.33984375,4549.33984375,4590.740234375,4546.5,4586.22998046875,4245680000,^GSPC,-0.0039062028088695,-0.0039138519449437,0,,4514.19599609375,4374.626796875,4293.5545971679685,62.8120436955876,0.1011479328110576,-0.0515411486197943,-0.18501048279978027,-0.1010718616019102,18.0
2023-12-07,4585.58984375,4585.58984375,4590.919921875,4565.22021484375,4568.83984375,3818880000,^GSPC,0.0079681890658929,0.0079366106848219,0,,4524.336499023438,4380.8483984375,4296.527296142578,67.24952915319318,0.1032904980594143,-0.0439836491707771,-0.1584484520001361,-0.021191423079604442,25.0
2023-12-08,4604.3701171875,4604.3701171875,4609.22998046875,4574.06005859375,4576.2001953125,3707010000,^GSPC,0.0040954978699407,0.0040871341465037,0,,4537.1875,4386.941796875,4299.487546386718,69.29380376705177,0.0958422820181179,-0.0400682862423276,0.02165800263386235,0.18723729258310182,20.0
2023-12-11,4622.43994140625,4622.43994140625,4623.7099609375,4593.39013671875,4593.39013671875,3823210000,^GSPC,0.0039244942866989,0.0039168135477814,0,,4547.5474853515625,4393.629599609375,4302.749545898438,71.15917819407774,0.0836522192238986,-0.0363010397160644,0.1278960130486589,0.21764216964247943,39.0
2023-12-12,4643.7001953125,4643.7001953125,4643.93017578125,4608.08984375,4618.2998046875,3808380000,^GSPC,0.0045993575202152,0.0045888127956924,0,,4559.155004882812,4400.73580078125,4306.056846923828,73.22048178340141,0.0831757766974925,-0.0318686436558589,0.2225468923905495,0.2627612149460674,17.0
2023-12-13,4707.08984375,4707.08984375,4709.68994140625,4643.22998046875,4646.2001953125,5063650000,^GSPC,0.0136506763510459,0.0135583451750198,1,Fed holds rates and projects three rate cuts for 2024 — pivot signals boost markets,4569.724487304688,4410.28859375,4309.741546630859,78.21905095993795,0.0704633678452211,-0.0186529958451058,0.2388416586803601,0.23612159145253359,23.0
2023-12-14,4719.5498046875,4719.5498046875,4738.56982421875,4694.33984375,4721.0400390625,6314040000,^GSPC,0.0026470624846992,0.0026435651851544,0,,4580.5579833984375,4419.40458984375,4313.582346191406,79.04694236875409,0.0704231283130244,-0.0160553090059353,0.20284420112676474,0.10964979698169332,18.0
2023-12-15,4719.18994140625,4719.18994140625,4725.52978515625,4704.68994140625,4714.22998046875,8218980000,^GSPC,-7.62494933082003e-05,-7.625240044859478e-05,0,,4591.10546875,4428.62458984375,4317.271545410156,78.95360102306422,0.0708418560599888,-0.0161303342900668,0.13802087773654814,0.06829124477541755,20.0
2023-12-18,4740.56005859375,4740.56005859375,4749.52001953125,4725.580078125,4725.580078125,4060340000,^GSPC,0.0045283443669004,0.0045181222634005,0,,4602.432470703125,4437.265791015625,4320.746146240234,80.43136022523719,0.0711636714578946,-0.0116750336315851,0.12986145917749592,0.21164333577537697,21.0
2023-12-19,4768.3701171875,4768.3701171875,4768.68994140625,4743.72021484375,4743.72021484375,4026970000,^GSPC,0.0058664078189105,0.0058492674508189,0,,4613.481982421875,4445.919990234375,4324.345897216797,82.18445233237513,0.06996988344953,-0.0058771163212568,0.1451873683892999,0.15562752461710522,16.0
2023-12-20,4698.35009765625,4698.35009765625,4778.009765625,4697.81982421875,4764.72998046875,4201320000,^GSPC,-0.0146842669110067,-0.0147931479653056,0,,4621.489990234375,4452.7221875,4327.9057971191405,66.12249894723378,0.091867095179554,-0.0204750820875352,-0.08151753478959749,-0.6118234647612746,16.0
2023-12-21,4746.75,4746.75,4748.7099609375,4708.35009765625,4724.2900390625,3431180000,^GSPC,0.0103014678212025,0.0102487693072718,0,,4630.996484375,4460.11818359375,4331.679497070312,70.42516783018709,0.0964590860423748,-0.0103845376655938,-0.1916701128015865,-0.11881439826059,24.0
2023-12-22,4754.6298828125,4754.6298828125,4772.93994140625,4736.77001953125,4753.919921875,3046770000,^GSPC,0.0016600585268868,0.001658682152761,0,,4640.760986328125,4468.218583984375,4335.861046142578,71.06940224660251,0.0963213149084918,-0.0087417180790066,-0.29175371634978675,-0.1446232860274956,16.0
2023-12-26,4774.75,4774.75,4784.72021484375,4758.4501953125,4758.85986328125,2513910000,^GSPC,0.0042316894655107,0.0042227610469785,0,,4651.976977539062,4477.15798828125,4340.426845703125,72.70437353344816,0.0953652186822351,-0.0045470208498013,-0.011932885874140708,0.2276390266656635,21.0
2023-12-27,4781.580078125,4781.580078125,4785.39013671875,4768.89990234375,4773.4501953125,2748450000,^GSPC,0.0014304577464787,0.0014294356164229,0,,4663.311474609375,4485.3169921875,4345.055946044922,73.25688907363204,0.0952893260162794,-0.0031230674245204,0.118828854085803,0.27347082161924113,20.0
2023-12-28,4783.35009765625,4783.35009765625,4793.2998046875,4780.97998046875,4786.43994140625,2698860000,^GSPC,0.0003701746080437,0.0003701061103271,0,,4674.949975585938,4493.519990234375,4349.376246337891,73.4071181186344,0.0947840119951575,-0.0027540488967364,0.2780144357177557,0.3329334588683625,22.0
2023-12-29,4769.830078125,4769.830078125,4788.43017578125,4751.990234375,4782.8798828125,3126060000,^GSPC,-0.0028264750133749,-0.0028304770367338,0,,4685.051489257812,4502.62458984375,4353.7657470703125,70.16487426374944,0.0964846859432188,-0.0055727396597191,0.15135220789552947,-0.15234765680101517,25.0
2024-01-02,4742.830078125,4742.830078125,4754.330078125,4722.669921875,4745.2001953125,3743050000,^GSPC,-0.0056605790054923,-0.0056766607997231,0,,4692.461499023438,4511.92119140625,4357.678497314453,64.07808643187488,0.099275335082312,-0.0112017737320905,0.0335557207547311,-0.07991863980315403,24.0
2024-01-03,4704.81005859375,4704.81005859375,4729.2900390625,4699.7099609375,4725.06982421875,3950760000,^GSPC,-0.0080163149227308,-0.0080486183271976,0,,4699.2130126953125,4521.534189453125,4361.619348144532,56.62843084397233,0.1021306673777124,-0.0191282917088917,-0.1831442696428575,-0.3171665123244033,18.0
2024-01-04,4688.68017578125,4688.68017578125,4726.77978515625,4687.52978515625,4697.419921875,3715480000,^GSPC,-0.003428381297357,-0.0034342716633174,0,,4705.288012695312,4530.9669921875,4365.30489868164,53.77223296422255,0.1033829129284068,-0.0224910939287035,-0.13506777359805014,-0.008118168666593102,18.0
2024-01-05,4697.240234375,4697.240234375,4721.490234375,4682.10986328125,4690.56982421875,3844370000,^GSPC,0.0018256861788026,0.0018240216394339,0,,4712.683032226562,4539.958193359375,4368.776749267578,55.06745722302309,0.1015250940033943,-0.0207064694292326,-0.21980212410091826,-0.33412169131175845,18.0
2024-01-08,4763.5400390625,4763.5400390625,4764.5400390625,4699.81982421875,4703.7001953125,3742320000,^GSPC,0.0141146293098466,0.0140159454363531,0,,4721.580541992187,4551.49359375,4372.909599609375,63.57909259404013,0.1086044772195313,-0.0068841042596953,-0.02358474740375423,0.27148561776708885,28.0
2024-01-09,4756.5,4756.5,4765.47021484375,4730.35009765625,4741.93017578125,3529960000,^GSPC,-0.0014779006799081,-0.0014789938523175,0,,4729.187036132813,4563.878994140625,4376.948499755859,62.231040790125874,0.1089169829516453,-0.0083518309172375,-0.0630772375803853,-0.1265956391964863,19.0
2024-01-10,4783.4501953125,4783.4501953125,4790.7998046875,4756.2001953125,4759.93994140625,3498680000,^GSPC,0.0056659718937244,0.0056499806504959,0,,4737.237548828125,4577.200595703125,4381.01080078125,65.26706526477116,0.1095723901003917,-0.0027331802627513,0.04383475588889762,-0.013385710903909687,24.0
2024-01-11,4780.240234375,4780.240234375,4798.5,4739.580078125,4792.1298828125,3759890000,^GSPC,-0.0006710555783868,-0.0006712808369611,0,,4744.06455078125,4589.46900390625,4385.024351806641,64.60097689559727,0.1093312595513504,-0.0034024017252761,-0.1113587917312876,-0.19409502509346677,20.0
2024-01-12,4783.830078125,4783.830078125,4802.39990234375,4768.97998046875,4791.18017578125,3486340000,^GSPC,0.0007509755941104,0.0007506937530339,0,,4747.9015625,4601.269609375,4389.08715209961,65.03079431740949,0.0995295865954967,-0.0026539812518228,-0.20812087962067607,-0.41688190286465177,17.0
2024-01-16,4765.97998046875,4765.97998046875,4782.33984375,4747.1201171875,4772.35009765625,4260550000,^GSPC,-0.0037313402367431,-0.0037383190523568,0,,4750.223071289062,4611.83201171875,4392.778001708984,61.060670595204336,0.1005419150959814,-0.0063754185815334,-0.20984728598987987,-0.01856493001152108,12.0
2024-01-17,4739.2099609375,4739.2099609375,4744.22998046875,4714.81982421875,4739.1298828125,3928600000,^GSPC,-0.0056168971839904,-0.0056327312711078,0,,4751.224072265625,4620.260615234375,4396.219901123047,55.58042960670928,0.102864381621588,-0.0119565056948466,-0.20231518604069232,-0.17149872524590415,5.0
2024-01-18,4780.93994140625,4780.93994140625,4785.7900390625,4740.56982421875,4760.10009765625,4019000000,^GSPC,0.008805260963896,0.0087667207262431,0,,4753.24306640625,4628.7126171875,4399.578050537109,61.39672452739197,0.1062725496159893,-0.00325652488381,-0.11266660194545196,-0.14793615057893064,8.0
2024-01-19,4839.81005859375,4839.81005859375,4842.06982421875,4785.8701171875,4796.27978515625,4287200000,^GSPC,0.0123135027649361,0.0122383082325485,0,,4756.8150634765625,4638.18921875,4403.154552001954,67.80193297971687,0.1128168018399877,0.0,-0.014684931986713298,0.27538007986469487,49.0
2024-01-22,4850.43017578125,4850.43017578125,4868.41015625,4844.0498046875,4853.419921875,4297610000,^GSPC,0.002194325202627,0.0021919211872316,1,Davos WEF 2024 — AI dominates discussions as CEOs cite it as top opportunity,4764.4190673828125,4647.630224609375,4406.903702392578,68.80742680289684,0.0967603190123781,0.0,0.15440891584189056,0.33578281823990747,32.0
2024-01-23,4864.60009765625,4864.60009765625,4866.47998046875,4844.3701171875,4856.7998046875,3912800000,^GSPC,0.002921374261968,0.0029171153407644,0,,4770.311572265625,4657.266630859375,4410.774803466797,70.14698219587984,0.0914134603773838,0.0,0.20486737850226713,0.003439237402199116,11.0
2024-01-24,4868.5498046875,4868.5498046875,4903.68017578125,4865.93994140625,4888.56005859375,4330030000,^GSPC,0.0008119284117831,0.0008115989762168,0,,4776.007568359375,4667.690625,4414.592452392578,70.52692397265878,0.0914097608341698,0.0,0.16425073896315603,0.1535301612473615,15.0
2024-01-25,4894.16015625,4894.16015625,4898.14990234375,4869.33984375,4886.66015625,4020430000,^GSPC,0.0052603655277063,0.0052465781349779,0,,4781.978076171875,4677.2690234375,4418.517703857422,72.93246545040529,0.0919319444067438,0.0,0.09615446017817486,0.131493981884964,14.0
2024-01-26,4890.97021484375,4890.97021484375,4906.68994140625,4881.47021484375,4888.91015625,3353400000,^GSPC,-0.0006517852510764,-0.0006519977554263,0,,4787.447583007813,4686.857431640625,4422.42785522461,72.14263974561982,0.0921701569661385,-0.0006517852510764,-0.005016792943036696,-0.3000745219614356,17.0
2024-01-29,4927.93017578125,4927.93017578125,4929.31005859375,4887.39990234375,4892.9501953125,3525160000,^GSPC,0.0075567748961808,0.0075283655052462,0,,4794.676586914063,4695.50203125,4426.6077563476565,75.45882781368466,0.0948498473960144,0.0,-0.1399269311125039,-0.2512002532610401,9.0
2024-01-30,4924.97021484375,4924.97021484375,4931.08984375,4916.27001953125,4925.89013671875,3836130000,^GSPC,-0.0006006499345398,-0.0006008303969786,0,,4802.43359375,4703.943837890625,4430.501506347657,74.69197451219583,0.0938278527714458,-0.0006006499345398,-0.23791929085319632,-0.16248309733711325,12.0
2024-01-31,4845.64990234375,4845.64990234375,4906.75,4845.14990234375,4899.18994140625,4696120000,^GSPC,-0.0161057446115979,-0.0162368517407336,0,,4807.5745849609375,4710.69203125,4434.0415551757815,57.75382054190039,0.1106673103177446,-0.0166967206316911,-0.2288007936427199,-0.2727190303300064,18.0
2024-02-01,4906.18994140625,4906.18994140625,4906.97021484375,4853.52001953125,4861.10986328125,4386090000,^GSPC,0.0124936882116097,0.0124162861140497,0,,4817.643579101563,4718.5354296875,4437.815905761719,64.39114578225292,0.1121288711813179,-0.00441163604181,-0.07864872658771986,0.19925594790396006,11.0
2024-02-02,4958.60986328125,4958.60986328125,4975.2900390625,4907.990234375,4916.06005859375,3974350000,^GSPC,0.0106844460775146,0.0106277707226331,0,,4831.140063476562,4726.760029296875,4441.834604492187,68.94131072042529,0.1140249772928228,0.0,0.04888412129541988,0.22011544631230595,13.0
2024-02-05,4942.81005859375,4942.81005859375,4957.18994140625,4918.08984375,4957.18994140625,4023640000,^GSPC,-0.0031863375266721,-0.0031914247092839,0,,4843.4185546875,4734.852431640625,4445.7760546875,66.19570006371131,0.1159668883258516,-0.0031863375266722,0.15023471495602575,0.03133275065181122,5.0
2024-02-06,4954.22998046875,4954.22998046875,4957.77001953125,4934.8798828125,4950.16015625,4440880000,^GSPC,0.0023104108269635,0.0023077459317481,0,,4852.953051757812,4742.80462890625,4449.898254394531,67.21211018405643,0.1077676764529441,-0.0008832884484285,0.08336904011626499,-0.0013410766153222175,8.0
2024-02-07,4995.06005859375,4995.06005859375,4999.89013671875,4969.0498046875,4973.0498046875,4895590000,^GSPC,0.00824145796339,0.0082076825940086,0,,4864.8810546875,4751.519033203125,4454.205954589844,70.61413357835913,0.1091413987430615,0.0,0.0047304130769815446,-0.015800434805544373,9.0
2024-02-08,4997.91015625,4997.91015625,5000.39990234375,4987.08984375,4995.16015625,4341860000,^GSPC,0.0005705832608251,0.0005704205400905,0,,4875.604052734375,4760.4686328125,4458.5103051757815,70.84156592850461,0.1086524514523585,0.0,-0.03881265694811991,-0.09929645942349315,27.0
2024-02-09,5026.60986328125,5026.60986328125,5030.06005859375,5000.33984375,5004.169921875,3912990000,^GSPC,0.0057423415255595,0.0057259171287955,0,,4887.922534179687,4769.90302734375,4463.285205078125,73.09933328052637,0.1087886334021893,0.0,0.05655420967927174,0.2847595232668527,34.0
2024-02-12,5021.83984375,5021.83984375,5048.39013671875,5016.830078125,5026.830078125,3805740000,^GSPC,-0.0009489536011326,-0.0009494041426524,0,,4899.823022460938,4779.32822265625,4468.114454345703,72.10007425162493,0.1093199383563771,-0.0009489536011327,0.07446936793994878,0.037945039976486766,24.0
2024-02-13,4953.169921875,4953.169921875,4971.2998046875,4920.31005859375,4967.93994140625,4302190000,^GSPC,-0.0136742556536254,-0.0137686094198454,1,US CPI comes in hotter than expected at 3.1% — rate cut hopes pushed to June,4909.18251953125,4787.035625,4472.203553466797,59.49186690809076,0.121897814944966,-0.0146102330206128,0.005792401691820215,-0.30532735816787887,15.0
2024-02-14,5000.6201171875,5000.6201171875,5002.52001953125,4956.4501953125,4976.43994140625,3845600000,^GSPC,0.0095797632750176,0.0095341683042168,0,,4922.25302734375,4795.1554296875,4476.35925415039,64.15618339937802,0.1213110897760697,-0.0051704323193255,-0.05426768151873418,0.10457927363518953,16.0
2024-02-15,5029.72998046875,5029.72998046875,5032.72021484375,4999.43994140625,5003.14013671875,4137970000,^GSPC,0.0058212506847294,0.00580437267404,0,,4934.692529296875,4804.35443359375,4480.668553466797,66.69017395772809,0.1197873770438564,0.0,-0.0970787669516583,-0.0904882163222856,28.0
2024-02-16,5005.56982421875,5005.56982421875,5038.7001953125,4999.52001953125,5031.1298828125,3833270000,^GSPC,-0.0048034698371121,-0.004815043575961,0,,4942.980517578125,4813.1222265625,4485.098502197266,62.726601855989465,0.1167242593558034,-0.004803469837112,-0.05117158261230398,-0.1676058051498159,29.0
2024-02-20,4975.509765625,4975.509765625,4993.7099609375,4955.02001953125,4989.31982421875,4034880000,^GSPC,-0.0060053220011653,-0.0060234264658172,0,,4949.2344970703125,4821.645625,4489.52230102539,58.09986496485823,0.119850813520655,-0.0107799454551826,-0.06638976680777041,0.05892472104879025,25.0
2024-02-21,4981.7998046875,4981.7998046875,4983.2099609375,4946.0,4963.02978515625,3788390000,^GSPC,0.0012641999229821,0.0012634014951035,1,Nvidia quarterly revenue triples — shares surge as AI chip demand explodes,4955.094482421875,4829.56982421875,4494.125200195313,58.784922994507,0.1196935848176915,-0.0095293735384147,-0.01624202271501849,0.059955015955970144,11.0
2024-02-22,5087.02978515625,5087.02978515625,5094.39013671875,5038.830078125,5038.830078125,4051710000,^GSPC,0.021122884217414,0.0209028886664034,0,,4966.018481445312,4839.223017578125,4498.8790991210935,68.16301854983985,0.1386031102070158,0.0,0.19357944115982254,0.4618585864747072,26.0
2024-02-23,5088.7998046875,5088.7998046875,5111.06005859375,5081.4599609375,5100.919921875,3672790000,^GSPC,0.0003479475462115,0.0003478870265021,0,,4975.750463867187,4848.55021484375,4503.632497558594,68.29370401848456,0.1382629330800876,0.0,0.3318631312337033,0.4737757912704327,23.0
2024-02-26,5069.52978515625,5069.52978515625,5097.66015625,5068.91015625,5093.0,3683930000,^GSPC,-0.0037867513501905,-0.0037939392446684,0,,4984.678442382812,4857.066806640625,4508.384296875,65.15788373305638,0.1394915112196486,-0.0037867513501905,0.3209122652089112,0.027102417881593704,17.0
2024-02-27,5078.18017578125,5078.18017578125,5080.68994140625,5057.2900390625,5074.60009765625,3925950000,^GSPC,0.0017063496993998,0.0017048955387209,0,,4992.190942382813,4864.48861328125,4513.0869970703125,65.91450466968756,0.1378375529429569,-0.0020868631728188,0.1418590140291035,-0.07530116706471583,21.0
2024-02-28,5069.759765625,5069.759765625,5077.3701171875,5058.35009765625,5067.2001953125,3789370000,^GSPC,-0.0016581550604305,-0.0016595313211122,0,,4999.430419921875,4871.4928125,4517.7826953125,64.44739887274146,0.1381027147703618,-0.0037415578905189,-0.0532488587763002,-0.11154782714577849,19.0
2024-02-29,5096.27001953125,5096.27001953125,5104.990234375,5061.89013671875,5085.35986328125,5219740000,^GSPC,0.0052290946971491,0.0052154704557999,0,,5011.96142578125,4879.0344140625,4522.643645019532,66.94211336829801,0.1216835655427927,0.0,-0.040088228371725106,0.06658430909531901,22.0
2024-03-01,5137.080078125,5137.080078125,5140.330078125,5094.16015625,5098.509765625,4748110000,^GSPC,0.0080078289488876,0.0079759364333879,0,,5023.505932617188,4886.964814453125,4527.647646484375,70.38696416631402,0.1178551552118776,0.0,0.1022333081354921,0.3516634424569358,31.0
2024-03-04,5130.9501953125,5130.9501953125,5149.669921875,5127.18017578125,5130.990234375,4758440000,^GSPC,-0.0011932620709189,-0.001193974574963,0,,5032.12294921875,4894.216416015625,4532.752897949219,69.22016106905312,0.1141886560707063,-0.0011932620709189,0.0771693456011703,-0.1867397147487439,31.0
2024-03-05,5078.64990234375,5078.64990234375,5114.5400390625,5056.81982421875,5110.52001953125,4418410000,^GSPC,-0.0101931008834446,-0.0102454062759179,0,,5038.91494140625,4901.822412109375,4537.352297363282,60.07053268798853,0.1207593496419466,-0.0113741999136942,,,
2024-03-06,5104.759765625,5104.759765625,5127.97021484375,5092.22021484375,5108.02978515625,4559050000,^GSPC,0.0051411032032746,0.0051279328530016,0,,5046.441430664063,4908.982607421875,4541.885847167969,62.719848193838,0.1214671368979431,-0.0062915726460306,,,
2024-03-07,5157.35986328125,5157.35986328125,5165.6201171875,5128.2099609375,5132.3798828125,4137980000,^GSPC,0.0103041279259514,0.0102514022849836,1,ECB holds rates but signals June cut if inflation continues to fall,5054.556420898438,4917.03720703125,4546.712746582031,67.41098440329506,0.123169466453581,0.0,,,
2024-03-08,5123.68994140625,5123.68994140625,5189.259765625,5117.5,5164.4599609375,4208870000,^GSPC,-0.0065285190034379,-0.0065499229920503,0,,5060.84541015625,4924.016005859375,4551.368046875,62.030220488910814,0.1265059649980883,-0.0065285190034379,,,
2024-03-11,5117.93994140625,5117.93994140625,5124.66015625,5091.14013671875,5111.9599609375,3896430000,^GSPC,-0.0011222380873464,-0.0011228682680281,0,,5065.4119140625,4930.743203125,4556.229846191406,61.13279593773315,0.1256196742105577,-0.0076434305381048,,,
2024-03-12,5175.27001953125,5175.27001953125,5179.8701171875,5114.47998046875,5134.2998046875,4080510000,^GSPC,0.0112017879813663,0.011139512586668,0,,5073.083422851562,4938.5816015625,4561.529995117187,66.35875552516141,0.1304934254993236,0.0,,,
2024-03-13,5165.31005859375,5165.31005859375,5179.14013671875,5151.8798828125,5173.490234375,4282890000,^GSPC,-0.0019245297153407,-0.0019263840021219,0,,5083.6904296875,4946.491201171875,4566.600146484375,64.73039418452525,0.1183118958118139,-0.0019245297153407,,,
2024-03-14,5150.47998046875,5150.47998046875,5176.85009765625,5123.2998046875,5175.14013671875,4687970000,^GSPC,-0.0028710915621273,-0.0028752210514951,0,,5091.183422851563,4954.64419921875,4571.325295410156,62.27980625342995,0.1161457696964074,-0.0047900957764413,,,
2024-03-15,5117.08984375,5117.08984375,5136.85986328125,5104.35009765625,5123.31005859375,7753670000,^GSPC,-0.0064829174844615,-0.0065040228597376,0,,5095.551416015625,4962.889794921875,4575.88314453125,57.04347122200008,0.1182608525930708,-0.0112419594652415,,,
2024-03-18,5149.419921875,5149.419921875,5175.60009765625,5145.47021484375,5154.77001953125,4036220000,^GSPC,0.0063180595049523,0.0062981842384804,0,,5102.743920898438,4972.10458984375,4580.73109375,60.505935079975714,0.1177647051416075,-0.0049949273291427,,,
2024-03-19,5178.509765625,5178.509765625,5180.31005859375,5131.58984375,5139.08984375,4031760000,^GSPC,0.0056491496501236,0.0056332530443431,0,,5112.8939208984375,4981.72998046875,4585.518542480469,63.367123194935765,0.1152391289715688,0.0,,,
2024-03-20,5224.6201171875,5224.6201171875,5226.18994140625,5171.5498046875,5181.68994140625,4064850000,^GSPC,0.0089041739128465,0.0088647655163601,1,Fed holds rates — projects three cuts for 2024 but raises inflation forecasts,5125.034936523438,4990.95158203125,4590.229792480469,67.39883454119288,0.117727121410229,0.0,,,
2024-03-21,5241.52978515625,5241.52978515625,5261.10009765625,5240.66015625,5253.43017578125,4207730000,^GSPC,0.003236535401516,0.0032313090945288,0,,5132.759936523437,5000.652177734375,4595.068491210937,68.75681954068826,0.0954537787958271,0.0,,,
2024-03-22,5234.18017578125,5234.18017578125,5246.08984375,5229.8701171875,5242.47998046875,3374700000,^GSPC,-0.0014021878490156,-0.0014031718343267,0,,5140.028955078125,5009.66677734375,4599.820141601563,67.44188121593533,0.095934275841302,-0.0014021878490157,,,
2024-03-25,5218.18994140625,5218.18994140625,5229.08984375,5216.08984375,5219.52001953125,3331360000,^GSPC,-0.0030549644525015,-0.0030596403820319,0,,5147.461962890625,5018.425771484375,4604.573491210937,64.5494859160421,0.0954402770919049,-0.0044528686674827,,,
2024-03-26,5203.580078125,5203.580078125,5235.16015625,5203.419921875,5228.85009765625,3871790000,^GSPC,-0.0027997952250302,-0.0028037219828057,0,,5153.731958007813,5026.820771484375,4609.121740722656,61.93584428519965,0.0966121471880049,-0.0072401967720801,,,
2024-03-27,5248.490234375,5248.490234375,5249.259765625,5213.919921875,5226.31005859375,3850500000,^GSPC,0.0086306265255329,0.008593595582706,0,,5162.668481445313,5036.4709765625,4613.869892578125,66.43492670090149,0.099375132566624,0.0,,,
2024-03-28,5254.35009765625,5254.35009765625,5264.85009765625,5245.81982421875,5248.02978515625,3998270000,^GSPC,0.001116485507179,0.0011158627007616,1,S&P 500 closes above 5200 for first time — AI-driven bull market extends,5170.572485351562,5046.773779296875,4618.4469921875,66.98329094739466,0.0985312234404772,0.0,,,
2024-04-01,5243.77001953125,5243.77001953125,5263.9501953125,5229.2001953125,5257.97021484375,3325930000,^GSPC,-0.0020135845401164,-0.0020156145269577,1,Iran-backed Houthis escalate Red Sea attacks — oil tankers rerouted around Africa,5175.906982421875,5056.030380859375,4622.820793457031,64.92098678689169,0.0962140954828309,-0.0020135845401164,,,
2024-04-02,5205.81005859375,5205.81005859375,5208.33984375,5184.0498046875,5204.2900390625,3886590000,^GSPC,-0.0072390590731691,-0.0072653882036724,0,,5179.649975585938,5063.350380859375,4626.98689453125,58.01894435114085,0.1003963887637589,-0.0092380671558508,,,
2024-04-03,5211.490234375,5211.490234375,5228.75,5194.3701171875,5194.3701171875,3703250000,^GSPC,0.0010911223646881,0.0010905275233378,0,,5186.2919921875,5070.57158203125,4630.915146484375,58.7260579110287,0.0916515360434358,-0.0081570246528429,,,
2024-04-04,5147.2099609375,5147.2099609375,5256.58984375,5146.06005859375,5244.0498046875,4075680000,^GSPC,-0.0123343363503796,-0.0124110356192622,0,,5188.414501953125,5076.223779296875,4634.603247070312,48.72419101608235,0.1024248823638596,-0.0203907495175361,,,
2024-04-05,5204.33984375,5204.33984375,5222.18017578125,5157.2099609375,5158.9501953125,3386780000,^GSPC,0.0110991941743316,0.0110380501356995,0,,5190.763500976563,5082.939580078125,4638.681396484375,55.91120872807416,0.1034597888050091,-0.0095178762314596,,,
2024-04-08,5202.39013671875,5202.39013671875,5219.56982421875,5197.35009765625,5211.3701171875,3278180000,^GSPC,-0.0003746309983179,-0.0003747011900415,0,,5194.698510742188,5089.1041796875,4642.864897460938,55.62466276578652,0.1001859382166541,-0.0098889415383031,,,
2024-04-09,5209.91015625,5209.91015625,5224.81005859375,5160.77978515625,5217.02978515625,3400680000,^GSPC,0.0014454931932483,0.0014444494736345,0,,5199.297021484375,5095.482978515625,4647.0049975585935,56.54962340244329,0.0999594758289504,-0.0084577427427366,,,
2024-04-10,5160.64013671875,5160.64013671875,5178.43017578125,5138.7001953125,5167.8798828125,3845930000,^GSPC,-0.0094569806491084,-0.0095019818322125,0,,5198.56552734375,5100.137177734375,4651.066547851562,49.29910486219622,0.0987351948154,-0.0178347386823919,,,
2024-04-11,5199.06005859375,5199.06005859375,5211.77978515625,5138.77001953125,5172.9501953125,3509380000,^GSPC,0.0074447977105855,0.0074172219833424,0,,5200.25302734375,5105.618974609375,4655.417749023438,54.227468134410536,0.1020111810497439,-0.0105227169935179,,,
2024-04-12,5123.41015625,5123.41015625,5175.02978515625,5107.93994140625,5171.509765625,3963220000,^GSPC,-0.0145506882958016,-0.0146575878022485,0,,5198.8995361328125,5111.1741796875,4659.142749023437,44.96019701488764,0.1146990423498488,-0.0249202925143219,,,
2024-04-15,5061.81982421875,5061.81982421875,5168.43017578125,5052.47021484375,5149.669921875,3950210000,^GSPC,-0.012021354947762,-0.0120941957874591,1,Israel intercepts Iranian attack — oil spikes 3% on escalation fears,5196.13603515625,5114.28677734375,4662.567548828125,39.10133836185931,0.1203121350809779,-0.0366420717803672,,,
2024-04-16,5051.41015625,5051.41015625,5079.83984375,5039.830078125,5064.58984375,4006200000,^GSPC,-0.0020565070133361,-0.0020586245275039,0,,5191.235546875,5116.142783203125,4665.842399902344,38.19538727952937,0.1176368425705753,-0.0386232241161039,,,
2024-04-17,5022.2099609375,5022.2099609375,5077.9599609375,5007.25,5068.97021484375,3596130000,^GSPC,-0.0057806027246414,-0.0057973750760041,0,,5183.420556640625,5117.73078125,4668.701550292969,35.69689974267567,0.1161263315483191,-0.0441805613261853,,,
2024-04-18,5011.1201171875,5011.1201171875,5056.66015625,5001.89013671875,5031.52001953125,3619760000,^GSPC,-0.0022081601199982,-0.0022106017004853,0,,5172.745556640625,5118.868583984375,4671.479201660156,34.766746144783085,0.1094364178009978,-0.0462911636925839,,,
2024-04-19,4967.22998046875,4967.22998046875,5019.02001953125,4953.56005859375,5005.43994140625,3878750000,^GSPC,-0.0087585481274361,-0.0087971296540569,0,,5159.03056640625,5118.311982421875,4674.081252441406,31.291563576459623,0.1100122859457154,-0.0546442684349435,,,
2024-04-22,5010.60009765625,5010.60009765625,5038.83984375,4969.39990234375,4987.330078125,3820250000,^GSPC,0.0087312480714667,0.008693351156839,0,,5147.8515625,5118.56578125,4677.076303710937,37.8974535001683,0.117179912152649,-0.046390133026866,,,
2024-04-23,5070.5498046875,5070.5498046875,5076.1201171875,5027.9599609375,5028.85009765625,3751400000,^GSPC,0.0119645762708726,0.011893566567722,0,,5140.469555664063,5119.444580078125,4680.434301757812,45.672799845929084,0.1272817381617611,-0.0349805950408092,,,
2024-04-24,5071.6298828125,5071.6298828125,5089.47998046875,5047.02001953125,5084.85986328125,3656740000,^GSPC,0.0002130100613548,0.0002129873779329,0,,5133.872045898437,5120.440380859375,4683.744802246094,45.804451626829966,0.1273019435192341,-0.0347750361981501,,,
2024-04-25,5048.419921875,5048.419921875,5057.75,4990.580078125,5019.8798828125,3958050000,^GSPC,-0.0045764303535156,-0.0045869342701194,0,,5123.8685302734375,5122.345380859375,4686.790603027343,43.37211362933515,0.1222339708132271,-0.0391923210204639,,,
2024-04-26,5099.9599609375,5099.9599609375,5114.6201171875,5073.14013671875,5084.64990234375,3604140000,^GSPC,0.010209142634743,0.0101573813323253,0,,5116.1490234375,5124.332177734375,4689.929602050781,49.75300495176793,0.1292473428045648,-0.0293832983812055,,,
2024-04-29,5116.169921875,5116.169921875,5123.490234375,5088.64990234375,5114.1298828125,3447450000,^GSPC,0.0031784486665891,0.0031734080766393,0,,5109.769018554687,5126.0609765625,4692.960251464844,51.6002152227198,0.1302764628328647,-0.026298243020176,,,
2024-04-30,5035.68994140625,5035.68994140625,5110.830078125,5035.31005859375,5103.77978515625,4082470000,^GSPC,-0.0157305135868621,-0.0158555511189281,0,,5101.263012695313,5126.66337890625,4695.6116015625,43.12377360728304,0.138840137358058,-0.0416150717378987,,,
2024-05-01,5018.39013671875,5018.39013671875,5096.1201171875,5013.4501953125,5029.02978515625,4544170000,^GSPC,-0.003435438815494,-0.0034413534856316,1,Fed holds rates — acknowledges lack of further inflation progress,5091.6080078125,5127.520986328125,4698.089602050782,41.54395255566111,0.1385805207464879,-0.0449075445206348,,,
2024-05-02,5064.2001953125,5064.2001953125,5073.2099609375,5011.0498046875,5049.31982421875,4381660000,^GSPC,0.009128437077573,0.0090870247250848,0,,5087.45751953125,5129.168994140625,4700.635703125,47.07325856980386,0.1379378576987009,-0.0361890431375267,,,
2024-05-03,5127.7900390625,5127.7900390625,5139.1201171875,5101.22021484375,5122.77978515625,3924990000,^GSPC,0.0125567397214785,0.012478557659508,0,,5083.630029296875,5129.98419921875,4703.446052246094,53.63002396713001,0.1396633108471154,-0.0240867198114954,,,
2024-05-06,5180.740234375,5180.740234375,5181.0,5142.419921875,5142.419921875,3683250000,^GSPC,0.0103261239070118,0.0102731736912478,0,,5082.547534179687,5131.8230078125,4706.675402832031,58.26626719072559,0.1450442253464952,-0.0140093183577707,,,
2024-05-07,5187.7001953125,5187.7001953125,5200.22998046875,5178.9599609375,5187.2001953125,3987890000,^GSPC,0.001343429823275,0.0013425282288256,0,,5081.437036132813,5134.186416015625,4709.932204589843,58.84868808187212,0.1450292703541233,-0.0126847090705813,,,
2024-05-08,5187.669921875,5187.669921875,5191.9501953125,5165.85986328125,5168.97998046875,3842100000,^GSPC,-5.835618166138978e-06,-5.835635193424912e-06,0,,5082.788525390625,5136.3762109375,4713.097353515625,58.84484129852245,0.1408190180447883,-0.0126904706656287,,,
2024-05-09,5214.080078125,5214.080078125,5215.2998046875,5180.41015625,5189.02978515625,3727370000,^GSPC,0.0050909476986258,0.0050780326391067,0,,5083.539526367187,5139.2626171875,4716.330454101562,61.22603679600613,0.1394808551113654,-0.0076641294894325,,,
2024-05-10,5222.68017578125,5222.68017578125,5239.66015625,5209.68017578125,5225.490234375,3617900000,^GSPC,0.0016493988445498,0.0016480400801667,0,,5088.50302734375,5141.7908203125,4719.610104980468,61.997125454660186,0.128073049943195,-0.0060273718512069,,,
2024-05-13,5221.419921875,5221.419921875,5237.259765625,5211.16015625,5233.080078125,4255710000,^GSPC,-0.0002413040553572,-0.0002413331738652,0,,5096.4830322265625,5143.4776171875,4723.030153808594,61.803164555992026,0.1186112504836144,-0.0062672214772934,,,
2024-05-14,5246.68017578125,5246.68017578125,5250.3701171875,5217.97998046875,5221.10009765625,4763580000,^GSPC,0.0048378131397597,0.004826148527454,0,,5106.246533203125,5145.792216796875,4726.352404785156,64.2194799738879,0.1183488057669948,-0.0014597279839463,,,
2024-05-15,5308.14990234375,5308.14990234375,5311.759765625,5263.259765625,5263.259765625,4360810000,^GSPC,0.0117159278825962,0.0116478277872996,1,US CPI falls to 3.4% — markets price in September rate cut,5120.543530273438,5150.382216796875,4729.948354492188,69.30768036201557,0.1195019337438649,0.0,,,
2024-05-16,5297.10009765625,5297.10009765625,5325.490234375,5296.18994140625,5310.06982421875,3817470000,^GSPC,-0.0020816677921287,-0.002083837474088,0,,5134.842529296875,5154.2290234375,4733.550205078125,67.45080522601094,0.1194327066593389,-0.0020816677921286,,,
2024-05-17,5303.27001953125,5303.27001953125,5305.4501953125,5283.58984375,5303.10009765625,3578120000,^GSPC,0.0011647735102702,0.0011640956878937,0,,5151.64453125,5157.1472265625,4737.499604492187,67.96687730252046,0.111609414002308,-0.0009193189533598,,,
2024-05-20,5308.1298828125,5308.1298828125,5325.31982421875,5302.39990234375,5305.35009765625,3420100000,^GSPC,0.0009163899374069,0.0009159703084911,0,,5166.521020507813,5160.836025390625,4741.530803222657,68.39198252354439,0.1100025997417521,-3.7714705911301817e-06,,,
2024-05-21,5321.41015625,5321.41015625,5324.31982421875,5297.8701171875,5298.68994140625,3662240000,^GSPC,0.0025018742439781,0.0024987497668926,0,,5179.064038085938,5164.9054296875,4745.747705078125,69.58000313473057,0.1047256228391476,0.0,,,
2024-05-22,5307.009765625,5307.009765625,5323.18017578125,5286.009765625,5319.27978515625,3847130000,^GSPC,-0.0027061230392261,-0.0027097912093521,0,,5190.833032226563,5167.540224609375,4749.690554199219,66.6544511834096,0.1060460946564046,-0.0027061230392261,,,
2024-05-23,5267.83984375,5267.83984375,5341.8798828125,5256.93017578125,5340.259765625,3869520000,^GSPC,-0.0073807894850155,-0.0074081622834719,0,,5201.804028320313,5169.5908203125,4753.532854003906,59.3452120250825,0.1088994331644275,-0.0100669391997686,,,
2024-05-24,5304.72021484375,5304.72021484375,5311.64990234375,5278.39013671875,5281.4501953125,3005510000,^GSPC,0.0070010425881694,0.0069766490766732,0,,5212.042041015625,5172.675625,4757.717905273437,63.41332679640886,0.1063439450220537,-0.0031363756816692,,,
2024-05-28,5306.0400390625,5306.0400390625,5315.91015625,5280.89013671875,5315.91015625,3751540000,^GSPC,0.000248801852934,0.0002487709068859,0,,5221.535546875,5176.45462890625,4761.903955078125,63.55387920784314,0.1064110437908729,-0.0028883541648162,,,
2024-05-29,5266.9501953125,5266.9501953125,5282.27001953125,5262.7001953125,5278.72998046875,3552750000,^GSPC,-0.0073670465096804,-0.0073943172157425,0,,5233.098559570312,5178.805234375,4765.91845703125,56.61656420653187,0.0908720772475696,-0.010234122035028,,,
2024-05-30,5235.47998046875,5235.47998046875,5260.2099609375,5222.10009765625,5259.77001953125,3818750000,^GSPC,-0.0059750355854433,-0.0059929575357541,0,,5243.953051757812,5179.944638671875,4769.647255859375,51.7216799199189,0.0934058407231658,-0.0161480083771263,,,
2024-05-31,5277.509765625,5277.509765625,5280.330078125,5191.68017578125,5243.2099609375,5437160000,^GSPC,0.0080278762048646,0.0079958242319288,0,,5254.6185302734375,5181.002431640625,4773.845505371094,57.06107691573526,0.0924008473569383,-0.0082497663844684,,,
2024-06-03,5283.39990234375,5283.39990234375,5302.10986328125,5234.31982421875,5297.14990234375,4046920000,^GSPC,0.0011160825806737,0.0011154602235352,0,,5262.3990234375,5181.839833984375,4778.240854492187,57.766021448936925,0.0838172494181714,-0.0071428912243509,,,
2024-06-04,5291.33984375,5291.33984375,5298.7998046875,5257.6298828125,5278.240234375,3707900000,^GSPC,0.0015028090913065,0.0015016810037827,0,,5267.92900390625,5182.98302734375,4782.845754394532,58.74915662765761,0.0771507684493177,-0.0056508165349146,,,
2024-06-05,5354.02978515625,5354.02978515625,5354.16015625,5297.64013671875,5314.47998046875,3591460000,^GSPC,0.0118476497933313,0.0117780158499572,1,ECB cuts rates by 25bp — first cut since 2019 as eurozone inflation eases,5276.2454833984375,5185.69982421875,4787.767353515625,65.56496039133258,0.0860444060265893,0.0,,,
2024-06-06,5352.9599609375,5352.9599609375,5362.35009765625,5335.35986328125,5357.7998046875,3609990000,^GSPC,-0.0001998166356331,-0.0001998366016368,0,,5284.509985351562,5188.687421875,4792.533303222656,65.36647043974057,0.0860945085537387,-0.0001998166356332,,,
2024-06-07,5346.990234375,5346.990234375,5375.080078125,5331.330078125,5343.81005859375,3692760000,^GSPC,-0.0011152197300303,-0.001115842050279,0,,5291.155493164062,5190.657421875,4797.330505371094,64.19853579047253,0.0855511101538486,-0.0013148135262091,,,
2024-06-10,5360.7900390625,5360.7900390625,5365.7900390625,5331.52001953125,5341.22021484375,3622280000,^GSPC,0.0025808546645145,0.0025775299782409,0,,5298.060986328125,5192.786220703125,4801.954406738281,65.72317565347723,0.0856707726703128,0.0,,,
2024-06-11,5375.31982421875,5375.31982421875,5375.9501953125,5327.25,5353.0,3568030000,^GSPC,0.0027103813151374,0.0027067148552095,0,,5305.7559814453125,5195.417216796875,4806.949455566406,67.30208598149179,0.0856040923677336,0.0,,,
2024-06-12,5421.02978515625,5421.02978515625,5447.25,5409.1298828125,5409.1298828125,3962840000,^GSPC,0.0085036727919987,0.0084677202418873,1,Fed holds rates — projects only one cut in 2024 after stubborn inflation,5314.473461914063,5199.721611328125,4812.0260546875,71.71608955971267,0.0884366555818384,0.0,,,
2024-06-13,5433.740234375,5433.740234375,5441.93017578125,5402.509765625,5441.93017578125,3530380000,^GSPC,0.0023446558536817,0.0023419114371167,0,,5320.752978515625,5204.166611328125,4817.028205566407,72.81503503231062,0.0802521001603017,0.0,,,
2024-06-14,5431.60009765625,5431.60009765625,5432.39013671875,5403.75,5424.080078125,3438650000,^GSPC,-0.0003938606975009,-0.0003939382809974,0,,5327.477978515625,5209.8544140625,4821.698056640625,72.30561733193593,0.0795648044384658,-0.0003938606975009,,,
2024-06-17,5473.22998046875,5473.22998046875,5488.5,5420.39990234375,5431.10986328125,3447840000,^GSPC,0.0076643865645527,0.0076351643723205,0,,5335.9759765625,5215.232216796875,4826.489855957031,75.84557469049692,0.0827211984117174,0.0,,,
2024-06-18,5487.02978515625,5487.02978515625,5490.3798828125,5471.31982421875,5476.14990234375,3544330000,^GSPC,0.0025213273947457,0.0025181541815171,0,,5344.920971679688,5220.925009765625,4831.386704101563,76.89966322174698,0.0827468168358167,0.0,,,
2024-06-20,5473.169921875,5473.169921875,5505.52978515625,5455.56005859375,5499.990234375,3847060000,^GSPC,-0.0025259318472709,-0.0025291273954115,0,,5352.508959960937,5226.190205078125,4836.173703613281,73.43352829617419,0.0839841828849822,-0.0025259318472708,,,
2024-06-21,5464.6201171875,5464.6201171875,5478.31005859375,5452.02978515625,5466.77001953125,6773800000,^GSPC,-0.0015621303211011,-0.0015633517188252,0,,5360.389477539063,5232.2698046875,4841.012653808593,71.29859681957693,0.0833351033723516,-0.0040841163336444,,,
2024-06-24,5447.8701171875,5447.8701171875,5490.66015625,5447.58984375,5459.580078125,3696750000,^GSPC,-0.00306517189499,-0.0030698791558664,0,,5369.3909912109375,5237.246005859375,4845.924604492187,67.17800185160488,0.078491807543345,-0.0071367697100326,,,
2024-06-25,5469.2998046875,5469.2998046875,5472.8798828125,5446.56005859375,5460.72998046875,3591960000,^GSPC,0.0039335900157368,0.0039258736791813,0,,5377.619970703125,5244.163798828125,4851.015402832031,69.59878349349441,0.0764827876823485,-0.0032312528203717,,,
2024-06-26,5477.89990234375,5477.89990234375,5483.14013671875,5451.8701171875,5460.7099609375,3563920000,^GSPC,0.0015724312002203,0.0015711962247204,0,,5386.212963867188,5252.485400390625,4856.117451171875,70.5379147824019,0.0763334062437293,-0.0016639025429019,,,
2024-06-27,5482.8701171875,5482.8701171875,5490.81005859375,5467.5400390625,5473.58984375,3589530000,^GSPC,0.0009073212238914,0.000906909856799,0,,5397.008959960937,5261.114599609375,4861.094501953125,71.0936715294425,0.0686721740330807,-0.000758091013102,,,
2024-06-28,5460.47998046875,5460.47998046875,5523.64013671875,5451.1201171875,5488.47998046875,7199220000,^GSPC,-0.0040836525834456,-0.0040920134623695,0,,5408.258959960937,5269.88,4866.08740234375,65.13308272235767,0.0660144427324402,-0.0048386478162235,,,
2024-07-01,5475.08984375,5475.08984375,5479.5498046875,5446.52978515625,5471.080078125,3488760000,^GSPC,0.0026755639309195,0.0026719909814295,0,,5418.137963867188,5279.15939453125,4871.125651855469,67.07300532335915,0.0623134392206806,-0.0021760299968756,,,
2024-07-02,5509.009765625,5509.009765625,5509.68994140625,5458.43017578125,5461.83984375,3329950000,^GSPC,0.0061953178565135,0.006176205771185,0,,5429.41845703125,5289.994990234375,4876.145200195312,71.09415221171153,0.0640991989842647,0.0,,,
2024-07-03,5537.02001953125,5537.02001953125,5539.27001953125,5507.419921875,5507.43994140625,2179470000,^GSPC,0.005084444409779,0.0050715622695336,0,,5441.702465820313,5300.523388671875,4881.578701171875,73.92589698143185,0.0649114753534499,0.0,,,
2024-07-05,5567.18994140625,5567.18994140625,5570.330078125,5531.6298828125,5537.91015625,3253080000,^GSPC,0.0054487651784855,0.0054339743609695,0,,5452.3604736328125,5310.45619140625,4887.147001953125,76.58648063114191,0.0558608643252905,0.0,,,
2024-07-08,5572.85009765625,5572.85009765625,5583.10986328125,5562.509765625,5572.75,3185670000,^GSPC,0.001016698964751,0.0010161824764044,0,,5463.35498046875,5320.480595703125,4892.791501464843,77.05942574586527,0.0554044727428902,0.0,,,
2024-07-09,5576.97998046875,5576.97998046875,5590.75,5574.56982421875,5584.240234375,3232920000,^GSPC,0.0007410719362856,0.0007407974780654,0,,5474.854467773437,5331.051796875,4898.665400390625,77.41785482105745,0.0543967082041332,0.0,,,
2024-07-10,5633.91015625,5633.91015625,5635.39013671875,5586.43994140625,5591.259765625,3336100000,^GSPC,0.0102080652935148,0.0101563148781058,0,,5488.510473632812,5341.73080078125,4905.184951171875,81.66954548887313,0.0614620212501733,0.0,,,
2024-07-11,5584.5400390625,5584.5400390625,5642.4501953125,5576.52978515625,5635.2099609375,4020950000,^GSPC,-0.0087630288411204,-0.0088016499692667,1,US CPI falls to 3.0% — September Fed cut now near certainty,5498.971484375,5351.098203125,4911.507351074219,69.4566984643072,0.0733386296552929,-0.0087630288411204,,,
2024-07-12,5615.35009765625,5615.35009765625,5655.56005859375,5590.43994140625,5590.759765625,3700280000,^GSPC,0.0055170270744306,0.0055018640249651,0,,5508.6875,5362.69140625,4917.896901855469,72.24599968583068,0.0705223934928803,-0.0032943476340602,,,
2024-07-15,5631.22021484375,5631.22021484375,5666.93994140625,5614.75,5638.16015625,3620470000,^GSPC,0.0028262026252154,0.0028222164233526,0,,5518.561499023437,5374.9480078125,4924.6853540039065,73.58418348983702,0.0705954469412376,-0.0004774555027765,,,
2024-07-16,5667.2001953125,5667.2001953125,5669.669921875,5639.02001953125,5644.08984375,4041760000,^GSPC,0.0063893754987431,0.0063690499714532,0,,5530.34150390625,5387.0080078125,4931.648806152344,76.36636911134852,0.0718966942385367,0.0,,,
2024-07-17,5588.27001953125,5588.27001953125,5622.490234375,5584.81005859375,5610.06982421875,4246450000,^GSPC,-0.0139275432419937,-0.0140254415236455,1,Biden drops out of 2024 presidential race — endorses Kamala Harris,5536.093505859375,5396.217607421875,4938.091655273438,61.1507204726601,0.0889590321615888,-0.0139275432419937,,,
2024-07-18,5544.58984375,5544.58984375,5614.0498046875,5522.81005859375,5608.56005859375,4007510000,^GSPC,-0.0078164039369225,-0.00784711214535,0,,5538.971508789063,5403.494599609375,4944.37435546875,54.66011969022402,0.0941330285903151,-0.0216350838750878,,,
2024-07-19,5505.0,5505.0,5557.5,5497.0400390625,5543.3701171875,3760570000,^GSPC,-0.0071402655319269,-0.007165879226406,1,CrowdStrike software update causes global IT outage — banks airports hospitals affected,5540.563012695313,5409.840595703125,4950.4574047851565,49.52884125795044,0.0975047145950909,-0.028620869163341,,,
2024-07-22,5564.41015625,5564.41015625,5570.35986328125,5529.0400390625,5544.5400390625,3375180000,^GSPC,0.0107920356494095,0.0107342172462202,0,,5545.552514648438,5417.375400390625,4957.132204589844,56.1772301706374,0.1039620552492551,-0.0181377109542593,,,
2024-07-23,5555.740234375,5555.740234375,5585.33984375,5550.89990234375,5565.2998046875,3500210000,^GSPC,-0.0015581025897707,-0.0015593176939461,0,,5550.946020507812,5424.208603515625,4963.592155761719,55.03783684715153,0.1033324483120344,-0.0196675531296197,,,
2024-07-24,5427.1298828125,5427.1298828125,5508.0400390625,5419.97998046875,5505.83984375,3945550000,^GSPC,-0.0231490937547349,-0.0234212422228928,0,,5548.837524414063,5428.29759765625,4969.43685546875,41.56904081608888,0.1340296683680626,-0.0423613608530309,,,
2024-07-25,5399.22021484375,5399.22021484375,5491.58984375,5390.9501953125,5428.7001953125,4592120000,^GSPC,-0.0051426202378422,-0.0051558890197172,0,,5544.903540039062,5431.853603515625,4974.890456542968,39.32025950721922,0.134850720631246,-0.0472861326992478,,,
2024-07-26,5459.10009765625,5459.10009765625,5488.31982421875,5430.7001953125,5433.669921875,3638770000,^GSPC,0.0110904687028463,0.0110294204095709,0,,5543.7150390625,5436.102001953125,4980.50765625,46.06215154184543,0.1411153001284547,-0.0367200893711811,,,
2024-07-29,5463.5400390625,5463.5400390625,5487.740234375,5444.43994140625,5476.5498046875,3379970000,^GSPC,0.0008133101292933,0.0008129795718284,0,,5543.868041992188,5439.2098046875,4986.034155273437,46.53647721383832,0.140401275902616,-0.0359366440625219,,,
2024-07-30,5436.43994140625,5436.43994140625,5489.4599609375,5401.7001953125,5478.72998046875,3777740000,^GSPC,-0.0049601718780302,-0.0049725143613676,1,Bank of Japan unexpectedly raises rates — yen strengthens sharply,5541.935546875,5441.9966015625,4991.331604003906,43.99345926850757,0.1411123502420476,-0.0407185640092824,,,
2024-07-31,5522.2998046875,5522.2998046875,5551.509765625,5493.75,5505.58984375,4546910000,^GSPC,0.0157933986591674,0.0156699807019177,0,,5542.600048828125,5446.377197265625,4997.195053710938,52.7948161965792,0.1506417697320271,-0.0255682498643423,,,
2024-08-01,5446.68017578125,5446.68017578125,5566.16015625,5410.419921875,5537.83984375,4703620000,^GSPC,-0.013693502993456,-0.0137881237919901,1,Nikkei crashes 12% in single session — worst day since 1987 Black Monday,5538.083056640625,5449.148203125,5002.789555664062,45.94638270136746,0.1571549837138724,-0.0389116339517436,,,
2024-08-02,5346.56005859375,5346.56005859375,5383.89013671875,5302.02978515625,5376.6298828125,5156450000,^GSPC,-0.0183818608686967,-0.0185529066085532,0,,5527.0515625,5449.651201171875,5007.6542065429685,38.774716291434665,0.1672317532619782,-0.0565782265789658,,,
2024-08-05,5186.330078125,5186.330078125,5250.89013671875,5119.259765625,5151.14013671875,5333250000,^GSPC,-0.0299687983886397,-0.0304270413923931,1,Global markets meltdown: VIX spikes above 65 — carry trade unwind triggers panic,5507.725561523437,5447.237607421875,5011.719855957032,30.554980185050013,0.1946531229693057,-0.0848514435020737,,,
2024-08-06,5240.02978515625,5240.02978515625,5312.33984375,5193.56005859375,5206.419921875,4690190000,^GSPC,0.010354085880061,0.0103008494935995,0,,5490.8780517578125,5446.68140625,5016.347004394531,35.49063557025819,0.2003514107918527,-0.0753759167550803,,,
2024-08-07,5199.5,5199.5,5330.64013671875,5195.5400390625,5293.1298828125,4558260000,^GSPC,-0.0077346478585028,-0.0077647153887694,0,,5469.157543945313,5444.577001953125,5020.954504394531,33.55236699401563,0.1946226138016177,-0.0825275584404708,,,
2024-08-08,5319.31005859375,5319.31005859375,5328.02978515625,5233.85009765625,5252.56982421875,4016830000,^GSPC,0.0230426115191364,0.0227811395908988,0,,5455.896044921875,5444.84240234375,5026.43025390625,43.39398342263499,0.2154843842822042,-0.0613865973901009,,,
2024-08-09,5344.16015625,5344.16015625,5358.669921875,5300.83984375,5314.66015625,3516400000,^GSPC,0.0046716768495385,0.0046607984343816,0,,5442.3365478515625,5446.3866015625,5032.065854492187,45.20671605154457,0.215093944469933,-0.0570016988864616,,,
2024-08-12,5344.39013671875,5344.39013671875,5371.2001953125,5324.3701171875,5351.8798828125,3360160000,^GSPC,4.303397765514916e-05,4.30330517200971e-05,0,,5427.995043945312,5448.5648046875,5037.549404296875,45.22419870848867,0.2144113070597571,-0.0569611179186426,,,
2024-08-13,5434.43017578125,5434.43017578125,5436.5,5376.97998046875,5376.97998046875,3648980000,^GSPC,0.0168475797535583,0.0167072334190499,0,,5416.35654296875,5451.703212890625,5043.787705078125,51.71926228290061,0.2231194999030867,-0.0410731951420704,,,
2024-08-14,5455.2099609375,5455.2099609375,5463.22021484375,5415.91015625,5442.35986328125,3380050000,^GSPC,0.0038237284285767,0.0038164365611984,0,,5409.703540039062,5455.1394140625,5050.377604980469,53.101379252538,0.2194261387834787,-0.0374065194574109,,,
2024-08-15,5543.22021484375,5543.22021484375,5546.22998046875,5501.1298828125,5501.1298828125,3723310000,^GSPC,0.0161332477643307,0.0160044899313041,0,,5409.63505859375,5460.177021484375,5057.50685546875,58.51776904835631,0.226082910000929,-0.0218767603394877,,,
2024-08-16,5554.25,5554.25,5561.97998046875,5525.169921875,5530.5,3357690000,^GSPC,0.0019897793572614,0.0019878023683961,0,,5412.09755859375,5464.18142578125,5064.444006347656,59.154437289702265,0.2245712855395363,-0.0199305109083537,,,
2024-08-19,5608.25,5608.25,5608.2998046875,5550.740234375,5557.22998046875,3222050000,^GSPC,0.0097222847369131,0.0096753274361777,0,,5414.28955078125,5469.2872265625,5071.516257324219,62.2122670893549,0.2239584586547877,-0.0104019962734436,,,
2024-08-20,5597.1201171875,5597.1201171875,5620.509765625,5585.5,5602.8798828125,2994420000,^GSPC,-0.0019845553982971,-0.0019865272376097,0,,5416.358544921875,5474.28982421875,5078.31255859375,61.19538957470394,0.22401296412907,-0.0123659083338833,,,
2024-08-21,5620.85009765625,5620.85009765625,5632.68017578125,5591.56982421875,5603.08984375,3119670000,^GSPC,0.004239676828782,0.0042307147210067,0,,5426.044555664063,5479.491025390625,5084.82791015625,62.59906453812014,0.2058261839414664,-0.0081786589601312,,,
2024-08-22,5570.64013671875,5570.64013671875,5643.22021484375,5560.9501953125,5637.77001953125,2981530000,^GSPC,-0.0089328055481209,-0.0089729422566572,0,,5434.615551757813,5483.397431640625,5090.889411621094,57.83222722516762,0.2079605809153302,-0.0170384061381169,,,
2024-08-23,5634.60986328125,5634.60986328125,5641.81982421875,5585.16015625,5602.490234375,3291940000,^GSPC,0.0114833708501191,0.0114179374016644,1,Jackson Hole: Powell says time has come to cut rates — September cut confirmed,5443.391040039062,5487.669033203125,5097.232561035156,61.82114164496107,0.2081995861983001,-0.0057506936243767,,,
2024-08-26,5616.83984375,5616.83984375,5651.6201171875,5602.33984375,5639.66015625,2938570000,^GSPC,-0.0031537266931381,-0.0031587101696058,0,,5451.0560302734375,5491.331025390625,5103.424860839844,60.11980706876727,0.2088704491779631,-0.0088862842015276,,,
2024-08-27,5625.7998046875,5625.7998046875,5631.18017578125,5593.47998046875,5602.89013671875,2798990000,^GSPC,0.001595196086545,0.0015939251127232,0,,5460.5240234375,5495.21501953125,5109.6399609375,60.706986640410925,0.2075163144285719,-0.0073052634807648,,,
2024-08-28,5592.18017578125,5592.18017578125,5627.02978515625,5560.9501953125,5624.509765625,3053450000,^GSPC,-0.0059759732079761,-0.0059939007947352,0,,5464.018041992187,5497.5940234375,5115.864111328125,57.29800493852087,0.2023742283603606,-0.0132375806299027,,,
2024-08-29,5591.9599609375,5591.9599609375,5646.9501953125,5583.7099609375,5607.2998046875,3065640000,^GSPC,-3.937906806072977e-05,-3.937984343658622e-05,0,,5471.28203125,5499.692626953125,5121.747709960938,57.27531716623975,0.1951389228587867,-0.0132764384143749,,,
2024-08-30,5648.39990234375,5648.39990234375,5651.3701171875,5581.7900390625,5612.740234375,4185850000,^GSPC,0.0100930517744244,0.0100424570791441,0,,5486.3740234375,5503.1972265625,5127.931960449218,61.48462888859007,0.182512640978262,-0.0033173864202468,,,
2024-09-03,5528.93017578125,5528.93017578125,5623.89013671875,5504.330078125,5623.89013671875,3866350000,^GSPC,-0.0211510743977116,-0.0213779633723976,0,,5503.5040283203125,5504.483427734375,5133.098110351562,50.20838432394768,0.1624186703037757,-0.0243982945309779,,,
2024-09-04,5520.06982421875,5520.06982421875,5552.990234375,5503.66015625,5506.68017578125,3478140000,^GSPC,-0.0016025435809103,-0.0016038290273809,0,,5517.506030273437,5505.927421875,5138.184060058594,49.48355362480173,0.1610051264511783,-0.0259617387816025,,,
2024-09-05,5503.41015625,5503.41015625,5546.2998046875,5480.5400390625,5520.080078125,3521650000,^GSPC,-0.0030180176155847,-0.0030225810146741,0,,5532.7015380859375,5506.60962890625,5143.159909667968,48.07812773242559,0.157803065959861,-0.0289014034122132,,,
2024-09-06,5408.419921875,5408.419921875,5522.47021484375,5402.6201171875,5507.330078125,3822800000,^GSPC,-0.0172602498592846,-0.0174109445074244,0,,5537.15703125,5505.220029296875,5147.631909179688,40.9384897965821,0.1549063588921698,-0.0456628078273191,,,
2024-09-09,5471.0498046875,5471.0498046875,5484.2001953125,5434.490234375,5442.06982421875,3825940000,^GSPC,0.0115800702824842,0.0115135344358182,0,,5543.501513671875,5504.983623046875,5152.250258789062,46.572068021997765,0.1590091462311068,-0.0346115160687708,,,
2024-09-10,5495.52001953125,5495.52001953125,5497.91015625,5441.72021484375,5490.509765625,3848180000,^GSPC,0.0044726726528396,0.0044626999777935,0,,5551.0580078125,5505.684423828125,5157.036909179687,48.63364427570167,0.1593659932794249,-0.0302936493973252,,,
2024-09-11,5554.1298828125,5554.1298828125,5560.41015625,5406.9599609375,5496.419921875,3839450000,^GSPC,0.0106650258888965,0.0106085556498433,1,Harris vs Trump presidential debate — Harris seen as outperforming,5557.042993164063,5507.265224609375,5162.024458007812,53.283300076077104,0.1529343129366284,-0.0199517060635203,,,
2024-09-12,5595.759765625,5595.759765625,5600.7099609375,5535.5,5557.47998046875,3655070000,^GSPC,0.0074953023589392,0.0074673521568026,0,,5564.070483398437,5509.000224609375,5167.206557617187,56.308526626884266,0.1543403930589929,-0.0126059477741037,,,
2024-09-13,5626.02001953125,5626.02001953125,5636.27001953125,5601.64990234375,5603.33984375,3500790000,^GSPC,0.0054077114053645,0.005393142234356,0,,5568.210473632813,5510.780224609375,5172.584506835938,58.416471030582514,0.1452335952144698,-0.0072664056962927,,,
2024-09-16,5633.08984375,5633.08984375,5636.0498046875,5604.52978515625,5615.2099609375,3437070000,^GSPC,0.0012566297656613,0.0012558408673102,0,,5572.1524658203125,5512.09822265625,5177.975505371094,58.915199744719,0.1451735034722708,-0.0060189071123186,,,
2024-09-17,5634.580078125,5634.580078125,5670.81005859375,5614.0498046875,5655.509765625,3443600000,^GSPC,0.0002645500810987,0.0002645150938964,0,,5573.468969726562,5513.332822265625,5183.395505371093,59.02675090170847,0.1412511183473073,-0.0057559493335846,,,
2024-09-18,5618.259765625,5618.259765625,5689.75,5615.080078125,5641.68017578125,3691390000,^GSPC,-0.002896455862498,-0.0029006587083132,1,Fed cuts rates by 50bp — larger than expected first cut since 2020,5574.525952148438,5514.15841796875,5188.647805175781,57.195232421599336,0.1414788207479742,-0.0086357333428912,,,
2024-09-19,5713.64013671875,5713.64013671875,5733.56982421875,5686.419921875,5702.6298828125,4024530000,^GSPC,0.0169768531667633,0.0168343568927251,0,,5579.165454101562,5515.753017578125,5194.242856445312,64.1887696311134,0.152869943475646,0.0,,,
2024-09-20,5702.5498046875,5702.5498046875,5715.14013671875,5674.490234375,5709.64013671875,7867260000,^GSPC,-0.0019410273951238,-0.0019429136300157,0,,5585.7609375,5518.113212890625,5199.906706542969,62.90188785483886,0.1488824391036857,-0.0019410273951238,,,
2024-09-23,5718.56982421875,5718.56982421875,5725.35986328125,5704.22021484375,5711.89990234375,3529550000,^GSPC,0.0028092730585327,0.0028053344257131,0,,5589.958935546875,5520.177607421875,5205.663654785156,64.02389824470123,0.1440812237670408,0.0,,,
2024-09-24,5732.93017578125,5732.93017578125,5735.31982421875,5698.990234375,5727.66015625,3872710000,^GSPC,0.002511178844347,0.0025080311033453,0,,5595.763452148438,5522.211806640625,5211.581606445313,65.04447942906549,0.1434504554978262,0.0,,,
2024-09-25,5722.259765625,5722.259765625,5741.02978515625,5712.06005859375,5733.64990234375,3624910000,^GSPC,-0.0018612489301417,-0.0018629832062121,0,,5600.586450195313,5523.312998046875,5217.264956054688,63.60071552200267,0.1437923554466307,-0.0018612489301417,,,
2024-09-26,5745.3701171875,5745.3701171875,5767.3701171875,5721.009765625,5762.22021484375,4391180000,^GSPC,0.0040386757171231,0.0040305421581992,1,China announces massive stimulus package including rate cuts and property support,5608.245947265625,5526.455,5222.969956054688,65.39242279603785,0.1418538952194467,0.0,,,
2024-09-27,5738.169921875,5738.169921875,5763.77978515625,5727.33984375,5755.35986328125,3898530000,^GSPC,-0.0012532169669905,-0.0012540029000721,0,,5615.5564453125,5530.3266015625,5228.548605957031,64.32996922057552,0.1420771692526092,-0.0012532169669905,,,
2024-09-30,5762.47998046875,5762.47998046875,5765.14013671875,5703.52978515625,5726.52001953125,4425730000,^GSPC,0.0042365525811767,0.0042276036584415,0,,5621.26044921875,5535.476201171875,5234.142504882812,66.3196592449012,0.1387876203711907,0.0,,,
2024-10-01,5708.75,5708.75,5757.72998046875,5681.27978515625,5757.72998046875,4025180000,^GSPC,-0.0093241070946643,-0.0093678486944544,0,,5630.251440429687,5538.362998046875,5239.150805664062,58.5464893927241,0.1181112607240895,-0.0093241070946643,,,
2024-10-02,5709.5400390625,5709.5400390625,5719.6298828125,5674.0,5698.14013671875,3829050000,^GSPC,0.0001383909021239,0.0001383813269864,0,,5639.724951171875,5541.438994140625,5244.100756835937,58.62328359967594,0.1176453920244564,-0.0091870065641327,,,
2024-10-03,5699.93994140625,5699.93994140625,5718.77978515625,5677.3701171875,5698.18994140625,3597450000,^GSPC,-0.001681413492255,-0.0016828286544586,0,,5649.551440429687,5546.8951953125,5249.004506835938,57.23574131978367,0.1170284921033931,-0.0108529728995974,,,
2024-10-04,5751.06982421875,5751.06982421875,5753.2099609375,5702.830078125,5737.47998046875,3479400000,^GSPC,0.0089702493952743,0.0089302556991863,0,,5666.683935546875,5553.9321875,5254.057055664062,62.34732785607451,0.0951146804968637,-0.0019800773779125,,,
2024-10-07,5695.93994140625,5695.93994140625,5739.33984375,5686.85009765625,5737.7998046875,3637790000,^GSPC,-0.0095860221658826,-0.0096322638293887,1,World marks one year since Hamas attack — Middle East tensions remain elevated,5677.928442382812,5558.668984375,5258.694904785156,54.74854081187583,0.0997270733826399,-0.0115471184781603,,,
2024-10-08,5751.1298828125,5751.1298828125,5757.60009765625,5714.56005859375,5719.14013671875,3393400000,^GSPC,0.0096893474955819,0.0096427068046943,0,,5690.708935546875,5564.42078125,5263.958803710938,60.0038916284185,0.1030535016612014,-0.0019696550260859,,,
2024-10-09,5792.0400390625,5792.0400390625,5796.7998046875,5745.02001953125,5751.7998046875,3650340000,^GSPC,0.0071134119874882,0.0070882310169945,0,,5702.604443359375,5571.532783203125,5269.18525390625,63.39731436000736,0.0999890096742855,0.0,,,
2024-10-10,5780.0498046875,5780.0498046875,5795.02978515625,5764.759765625,5778.35986328125,3208790000,^GSPC,-0.0020701228399899,-0.0020722685059824,0,,5711.8189453125,5576.687783203125,5274.312353515625,61.74384883665704,0.0989217844540713,-0.00207012283999,,,
2024-10-11,5815.02978515625,5815.02978515625,5822.1298828125,5775.08984375,5775.08984375,3208720000,^GSPC,0.0060518475879536,0.0060336087072987,0,,5721.26943359375,5584.054775390625,5279.513752441406,64.64118297415075,0.0992712846608685,0.0,,,
2024-10-14,5859.85009765625,5859.85009765625,5871.41015625,5829.56982421875,5829.81005859375,3005250000,^GSPC,0.0077076668832223,0.0076781145745943,0,,5732.607446289063,5594.320576171875,5284.905102539063,67.98673145257953,0.101523209827874,0.0,,,
2024-10-15,5815.259765625,5815.259765625,5870.35986328125,5804.47998046875,5866.740234375,3882120000,^GSPC,-0.0076094663324381,-0.0076385660375134,0,,5741.641430664063,5606.899169921875,5290.064650878906,61.72909903703692,0.1070148109602734,-0.0076094663324382,,,
2024-10-16,5842.47021484375,5842.47021484375,5846.52001953125,5808.33984375,5816.580078125,3467230000,^GSPC,0.0046791459565738,0.0046682327827797,0,,5752.851953125,5618.947978515625,5295.4278515625,63.91197325120727,0.1061827188967189,-0.0029659261794856,,,
2024-10-17,5841.47021484375,5841.47021484375,5878.4599609375,5840.25,5875.6201171875,3480010000,^GSPC,-0.0001711604789117,-0.0001711751285381,0,,5759.24345703125,5631.7873828125,5300.9210522460935,63.7680231581833,0.09059395852548,-0.003136579009052,,,
2024-10-18,5864.669921875,5864.669921875,5872.169921875,5846.10986328125,5859.43017578125,3374490000,^GSPC,0.0039715527389487,0.0039636869427743,1,ECB cuts rates by 25bp for third time — growth outlook deteriorates,5767.349462890625,5642.694580078125,5306.7203515625,65.69827034098338,0.0903830729555442,0.0,,,
2024-10-21,5853.97998046875,5853.97998046875,5866.919921875,5824.7900390625,5857.81982421875,3407010000,^GSPC,-0.0018227694906369,-0.001824432756419,0,,5774.119970703125,5652.8909765625,5312.546850585937,64.0061922724338,0.0909218838233054,-0.0018227694906369,,,
2024-10-22,5851.2001953125,5851.2001953125,5863.0400390625,5821.169921875,5832.7001953125,3342080000,^GSPC,-0.0004748538883844,-0.0004749666671957,0,,5780.033471679688,5663.027177734375,5318.316650390625,63.54785209682973,0.090956272758501,-0.0022967578298411,,,
2024-10-23,5797.419921875,5797.419921875,5834.85009765625,5762.41015625,5834.5,3532650000,^GSPC,-0.0091913234280693,-0.0092338242676795,0,,5783.791479492187,5670.28697265625,5323.486049804687,55.29757592520174,0.0975780354311421,-0.0114669710138604,,,
2024-10-24,5809.85986328125,5809.85986328125,5817.7998046875,5784.919921875,5817.7998046875,3543030000,^GSPC,0.0021457720113238,0.0021434731305568,0,,5787.015966796875,5677.379970703125,5328.752849121094,56.69798753720051,0.0969393899030913,-0.0093458045079929,,,
2024-10-25,5808.1201171875,5808.1201171875,5862.81982421875,5799.97998046875,5826.75,3501280000,^GSPC,-0.0002994471699301,-0.0002994920131862,0,,5790.5134765625,5682.67796875,5333.876198730469,56.43173103645013,0.0967617852727308,-0.0096424531032123,,,
2024-10-28,5823.52001953125,5823.52001953125,5842.919921875,5823.080078125,5833.93017578125,3691280000,^GSPC,0.0026514435020339,0.0026479346267329,0,,5793.565478515625,5688.063369140625,5339.09259765625,58.29854303957621,0.096138036987645,-0.0070165760208025,,,
2024-10-29,5832.919921875,5832.919921875,5847.18994140625,5802.169921875,5819.68017578125,3879100000,^GSPC,0.0016141272481633,0.0016128259449012,0,,5799.773974609375,5692.556767578125,5344.338046875,59.44091743532712,0.0887675271090701,-0.0054137744191831,,,
2024-10-30,5813.669921875,5813.669921875,5850.93994140625,5811.27978515625,5832.64990234375,3851120000,^GSPC,-0.0033002338893437,-0.0033056916724881,0,,5804.98046875,5696.887763671875,5349.576496582031,56.05435808519634,0.0900820692948653,-0.0086961415867194,,,
2024-10-31,5705.4501953125,5705.4501953125,5775.33984375,5702.85986328125,5775.33984375,4425660000,^GSPC,-0.0186147008716995,-0.0187901349287453,0,,5805.2559814453125,5698.579765625,5354.407697753906,41.67820778718465,0.1139124006512776,-0.0271489663840442,,,
2024-11-01,5728.7998046875,5728.7998046875,5772.52001953125,5723.22021484375,5723.22021484375,3796450000,^GSPC,0.0040925095436261,0.0040841580045254,0,,5804.14248046875,5701.742958984375,5359.146997070313,44.95827774191186,0.1101370774994494,-0.0231675642444444,,,
2024-11-04,5712.68994140625,5712.68994140625,5741.43017578125,5696.509765625,5725.14990234375,3602060000,^GSPC,-0.0028120834782999,-0.0028160448131902,0,,5804.97998046875,5703.304560546875,5363.511396484375,43.15492960309945,0.1049240501626476,-0.0259144985981001,,,
2024-11-05,5782.759765625,5782.759765625,5783.43994140625,5722.10009765625,5722.43017578125,3768310000,^GSPC,0.0122656445452913,0.012191031029563,1,Donald Trump wins US presidential election — Republicans gain Senate majority,5806.561474609375,5706.622958984375,5368.1730444335935,52.14601069810992,0.1083179574073672,-0.0139667120811826,,,
2024-11-06,5929.0400390625,5929.0400390625,5936.14013671875,5864.89013671875,5864.89013671875,6329530000,^GSPC,0.0252959277864259,0.0249812809571866,1,S&P 500 surges 2.5% and Bitcoin jumps 10% on Trump election victory,5813.411474609375,5712.687763671875,5373.495244140625,64.69896534025614,0.137844056853791,0.0,,,
2024-11-07,5973.10009765625,5973.10009765625,5983.83984375,5947.2099609375,5947.2099609375,4925740000,^GSPC,0.0074312297274883,0.0074037541739956,1,Fed cuts rates by 25bp — Powell says election outcome will not affect policy,5823.063989257813,5720.306162109375,5379.017995605469,67.4671432731322,0.1389880974880402,0.0,,,
2024-11-08,5995.5400390625,5995.5400390625,6012.4501953125,5976.759765625,5976.759765625,4666740000,^GSPC,0.0037568333092317,0.003749794035718,0,,5832.089501953125,5728.377763671875,5384.524895019531,68.80867729542504,0.1382656981414637,0.0,,,
2024-11-11,6001.35009765625,6001.35009765625,6017.31005859375,5986.68994140625,6008.85986328125,4333000000,^GSPC,0.0009690634297987,0.0009685941909569,0,,5839.164501953125,5735.436767578125,5390.076794433594,69.1632389158908,0.1363456053630561,0.0,,,
2024-11-12,5983.990234375,5983.990234375,6009.919921875,5960.080078125,6003.60009765625,4243400000,^GSPC,-0.0028926596513724,-0.0028968514769364,0,,5847.601025390625,5744.53796875,5395.3570947265625,66.72272017584385,0.1332763356645226,-0.0028926596513723,,,
2024-11-13,5985.3798828125,5985.3798828125,6008.18994140625,5965.91015625,5985.75,4220180000,^GSPC,0.0002322277248243,0.0002322007641401,0,,5854.746508789062,5753.844169921875,5400.659143066407,66.8236405559757,0.1327761044431848,-0.0026611036823175,,,
2024-11-14,5949.169921875,5949.169921875,5993.8798828125,5942.27978515625,5989.68017578125,4184570000,^GSPC,-0.006049734794859,-0.006068108582244,0,,5860.131494140625,5762.759365234375,5406.176743164063,61.58282959020365,0.1352162266164059,-0.0086947395056369,,,
2024-11-15,5870.6201171875,5870.6201171875,5915.31982421875,5853.009765625,5912.7900390625,4590960000,^GSPC,-0.0132034898513612,-0.0132914308667937,0,,5860.42900390625,5772.003369140625,5410.9988940429685,52.046864166803815,0.1436621260243136,-0.0217834284521752,,,
2024-11-18,5893.6201171875,5893.6201171875,5908.1201171875,5865.9501953125,5874.169921875,3983860000,^GSPC,0.003917814394541,0.0039101597462065,0,,5862.411010742188,5780.454775390625,5415.6739453125,54.27933099375386,0.1441108016727598,-0.0179509574871865,,,
2024-11-19,5916.97998046875,5916.97998046875,5923.509765625,5855.2900390625,5870.0498046875,4036940000,^GSPC,0.00396358482847,0.0039557505205964,0,,5865.7,5788.883974609375,5420.544794921875,56.49465747037567,0.1446367696627837,-0.0140585228014692,,,
2024-11-20,5917.10986328125,5917.10986328125,5920.669921875,5860.56005859375,5914.33984375,3772620000,^GSPC,2.195086225209586e-05,2.19506213354446e-05,0,,5871.684497070312,5796.14357421875,5425.359194335938,56.50727597356051,0.1399817375870217,-0.0140368805359145,,,
2024-11-21,5948.7099609375,5948.7099609375,5963.31982421875,5887.259765625,5940.580078125,4230120000,^GSPC,0.0053404615405816,0.0053262518442884,0,,5878.627001953125,5803.202578125,5430.127443847657,59.57907580519979,0.1407736814269795,-0.0087713824159846,,,
2024-11-22,5969.33984375,5969.33984375,5972.89990234375,5944.35986328125,5944.35986328125,4141420000,^GSPC,0.0034679590949915,0.0034619595915364,0,,5886.68798828125,5810.068974609375,5434.984592285156,61.49125541651944,0.1408821894547402,-0.0053338421164183,,,
2024-11-25,5987.3701171875,5987.3701171875,6020.75,5963.91015625,5992.27978515625,5633150000,^GSPC,0.0030204803059383,0.0030159278201245,1,Trump threatens 25% tariffs on Mexico and Canada — trade war fears resurface,5894.880493164063,5817.154580078125,5439.788393554688,63.132800550168206,0.1409325448953164,-0.0023294725755475,,,
2024-11-26,6021.6298828125,6021.6298828125,6025.419921875,5992.27001953125,6000.02978515625,3835170000,^GSPC,0.0057220056476303,0.0057056971552638,0,,5904.315991210938,5824.895576171875,5444.78734375,66.0906727086502,0.1417657571838484,0.0,,,
2024-11-27,5998.740234375,5998.740234375,6020.16015625,5984.8701171875,6014.10986328125,3363340000,^GSPC,-0.00380123801744,-0.0038084810835777,0,,5913.569506835937,5832.505185546875,5450.0151953125,62.48367996556966,0.1420071708466681,-0.00380123801744,,,
2024-11-29,6032.3798828125,6032.3798828125,6044.169921875,6003.97998046875,6003.97998046875,2444420000,^GSPC,0.0056077854888152,0.0055921203968016,0,,5929.915991210937,5838.87998046875,5455.173994140625,65.46659894811928,0.1203758079009194,0.0,,,
2024-12-02,6047.14990234375,6047.14990234375,6053.580078125,6035.330078125,6040.10986328125,4412470000,^GSPC,0.0024484564662998,0.0024454638805813,0,,5945.83349609375,5845.771982421875,5460.26109375,66.71785679881174,0.1202819209780065,0.0,,,
2024-12-03,6049.8798828125,6049.8798828125,6052.06982421875,6033.39013671875,6042.97021484375,4095000000,^GSPC,0.0004514491145146,0.0004513472420221,0,,5962.692993164063,5852.39818359375,5465.482644042969,66.95617702566891,0.1188436754284828,0.0,,,
2024-12-04,6086.490234375,6086.490234375,6089.83984375,6061.06005859375,6069.39013671875,4003390000,^GSPC,0.0060514179242647,0.0060331816281361,0,,5977.8795166015625,5859.469384765625,5471.037546386719,70.05310084029048,0.1143618567574356,0.0,,,
2024-12-05,6075.10986328125,6075.10986328125,6094.5498046875,6072.89990234375,6089.02978515625,4212020000,^GSPC,-0.0018697756269248,-0.0018715258393823,0,,5985.1830078125,5866.52638671875,5476.504096679688,67.92207656122153,0.0786956619267129,-0.0018697756269247,,,
2024-12-06,6090.27001953125,6090.27001953125,6099.97021484375,6079.97998046875,6081.3798828125,3924830000,^GSPC,0.0024954538421815,0.0024923453675383,0,,5991.04150390625,5873.424384765625,5481.520297851563,69.26344522753756,0.075438112857654,0.0,,,
2024-12-09,6052.85009765625,6052.85009765625,6088.509765625,6048.6298828125,6083.009765625,4556460000,^GSPC,-0.0061442139272964,-0.0061631672852274,0,,5993.907006835938,5879.71798828125,5486.340549316406,62.33468457479448,0.078730286854915,-0.0061442139272964,,,
2024-12-10,6034.91015625,6034.91015625,6065.39990234375,6029.89013671875,6057.58984375,4048410000,^GSPC,-0.0029638833139443,-0.0029682843142792,0,,5995.585009765625,5885.166591796875,5491.167451171875,59.273330069898776,0.0796383641268806,-0.0090898865081044,,,
2024-12-11,6084.18994140625,6084.18994140625,6092.58984375,6060.14990234375,6060.14990234375,4269950000,^GSPC,0.0081657860482335,0.0081326264113682,1,Fed cuts rates by 25bp for third time — signals more cautious pace in 2025,6000.594995117188,5892.675390625,5496.1975,64.43966097363378,0.083342300186131,-0.0009983265282986,,,
2024-12-12,6051.25,6051.25,6079.68017578125,6051.25,6074.2900390625,3678010000,^GSPC,-0.0054140225278102,-0.0054287314614632,0,,6003.888500976563,5899.50958984375,5501.104951171875,59.04771974973362,0.0862527286744036,-0.0064069440937945,,,
2024-12-13,6051.08984375,6051.08984375,6078.580078125,6035.77001953125,6068.169921875,3584960000,^GSPC,-2.646663912420077e-05,-2.646698937187397e-05,0,,6008.9844970703125,5906.532587890625,5505.879050292969,59.02186081960492,0.0826998003700601,-0.0064332411626415,,,
2024-12-16,6074.080078125,6074.080078125,6085.18994140625,6059.14013671875,6063.7900390625,4391100000,^GSPC,0.0037993543260221,0.0037921550087844,0,,6019.157495117188,5912.99279296875,5510.564050292969,61.62019146834159,0.0640972613247051,-0.002658328999261,,,
2024-12-17,6050.60986328125,6050.60986328125,6057.68017578125,6035.18994140625,6052.5498046875,4544500000,^GSPC,-0.0038639949658014,-0.0038714794806554,0,,6027.006982421875,5920.08619140625,5515.162348632813,57.60452933641413,0.0664525867078358,-0.0065120521951919,,,
2024-12-18,5872.16015625,5872.16015625,6070.669921875,5867.7900390625,6047.64990234375,5246960000,^GSPC,-0.0294928463516034,-0.0299365053045181,1,Fed signals only two cuts in 2025 — hawkish surprise sends markets lower,6024.7659912109375,5922.506796875,5519.129899902344,37.56158593185484,0.1285096694914693,-0.0358128395919689,,,
2024-12-19,5867.080078125,5867.080078125,5935.52001953125,5866.06982421875,5912.7099609375,4896880000,^GSPC,-0.000865112324907,-0.0008654867505367,1,S&P 500 drops 3% after hawkish Fed outlook — worst day since August,6022.264501953125,5924.00759765625,5522.941501464844,37.16514369380965,0.1285114464557886,-0.036646969787955,,,
2024-12-20,5930.85009765625,5930.85009765625,5982.06005859375,5832.2998046875,5842.0,8223220000,^GSPC,0.0108691237689104,0.0108104794023972,1,Bitcoin hits 100000 dollars for the first time — crypto markets euphoric,6021.371508789062,5927.023603515625,5526.808952636719,45.01103656062339,0.1331569186989786,-0.0261761664694252,,,
2024-12-23,5974.06982421875,5974.06982421875,5978.25,5902.56982421875,5940.25,3593280000,^GSPC,0.0072872734685336,0.0072608495856163,0,,6021.6080078125,5930.204404296875,5531.060852050781,49.60395129213439,0.1351910362401454,-0.0190796458843123,,,
2024-12-24,6040.0400390625,6040.0400390625,6040.10009765625,5981.43994140625,5984.6298828125,1757720000,^GSPC,0.0110427592553921,0.0109822331651268,0,,6024.24150390625,5933.808203125,5535.671352539062,55.68790252143334,0.14037515776516,-0.0082475785650988,,,
2024-12-26,6037.58984375,6037.58984375,6049.75,6007.3701171875,6024.97021484375,2904530000,^GSPC,-0.0004056587864739,-0.0004057410882578,0,,6025.039501953125,5938.2548046875,5539.982951660157,55.42029668998455,0.1390029154439049,-0.0086498916488606,,,
2024-12-27,5970.83984375,5970.83984375,6006.169921875,5932.9501953125,6006.169921875,3159610000,^GSPC,-0.0110557361012355,-0.0111173049649122,0,,6023.644482421875,5940.822197265625,5544.010600585938,48.57236788020005,0.1440795658937445,-0.0196099968307221,,,
2024-12-30,5906.93994140625,5906.93994140625,5940.7900390625,5869.16015625,5920.669921875,3433250000,^GSPC,-0.0107019957017667,-0.0107596739417297,0,,6017.372485351562,5942.131591796875,5547.792900390625,43.084035855041,0.1469735367277947,-0.0301021264306948,,,
