date,headline,publisher
2018-01-01,"American Girl Debuts New Doll, an Aspiring Astronaut Named Luciana",fortune.com
2018-01-01,UK's Compass says new CEO to start Jan 1 after death of Cousins - Reuters,reuters.com
2018-01-01,Five British among dead in Sydney New Year's Eve seaplane crash,reuters.com
2018-01-01,Donald Trump Calls for Change in ‘Failing’ Iran as Economic Protests Turn Fatal,fortune.com
2018-01-01,Jordan royal palace denies rumors about dismissal of princes,reuters.com
2018-01-01,Caterpillar's $2 billion tax fight with the IRS could change how US companies do business,cnbc.com
2018-01-01,Bitcoin Is Already Having a Bad Year,fortune.com
2018-01-02,Asian factories end robust 2017 on mixed note; central banks seen hiking slowly,reuters.com
2018-01-02,"GRAINS-U.S. wheat rallies as temperatures fall; corn, soy firm",cnbc.com
2018-01-02,Weight Watchers rallies after DJ Khaled signing as it looks to repeat Oprah success,cnbc.com
2018-01-02,There's a risk of 'collision of intent' on North Korea,cnbc.com
2018-01-02,FDA issues recall on Johnson & Johnson heart device,cnbc.com
2018-01-02,The 10 biggest charitable gifts of 2017,cnbc.com
2018-01-02,This investor is still bullish on tech stocks in China,cnbc.com
2018-01-02,Orrin Hatch Retiring...,cnbc.com
2018-01-02,Chinese pressure on North Korea only goes so far,cnbc.com
2018-01-02,10 moves to boost your wealth in 2018,cnbc.com
2018-01-02,US energy infrastructure firms show good value,cnbc.com
2018-01-02,"Time’s Up, Hoda Kotb leads Today, Gretchen Carlson: Broadsheet for January 2nd",fortune.com
2018-01-02,"How to buy ripple, one of the hottest bitcoin competitors",cnbc.com
2018-01-02,What are the nuances of China's planned tax on asset management products?,cnbc.com
2018-01-02,200 years of US interest rates in one chart,cnbc.com
2018-01-02,China 's large manufacturers are gaining size through overseas deals,cnbc.com
2018-01-02,Tony Robbins: This is the difference between people who stick to resolutions and those who don't,cnbc.com
2018-01-02,"One big biotech stock looks poised for a breakout in 2018, technician says",cnbc.com
2018-01-02,China's central bank will look to keep credit growth in check in 2018,cnbc.com
2018-01-02,MoneyGram plunges after US denies a proposed merger with a bank controlled by Alibaba,cnbc.com
2018-01-02,"After-hours buzz: MGI, TTPH & more",cnbc.com
2018-01-02,Will central banks undershoot on inflation in 2018?,cnbc.com
2018-01-02,Asian shares kick off the first trading day of the year,cnbc.com
2018-01-02,Your first bitcoin trade for the new year,cnbc.com
2018-01-02,China's WeChat denies storing user chats,reuters.com
2018-01-02,EMERGING MARKETS-LatAm markets kick off 2018 with a rally,cnbc.com
2018-01-02,Data Sheet—An Apple Conspiracy Theory Blooms,fortune.com
2018-01-02,"US looks good in 2018, but stocks abroad look even better, says Invesco",cnbc.com
2018-01-02,Copper prices set to continue gains in 2018,cnbc.com
2018-01-02,US appeals court revives proposed debt collection class action - Reuters,reuters.com
2018-01-02,GRAINS-Cold concerns spark U.S. wheat futures rally; corn firm; soy weak,cnbc.com
2018-01-02,Expect more incentives on SUVs and trucks in 2018,cnbc.com
2018-01-02,Scenes from deadly protests in Iran,cnbc.com
2018-01-02,Hoda Kotb Will Replace Matt Lauer on NBC’s ‘Today’ Show,fortune.com
2018-01-02,Teens who try non-cigarette tobacco products are twice as likely to try cigarettes a year later,cnbc.com
2018-01-02,Prices of land for warehouses are skyrocketing across the US,cnbc.com
2018-01-03,Amazon could buy Target in 2018: Gene Munster,cnbc.com
2018-01-03,"Cold weather burst could lift shares of Domino's Pizza and North Face maker, history shows",cnbc.com
2018-01-03,This Is Your Guide to Buying Bitcoin,fortune.com
2018-01-03,"Intel’s the worst performing Dow stock Wednesday, but technician says buy the dip",cnbc.com
2018-01-03,"""Fast Money"" final trades: WMT, VRX and more",cnbc.com
2018-01-03,Italy's Northern League pledges to put right 'error' of euro,reuters.com
2018-01-03,Deep freeze across the US,cnbc.com
2018-01-03,Argentina begins phasing in cuts to its soybean export tax,cnbc.com
2018-01-03,UPDATE 1-Vale is negotiating BHP exit from Samarco venture -sourceGÇìGÇï,cnbc.com
2018-01-03,Watch: White House press secretary Sarah Sanders briefs reporters,cnbc.com
2018-01-03,"GRAINS-K.C. wheat hits six-week top, soy firm, corn weak",cnbc.com
2018-01-03,Four Kosovo MPs get suspended jail terms for tear gas protest,reuters.com
2018-01-03,Evercore's Stephen Kim on the top homebuilder winners from tax reform,cnbc.com
2018-01-03,Petrobras agrees to pay $2.95B to settle case in the US,cnbc.com
2018-01-03,"EMERGING MARKETS-Latam currencies, stocks rally at start of 2018",cnbc.com
2018-01-03,"With tax law not positive for housing, top analyst finds value away from homebuilders",cnbc.com
2018-01-03,Brazilian agency requires Apple to inform consumers on batteries,cnbc.com
2018-01-03,UPDATE 1-China's Didi Chuxing buys control of Brazil's 99 ride-hailing app,cnbc.com
2018-01-03,"Big Tech Sends Nasdaq to New Record High: CEO Daily for January 3, 2018",fortune.com
2018-01-03,"If you invested $1,000 in Disney 10 years ago, here’s what you’d have now",cnbc.com
2018-01-03,Oil prices are poised to fall because there's little left to do but sell,cnbc.com
2018-01-03,Bannon calls Trump Jr. meeting with Russians 'treasonous': book,reuters.com
2018-01-03,Are You Eating Sustainable Fish? Blockchain May Provide the Answer,fortune.com
2018-01-03,China's WeChat denies that it's storing users' chats,cnbc.com
2018-01-03,UPDATE 1-Petrobras to pay $2.95 bln to settle U.S. class action over corruption,cnbc.com
2018-01-03,Richard Branson’s simple trick to come up with an idea for a successful business,cnbc.com
2018-01-03,UPDATE 5-Petrobras to pay $2.95 bln to settle U.S. corruption lawsuit,cnbc.com
2018-01-03,Vale is negotiating BHP exit from Samarco venture -sourceGÇìGÇï,cnbc.com
2018-01-03,UPDATE 3-Brazil's Petrobras settles U.S. corruption class action for $2.95 bln,cnbc.com
2018-01-03,Mobileye deal boosts Israeli high-tech exits to $23 billion in 2017,reuters.com
2018-01-03,Spotify makes confidential filing for U.S. IPO: source,reuters.com
2018-01-03,UPDATE 4-Petrobras to pay $2.95 bln to settle U.S. corruption lawsuit,cnbc.com
2018-01-03,"Emerging markets are set for an even bigger rally in 2018, says one technician",cnbc.com
2018-01-03,Netflix starts 2018 off with a bang—and one technician sees the stock surging even higher,cnbc.com
2018-01-03,"Ackman's Pershing Square, Valeant to appear in court to discuss an insider trading lawsuit settlement",cnbc.com
2018-01-03,U.S. threatens to withhold aid cash to Palestinians,reuters.com
2018-01-03,Here are the 10 most important stories for investors Wednesday morning,cnbc.com
2018-01-03,"The off-price sector, long retail's favorite, could be losing steam in 2018",cnbc.com
2018-01-03,"Palestinians condemn Trump's threat to halt aid payments, saying, 'We will not be blackmailed'",cnbc.com
2018-01-03,2018 ETF market predictions,cnbc.com
2018-01-03,"Vice Suspends Two, Brotopia, Iceland Equal Pay: Broadsheet for January 3rd",fortune.com
2018-01-03,"Intel's alleged security flaw could cost chipmaker a lot of money, Bernstein says",cnbc.com
2018-01-03,The Wall Street Journal: Peter Thiel’s VC firm has made a monster bet on bitcoin,wsj.com
2018-01-03,U.S. judge orders government to release Iraqis or grant bond hearings,reuters.com
2018-01-03,Cramer shares his top energy stock picks as oil prices rise,cnbc.com
2018-01-03,Mark Cuban says billionaire Ray Dalio’s book teaches ‘the greatest skill’ you need to succeed,cnbc.com
2018-01-03,Intel CEO: We believe we have the right fixes for security exploit,cnbc.com
2018-01-03,Cramer's S&P 500 and Dow charts indicate a strong start to 2018,cnbc.com
2018-01-03,Uber’s Financials: An Inside Look - Wall Street Journal,wsj.com
2018-01-03,UPDATE 2-Brazil's Petrobras settles U.S. corruption class action for $2.95 bln,cnbc.com
2018-01-03,"Tesla delivers 1,550 Model 3 sedans and 29,870 total vehicles in fourth quarter",cnbc.com
2018-01-03,UPDATE 1-Petrobras to pay $2.95 bln to settle U.S. class action over corruption,cnbc.com
2018-01-03,Southwest Airlines to Boeing: We'll take the large,cnbc.com
2018-01-03,U.S. factory activity accelerates; construction spending at record high,reuters.com
2018-01-03,Mobileye deal boosts Israeli high-tech exits to $23 billion in 2017,reuters.com
2018-01-03,Nigeria's Buhari re-election movement gathers pace for 2019,reuters.com
2018-01-03,Retire in paradise: 5 countries where you can live the dream,cnbc.com
2018-01-03,Macy's is about to close more stores,cnbc.com
2018-01-03,Here's why cryptocurrencies could soon be facing a big crackdown,cnbc.com
2018-01-03,"Amazon, Google cut speaker prices in market share contest: analysts",reuters.com
2018-01-03,"Fugitive Vietnamese tycoon remains in Singapore, lawyer says",cnbc.com
2018-01-03,Auto troubles in 2018? 5 trades,cnbc.com
2018-01-03,"Spark prices the first US gene therapy drug at $850,000 — which is actually less than expected",cnbc.com
2018-01-03,"This couple bought 40 acres for $9,000 years ago—now their pot farm is worth millions",cnbc.com
2018-01-03,German hate speech law tested as Twitter blocks satire account,reuters.com
2018-01-03,Here's why Amazon may not buy Target,cnbc.com
2018-01-03,"2 Democrats to be sworn in as senators, narrowing the GOP's majority in Congress",cnbc.com
2018-01-03,Amazon Echo vs. Google Home: How Competing Price Cuts Dominated the Holiday Season,fortune.com
2018-01-03,Cramer's lightning round: Buy Becton Dickinson's stock hand over fist,cnbc.com
2018-01-03,Cramer reflects on how Trump's actions are fueling the 'beast' market rally,cnbc.com
2018-01-04,"Art Cashin on Dow 25,000",cnbc.com
2018-01-04,This bull market will continue to all-time highs: CFRA's Sam Stovall,cnbc.com
2018-01-04,Dow Hits 25000: Here's Why It Matters,wsj.com
2018-01-04,Sprint names Michel Combes as president and chief financial officer,cnbc.com
2018-01-04,Bull market is very much alive: BMO's Brian Belski,cnbc.com
2018-01-04,Iran's Protests: What's Next?,wsj.com
2018-01-04,How to short bitcoin,cnbc.com
2018-01-04,UPDATE 1-Brazil's Santander rural loans rise to $4 bln in 2017,cnbc.com
2018-01-04,Brazil 2017 home prices fall for first time in at least a decade,cnbc.com
2018-01-04,Neurontin prescriptions surge amid opioid crisis,reuters.com
2018-01-04,"The Wall Street Journal: Merrill Lynch blocks clients from buying bitcoin, citing risk",wsj.com
2018-01-04,China’s Didi Chuxing Just Made a Major Inroad in Latin America,fortune.com
2018-01-04,Another tiny digital coin leaps into the top 10 cryptocurrencies,cnbc.com
2018-01-04,Weinstein Company close to selling itself for less than $500 million: Report,cnbc.com
2018-01-04,Israel proposes ban on trading shares of cryptocurrency companies,reuters.com
2018-01-04,"As the U.S. Retreats, Europe Moves to Strengthen Ties With Cuba",fortune.com
2018-01-04,Cramer's lightning round: Don't sell the stock of Ametek. It's a winner,cnbc.com
2018-01-04,U.S. State Department adds three people affiliated with al Qaeda to terrorist list,reuters.com
2018-01-04,Half-ton butter sculpture unveiled at Pennsylvania Farm Show,cnbc.com
2018-01-04,Spotify reaches 70 million subscribers,reuters.com
2018-01-04,"Your first trade for Thursday, January 4",cnbc.com
2018-01-04,"US suspending security aid to Pakistan, State Department says",cnbc.com
2018-01-04,Antisense and Sensibility: Why RNA Is the New DNA,fortune.com
2018-01-04,The Slow Creep of Slowed-Down Products,wsj.com
2018-01-04,Dow stocks in unexpected places,cnbc.com
2018-01-04,"Asia looks set to open in positive territory after S&P 500 cracks 2,700",cnbc.com
2018-01-04,Markets open higher as Dow crosses 25K,cnbc.com
2018-01-04,Kloza: Head fake in the oil market could cut rally short,cnbc.com
2018-01-04,BRIEF-Google Says Its Project Zero Security Team Last Year Discovered Vulnerability Affecting Modern Microprocessors - Blog‍​,reuters.com
2018-01-04,This Company Is Set to Become a Driving Force Behind Fully Autonomous Vehicles,fortune.com
2018-01-04,"Federated: Dow, S&P and Nasdaq blow through records, and it's only getting started",cnbc.com
2018-01-04,Tesla guidance disappoints,cnbc.com
2018-01-04,"Futures Now, January 4, 2018",cnbc.com
2018-01-04,"Stocks making the biggest moves in premarket trading: SNAP, TSLA, DPZ, ROKU & more",cnbc.com
2018-01-04,Cramer: Analyst recommendations are already boosting stocks in 2018—and they won't stop,cnbc.com
2018-01-04,FCC Chairman Ajit Pai canceled his appearance at CES because of death threats,cnbc.com
2018-01-04,Giant oil companies put exploration on the back burner,cnbc.com
2018-01-04,UPDATE 2-China's Didi Chuxing buys control of Brazil's 99 ride-hailing app,cnbc.com
2018-01-04,South Korea wants to reduce tensions in any talks with Pyongyang,cnbc.com
2018-01-04,Cramer: AMD's CEO will 'take advantage' of Intel's security flaw fallout,cnbc.com
2018-01-04,U.S. agriculture markets jump as frigid weather blankets farm belt,cnbc.com
2018-01-05,US factory orders rise for fourth straight month,cnbc.com
2018-01-05,"Despite rising oil prices, one OPEC producer has announced new measures to protect foreign reserves",cnbc.com
2018-01-05,"A record start to the year as the Dow soars past 25K, here's what traders are buying",cnbc.com
2018-01-05,GoPro cuts 200 to 300 jobs in its aerial products division,cnbc.com
2018-01-05,"Thanks, blizzard: Air travel may not get back to normal until next week",fortune.com
2018-01-05,"Trump-Bannon fallout could threaten Republicans in midterm elections, analysts say",cnbc.com
2018-01-05,Dominion CEO bullish on latest deal despite slumping stock: 'We're investing for the long term in South Carolina',cnbc.com
2018-01-05,Goldman says Nvidia — best chip stock last year — headed for another big year,cnbc.com
2018-01-05,"Cramer Remix: Even at Dow 25K, this market is a beast, and it's a beauty",cnbc.com
2018-01-05,"EMERGING MARKETS-Brazil, Chile stocks hit record highs, Mexico peso gains",cnbc.com
2018-01-05,Trump's first year: White House policies help boost manufacturing sector,cnbc.com
2018-01-05,"Stocks making the biggest moves premarket: SHLD, STZ, SONC, AAPL, TGT & more",cnbc.com
2018-01-05,Indonesia's new cyber agency looks to recruit staff of hundreds,reuters.com
2018-01-05,Aerospace and defense ETFs take off,cnbc.com
2018-01-05,"Global debt level hits $233 trillion record high in the third quarter of 2017, IIF says",cnbc.com
2018-01-05,Trump had lawyer urge Attorney General Jeff Sessions against Russia recusal,cnbc.com
2018-01-05,Ralph Acampora: I am so bullish I have to sit down and calm down,cnbc.com
2018-01-05,The GOP May Attempt Major Health Care or Welfare Cuts—Without Any Democratic Votes,fortune.com
2018-01-05,Party or not? Golden Globes proves test for Hollywood sex scandal...,reuters.com
2018-01-05,"Trump’s offshore drilling plan ‘juices up’ the Democrats in upcoming elections, says expert",cnbc.com
2018-01-05,The $10 trillion dollar bull case for cryptocurrecies,cnbc.com
2018-01-05,The new tax law is a mixed bag for your company benefits,cnbc.com
2018-01-05,Commentary: Philip Morris Says It Wants to Quit Cigarettes. But It’s Just Blowing Smoke.,fortune.com
2018-01-05,"raceAhead: Zuckerberg’s New Resolve, Genocide Spurred on By Facebook Posts and Toxic Femininity",fortune.com
2018-01-05,The most popular free apps to keep you healthy in 2018,cnbc.com
2018-01-05,"Solid US job growth expected in December, with wages seen rising",cnbc.com
2018-01-05,"All-male CES, Golden Globes, Rebekah Mercer: Broadsheet Dec. 5th",fortune.com
2018-01-05,"Cable rates keep rising, but you might not have to pay up - CNBC",cnbc.com
2018-01-05,"Trump-Bannon Feud Is the Death of Truth: CEO Daily for January 5, 2018",fortune.com
2018-01-05,Justice Dept launches new Clinton Foundation probe: The Hill,reuters.com
2018-01-05,The country’s most innovative bar is serving a $27 cocktail packaged in a pillow of bagel air,cnbc.com
2018-01-05,Cramer: The US-China 'trade war' could explode in 2018,cnbc.com
2018-01-05,China to further improve yuan cross-border transactions to facilitate trade,cnbc.com
2018-01-05,"China won't be prioritizing growth this year, economist says",cnbc.com
2018-01-05,"Here's what to expect at CES this year: Smart homes, robots, TVs, and more",cnbc.com
2018-01-05,Planet Fitness CEO says scale has become ultimate 'competitive advantage',cnbc.com
2018-01-05,Cramer pinpoints stocks that are feeding the market in 'beast mode',cnbc.com
2018-01-05,"Trump's offshore drilling plan could help the Democrats, says expert",cnbc.com
2018-01-05,Time for a sober reassessment of the markets: NYT's Jim Stewart,cnbc.com
2018-01-05,Winter storm forces world's largest passenger jet to divert to small New York airport,fortune.com
2018-01-05,DECEMBER JOBS: +148K...,cnbc.com
2018-01-05,See Harrowing Footage of Icy Floods Along East Coast,fortune.com
2018-01-05,Barnes & Noble Shares Plunge 15% On Dismal Holiday Season Sales,fortune.com
2018-01-05,"Cramer's lightning round: Stop talking, start buying Raytheon",cnbc.com
2018-01-05,"Tax reform bonuses to lift retail stocks, Barclays says, upgrades Target, Lowe's",cnbc.com
2018-01-05,Fundamentals won't be quite as bad for retailers this year: Analyst,cnbc.com
2018-01-05,Dow remains on record pace as stocks open higher at the open,cnbc.com
2018-01-05,Rising commodity prices due to investment increase: Commerzbank,cnbc.com
2018-01-05,South Korea on alert for 'US bullying' during trade talks,cnbc.com
2018-01-05,US trade deficit rises more than expected to a near 6-year high on record imports,cnbc.com
2018-01-05,"Neiman Marcus names Geoffroy van Raemdonck CEO, replacing Karen Katz",cnbc.com
2018-01-05,Services sector growth slows more than expected in December,cnbc.com
2018-01-05,"Retail industry was reason behind weak jobs report, but construction jobs still booming",cnbc.com
2018-01-05,There’s a battle of tax codes raging — the US and China just upped the arms race,cnbc.com
2018-01-05,Google just placed a $120 million bet on China's e-sports market,cnbc.com
2018-01-05,"Defending his bombshell Trump book, Wolff says people describe the president ‘like a child’",cnbc.com
2018-01-05,"Self-made millionaire: Once you have some money, here's what to do",cnbc.com
2018-01-05,"Pot stocks take a hit, but market watchers say they’ll end in the green",cnbc.com
2018-01-05,Colbert and Noah are all set for Trump’s ‘Most dishonest and corrupt media awards’,cnbc.com
2018-01-05,Spotify reaches 70 million subscribers,cnbc.com
2018-01-06,Forget Face ID. The Future of Secure Authentication Is Your Voice,fortune.com
2018-01-06,Last year's S&P 500 winners could still have room to run,cnbc.com
2018-01-06,Cramer says the S&P 500's biggest 2017 losers could be prime for speculation,cnbc.com
2018-01-06,E. coli outbreak linked to romaine lettuce frustrates produce industry,cnbc.com
2018-01-06,"Google, Microsoft, and Amazon’s Trade Group Joining Net Neutrality Court Challenge",fortune.com
2018-01-06,Cramer Remix: Common sense can make you money in this market,cnbc.com
2018-01-06,Why the bank trade in 2018 will hinge on the ‘rule of 3’,cnbc.com
2018-01-06,The Final Call: Biotech & more,cnbc.com
2018-01-06,Feeding the beast with a bank earnings kicker,cnbc.com
2018-01-06,Cramer's lightning round: Buy B&G Foods on its millennial advantage,cnbc.com
2018-01-06,Cramer's lightning round: Buy B&G Foods on its millennial advantage,cnbc.com
2018-01-06,Liquor brands CEO says company is positioning to capitalize on the rise of cannabis,cnbc.com
2018-01-06,Last year's S&P 500 losers could be prime for speculation,cnbc.com
2018-01-06,Pope warns on being misled by the pursuit of money,cnbc.com
2018-01-06,Cramer: The S&P 500's winners for 2017 could still have room to run this year,cnbc.com
2018-01-07,"Under fire, Bannon backs off explosive comments about Trump's son",reuters.com
2018-01-07,Technology Is Everywhere. Tech Jobs? Not So Much.,fortune.com
2018-01-07,How tough can China get on financial risk?,cnbc.com
2018-01-07,German opposition calls for abolition of online hate speech law,reuters.com
2018-01-08,Here's the racist H&M hoodie that just got pulled from U.S. stores,fortune.com
2018-01-08,"Trade, labor concerns hang over ag as Trump prepares to address top farm group",cnbc.com
2018-01-08,Smart electric scooters are booming in China,cnbc.com
2018-01-08,"Failed Atlantic City casino is sold, could reopen in months",cnbc.com
2018-01-08,Goldman and Citi reportedly poised for roles in biggest-ever IPO for Saudi Aramco,cnbc.com
2018-01-08,BioMarin CEO on hemophilia treatment success,cnbc.com
2018-01-08,Here's the reasons to buy into industrials right now: Trader,cnbc.com
2018-01-08,China is not yet ripe for passive index investing,cnbc.com
2018-01-08,"Starting Jan. 22, some may need a passport for domestic air travel",cnbc.com
2018-01-08,"Celgene chief Alles discusses deal to acquire Impact Biomedicines, strategy for 2018",cnbc.com
2018-01-08,Fire crews responding to fire at Trump Tower NYC... Developing...,cnbc.com
2018-01-08,Is Trump crazy? The president should only be judged by his policies,cnbc.com
2018-01-08,The Future Is Here: Byton’s New Electric Car Could Replace Your Smartphone,fortune.com
2018-01-08,PRESS DIGEST-New York Times business news - Jan 8 - Reuters,reuters.com
2018-01-08,"'Make America Great Again' ETF, pegged to Trump’s agenda, outperforms the stock market",cnbc.com
2018-01-08,This firm's fintech play is connecting financial services in China,cnbc.com
2018-01-08,"GoPro CEO says he'd consider selling the company, but is still planning to be independent",cnbc.com
2018-01-08,"There’s trouble in the charts for banks heading into earnings, according to one technician",cnbc.com
2018-01-08,China and the US have good communication systems,cnbc.com
2018-01-08,Trump's tweets are less important than US policy on North Korea,cnbc.com
2018-01-08,North Korea may suddenly want talks because of how powerful it has become,cnbc.com
2018-01-08,Cramer: It's not Apple's responsibility to parent your kids' iPhone use,cnbc.com
2018-01-08,Here are the 10 most important stories for investors Morning morning,cnbc.com
2018-01-08,"Toyota unveils self-driving concept vehicle for rides, deliveries",reuters.com
2018-01-08,"Hike corporate tax rate to pay for infrastructure plan, says Democratic congressman",cnbc.com
2018-01-08,"The Mysterious Zuma Mission, SpaceX’s First Launch of 2018, Is Tonight",fortune.com
2018-01-08,"Oil prices edge up on lower US rig count, but below recent highs",cnbc.com
2018-01-08,China has stepped up its R&D efforts,cnbc.com
2018-01-08,"GoPro issues weak guidance, to reduce global workforce from 1,254 employees to fewer than 1,000; shares halted",cnbc.com
2018-01-08,This firm sees a new way to teach English online,cnbc.com
2018-01-08,It is a 'significant step' for North and South Korea to talk,cnbc.com
2018-01-08,'I took her words to heart:' Aziz Ansari responds to allegations of sexual misconduct,fortune.com
2018-01-08,"This EV firm hopes to sell 20,000 to 30,000 units in China this year",cnbc.com
2018-01-08,Earnings growth expectations to drive Asian equities in 2018,cnbc.com
2018-01-08,US bank gains from the new tax law will start with a lot of red ink,cnbc.com
2018-01-08,Two Major Shareholders Push Apple to Study Harmful Effects of Smartphone Addiction in Children,fortune.com
2018-01-08,Initial North-South Korea talks likely narrowly focused,cnbc.com
2018-01-08,"GoPro lowers fourth quarter revenue forecast, cuts more than 250 jobs",reuters.com
2018-01-08,"Incyte chief discusses company's latest cancer treatments, effects of U.S. tax cuts",cnbc.com
2018-01-08,"For stocks to continue hitting new highs, they need to pull back first",cnbc.com
2018-01-08,New 'insane' ETF proposal for bitcoin generates worry on Wall Street,cnbc.com
2018-01-08,Learning English online in China is big business,cnbc.com
2018-01-08,AT&T Says It Will Launch 5G in a Dozen Cities This Year,fortune.com
2018-01-08,US to end protected status for many Salvadoran immigrants,cnbc.com
2018-01-08,"Bitcoin is an asset, not a currency: Israel's central bank",reuters.com
2018-01-08,AT&T backs away from deal to sell Huawei smartphones: Report,cnbc.com
2018-01-08,Bahrain raises gasoline prices to reduce state spending,cnbc.com
2018-01-08,This expense could have already eaten up your tax refund,cnbc.com
2018-01-08,Denmark's GN takes aim at Apple with wireless earbuds,reuters.com
2018-01-08,Administration had little to no action on imposing tariffs: Fmr. US trade representative,cnbc.com
2018-01-08,Buffett's Berkshire stands to gain $37 billion windfall from tax plan,cnbc.com
2018-01-08,Is it time for a rate hike by the PBOC?,cnbc.com
2018-01-08,Wisconsin sees decline in number of dairy farms,cnbc.com
2018-01-08,Water main break at JFK airport adds to travelers' misery after winter storm flight delays,cnbc.com
2018-01-08,How one company is betting on English language classes in China,cnbc.com
2018-01-08,Homeowners are sitting on trillions in 'tappable' equity,cnbc.com
2018-01-08,This tech investor likes branded e-commerce in China,cnbc.com
2018-01-08,ICOs may still be a way to get exposure to blockchain technology,cnbc.com
2018-01-08,Here's what Trump is going to talk about in his first major speech since tax reform passed,cnbc.com
2018-01-08,UBS has seen a 'more open field' for asset managers in China,cnbc.com
2018-01-08,Tax reform prompts Visa to raise 401(k) match for US employees,cnbc.com
2018-01-08,North Korea wants sanctions relaxed out of current talks,cnbc.com
2018-01-08,China's digital push in insurance is widening the playing field,cnbc.com
2018-01-08,China currency outflows have eased with a weaker dollar,cnbc.com
2018-01-09,Ford and Qualcomm to tackle traffic with connected vehicles,cnbc.com
2018-01-09,Kodak joins cryptocraze with digital photo licensing site and its own currency,cnbc.com
2018-01-09,Uber rival Didi reportedly missed its December ride targets by a wide margin,cnbc.com
2018-01-09,10 cities with booming employment growth in 2017,cnbc.com
2018-01-09,Why Marcus Lemonis walked away from investing in this company bringing in $1 million a year,cnbc.com
2018-01-09,Former top Trump advisor Steve Bannon to leave Breitbart News,cnbc.com
2018-01-09,Read Fusion GPS co-founder's full testimony to Senate Judiciary,cnbc.com
2018-01-09,"Three charts are creating the perfect storm for more records, says technician",cnbc.com
2018-01-09,How 2 students turned their idea for an affordable couch-in-a-box into a multimillion-dollar company,cnbc.com
2018-01-09,Fitbit is reportedly working on a smartwatch for kids,cnbc.com
2018-01-09,Interest rates shoot higher amid worries the central bank easy money party is over,cnbc.com
2018-01-09,Jay Leno: The No. 1 way to stand out and get hired,cnbc.com
2018-01-09,Activist hedge fund manager with $5 billion says his fund is 'more invested today than we've ever been',cnbc.com
2018-01-09,Watch: White House press secretary Sarah Sanders briefs reporters,cnbc.com
2018-01-09,Another firm just pulled its plans to launch bitcoin ETFs,cnbc.com
2018-01-09,SpaceX's mysterious Zuma mission might not have been so successful after all,fortune.com
2018-01-09,"In the US, unlike Iceland, it’s still OK to pay women less—here’s why",cnbc.com
2018-01-09,"Get ready, the worst flu season in history may be coming",cnbc.com
2018-01-09,Here's why pot stocks could be sparking a rally in these fast-food names,cnbc.com
2018-01-09,Tesla says solar roof production has started in Buffalo,cnbc.com
2018-01-09,"It'll be another weak year for the US dollar, Goldman Sachs predicts",cnbc.com
2018-01-09,Fourth-quarter earnings are almost meaningless to the market: Wells Fargo's Scott Wren,cnbc.com
2018-01-09,Cramer's Stop Trading: Allergan's 'salami strategy',cnbc.com
2018-01-09,MGM Resorts to pop 33% as compelling value play: JP Morgan,cnbc.com
2018-01-09,Facebook is reportedly entering the hardware business with a home device for video calling,cnbc.com
2018-01-09,Nuclear buttons to peace in a few days? Korea talks are significant but not foolproof,cnbc.com
2018-01-09,How to know whether your business qualifies for that 20 percent tax break,cnbc.com
2018-01-09,Valeant CEO looks to boost performance with price hikes and seven key products,cnbc.com
2018-01-09,Bill Miller says he has split most of his bitcoin holdings into separate fund,cnbc.com
2018-01-09,One of the largest aircraft in existence just got bigger,cnbc.com
2018-01-09,85 percent of millennials expect to own a home—here's how to buy one,cnbc.com
2018-01-09,US employers posted fewer jobs in November for 2nd month,cnbc.com
2018-01-09,"Bitcoin is not a 'credible competitor' to the dollar, Fed's Kashkari says",cnbc.com
2018-01-09,4 things will push stocks higher,cnbc.com
2018-01-09,"Now is the time to buy the biggest stock in the market, says technician",cnbc.com
2018-01-09,"Yahoo Sports will start streaming NFL playoff games this weekend, says Oath CEO Tim Armstrong",cnbc.com
2018-01-09,"Alibaba will 'seriously consider' Hong Kong listing, says founder Ma",cnbc.com
2018-01-09,Target raises outlook on upbeat holiday sales,cnbc.com
2018-01-09,Still a good chance for a bitcoin ETF this year: Inside ETFs CEO,cnbc.com
2018-01-09,How one company is bringing technology into Chinese kindergartens,cnbc.com
2018-01-09,Starbucks Has a New 'Blonde' Espresso for People Who Don't Drink Espresso - Fortune,fortune.com
2018-01-09,How luxury fashion brands are increasingly using Instagram to win over millennials,cnbc.com
2018-01-09,FANG stocks are outrunning their price targets: Jim Cramer,cnbc.com
2018-01-09,LevelUp rolls out new service for restaurants hoping to snag new delivery customers,cnbc.com
2018-01-09,Mental coach of top athletes shares 3 steps to handling pressure like an Olympian,cnbc.com
2018-01-09,"Mudslide and rains hit fire-ravaged California, bringing new round of danger",cnbc.com
2018-01-09,Watch Ford Motor CEO's keynote address at CES,cnbc.com
2018-01-09,Cramer's lightning round: Mercadolibre is even better than eBay was,cnbc.com
2018-01-09,NJ congressman's workaround for tax overhaul: Property tax credit for charitable contribution,cnbc.com
2018-01-09,"Bonnaroo 2018 Lineup: Eminem, The Killers, Muse and A New Deal With Coffee County, Tennessee",fortune.com
2018-01-09,"""Fast Money"" final trades: HAL, DAL and more",cnbc.com
2018-01-09,"Tesla is a 'threat,' but we're 'more than up to the challenge,' Chinese start-up says",cnbc.com
2018-01-09,"Boeing caps 2017 with record deliveries, backlog",cnbc.com
2018-01-09,"Hedge fund managers reap 3,175% profit off bitcoin in 2017",cnbc.com
2018-01-09,"Things are looking up for China's financial firms, UBS says",cnbc.com
2018-01-09,"North Korea says weapons are only aimed at the US, not China or Russia",cnbc.com
2018-01-09,Alkermes CEO: 'Best days are still ahead' for opioid addiction treatment Vivitrol,cnbc.com
2018-01-09,"Cologuard maker Exact Sciences to develop lung and liver cancer tests, CEO says",cnbc.com
2018-01-09,STOCKS SET FRESH RECORDS...,cnbc.com
2018-01-09,"Futures Now, January 9, 2018",cnbc.com
2018-01-09,Microsoft says Meltdown and Spectre fixes will slow some PCs down significantly,cnbc.com
2018-01-09,Ethereum co-creator says the cryptocurrency could triple this year,cnbc.com
2018-01-09,Midnight marriages usher in Australia's same-sex wedding laws,reuters.com
2018-01-09,"Cryptocurrency ripple falls again, adds to sharp losses from the previous day",cnbc.com
2018-01-09,"Trump says he'll sign DACA deal, pursue comprehensive immigration reform",cnbc.com
2018-01-09,"Trump says, 'Yeah, I'll beat Oprah,' but he doesn't think she'll run for president",cnbc.com
2018-01-09,Jeff Bezos Is Now Worth More Than $105 Billion,fortune.com
2018-01-09,UPDATE 1-Trump tells farmers he supports crop insurance,cnbc.com
2018-01-09,"Paul Ryan: 'We want' a deal to protect young immigrants, but need more border security",cnbc.com
2018-01-09,Success of 'Bright' shows even Netflix's rotten movies are blockbuster hits,cnbc.com
2018-01-09,Watch: Trump's top health nominee Alex Azar testifies at Senate confirmation hearing,cnbc.com
2018-01-09,"Circuit City to relaunch online next month, with stores on the horizon",cnbc.com
2018-01-09,"Under Armour is killing its brand by selling at cheap retailers, stock to drop 30% this year: Analyst",cnbc.com
2018-01-09,Johnson & Johnson CEO: We should all be acting like Amazon's getting into our business,cnbc.com
2018-01-09,"Powerful winter storm kills at least five people, mudslides destroy homes in Southern California",cnbc.com
2018-01-09,Regulators reject Rick Perry's plan to prop up coal and nuclear plants,cnbc.com
2018-01-09,Consumers spend more time on Snapchat than Instagram: Report,cnbc.com
2018-01-09,UPDATE 2-Trump tells farmers he supports crop insurance,cnbc.com
2018-01-09,The winter Olympics agreement between South and North Korea was expected,cnbc.com
2018-01-09,China is actively managing key trade relationships,cnbc.com
2018-01-09,3 unexpected ways using cash can help you reach your goals,cnbc.com
2018-01-09,Self-made billionaire Richard Branson: 'Don’t waste your time trying to be normal',cnbc.com
2018-01-09,"Headphone maker Yevo will start making pricey earbuds with metal from illegal guns, for a good cause",cnbc.com
2018-01-09,Ford wants to wire cities to ease congestion,reuters.com
2018-01-09,The ultimate race for your money: Chip stocks vs. FANG,cnbc.com
2018-01-09,Trump could be interviewed within weeks in Russia probe,cnbc.com
2018-01-09,The bond market is doing something it hasn’t done in 52 years,cnbc.com
2018-01-09,"LeBron James, Diddy and other celebrities rebuke H&M for 'monkey' hoodie",cnbc.com
2018-01-09,Allergan CEO Saunders on the company's booming Botox business,cnbc.com
2018-01-09,Feinstein unilaterally releases FUSION GPS testimony...,cnbc.com
2018-01-09,Toyota will add Amazon Alexa to select cars in 2018,cnbc.com
2018-01-09,Investors fear after Japan move the last of the global market 'punch bowls' are being taken away,cnbc.com
2018-01-09,Stock picking alive and well as markets hit record levels,cnbc.com
2018-01-09,Paul Ryan-linked groups rack up record $66 million to protect House GOP majority in midterms,cnbc.com
2018-01-09,Sprouts signs on with Instacart as US grocers experiment with delivery,cnbc.com
2018-01-09,SpaceX rocket 'did everything correctly' in botched spy satellite launch,cnbc.com
2018-01-09,Fed's Kashkari: Biggest banks need to double current capital levels,cnbc.com
2018-01-09,PayPal rises after previously skeptical analyst jumps on the bandwagon,cnbc.com
2018-01-09,Wallet versus waistline: Here's what consumers packed on this holiday season,cnbc.com
2018-01-09,Credit card debt hits record high of over $1 trillion—but one trick can save you thousands,cnbc.com
2018-01-09,Cramer says 4 things—including the tax overhaul—will continue to push stocks higher,cnbc.com
2018-01-09,Worst performing sector ETF in January,cnbc.com
2018-01-09,NASA took pictures of the bomb cyclone from space and they’re wild to see,cnbc.com
2018-01-09,Ford to partner with Postmates on self-driving deliveries,cnbc.com
2018-01-09,"Trump should not ‘make nice’ at Davos, but he should act presidential",cnbc.com
2018-01-09,Owning bitcoin can stress you out. Here's how to survive,cnbc.com
2018-01-09,Cramer Remix: Tesla’s stock is up for one simple reason,cnbc.com
2018-01-09,Target raises both Q4 and full-year guidance on better holiday sales,cnbc.com
2018-01-09,"Pot, bitcoin, Micron all speculative",cnbc.com
2018-01-09,"Inflation pick up, not North Korea, biggest risk to markets in 2018: Pro",cnbc.com
2018-01-09,Bitcoin will outperform stocks again in 2018: Tom Lee,cnbc.com
2018-01-09,Trump ally and pardoned sheriff Joe Arpaio is running for Jeff Flake's Senate seat in Arizona,cnbc.com
2018-01-09,"Nordstrom's holiday sales up 2.5%, boosted by its Rack stores",cnbc.com
2018-01-09,Iranian oil tanker burns for third day after collision off China coast,cnbc.com
2018-01-09,Watch: Paul Ryan and House leaders speak as shutdown deadline looms,cnbc.com
2018-01-09,Here are the 10 most important stories for investors Tuesday morning,cnbc.com
2018-01-09,Chinese Uber rival Didi Chuxing launches bike sharing service in highly-competitive market,cnbc.com
2018-01-09,Trader sees an even bigger rally ahead for crude,cnbc.com
2018-01-09,Japanese markets look set to extend gains; dollar edges up,cnbc.com
2018-01-09,"Tax reform will boost business travel, Bank of America says; upgrades American Airlines",cnbc.com
2018-01-09,"Here's a smart robot for the elderly that can play videos, chat and more",cnbc.com
2018-01-09,"Cramer: Marijuana, bitcoin and Micron are all speculative investments",cnbc.com
2018-01-09,How Amazon's Jeff Bezos went from son of a teen mom to building a $105 billion fortune,cnbc.com
2018-01-09,"Rally is so powerful, my chair's about to explode: Godfather of technical analysis Ralph Acampora",cnbc.com
2018-01-09,Here’s What Apple Exec Angela Ahrendts Told CEO Tim Cook During Their First Meeting,fortune.com
2018-01-09,Philippines to protest to China over apparent airbase on manmade island,reuters.com
2018-01-09,"Trump to attend World Economic Forum in Davos, White House confirms",cnbc.com
2018-01-09,China's Didi Chuxing to launch bike-sharing platform and brand,reuters.com
2018-01-09,"American oil drillers' output could top Saudi Arabia and rival Russia by 2019, US forecast shows",cnbc.com
2018-01-09,"'Best days are still ahead' for top opioid addiction treatment Vivitrol, CEO says",cnbc.com
2018-01-09,Hulu now has more than 17 million subscribers,cnbc.com
2018-01-09,McConnell says he wants to handle DACA and government spending separately,cnbc.com
2018-01-09,Japan calls on U.S. to take safety steps in wake of Okinawa military incidents,reuters.com
2018-01-09,"Bitcoin could ‘easily double’ in 2018, says Fundstrat’s Tom Lee",cnbc.com
2018-01-09,'It might raise national security issues': China may not welcome foreign driverless tech,cnbc.com
2018-01-09,Cox CEO on AT&T-Time Warner merger: 'I don’t think you have to get bigger to compete',cnbc.com
2018-01-10,"FBI Director Wray and Deputy AG Rosenstein met with Intel Committee leaders, NBC News reports",cnbc.com
2018-01-10,"Canadian dollar, stocks fall on report that Trump may pull out of NAFTA; peso drops",cnbc.com
2018-01-10,How Bernie Sanders is wasting his political capital,cnbc.com
2018-01-10,From real estate CEO to 'Shark Tank' star: How Barbara Corcoran reinvented herself in her 50s,cnbc.com
2018-01-10,Self-made billionaire Oprah Winfrey shares her 'greatest' career lesson,cnbc.com
2018-01-10,Cramer lists 6 tailwinds for consumer-related stocks,cnbc.com
2018-01-10,"If you want to buy Tesla stock, 'now's the time,' Evercore says",cnbc.com
2018-01-10,US law firm accuses Ford of rigging trucks to cheat emission tests,cnbc.com
2018-01-10,Trump has another chance to kill the Iran nuclear deal this week but probably won't,cnbc.com
2018-01-10,Cyprus company sues ex-Trump campaign manager Manafort for financial fraud,cnbc.com
2018-01-10,WM Motor wants to be the Ford of electric cars in China,cnbc.com
2018-01-10,Lennar misses profit estimates on deal delay; shares fall,cnbc.com
2018-01-10,Trump can't survive an immigration 'surrender',cnbc.com
2018-01-10,"'Fire and Fury' sales top 29,000 in first weekend",cnbc.com
2018-01-10,Trump orders mental health support for military veterans to prevent suicide,cnbc.com
2018-01-10,The cities with the 10 highest starting salaries in 2018,cnbc.com
2018-01-10,VMware cuts a small percentage of employees,cnbc.com
2018-01-10,Trump on potential Mueller interview: 'We'll see what happens',cnbc.com
2018-01-10,Democrats warn Trump administration to prepare for more election interference,cnbc.com
2018-01-10,Here are Credit Suisse's latest top stock picks,cnbc.com
2018-01-10,Kohl's ready to partner with grocer or convenience store to fill vacant store space,cnbc.com
2018-01-10,2 simple steps you can take if you’re miserable at work,cnbc.com
2018-01-10,Regeneron CEO talks drug pricing and tax reform,cnbc.com
2018-01-10,Kodak shares have more than tripled since company announced its new cryptocurrency 'KodakCoin',cnbc.com
2018-01-10,Why Bill Gates is no longer the richest person in the world,cnbc.com
2018-01-10,Howard Lutnick: U.S. in the midst of bank euphoria,cnbc.com
2018-01-10,"Pulling out of NAFTA would be an 'egregiously stupid decision,' says Dennis Gartman",cnbc.com
2018-01-10,Special Report: How courts help companies keep sexual misconduct under cover,reuters.com
2018-01-10,Republican exodus presents Democrats with a huge opportunity in 2018,cnbc.com
2018-01-10,"Tom Lee: Bitcoin is still 'king of the hill’ of cryptocurrencies, could more than double in 2018",cnbc.com
2018-01-10,The bull market is intact even if China cuts Treasury holdings,cnbc.com
2018-01-10,Former Stanford admissions officer: Colleges aren't looking for well-rounded students,cnbc.com
2018-01-10,EMERGING MARKETS-Mexican assets drop on report Trump could pull NAFTA plug,cnbc.com
2018-01-10,The risk appetite of crude oil futures trade has room to grow,cnbc.com
2018-01-10,"Trump's EPA aims to replace Obama-era climate, water regulations in 2018",cnbc.com
2018-01-10,China is working in a framework of 'constrained optimization',cnbc.com
2018-01-10,The US Chamber wants 'fairness; in trade and opportunity in China,cnbc.com
2018-01-10,Fire and rain: Mudslides now sweep across Santa Barbara County after devastating wildfires,cnbc.com
2018-01-10,A US Senator wants an answer from Apple on slowing down batteries,cnbc.com
2018-01-10,29-year-old whose company makes millions reselling on Amazon calls this his biggest money mistake,cnbc.com
2018-01-10,Market optimism reaches 'potential danger' sign not seen since 1986,cnbc.com
2018-01-10,How to make bitcoin-like returns without as much risk,cnbc.com
2018-01-10,How will Warren Buffett's departure impact Berkshire Hathaway?,cnbc.com
2018-01-10,JP Morgan: Amazon may be a $1 trillion company as its ad business grows,cnbc.com
2018-01-10,A Dog Walking App Accidentally Leaked People’s Home Lock Codes,fortune.com
2018-01-10,"Nvidia says some of its chips are affected by the Spectre security flaw, issues a patch",cnbc.com
2018-01-10,"This bull market is more powerful than the late 1990s, Ralph Acampora says",cnbc.com
2018-01-10,Oil prices are close to levels not seen since the Thanksgiving 2014 bloodbath,cnbc.com
2018-01-10,"Toyota, Mazda to build $1.6 billion plant in Alabama",cnbc.com
2018-01-10,"Ex-Apple exec: Apple, Google, Facebook, Twitter got us addicted to tech and they have to fix it",cnbc.com
2018-01-10,China's consumer inflation accelerated in December,cnbc.com
2018-01-10,Warren Buffett takes a step closer to naming a successor as Berkshire appoints Abel and Jain to board as vice chairs,cnbc.com
2018-01-10,"Avocado sales could more than double this year, boosted by demand from China's middle class",cnbc.com
2018-01-10,Markets Rattled...,cnbc.com
2018-01-10,"""Fast Money"" final trades: LOW, BAC and more",cnbc.com
2018-01-10,"Sears lands additional financing, even as holiday sales disappoint",cnbc.com
2018-01-10,Macron's China visit points to Beijing's shifting relationship with Europe,cnbc.com
2018-01-10,Trump ally Robert Murray slams Trump energy appointees for rejecting coal power subsidy,cnbc.com
2018-01-10,Flash in the pan: ICO represents last-gasp hope for struggling Kodak,cnbc.com
2018-01-10,Billionaire Ken Griffin buys most expensive home in Chicago,cnbc.com
2018-01-10,New air travel ID gets 11th hour reprieve; Rules pushed back to 2020,cnbc.com
2018-01-10,China has 'very little' option but to hold US Treasurys,cnbc.com
2018-01-10,Trump's pick to head HHS balks at having government negotiate drug prices,cnbc.com
2018-01-10,FBI releases internal memos from week of James Comey's firing: 'We all miss him',cnbc.com
2018-01-10,Warren Buffett is closer to naming a successor—he's looking for this key trait,cnbc.com
2018-01-10,U.N. economic sanctions a block to rapid rapprochement with North Korea,cnbc.com
2018-01-10,"Oprah would easily beat Trump in a presidential election, poll says",cnbc.com
2018-01-10,6 tailwinds for consumer-related stocks,cnbc.com
2018-01-10,Immigration agents raid dozens of 7-Eleven stores,cnbc.com
2018-01-10,Jimmy Iovine says he's not leaving Apple Music: 'There's still a lot more to do',cnbc.com
2018-01-10,"Your first trade for Wednesday, January 10",cnbc.com
2018-01-10,Dozens more ‘resistance’ books scheduled for 2018,cnbc.com
2018-01-10,Live streaming is a key thing to watch in technology,cnbc.com
2018-01-10,"Investment banking boom is likely in 2018, analyst Dick Bove says",cnbc.com
2018-01-10,Trump calls the court system 'broken and unfair' after judge blocks DACA decision,cnbc.com
2018-01-10,What 2 entrepreneurs learned after they won a stay in Fiji with Tony Robbins,cnbc.com
2018-01-10,Top Google recruiter: Google uses this 'shocking' strategy to hire the best employees,cnbc.com
2018-01-10,Bill Gross sees 'decaffeinated bear market' on the way for bonds,cnbc.com
2018-01-10,Mortgage applications shoot up 8.3% to start the year,cnbc.com
2018-01-10,Trump to extend sanctions relief for Iran,cnbc.com
2018-01-10,"US dollar will get slammed if NAFTA dies, analyst Jens Nordvig says",cnbc.com
2018-01-10,Richard Allison to replace Patrick Doyle as Domino's CEO,cnbc.com
2018-01-10,US import prices post smallest gain in five months,cnbc.com
2018-01-10,Minneapolis Fed proposes massive regulation change for big banks,cnbc.com
2018-01-10,More than 100 CEOs pressure Congress to pass immigration bill by shutdown deadline,cnbc.com
2018-01-10,Robot strippers showcased at Las Vegas club,cnbc.com
2018-01-10,China's inflation outlook should slow slightly in 2018 on a high base effect,cnbc.com
2018-01-10,Millennial moms our 'dream customer': Children's Place CEO,cnbc.com
2018-01-10,Buffett on cryptocurrencies: 'I can say almost with certainty that they will come to a bad ending',cnbc.com
2018-01-10,10 states where you can stretch your 529 on private school,cnbc.com
2018-01-10,"Britain fines Carphone Warehouse 400,000 pounds over data breach",reuters.com
2018-01-10,"Rates are surging, will bonds be to blame for the end of the bull market?",cnbc.com
2018-01-10,"Billionaire investors — including Tepper, Buffett — say Trump’s ‘huge’ tax cut is bullish for stocks",cnbc.com
2018-01-10,"After 12 years at the helm, two bank CEOs ponder the future",cnbc.com
2018-01-10,"Home equity hits record high, and here's how homeowners are spending it",cnbc.com
2018-01-10,Judges: North Carolina must redraw GOP's gerrymandered map,cnbc.com
2018-01-10,Trump open to US-North Korea talks 'under right circumstances',cnbc.com
2018-01-10,"Canada is increasingly convinced that Trump will pull out of NAFTA: Reuters, citing sources",cnbc.com
2018-01-10,"Trump is inclined to 'just spend money' on infrastructure, but House GOP could have issues with that",cnbc.com
2018-01-10,An obscure tax law might force Newman's Own to put itself up for sale,cnbc.com
2018-01-10,Children's Place CEO: We have the 'dream customer'—millennial moms,cnbc.com
2018-01-10,Trump administration says no oil drilling off Florida coast,cnbc.com
2018-01-10,Dish CEO Erik Carlson: 'We have concerns with AT&T and Time Warner' deal,cnbc.com
2018-01-10,"If you own bitcoin, Buffett's cryptocurrency predictions are scary. How to cope",cnbc.com
2018-01-10,Boeing unveils prototype for unmanned electric cargo air vehicle,cnbc.com
2018-01-10,Bitcoin has little shot at ever being a major global currency,cnbc.com
2018-01-10,Walmart: Here's what people are buying the most in every state,cnbc.com
2018-01-10,Chamber of Commerce CEO Donohue: Leaving NAFTA would mean 'absolute destruction' for the US economy,cnbc.com
2018-01-10,Chinese courier says allegations it inflated profit margins have no merit,cnbc.com
2018-01-10,"Victim search expands as California storm, mudslides kill 15",cnbc.com
2018-01-10,"Bank earnings may disappoint, but it won’t derail an explosive rally this year: Dick Bove",cnbc.com
2018-01-10,"Stocks making the biggest moves premarket: KODK, TGT, DE, SVU & more",cnbc.com
2018-01-10,"'Our products are investment apparel:' Canada Goose CEO on brand loyalty, critics",cnbc.com
2018-01-10,Warren Buffett says two new vice chair appointments are a move toward succession at Berkshire Hathaway,cnbc.com
2018-01-10,How a car that runs on steam doubled in value in 5 years,cnbc.com
2018-01-10,January and its unusual string of new highs is setting a good tone for the market,cnbc.com
2018-01-10,"Buffett partner Charlie Munger says bitcoin, Silicon Valley are bubbles",cnbc.com
2018-01-10,"Trump to Davos, Bannon out: 2018 is shaping up to be a very different year for the president",cnbc.com
2018-01-10,Stocks that benefited under NAFTA fall after report Trump may pull out of trade pact,cnbc.com
2018-01-10,Nestle to pick US chocolate business buyer by end of week: Report,cnbc.com
2018-01-10,Domino's turnaround genius to step down in June,cnbc.com
2018-01-10,California GOP Rep. Darrell Issa will retire: NBC News,cnbc.com
2018-01-10,How a mom's constipation turned into a $33 million cult juggernaut,cnbc.com
2018-01-10,These are the 25 best-paying jobs in America in 2018,cnbc.com
2018-01-10,Report Chinese could stop Treasury buying seen as political but hits raw nerve,cnbc.com
2018-01-10,Saudi Aramco working to raise cheap loans before IPO: Banking sources,cnbc.com
2018-01-10,10 cities with amazing job opportunities right now,cnbc.com
2018-01-10,A power outage leaves part of CES in the dark,cnbc.com
2018-01-10,"This 12-year-old won $25,000 for an invention that helps detect lead in water",cnbc.com
2018-01-10,"Bannon may be gone, but Republicans still have to contend with Trump's unpopularity",cnbc.com
2018-01-10,Renault-Nissan-Mitsubishi launches VC fund alliance,cnbc.com
2018-01-10,Trump stresses 'any' DACA solution 'has to include' a border wall,cnbc.com
2018-01-10,Physical stores critical: Kohl's CEO,cnbc.com
2018-01-10,Alabama gains auto industry clout with new Toyota-Mazda plant,cnbc.com
2018-01-10,GRAINS-Soybeans extend losses into third session as ample supplies weigh,cnbc.com
2018-01-11,Cramer's charts show video game stocks like Take-Two have more room to run,cnbc.com
2018-01-11,A bitcoin conference has stopped taking bitcoin payments because they don't work well enough,cnbc.com
2018-01-11,"Futures Now, January 11, 2018",cnbc.com
2018-01-11,Chinese media warns the US of 'retaliations' from 'all sides' after new Taiwan bills passed,cnbc.com
2018-01-11,One chart is signaling more record highs ahead for stocks: BofA strategist,cnbc.com
2018-01-11,Google quietly acquired a firm that turns a smartphone screen into a speaker,cnbc.com
2018-01-11,What the new tax withholding tables mean for your take-home pay,cnbc.com
2018-01-11,"'Noisy' fourth quarter for banks, but bright 2018 ahead, say analysts",cnbc.com
2018-01-11,Chinese media warns the US of 'retaliations' from 'all sides' after new Taiwan bills passed,cnbc.com
2018-01-11,White House: No deal reached yet on 'DACA',cnbc.com
2018-01-11,MoneyGram shares jump on partnership with bitcoin-rival Ripple,reuters.com
2018-01-11,UPDATE 1-NZ regulator probing PGG Wrightson's top shareholder,cnbc.com
2018-01-11,IBM is reportedly reassigning a third of its global workforce,cnbc.com
2018-01-11,Woman Returns Dead Christmas Tree to Costco on Jan. 4 - Fortune,fortune.com
2018-01-11,Absolutely wrong to downgrade stocks on valuations: Strategist,cnbc.com
2018-01-11,New York City Is Suing Big Oil Over Climate Change,fortune.com
2018-01-11,Cramer makes the bull case for China's move to cut US debt purchases,cnbc.com
2018-01-11,'There's a rhythm to these things:' Domino's Pizza CEO discusses impending departure,cnbc.com
2018-01-11,NYU’s ‘dean of valuation’ says bitcoin cannot be valued,cnbc.com
2018-01-11,Watch: Treasury Secretary Mnuchin discusses new tax withholding tables at White House briefing,cnbc.com
2018-01-11,Crypto class: How to protect your bitcoin gains,cnbc.com
2018-01-11,"A 10 to 15% stock market correction is virtually unavoidable, Blackstone's Byron Wien warns",cnbc.com
2018-01-11,Cramer's charts show video game stocks like Take-Two have more room to run,cnbc.com
2018-01-11,Trump's growth plan depends on a healthy dose of international trade,cnbc.com
2018-01-11,Domino's Pizza CEO on impending departure,cnbc.com
2018-01-11,Why the recent oil rally is just the beginning,cnbc.com
2018-01-11,Private equity giant KKR warns about investment danger from corporate misconduct scandals,cnbc.com
2018-01-11,Carrier lays off more than 200 from Indianapolis factory a year after Trump deal,cnbc.com
2018-01-11,"""Fast Money"" final trades: ERJ, DAL and more",cnbc.com
2018-01-11,Satire: Virtual Reality Headset Perfectly Simulates Future of Total Darkness,fortune.com
2018-01-11,Cramer Remix: Domino’s Pizza proves why stock-picking is still a winning strategy,cnbc.com
2018-01-11,This was Jerry Seinfeld's first joke—and how he knew he'd found his calling as a comedian,cnbc.com
2018-01-11,Oprah shows how California mudslides struck her neighborhood—here's how to help local victims,cnbc.com
2018-01-11,Video game stocks have more room to run,cnbc.com
2018-01-11,Ex-DEA agent turned pot venture capitalist: Legalizing marijuana is good for the economy,cnbc.com
2018-01-11,Investors may 'underestimate' the longer-term impact of the US tax cuts,cnbc.com
2018-01-11,World food prices fall 3.3 pct in December - UN FAO,cnbc.com
2018-01-11,"Wall Street is 'missing the point' when it comes to bonds, market watcher says",cnbc.com
2018-01-11,Why one former bitcoin bull is now shorting the cryptocurrency,cnbc.com
2018-01-11,Trump is likely to keep Iran deal in place — for now. Here's what could happen if he doesn't,cnbc.com
2018-01-11,Authorities raid South Korea's largest cryptocurrency exchanges,cnbc.com
2018-01-11,Why one small Washington town has seen so many bitcoin miners move in,cnbc.com
2018-01-11,Amazon's aggressive poaching tactics in Israel have start-ups threatening to abandon AWS,cnbc.com
2018-01-11,"Data analytics CEO says new 'breakthrough' tech speeds up analysis, helps CEOs make better decisions",cnbc.com
2018-01-11,"South Korea's major cryptocurrency exchanges raided by police, tax authorities",reuters.com
2018-01-11,10 Trades to make at all-time highs,cnbc.com
2018-01-11,China to invest billions of dollars in ally Cambodia,cnbc.com
2018-01-11,MH370 mystery: Search resumes for the plane that went missing nearly four years ago,cnbc.com
2018-01-11,China's premier says 2017 GDP growth expected around 6.9 percent,cnbc.com
2018-01-11,Cindy Crawford Recreated Her 1992 Pepsi Ad for This Year’s Super Bowl,fortune.com
2018-01-11,South Korea Is Cracking Down on Cryptocurrency Exchanges for Alleged Tax Evasion,fortune.com
2018-01-11,Cramer's lightning round: Wait for General Dynamics—it's about to move higher,cnbc.com
2018-01-11,Delta's response to rising costs: The economy's on our side,cnbc.com
2018-01-11,Here’s Why Warren Buffett Swears He’ll Never Invest in Bitcoin,fortune.com
2018-01-11,Cramer makes the bull case for China's move to cut US debt purchases,cnbc.com
2018-01-11,GRAINS-Soybeans falls to 4-month low ahead of USDA crop data,cnbc.com
2018-01-11,Strategist weighs in on why this could become the greatest bull market ever,cnbc.com
2018-01-11,Bull case for China's move to cut US debt purchases,cnbc.com
2018-01-11,Peter Thiel has made an offer to purchase Gawker: Report,cnbc.com
2018-01-11,China's cyber watchdog scolds Ant Financial over user privacy breach,reuters.com
2018-01-11,David Rosenberg: Fed taking on role of 'serial bubble blower' and it won't 'end well',cnbc.com
2018-01-11,One of China's hottest companies was just scolded by Beijing for a privacy breach,cnbc.com
2018-01-11,"After-hours buzz: AMD, EXAS & more",cnbc.com
2018-01-11,Activision Blizzard CEO: Exciting to celebrate best Overwatch players in the world,cnbc.com
2018-01-11,Restricted banking access for the marijuana industry may spell a boom for security business,cnbc.com
2018-01-11,Rwanda's mountain gorillas - Reuters,reuters.com
2018-01-11,Asia Stock Markets Broadly Extend Global Retreat,wsj.com
2018-01-11,Treasury Secretary Mnuchin doesn't think Davos gathering of elites is a 'hangout for globalists',cnbc.com
2018-01-11,The U.S. Marshals Are Auctioning Off $52 Million in Bitcoin Seized from Drug Dealers,fortune.com
2018-01-11,GRAINS-Soybeans steady after 3-day drop as USDA report nears,cnbc.com
2018-01-11,"Cramer shares 5 reasons why the retail sector is back in action, according to industry executives",cnbc.com
2018-01-11,Trump says his physical better go well or the stock market will not be happy,cnbc.com
2018-01-12,Cramer prepares investors for the big banks' Friday earnings reports,cnbc.com
2018-01-12,"Morgan Stanley makes a bull case for Amazon in 2018, and sees it hitting $1 trillion in market cap",cnbc.com
2018-01-12,Trump tackling China's trade dominance will not alienate rest of the world: James Rubin,cnbc.com
2018-01-12,Amazon CEO Jeff Bezos is making a big donation to help dreamers,fortune.com
2018-01-12,China Reports Biggest-Ever Annual Trade Surplus With U.S.,wsj.com
2018-01-12,Why Cameron Winklevoss drives an 'old SUV' even though the twins are bitcoin billionaires,cnbc.com
2018-01-12,GRAINS-Wheat drops most since August after USDA acreage surprise,cnbc.com
2018-01-12,"BlackRock's Fink, who oversees $6 trillion, says he's still 'quite bullish' on stocks due to global growth",cnbc.com
2018-01-12,GM Wants to Launch a Self-Driving Car Without a Steering Wheel or Pedals,fortune.com
2018-01-12,"New York state tax officials seized, sold Shkreli's Nazi code machine — and more items",cnbc.com
2018-01-12,Elon Musk Attended Infamously Lewd Silicon Valley Party—Thought It Was a Costume Party,fortune.com
2018-01-12,Bank earnings generally where we thought: Vining Sparks' Marty Mosby,cnbc.com
2018-01-12,Trump claims Mexico will 'indirectly' pay for a wall through NAFTA,cnbc.com
2018-01-12,Bitcoin's wild week,cnbc.com
2018-01-12,Original Mouseketeer Doreen Tracey Dies Aged 74 - Fortune,fortune.com
2018-01-12,Here are the 10 most important stories for investors Friday morning,cnbc.com
2018-01-12,"Health care top issue for voters, and could hurt Republicans in 2018 midterms",cnbc.com
2018-01-12,Trump sabotaged his triumphant week,cnbc.com
2018-01-12,Jeff Bezos donated $33 million to pay 'dreamers'' tuition. Here are 8 other CEOs who've spoken up,cnbc.com
2018-01-12,Walmart's bonuses: Here's what workers will receive,cnbc.com
2018-01-12,Volkswagen's Canadian unit agrees to settle class action lawsuit - Reuters,reuters.com
2018-01-12,The US Army files a complaint about the team name and colors of NHL's Vegas Golden Knights,cnbc.com
2018-01-12,"Walmart plans to cut 1,000 corporate jobs",cnbc.com
2018-01-12,"Closing some Sam's Club stores allows Walmart to focus on what works, says ex-US chief",cnbc.com
2018-01-12,"US retail sales rise, while core sales are revised sharply higher",cnbc.com
2018-01-12,California Residents Recount Harrowing Floods and Mudslides,wsj.com
2018-01-12,VATICAN: 'HARSH AND OFFENSIVE'...,reuters.com
2018-01-12,"White House doesn't deny that President Trump referred to Haiti, African nations as 's---hole' countries",cnbc.com
2018-01-12,"Fiat Chrysler recalls 162,000 minivans over glitch that may cause stall",cnbc.com
2018-01-12,CES is now mostly about ideas - there are few products you'll ever actually buy,cnbc.com
2018-01-12,ETFs tracking the big moves in Dow,cnbc.com
2018-01-12,Vivo's new phone hides the fingerprint scanner beneath the screen,cnbc.com
2018-01-12,Japan protests to China over submarine near disputed islands,reuters.com
2018-01-12,Twitter surges after Facebook says it will curtail news in users' feeds,cnbc.com
2018-01-12,"US ambassador to Panama resigns, says cannot serve Trump",cnbc.com
2018-01-12,"The tool Uber used to shield data during police raids is no longer in use, the company says",cnbc.com
2018-01-12,"Trump's racial provocations, so shocking in the White House, helped get him there",cnbc.com
2018-01-12,"Whoops, analyst downgrades Facebook stock hours after recommending it as shares tanked",cnbc.com
2018-01-12,Jeff Bezos just donated $33 million in college scholarships for 'dreamers',cnbc.com
2018-01-12,The cities with the best and worst credit scores,cnbc.com
2018-01-12,Financial expert Suze Orman: This one question about money always 'makes me crazy’,cnbc.com
2018-01-12,"After rejecting Uber, London renews Addison Lee's license",reuters.com
2018-01-12,"Farmers post record crop for soybeans, peanuts, canola, hops",cnbc.com
2018-01-12,"Markets could weaken by mid-2018 amid tax reform's 'horrendous' timing, Morgan Stanley projects",cnbc.com
2018-01-12,"US steel probe wraps up, Trump to decide action plan",cnbc.com
2018-01-12,Why watch other people play video games? What you need to know about esports,cnbc.com
2018-01-12,Paul Ryan doesn't think House will do entitlement reform this year,cnbc.com
2018-01-12,"Brainstorm Health: Serena Williams Childbirth, Telemedicine and Weight Loss, Trump Checkup - Fortune",fortune.com
2018-01-12,"Delta Air Lines apologizes after listing Taiwan, Tibet as countries on website",reuters.com
2018-01-12,Russian and Turkish foreign ministers discuss Syria by phone: Russia,reuters.com
2018-01-12,"'I feel betrayed' by Bannon, Trump says",cnbc.com
2018-01-12,"After a patent mega-millionaire bought a bitcoin, it gave him an even bigger investing idea",cnbc.com
2018-01-12,Capital spending in China is starting to improve,cnbc.com
2018-01-12,US politicians react harshly to Trump's reported 's---hole' comments,cnbc.com
2018-01-12,Chevron and ConocoPhillips could be key drivers in the energy rally,cnbc.com
2018-01-12,"Here's how I cooked 5 different, healthy dinners for only $20",cnbc.com
2018-01-12,"If Jay Leno had to start over, here's what he would do",cnbc.com
2018-01-12,"Korea talks ease war fears in Washington, but for how long?",reuters.com
2018-01-12,South Korean ministry weighing cryptocurrency trading ban says there'll be 'careful consideration',cnbc.com
2018-01-12,This robot will fold your laundry in 2 to 4 minutes,cnbc.com
2018-01-12,Billionaire Richard Branson reveals what he's most excited about for 2018,cnbc.com
2018-01-12,One former Fed governor is worried that no one is worried about the strong economy,cnbc.com
2018-01-12,Facebook should get rid of its news product entirely,cnbc.com
2018-01-12,Search for survivors of devastating California mudslide enters third day,reuters.com
2018-01-12,"Facebook's stock is tanking — but Wall Street analysts aren't too worried, for now",cnbc.com
2018-01-12,This tax move Trump used could get wealthy investors in hot water with the IRS,cnbc.com
2018-01-12,GameStop tanks 11% after it says people are not upgrading smartphones at phone-selling locations,cnbc.com
2018-01-12,"Google had to delete 60 apps, many aimed at kids, after they showed users pornographic content",cnbc.com
2018-01-12,Annual retail meetup reveals caution toward industry and skepticism over tax windfall,cnbc.com
2018-01-12,S&P cuts Brazil credit rating as pension reform doubts grow,cnbc.com
2018-01-12,Trump said 'pretty Korean' analyst should negotiate with North Korea based on her ethnicity: NBC,cnbc.com
2018-01-12,Planetary Resources' new satellite launch is big step in the mission to mine water from asteroids,cnbc.com
2018-01-12,Here’s how many credit cards you need,cnbc.com
2018-01-12,Intel just warned that its patches can cause problems for some chips,cnbc.com
2018-01-12,Liberty Oilfield Services shares soar on new fracking IPO,cnbc.com
2018-01-12,China's 2017 exports rose 10.8% in yuan terms — imports jumped 18.7%,cnbc.com
2018-01-12,Cramer explains the nonsensical action in oil and airline stocks,cnbc.com
2018-01-12,What Canada can teach the US about immigration reform,cnbc.com
2018-01-12,"BlackRock CEO Larry Fink: GOP tax law will do 'wonderful things,' adding 1% to economic growth",cnbc.com
2018-01-12,Focus on equity valuations over political risk,cnbc.com
2018-01-12,Jeff Bezos celebrates birthday by giving $33 million to 'dreamers',cnbc.com
2018-01-12,Corporations may dodge billions in US taxes through new loophole,cnbc.com
2018-01-12,Memory chip demand is on a hot streak,cnbc.com
2018-01-12,"Efforts to take Nordstrom private resume, say sources",cnbc.com
2018-01-12,Researchers find pop-up porn malware on Google game apps,reuters.com
2018-01-12,"From bitcoin to central bankers, here’s how to manage market risk in 2018",cnbc.com
2018-01-12,"Trump denies he called countries s---holes, rejects senators’ DACA deal",cnbc.com
2018-01-12,"Bonds entering the ‘danger zone,’ market watcher says",cnbc.com
2018-01-12,Philippines forms panel to look into new 'comfort women' statue,reuters.com
2018-01-12,"The Trump-GOP tax plan is going to hurt Mexico, says BlackRock CEO Larry Fink",cnbc.com
2018-01-12,"Amazon's latest patents are focused on video, augmented reality and the connected home",cnbc.com
2018-01-12,"Walmart Wages, NSA Spying, Dropbox IPO: CEO Daily for January 12, 2018",fortune.com
2018-01-12,JP Morgan lost $143 million last quarter on a loan to a single mystery client,cnbc.com
2018-01-12,"Stocks making the biggest moves premarket: BLK, JPM, HUM, ANTM, DKS, AXP & more",cnbc.com
2018-01-12,"Facebook is massively changing its News Feed, and it may mean people spend less time on it",cnbc.com
2018-01-12,"As shutdown looms, GOP party leaders lose touch with their base",cnbc.com
2018-01-12,Mnuchin wants to make sure 'bad people cannot use [cryptocurrencies] to do bad things',cnbc.com
2018-01-12,Saks president on artificial intelligence: 'We don't need A.I. in our stores. We have I',cnbc.com
2018-01-12,Cybersecurity firm says US Senate in Russian hackers’ crosshairs,cnbc.com
2018-01-12,Wells Fargo beats earnings estimates but just misses on revenue; shares fall more than 1%,cnbc.com
2018-01-12,Doctors will have to be more like actors as A.I. gains momentum: Zocdoc CEO,cnbc.com
2018-01-12,Canadian companies struggle to plan for post-NAFTA world,cnbc.com
2018-01-12,"GRAINS-Soybeans fall, set to finish the week down 2 percent",cnbc.com
2018-01-12,"After a miserable 2017, VCs offer predictions on digital health IPOs for 2018",cnbc.com
2018-01-12,Trump rejects senators' bipartisan 'Dreamer' immigration plan,reuters.com
2018-01-12,Fed's Kaplan warns of unemployment 'overshoot' that could lead to a recession,cnbc.com
2018-01-12,Controversial 'Fire and Fury' book about Trump may bring in over $7.4 million,cnbc.com
2018-01-12,"Goldman CEO Blankfein jabs at Trump: 'Despite all the sh*t, American values will shine through'",cnbc.com
2018-01-12,Trump says the new London US embassy is ‘off location’ but it's good enough for Apple,cnbc.com
2018-01-12,"Cramer shares 5 reasons why the retail sector is back in action, according to industry executives",cnbc.com
2018-01-12,"Fiat Chrysler to invest more than $1 billion in Michigan plant and give $2,000 bonuses in response to tax reform",cnbc.com
2018-01-12,Here's a map of where Walmart is closing more than 60 Sam's Club stores,cnbc.com
2018-01-12,Sen. Lindsey Graham: 'I said my piece' to Trump following his immigration comments,cnbc.com
2018-01-12,Bernstein unveils its 'high conviction' stock picks of 2018,cnbc.com
2018-01-12,"Hot tech stock Activision will keep surging, says trader",cnbc.com
2018-01-12,UPDATE 1-S&P cuts Brazil debt rating as pension reform doubts grow,cnbc.com
2018-01-12,Markets getting increasingly comfortable with more rate hikes this year,cnbc.com
2018-01-12,"T. Boone Pickens closes energy hedge fund, cites diminishing health",cnbc.com
2018-01-12,Norway's DNB wins class action case over fund charges - Reuters - Reuters,reuters.com
2018-01-12,What it looks like inside an actual bitcoin mining operation,cnbc.com
2018-01-12,Kohl's shares surge after two banks upgrade the retailer making a comeback,cnbc.com
2018-01-12,10 misused words that make smart people look stupid,cnbc.com
2018-01-12,How the IRS will treat those one-time tax bill bonuses,cnbc.com
2018-01-12,US core consumer prices post biggest gain in 11 months,cnbc.com
2018-01-12,Cramer Remix: Boeing is a better bet than bitcoin,cnbc.com
2018-01-12,Under-the-radar store closures are leaving big gaps and putting more malls at risk,cnbc.com
2018-01-12,No pedal to the metal in GM's planned self-driving Cruise AV car,reuters.com
2018-01-12,Self-driving cars take over CES: Here's how big tech is playing the market,cnbc.com
2018-01-12,‘They’re Hunting. The People Are Hungry!’ Venezuelans Are Rioting Over Food Shortages,fortune.com
2018-01-12,"Dropbox still isn't worth $10 billion, but its valuation has been creeping up",cnbc.com
2018-01-12,BlackRock earnings beat expectations; assets under management over $6 trillion,cnbc.com
2018-01-13,5 Key Things to Know About Haiti After Donald Trump’s Insult,fortune.com
2018-01-13,House Republicans Want Answers on Apple Throttling Older iPhone Speeds,fortune.com
2018-01-13,Cramer's lightning round: Estee Lauder's CEO makes this stock a beauty,cnbc.com
2018-01-13,Ex-mobile phone industry executive gets five years for text message scam,reuters.com
2018-01-13,"U.S. ultimatum on nuclear deal, new sanctions draw Iran threat",reuters.com
2018-01-13,Cramer gets bullish on casino stocks like Wynn Resorts as Macau prospects improve,cnbc.com
2018-01-13,Brazil's Meirelles says S&P downgrade will not affect growth,cnbc.com
2018-01-13,"For $16,000 this robot will fold your laundry, but not your socks",cnbc.com
2018-01-13,"Disney says Sheryl Sandberg, Jack Dorsey are leaving its board as Facebook, Twitter push into media",cnbc.com
2018-01-13,Earnings will be the next test for the seemingly unstoppable $30 trillion stock market,cnbc.com
2018-01-13,Why Apple Could Soon Save More Than $4 Billion in Taxes,fortune.com
2018-01-13,Mark Zuckerberg Wants to Fix Facebook: Here Are 5 Ways He Can Do That,fortune.com
2018-01-13,"Walmart’s timing is 'ridiculous,' ‘there’s no strategy here,’ says brand analyst",cnbc.com
2018-01-13,New Trump policy could strengthen role of nuclear weapons,cnbc.com
2018-01-13,Cramer's game plan: JP Morgan set the benchmark. Now watch the banks,cnbc.com
2018-01-13,Facebook's Sheryl Sandberg and Twitter's Jack Dorsey Will Exit Disney's Board - Fortune,fortune.com
2018-01-13,Russia says it killed rebels behind swarm drone attack in Syria; experts see more such strikes ahead,cnbc.com
2018-01-13,RPT-EMERGING MARKETS-Brazil stocks brush off S&P downgrade; Mexican peso recovers,cnbc.com
2018-01-13,U.S. lifts ban on pork imports from Mexico,cnbc.com
2018-01-13,"After bitcoin’s rough week, currency strategist marks the next level to watch",cnbc.com
2018-01-13,Commentary: Kodak’s New Cryptocurrency: Ridiculous or Genius?,fortune.com
2018-01-13,FCC launching full inquiry...,reuters.com
2018-01-13,"Yogurt is cool, so deal talk is heating up",cnbc.com
2018-01-14,Diet Coke Is In Decline. And the Latest Revamp Might Not Help,fortune.com
2018-01-14,China absence looms over Canada meeting on how to pressure North Korea,reuters.com
2018-01-14,Exclusive: Metropolitan Bank Halts International Cryptocurrency-Related Wire Transfers,fortune.com
2018-01-14,Airbnb Has Some Breathtaking Listings in ‘Shithole’ Countries,fortune.com
2018-01-15,Ford Plans to Invest $11 Billion to Electrify Its ‘Most Iconic’ Vehicles,fortune.com
2018-01-15,MLK Day: Employers giving paid time off has reached an all-time high,fortune.com
2018-01-15,Woman dies after fire engulfs casino shuttle boat off Florida's Gulf Coast; 14 others injured,cnbc.com
2018-01-15,SoftBank flirts with wireless unit IPO that could be Japan's biggest in two decades,fortune.com
2018-01-15,BlackBerry launches cybersecurity software for self-driving cars,reuters.com
2018-01-15,This investor is keeping a close on on liquidity for Asian markets,cnbc.com
2018-01-15,Everybody Loves Raymond creator debuts new foodie show on Netflix,cnbc.com
2018-01-15,President Trump Says He Is ‘the Least Racist Person’,fortune.com
2018-01-15,Jaguar Land Rover to open R&D center for automated tech in Ireland,reuters.com
2018-01-15,Marcus Williams owns up to costly mistake on Saints’ last-second lapse vs. Vikings,cnbc.com
2018-01-15,Toyota Is Finally Adding Apple CarPlay,fortune.com
2018-01-15,China to block cryptocurrency platforms that allow centralized trading: Bloomberg,reuters.com
2018-01-15,Washington DC subway train derails; no injuries were reported,cnbc.com
2018-01-15,ADB sees another strong growth year in 2018,cnbc.com
2018-01-15,Hong Kong has moved to explain its policies in political debate,cnbc.com
2018-01-15,Here are the big reveals from the 2018 Detroit Auto Show,cnbc.com
2018-01-15,How North Korea's 2018 playbook may work,cnbc.com
2018-01-15,Bidder for the Weinstein Company says bankruptcy protection may be best the option,cnbc.com
2018-01-15,"Suicide attack in Baghdad kills at least 16, wounds 65: ministry says",reuters.com
2018-01-16,"Why China's commodity prices are rising, according to one Haitong strategist",cnbc.com
2018-01-16,Merck shares jump after combination trial shows Keytruda extends lung cancer survival,cnbc.com
2018-01-16,Spotify IPO: What You Need to Know About This Unusual Event,fortune.com
2018-01-16,"Amazon is a ‘monster’ set to continue its winning streak, analysts say",cnbc.com
2018-01-16,Energy off to a strong start in 2018,cnbc.com
2018-01-16,"Dow hits 26,000 points at the open",cnbc.com
2018-01-16,Chinese carmaker Chery to use Nvidia's self-driving technology,reuters.com
2018-01-16,Cashing Out - Wall Street Journal,wsj.com
2018-01-16,Analyst Dick Bove calls JP Morgan 'probably the best bank I have ever followed in 5 decades',cnbc.com
2018-01-16,Qualcomm urges investors to resist Broadcom takeover,cnbc.com
2018-01-16,The Dow transports average just completed a remarkable stretch,cnbc.com
2018-01-16,"As Greater China shares push higher, one strategist discusses the PBOC",cnbc.com
2018-01-16,Trump says he wants more immigrants from 'everywhere',cnbc.com
2018-01-16,President Trump's First Year in Office,wsj.com
2018-01-16,Petrobras not eyeing shareholder settlements elsewhere unless forced by law,cnbc.com
2018-01-16,"Kudlow: Trump not inclined to pull out of NAFTA, but status 'is subject to daily change'",cnbc.com
2018-01-16,2018's unbridled stock surge may signal the 'overshoot' phase of this bull market is underway,cnbc.com
2018-01-16,Trump moving from rhetoric into real policy is one of 2018's biggest risks: Pro,cnbc.com
2018-01-16,"Fiat Chrysler CEO Sergio Marchionne To Step Down, Warns Auto Industry of Commoditization",fortune.com
2018-01-16,"The Dow's hit 26,000, and one traders says the rally won't stop there",cnbc.com
2018-01-16,Steve Bannon reportedly gets subpoenaed to testify in Russia investigation,cnbc.com
2018-01-16,Jay Leno's No. 1 rule for first-time car buyers,cnbc.com
2018-01-16,Credit Suisse shares its favorite chip stock picks for earnings season,cnbc.com
2018-01-16,U.S. warns investors over Venezuela's 'petro' cryptocurrency,reuters.com
2018-01-16,How robot math and smartphones led researchers to discover new cancer drug,cnbc.com
2018-01-16,Serena Williams shares the No. 1 lesson she hopes to teach her daughter,cnbc.com
2018-01-16,"Bitcoin is a pyramid scheme, it makes no sense: Richard Kovacevich",cnbc.com
2018-01-16,The Wall Street Journal: Democratic administration faces challenges as Chris Christie era ends in New Jersey,wsj.com
2018-01-16,"Stocks making the biggest moves premarket: GE, UNH, PG, AN, DIS, WMT & more",cnbc.com
2018-01-16,Uber to introduce mandatory rest breaks for UK drivers,reuters.com
2018-01-16,Technician who called crude rally now sees this,cnbc.com
2018-01-16,Media families rethinking approaches after Fox-Disney deal,cnbc.com
2018-01-16,"Trump can't be shamed into a DACA deal, even with a government shutdown looming",cnbc.com
2018-01-16,US lawmakers urge AT&T to cut commercial ties with Huawei: Reuters,cnbc.com
2018-01-16,"Amazon to pop 23% this year to near $800 billion value, says Wall Street's new biggest bull on stock",cnbc.com
2018-01-16,Here are the 10 most important stories for investors Tuesday morning,cnbc.com
2018-01-16,Bitcoin Can’t Save the World’s Autocrats From the Sanctions Squeeze,fortune.com
2018-01-16,"Bitcoin plunges below $12,000 to six-week low over crackdown fears",cnbc.com
2018-01-16,"Crypto carnage could hit stocks, Wells Fargo warns",cnbc.com
2018-01-16,Qantas Airways Has Changed Its Website After a Warning From China,fortune.com
2018-01-16,Asian shares look set to open little changed; dollar in the doldrums,cnbc.com
2018-01-16,"JD.com, VNG Corp lead investment in Vietnamese e-commerce firm Tiki.vn",reuters.com
2018-01-16,Financial services firms need to step up to serve — not exploit — to regain consumer trust,cnbc.com
2018-01-16,Trump ends 1st year with lowest average approval rating,cnbc.com
2018-01-16,Citigroup Promises to Bridge the Pay Gap in Three Countries,fortune.com
2018-01-16,The top 10 private colleges with generous financial aid packages,cnbc.com
2018-01-16,"When Jack Black's Polka King comes selling investments, you should run",cnbc.com
2018-01-16,Boeing to form joint venture with Adient to develop airplane seats,cnbc.com
2018-01-16,"GRAINS-Wheat falls, lingers near one-month low on USDA forecast",cnbc.com
2018-01-16,"Jared Kushner reportedly was warned about his ties to Wendi Deng Murdoch, ex-wife of Rupert Murdoch",cnbc.com
2018-01-16,A lot of positive tailwinds for financials and the market: Richard Kovacevich,cnbc.com
2018-01-16,Panama Hotel votes to drop Trump — but his company won’t go,cnbc.com
2018-01-16,H&R Block shares jump after announcing exclusive partnership with Walmart,cnbc.com
2018-01-16,China needs to liberalize its currency if it wants it to be used more for trade: Haitong,cnbc.com
2018-01-16,"Why Saudi Aramco, the world's largest oil company, is trying to make vehicle engines more efficient",cnbc.com
2018-01-16,DHS secretary Nielsen says she doesn't recall Trump vulgarity,cnbc.com
2018-01-16,Big banks raise oil price targets on strong demand and OPEC output cuts,cnbc.com
2018-01-16,The winners and losers of the Detroit Auto Show,cnbc.com
2018-01-16,Hess to cut hundreds of workers as it battles activist investor: Report,cnbc.com
2018-01-16,"Stock market peak still at least a year away, fund managers say in Bank of America survey",cnbc.com
2018-01-17,BRIEF-Google Says Starting In July Page Speed Will Be Ranking Factor For Mobile Searches - Blog‍​,reuters.com
2018-01-17,Former Trump aide Bannon refuses to comply with House subpoena,cnbc.com
2018-01-17,IBM shares rise after Barclays double upgrade,reuters.com
2018-01-17,Fashion is getting personal as brands battle for shoppers,cnbc.com
2018-01-17,Dunkin' debuts a mobile order drive-thru at its new concept store,cnbc.com
2018-01-17,"If you invested $1,000 in Nike 10 years ago, here’s what you’d have now",cnbc.com
2018-01-17,How Democrats can neutralize GOP tax law,cnbc.com
2018-01-17,IBM shares jump 2% after Barclays upgrade: 'The worst may finally be over',cnbc.com
2018-01-17,2017 Chinese foreign direct investment fell 35% in North America: Baker & McKenzie,cnbc.com
2018-01-17,"Watch: Facebook, Google and Twitter testify before Congress on extremist content",cnbc.com
2018-01-17,"Trump administration plans to shield health staff refusing to do abortions, treat transgender people",cnbc.com
2018-01-17,NFL star rookie Alvin Kamara took his bonus and bought chicken wings—here's why it was smart,cnbc.com
2018-01-17,"Google wants to make A.I. easier to use, starting with image recognition",cnbc.com
2018-01-17,Cramer: Heed Bank of America's warning on bitcoin,cnbc.com
2018-01-17,Here are the 10 most important stories for investors Wednesday morning,cnbc.com
2018-01-17,Last wave of Chipotle's price hike hits restaurants this week,cnbc.com
2018-01-17,"Tiffany's holiday sales jump 8 percent, boosted by growth in China and Europe",cnbc.com
2018-01-17,"Stocks are now in 'complete bitcoin territory,' asset manager says",cnbc.com
2018-01-17,"The market may still be rosy, but advisors say investors shouldn't get complacent.",cnbc.com
2018-01-17,Richard Branson says the 3 skills all successful CEOs need are not taught in schools,cnbc.com
2018-01-17,raceAhead: Invest In Tomorrow’s Luminaries,fortune.com
2018-01-17,Chinese investments have had a positive impact on Serbia: Former government advisor,cnbc.com
2018-01-17,Johnson & Johnson trying to sell its diabetes care business to Chinese buyers for up to $4 billion,cnbc.com
2018-01-17,"'Dreamers are the ultimate political pawn,' says Republican Cuban-exile Carlos Gutierrez",cnbc.com
2018-01-17,"'Unfollow' your way to a better, happier life, suggests guru Gabby Bernstein",cnbc.com
2018-01-17,Cramer: Investors should heed Bank of America's warning on bitcoin,cnbc.com
2018-01-17,These childhood hobbies may have helped Warren Buffett become a billionaire,cnbc.com
2018-01-17,White House says phone call with Bannon's lawyer during testimony was 'standard procedure',cnbc.com
2018-01-17,"Cryptocurrencies will replace 'some or all' paper money, investor James Altucher says",cnbc.com
2018-01-17,J&J attracts Chinese interest for its diabetes business in a potential $3B to $4B deal,cnbc.com
2018-01-17,Bitcoin-related ETFs allow investors to increase blockchain exposure,cnbc.com
2018-01-17,Cramer's 5 cardinal rules of engagement with the bull market,cnbc.com
2018-01-17,How much a $1.5 million race car would be worth had it won the Indy 500,cnbc.com
2018-01-17,Apple plans to open a second US campus as part of expansion,cnbc.com
2018-01-17,Jeff Flake delivers searing condemnation of Trump's war on the press,cnbc.com
2018-01-17,So you are a 401(k) plan ‘millionairess.’ Now what?,cnbc.com
2018-01-17,Stock market's rapid January rise has already surpassed many full-year forecasts from Wall Street,cnbc.com
2018-01-17,"Visa CEO: We won't process transactions in bitcoin, because it's not a payment system",cnbc.com
2018-01-17,"Steve Bannon reportedly strikes a deal with Mueller, will avoid grand jury—for now",cnbc.com
2018-01-17,"A protracted cryptocurrency crash would 'spill over' into stocks, Wells Fargo warns",cnbc.com
2018-01-17,"World entering 'critical period of intensified risks' in 2018, WEF says",cnbc.com
2018-01-17,"How to step back when you know you're a micromanager, according to Marcus Lemonis",cnbc.com
2018-01-17,British Airways Turns Away Passenger Wearing 10 Layers of Clothing,fortune.com
2018-01-17,"Home builder confidence falls from 18-year high, but it's still strong",cnbc.com
2018-01-17,Rolls-Royce shares jump as commercial marine unit goes on the block,cnbc.com
2018-01-17,"Trump, in new interview, accuses Russia of helping North Korea evade sanctions",cnbc.com
2018-01-17,Apple gets one of its most bullish forecasts yet after Bank of America predicts surge to $1.1 trillion,cnbc.com
2018-01-17,Trump’s Physical Exam Inadvertently Sparks #Girther Movement,fortune.com
2018-01-17,Top 10 best jobs of 2018,cnbc.com
2018-01-17,"Bull market may find it hard to keep this momentum, but that doesn't mean it's over",cnbc.com
2018-01-17,6 big medical advancements to expect in 2018,cnbc.com
2018-01-17,Apple is breaking out — here’s how to trade it,cnbc.com
2018-01-17,White House official: House intel panel broke an agreement on limiting scope of questions for Bannon...,cnbc.com
2018-01-17,Paul Ryan: We won’t bring a DACA bill that the president won’t support,cnbc.com
2018-01-17,Mester advocates for Fed to use rules-based approach when setting interest rates,cnbc.com
2018-01-17,"Apple and two others could propel the Dow to 27,000",cnbc.com
2018-01-17,"Senate will take up an immigration bill when it figures out what Trump wants, Mitch McConnell says",cnbc.com
2018-01-17,"The top reason why graduate students choose their school: Hint, it’s not the cost",cnbc.com
2018-01-17,"Early reviews heap praise on Tesla's Model 3, with a few caveats",cnbc.com
2018-01-17,Visa CEO on bitcoin: People want a fair exchange of value,cnbc.com
2018-01-17,Goldman's connoisseur-president bilked of $1.2 million in rare wine,cnbc.com
2018-01-17,"Bannon reportedly said he talked to Spicer, Priebus about 2016 Trump Tower meeting with Russians",cnbc.com
2018-01-17,Billionaire Mark Cuban says the Dallas Mavericks will accept bitcoin next season,cnbc.com
2018-01-17,Paul Ryan warns Democrats against 'playing political games' with government shutdown,cnbc.com
2018-01-17,Stock market optimism from pros reaches highest level in nearly 32 years,cnbc.com
2018-01-17,General Electric shares slide as breakup talk heats up,cnbc.com
2018-01-17,"Few large companies say they'll use tax savings to boost wages, CNBC survey finds",cnbc.com
2018-01-17,"Fed's Beige Book: US economy, inflation growing at modest-to-moderate pace",cnbc.com
2018-01-17,Here's how former US president Barack Obama spent his first day out of office nearly a year ago,cnbc.com
2018-01-17,"Crude could get to $74 this year, but not before a pullback, says the trader who called the rally",cnbc.com
2018-01-17,Microsoft tops Thomson Reuters top 100 global tech leaders list,reuters.com
2018-01-17,What the US can learn from Sweden about how to launch a bitcoin fund,cnbc.com
2018-01-17,White House backs GOP's short-term spending bill — but Lindsey Graham says he's against it,cnbc.com
2018-01-17,"Apple is giving $2,500 stock awards to some employees",cnbc.com
2018-01-17,"Koreas to form unified ice hockey team, march together in Winter Olympics",cnbc.com
2018-01-17,"Trump takes hard line on immigration, rejects 'horrible' bipartisan plan",cnbc.com
2018-01-17,"Netflix to beat subscriber expectations for fourth quarter, analyst predicts",cnbc.com
2018-01-17,"Facebook, Google tell Congress they're fighting extremist content with counterpropaganda",cnbc.com
2018-01-17,Google is missing out on billions of dollars by not having an app store in China,cnbc.com
2018-01-17,Judith McKenna is named president and CEO of Walmart International,cnbc.com
2018-01-17,Frigid photos of the snow-ravaged South,cnbc.com
2018-01-17,'The free press is the despot’s enemy': Read Flake's Senate speech condemning Trump,cnbc.com
2018-01-17,How 'Grey’s Anatomy' star Ellen Pompeo went from barely paying rent to earning $20 million a year,cnbc.com
2018-01-17,Why Wall Street Is Ignoring “CAPE” Fear,fortune.com
2018-01-17,It looks like Apple is bringing back home nearly all of its $250 billion in foreign cash,cnbc.com
2018-01-17,Zuckerberg: Unresolved DACA status is a 'basic question of whether our government works',cnbc.com
2018-01-17,"Day traders tempted by bitcoin's recent plunge are going to 'get slaughtered,' says blockchain entrepreneur",cnbc.com
2018-01-17,Rupert Murdoch is working from home after suffering a back injury,cnbc.com
2018-01-17,Watch Paul Ryan and House GOP leaders speak as Congress scrambles to avoid government shutdown,cnbc.com
2018-01-17,Steve Ballmer deserves his due as a great CEO,cnbc.com
2018-01-17,"Stocks will pull back into February, says BTIG. Here's where to hide out",cnbc.com
2018-01-17,Watch: President Trump honors former Sen. Bob Dole,cnbc.com
2018-01-17,A 'black swan' event could threaten China's financial stability,cnbc.com
2018-01-17,"Bank of America posts earnings beat, excluding tax charge",cnbc.com
2018-01-17,Cboe bitcoin futures contracts set to expire Wednesday,cnbc.com
2018-01-17,Bitcoin tests important price level after dramatic plunge,cnbc.com
2018-01-17,An immigration deal in DC needs E-Verify to really work,cnbc.com
2018-01-17,Apple will boost its spending on data centers by $10 billion over the next 5 years,cnbc.com
2018-01-17,Ripple co-founder loses $44 billion on paper during cryptocurrency crash,cnbc.com
2018-01-17,Democrats flip Wisconsin district that Trump won by 17 points,cnbc.com
2018-01-17,Under threat: Cyber security startups fall on harder times,reuters.com
2018-01-17,The advice from Shonda Rhimes that helped Ellen Pompeo land a $20 million contract,cnbc.com
2018-01-17,Why billionaire Richard Branson believes everyone could benefit from a shorter workweek,cnbc.com
2018-01-17,Ford shares fall after giving disappointing 2018 EPS guidance,cnbc.com
2018-01-17,Coming to a grocery store near you: Self-driving shopping carts and smart shelves,cnbc.com
2018-01-17,Goldman shares take hit after bank says tax break will be less than hoped,cnbc.com
2018-01-17,Trump casts doubts on talks with North Korea,cnbc.com
2018-01-17,"Stocks making the biggest moves premarket: GS, BAC, TIF, AAPL, INTC, F & more",cnbc.com
2018-01-17,"Exclusive: Trump takes hard line on immigration, rejects 'horrible' bipartisan plan",reuters.com
2018-01-17,SkyBridge Capital deal with HNA Group still in limbo,cnbc.com
2018-01-17,Goldman Sachs posts EPS of $5.68 vs. est. of $4.91,cnbc.com
2018-01-17,Rare falling meteor causes bright and loud explosion above Michigan,cnbc.com
2018-01-17,"Over $200 billion wiped off the value of cryptocurrencies as bitcoin, ethereum and ripple sink sharply",cnbc.com
2018-01-17,Dow rises more than 100 points at the open on better-than-expected earnings,cnbc.com
2018-01-17,Independent workers better beware of pay-as-you-go tax payments,cnbc.com
2018-01-18,Swiss task force to look into blockchain oversight,reuters.com
2018-01-18,Top energy executive says natural gas industry will need $150 billion of infrastructure investment,cnbc.com
2018-01-18,China's economy grew 6.9 percent year-on-year in 2017,cnbc.com
2018-01-18,UPDATE 1-Brazilian prosecutors ask BNY Mellon unit to return $2.5 bln to local fund,cnbc.com
2018-01-18,"'Potholes are everywhere'—fixing US infrastructure could take 40 years, says Chamber of Commerce CEO",cnbc.com
2018-01-18,Davos is being co-chaired by seven women this year — and no men,cnbc.com
2018-01-18,"Google, Temasek coming in as new investors in Indonesia's Go-Jek: sources",reuters.com
2018-01-18,"Wells Fargo double charges online bill-pay customers, says it's working to correct the glitch",cnbc.com
2018-01-18,New legislation would require lawmakers to pay sexual harassment settlements themselves,cnbc.com
2018-01-18,China Beige Book: China's growth may be understated,cnbc.com
2018-01-18,"Netflix's original content will allow it to raise prices more than expected, Morgan Stanley says",cnbc.com
2018-01-18,Trump administration bars Haitians from U.S. visas for low-skilled work,reuters.com
2018-01-18,GRAINS-Wheat up for 2nd day on short-covering; ample supplies cap gains,cnbc.com
2018-01-18,The best way to pay off your credit card bill,cnbc.com
2018-01-18,How business leaders can stand in support of the #MeToo movement,cnbc.com
2018-01-18,The Dow's 31% gain during Trump's first year is the best since FDR,cnbc.com
2018-01-18,Here's how you can put off retirement like Warren Buffett,cnbc.com
2018-01-18,President Trump Says Quitting NAFTA Would Yield the ‘Best Deal’ for the U.S.,fortune.com
2018-01-18,This Texas man went from living in a trailer to selling a business for $23 million,cnbc.com
2018-01-18,This financial advisor is riding the bitcoin roller coaster,cnbc.com
2018-01-18,Brazilian prosecutors ask BNY Mellon to return $2.5 bln to local fund,cnbc.com
2018-01-18,China’s Great Leap to Wallet-Free Living | Moving Upstream,wsj.com
2018-01-18,German farm minister sees no timetable for end to glyphosate use,cnbc.com
2018-01-18,"Trump and GOP attack CNN, New York Times and Washington Post in ‘fake news awards’",cnbc.com
2018-01-18,What’s in store for China’s economy?,cnbc.com
2018-01-18,"Lost for 40 years, the 1968 Mustang from 'Bullitt' resurfaces, and Jay Leno gets in the driver's seat",cnbc.com
2018-01-18,5 tax software options for do-it-yourself filers,cnbc.com
2018-01-18,"There's 'no evidence' Tasers reduce police use of firearms, new study shows",cnbc.com
2018-01-18,Self-made billionaire Tilman Fertitta says you should still send handwritten thank you cards,cnbc.com
2018-01-18,Top energy executive says natural gas industry will need 'over $150B of infrastructure investment',cnbc.com
2018-01-18,Cramer's lightning round: I prefer Disney to Twenty-First Century Fox,cnbc.com
2018-01-18,Rising Brazilian ethanol prices open window for U.S. imports,cnbc.com
2018-01-18,Toshiba Agrees to its Sell Westinghouse Nuclear Unit Assets to Boost Capital,fortune.com
2018-01-18,Commentary: 'Religious Liberty' Is Not an Excuse to Deny Transgender People Medical Care - Fortune,fortune.com
2018-01-18,Bill Gates promised to pay off this country's $76 million debt — now he's doing it,cnbc.com
2018-01-18,Apple credits most of $350B plan to repatriation tax holiday,cnbc.com
2018-01-18,Cramer Remix: The real ‘wild card’ behind soaring retail revenues,cnbc.com
2018-01-18,Instagram users are promoting economic policy for pay,cnbc.com
2018-01-18,"Tom Lee, bitcoin's earliest and most bullish forecaster on Wall Street, is even more positive after crash",cnbc.com
2018-01-18,"How Many People Die From Flu and Other Questions, Answered",fortune.com
2018-01-18,Insurers take a hard look at California and see growing wildfire risk,cnbc.com
2018-01-18,"Feds to create unit to protect health workers objecting to doing abortions, treating transgendered",cnbc.com
2018-01-18,Sallie Krawcheck: Personal wealth is key to a woman's confidence,cnbc.com
2018-01-18,"Washington, DC, and Austin are shaping up as strong contenders for Amazon's new headquarters",cnbc.com
2018-01-18,Stock Market Ecstasy: 7 trades,cnbc.com
2018-01-18,'Shark Tank's' Daymond John shares 4 books on success that changed his life,cnbc.com
2018-01-18,Eni launches world's biggest industrial supercomputer,reuters.com
2018-01-18,Texas Instruments' long-time CEO is stepping down after the stock rallied 57% in the past year,cnbc.com
2018-01-18,Here's how much Americans think you need to have 'made it',cnbc.com
2018-01-18,India successfully test-fires a nuclear-capable intercontinental ballistic missile,cnbc.com
2018-01-18,A high schooler interviewed Apple CEO Tim Cook — and he told her his secret to success,cnbc.com
2018-01-18,Wyndham Worldwide to buy La Quinta's hotel business for $1.95 billion,cnbc.com
2018-01-18,Space companies received $3.9 billion in private investment during 'the year of commercial launch',cnbc.com
2018-01-18,"Air coming out of bitcoin bubble, warns Wall Street vet Peter Boockvar",cnbc.com
2018-01-18,Facebook launches 30-city Community Boost program,cnbc.com
2018-01-18,Here are the 10 most important stories for investors Thursday morning,cnbc.com
2018-01-18,"Uber's Kalanick ignored warnings from execs about buying self-driving truck start-up Otto, says report",cnbc.com
2018-01-18,China GDP growth beats expectations,cnbc.com
2018-01-18,Apple and others bringing home foreign cash may be a big enough force to boost the US dollar,cnbc.com
2018-01-18,"Beware the ‘black hole’ that is GE, market watcher warns",cnbc.com
2018-01-18,Cramer still confident on most major banks,cnbc.com
2018-01-18,"Bitcoin rallies more than 30% to briefly top $12,000 in latest wild swing",cnbc.com
2018-01-18,US housing starts down sharply on drop in single-family units,cnbc.com
2018-01-18,Fears of global crackdown fail to dampen cryptocurrency interest,reuters.com
2018-01-18,Billionaires spend millions on luxury tanks—here’s what they're like to ride,cnbc.com
2018-01-18,Newark mayor say he's excited about Amazon HQ2 possibility,cnbc.com
2018-01-18,Apple's Tim Cook makes a $350B pledge to US economy,cnbc.com
2018-01-18,Reedeux Media seeks IPO after first coin offering sells out,reuters.com
2018-01-18,US jobless claims fall to 45-year low,cnbc.com
2018-01-18,Cryptocurrencies steady with ripple bouncing back 30% after ‘severe’ sell-off,cnbc.com
2018-01-18,‘Salt Bae’ Might Spin Off Part of His Restaurant Business for an IPO,fortune.com
2018-01-18,2017 was one of Earth's warmest years on record even without El Nino,cnbc.com
2018-01-18,Cramer: Apple's Tim Cook credits most of $350B plan to repatriation tax holiday,cnbc.com
2018-01-18,A major cancer drugmaker may need to buy its way out of a looming disaster,cnbc.com
2018-01-18,GE shares drop to 6-year low below $17,cnbc.com
2018-01-18,A stat sheet on the 20 city finalists trying to win Amazon's new headquarters,cnbc.com
2018-01-18,"American Express plans to suspend share buyback, citing tax reform",cnbc.com
2018-01-18,American Express set to report earnings after the bell,cnbc.com
2018-01-18,Here’s how cities are reacting to being finalists for Amazon HQ2,cnbc.com
2018-01-18,Big mistake: Choosing a college savings plan based solely on state tax breaks,cnbc.com
2018-01-18,"Trump says his border wall stance hasn't 'evolved,' and insists Mexico will pay for it",cnbc.com
2018-01-18,South Korea's financial regulator says considering shutting down all virtual currency exchanges,reuters.com
2018-01-18,Tour a Hudson Valley Midcentury Modern Dream Home,wsj.com
2018-01-18,"Futures Now, January 18, 2018",cnbc.com
2018-01-18,"Market shrugs off Congressional budget bickering for now, but Goldman sees 35% chance of shutdown",cnbc.com
2018-01-18,"Petroyuan won't be a threat, for now",cnbc.com
2018-01-18,Goldman upgrades Walmart and names it one of the bank's favorite stocks on the tax cut,cnbc.com
2018-01-18,Bitcoin boom and volatility concerns investors as regulators sound alarm,cnbc.com
2018-01-18,Self-made millionaire: The best money advice I ever got came from my grandma when I was 7,cnbc.com
2018-01-18,Cramer remains confident on most major banks after earnings,cnbc.com
2018-01-18,Sam Adams wants to take on imports with its new beer,cnbc.com
2018-01-18,Oprah for president 'mania' raises one important point about women in politics,cnbc.com
2018-01-18,"Ex-assistant to top Goldman exec fled to Rome after admitting wine theft, FBI says",cnbc.com
2018-01-18,How the DC government shutdown drama could impact the market this week,cnbc.com
2018-01-18,"After-hours buzz: IBM, AXP & more",cnbc.com
2018-01-18,Stock market's value under Trump has grown by $6.9 trillion to $30.6 trillion,cnbc.com
2018-01-18,"Stocks making the biggest moves premarket: MS, WMT, WWW, LQ, AAPL, AA & more",cnbc.com
2018-01-18,"Trump vows to campaign intensively for Republicans, but may avoid the primaries",cnbc.com
2018-01-18,This start-up founder has a novel strategy for getting ahead: Telling the truth,cnbc.com
2018-01-18,"It's a buy-the-dip story in the oil markets, says RBC's Helima Croft",cnbc.com
2018-01-18,How Mark Zuckerberg came up with the idea for Facebook,cnbc.com
2018-01-18,"Forget DACA for now, let's keep the government open first, says GOP's Hensarling",cnbc.com
2018-01-18,"Uber ex-CEO Travis Kalanick will officially be a billionaire Thursday, as deal with SoftBank closes",cnbc.com
2018-01-18,Schneider Electric says software bug exploited in watershed hack,reuters.com
2018-01-18,Stocks will continue to churn higher,cnbc.com
2018-01-18,5 leadership lessons that Elton John learned from his ‘darkest hours’,cnbc.com
2018-01-18,'There is no deleveraging in China',cnbc.com
2018-01-18,Trump's consumer protection bureau has an odd budget request: Zero,cnbc.com
2018-01-18,"Exercise? I get more than people think, Trump says",cnbc.com
2018-01-18,IBM set to report earnings after the bell,cnbc.com
2018-01-18,Crude oil at $60 is unsustainable: John Kilduff,cnbc.com
2018-01-18,Digital currency plunge may be healthy for cryptocurrency market,cnbc.com
2018-01-18,"France, Germany to make joint bitcoin regulation proposal at G20 summit",reuters.com
2018-01-18,"If you want to beat S&P 500 in 2018, these 4 international ETFs may do it",cnbc.com
2018-01-18,Here are Morgan Stanley's top 'conviction' stock picks ahead of earnings,cnbc.com
2018-01-18,Football protests could hurt Super Bowl LII viewership,cnbc.com
2018-01-18,"An overlooked, gutsy way for investors to make huge returns",cnbc.com
2018-01-18,Uber partners with taxi firm ComfortDelGro for new Singapore service,reuters.com
2018-01-18,"Latest budget showdown worries Pentagon, risks delaying Trump's military buildup",cnbc.com
2018-01-18,Republicans scramble for votes as threat of a government shutdown looms,cnbc.com
2018-01-18,Steve Wozniak is still on Apple's payroll four decades after co-founding the company,cnbc.com
2018-01-18,Bank of America loses its second head of tech and media banking in less than a year,cnbc.com
2018-01-18,"South Korea is considering shutting down all virtual currency exchanges, regulator says",cnbc.com
2018-01-18,Splunk CEO doubles down on how to get insights from big data,cnbc.com
2018-01-18,"Only 39% of Americans could cover a $1,000 emergency",cnbc.com
2018-01-18,"2017 marked a turning point for capital flows, China currency regulator says",cnbc.com
2018-01-18,Luggage limbo: Bags still missing after JFK airport woes,cnbc.com
2018-01-18,Trump says he called and thanked Tim Cook after Apple revealed its US investment plan,cnbc.com
2018-01-18,Shari Redstone reportedly explores adding new CBS directors in push to merge with Viacom,cnbc.com
2018-01-18,Watch Nancy Pelosi take questions as critical House vote to avoid shutdown looms,cnbc.com
2018-01-18,Jay Leno: The No. 1 mistake people make when buying a car,cnbc.com
2018-01-18,Ignore the bad housing starts number. Builder optimism and buyer demand are high,cnbc.com
2018-01-18,"Trump hasn't made the dollar great again, and he apparently likes it that way",cnbc.com
2018-01-18,"Trump administration's infrastructure plan takes shape, focusing on state, local, and private financing",cnbc.com
2018-01-18,How technology is helping transform BMW's business model,cnbc.com
2018-01-18,Virtual currency meets finance in glitzy Swiss resort,reuters.com
2018-01-18,"Morgan Stanley reports better-than-expected earnings, shares rise",cnbc.com
2018-01-18,Three of the finalists for Amazon's second headquarters are in or near Washington DC,cnbc.com
2018-01-18,Big expectations for Apple's $350B plan,cnbc.com
2018-01-18,"Ryan confident House will pass bill to avoid shutdown, but doubt grows in Senate",cnbc.com
2018-01-18,Hawaii Officials Apologize for Releasing Wrong Image of Missile Warning Screen,wsj.com
2018-01-18,EXCLUSIVE-Boeing willing to keep Brazil's 'golden share' in Embraer deal,cnbc.com
2018-01-18,"Trump personally ordered restrictions for Bannon's testimony, report says",cnbc.com
2018-01-19,SoftBank is Now the Largest Stakeholder in Uber as Deal Closes,fortune.com
2018-01-19,China expert: Investors should focus on China’s consumer story,cnbc.com
2018-01-19,Coca-Cola Wants to Be More Environmentally Friendly. Here's How - Fortune,fortune.com
2018-01-19,"It's been a bad flu season, but here's how you can prevent it from getting worse",cnbc.com
2018-01-19,"Hot tech stock Nvidia has even more room to run, says technical analyst",cnbc.com
2018-01-19,"IBM executive says blockchain 'creates a lot of value' for manufacturers, retailers",cnbc.com
2018-01-19,Watch a Mercedes G-Class Get Encased in Giant Block of Resin,fortune.com
2018-01-19,Consumer sentiment at weakest level since July,cnbc.com
2018-01-19,Flu's price tag: This season could cost employers more than $9 billion,cnbc.com
2018-01-19,Panera Wants the FDA to Clear up the Confusion over What Constitutes an Egg,fortune.com
2018-01-19,Home security firm ADT drops 10% in NYSE debut,cnbc.com
2018-01-19,"China's deleveraging policies are the focus as inflation, GDP in good shape",cnbc.com
2018-01-19,"Dow stock Boeing is up over 100% in one year, and some say the run isn't over",cnbc.com
2018-01-19,A crucial German vote this Sunday is seen as the key near-term driver for euro/dollar,cnbc.com
2018-01-19,Small-caps fight to rebound,cnbc.com
2018-01-19,"China's Q4 GDP growth backed by continued strength in services, agriculture",cnbc.com
2018-01-19,There’s a new type of economy in town — and some businesses think it could change everything,cnbc.com
2018-01-19,UPDATE 1-Retail gloom helps to end six weeks of FTSE gains,cnbc.com
2018-01-19,"Cramer tracks 4 growing market discrepancies: Rates, Trump, cryptocurrencies and stocks",cnbc.com
2018-01-19,"Rising hedge fund stars are crushing the market, taking crown away from Einhorn, Ackman",cnbc.com
2018-01-19,Facebook's News Feed will now have users decide 'high quality' news through surveys,cnbc.com
2018-01-19,"Market is getting it wrong on Fed rate hikes, warns private equity giant KKR",cnbc.com
2018-01-19,Trump hasn't attacked drug prices like he promised during his first year in office,cnbc.com
2018-01-19,Watch: Trump addresses the annual March for Life,cnbc.com
2018-01-19,"Trump is 'determined to bite somebody, and China is the most likely target,' trade expert says",cnbc.com
2018-01-19,An allegedly damning memo about the FBI and DoJ is electrifying Republicans—online and in Congress,cnbc.com
2018-01-19,The bond market is about to do something that could spell trouble for stocks,cnbc.com
2018-01-19,Here's why Jeff Bezos still drove a Honda long after he was a billionaire,cnbc.com
2018-01-19,"Politics of shutdown drama bad for everyone, says former Bush aide",cnbc.com
2018-01-19,Here are some explosive allegations from the latest testimony on the Trump dossier,cnbc.com
2018-01-19,Nike shares jump after analyst predicts a rally on new sneaker sales,cnbc.com
2018-01-19,"Only 61 percent of men believe a wage gap exists, new study finds",cnbc.com
2018-01-19,"Possible government shutdown won't affect US's AAA status, Fitch ratings agency says",cnbc.com
2018-01-19,"Bitcoin's on a wild ride, but investors have shown it's here to stay, analyst says",cnbc.com
2018-01-19,"Bitcoin is 'something regulators need to deal with but not ban,' says former FDIC chair",cnbc.com
2018-01-19,US Supreme Court takes up fight over Trump travel ban,cnbc.com
2018-01-19,Cramer: I'm fine with Amazon raising monthly Prime prices because it's still cheap,cnbc.com
2018-01-19,"US stocks will likely run higher for another 11 years, Wall Street's Tom Lee says",cnbc.com
2018-01-19,New Zealand PM set to be only the second world leader to give birth while in office,cnbc.com
2018-01-19,The Stormy Daniels 'sex scandal' won't hurt Trump,cnbc.com
2018-01-19,Government shutdown would create roadblocks in the housing market,cnbc.com
2018-01-19,San Francisco Fed President Williams being considered by Trump for vice chair,cnbc.com
2018-01-19,Xiaomi to expand store network in Indian tussle with Samsung,reuters.com
2018-01-19,‘It’s What Ladies Do’—New Zealand Prime Minister Jacinda Ardern Downplays Working While Pregnant,fortune.com
2018-01-19,Why employees say workplace sexual harassment goes unreported,cnbc.com
2018-01-19,"Hiring Women Isn’t the Problem but Keeping Them is, Says ConocoPhillips CEO Ryan Lance",fortune.com
2018-01-19,Hospitals eye making generics for 20 drugs that they say are overpriced or in short supply,cnbc.com
2018-01-19,Trump administration takes new steps in anti-abortion fight,cnbc.com
2018-01-19,House Acts to Avoid Shutdown but Senate Democrats Could Still Block the Measure,fortune.com
2018-01-19,I tried to get my iPhone 6 battery replaced -- here's what happened,cnbc.com
2018-01-19,This year's 'best' trades still deeply in the hole as crowd rushes in,cnbc.com
2018-01-19,HSBC to pay $100 million to settle currency rigging investigation,cnbc.com
2018-01-19,Elliott says chipmaker NXP worth more than $135 per share,reuters.com
2018-01-19,White House's Mulvaney: Chances of government shutdown are currently 50-50,cnbc.com
2018-01-19,Denver Mayor hopeful about the possibility of being chosen for Amazon HQ2,cnbc.com
2018-01-19,"'Shutdown coming?' All eyes are on divided Senate, Trump as deadline threatens",cnbc.com
2018-01-19,Snap laid off two dozen employees and half of them were from its content team,cnbc.com
2018-01-19,Amazon will no longer ask job applicants to provide their salary history,cnbc.com
2018-01-19,Goldman Sachs chief economist discusses the economic effects of a government shutdown,cnbc.com
2018-01-19,The one simple action that helps self-made billionaire Richard Branson achieve success,cnbc.com
2018-01-19,Cramer Remix: How I decide which retailers are not buyable,cnbc.com
2018-01-19,‘You Better Werk’: Nancy Pelosi Is the Latest Guest Judge on ‘RuPaul’s Drag Race’,fortune.com
2018-01-19,"Volatility from a possible government shutdown is a good opportunity to invest, Albion strategist says",cnbc.com
2018-01-19,Jay Leno once bought a McDonald's Happy Meal with coupons,cnbc.com
2018-01-19,"Here’s why you shouldn’t close old credit cards, even if you don’t use them",cnbc.com
2018-01-19,TRUMP PUTS FLORIDA TRIP ON HOLD...,reuters.com
2018-01-19,"San Francisco's rose, Manhattan's dropped—here's how rent changed in 2017",cnbc.com
2018-01-19,"Crude oil sees 'pre-emptive' exuberance now, but there will be pullbacks",cnbc.com
2018-01-19,House passes bill to avoid a government shutdown. Now comes the hard part,cnbc.com
2018-01-19,"Gaming giant Nvidia, after 113% gain, could surge another 23%, BofA analyst says",cnbc.com
2018-01-19,"Trump lawyer reportedly created an LLC to pay porn star $130,000 for silence on alleged affair",cnbc.com
2018-01-19,"This flu season is already awful, and government might stop tracking the bug if shutdown happens",cnbc.com
2018-01-19,South Korean group files complaint against Apple CEO over iPhone slowdown,cnbc.com
2018-01-19,Read the full transcript of Fusion GPS co-founder's House intel panel testimony on the Trump dossier,cnbc.com
2018-01-19,"The ‘critically important’ trait that makes a CEO successful, according to a Stanford econ professor",cnbc.com
2018-01-19,United is planning a swankier economy class on international flights,cnbc.com
2018-01-19,"Jim Cramer: Government shutdown is bad, but gives buying opportunities in this market",cnbc.com
2018-01-19,"US to retry Senator Menendez on bribery, corruption charges",cnbc.com
2018-01-19,Brazil's Landfill Closure Will Lay Waste to Jobs for Thousands,wsj.com
2018-01-19,"Slowly, Germany begins to ponder life after Merkel...",reuters.com
2018-01-19,Kraft Heinz is a ‘best-in-class’ stock because of its acquisition strategy: Jefferies,cnbc.com
2018-01-19,GE stock down more than 13%,cnbc.com
2018-01-19,Children’s health insurance has become a political hostage,cnbc.com
2018-01-19,"Government shutdown myths, legends and lies",cnbc.com
2018-01-19,"The Wall Street Journal: JPMorgan CEO Jamie Dimon got 5.4% raise in 2017, to $29.5 million",wsj.com
2018-01-19,"US regulators have begun work to 'streamline' Volcker Rule, Fed official says",cnbc.com
2018-01-19,Self-made millionaire: 5 habits may be keeping you broke,cnbc.com
2018-01-19,Investor 'fear of missing out' runs wild as record amount of money flows into stocks the last four weeks,cnbc.com
2018-01-19,Government shutdown threats aren’t new — but this standoff is far different,cnbc.com
2018-01-19,Flu's terrible this season. But many of us aren't staying home like we should,cnbc.com
2018-01-19,SEC says it's worried about 'significant' issues with cryptocurrency ETF plans,cnbc.com
2018-01-19,Jim Cramer: IBM is a work in progress and an inexpensive story,cnbc.com
2018-01-19,Travis Kalanick Net Worth Tops $4 Billion With Sale of Uber Stock,fortune.com
2018-01-19,Trump to anti-abortion activists: 'We are with you all the way',cnbc.com
2018-01-19,Google Inks a Patent Deal with Tencent as it Explores Ways to Expand in China,fortune.com
2018-01-19,IBM Ends 23-Straight Quarters of Declining Revenue. But Wall Street Is Unimpressed,fortune.com
2018-01-19,'Sneakerhead' blog-turned-streetwear site gets first backing,reuters.com
2018-01-19,"New GOP tax law will boost corporate earnings at least 10%, says Merrill Lynch wealth manager",cnbc.com
2018-01-19,What will Trump say at Davos? Six analysts give their predictions,cnbc.com
2018-01-19,Jan Koum got the idea for $19 billion WhatsApp after missing too many iPhone calls at the gym,cnbc.com
2018-01-19,Down to the wire as government shutdown looms,cnbc.com
2018-01-19,"Trump's approval rating is the lowest for any president one year into his term, NBC/WSJ poll says",cnbc.com
2018-01-19,"Consumer sentiment falls in January, while tax reform viewed with optimism",cnbc.com
2018-01-19,"A government shutdown may not affect stocks much, but a bigger political battle brewing will",cnbc.com
2018-01-19,We don't think the market will care if there is a government shutdown: Analyst,cnbc.com
2018-01-19,Google CEO: You don't need to code to be successful at many jobs of the future—but you'll need this,cnbc.com
2018-01-19,Amazon raises monthly Prime membership rate by $2,cnbc.com
2018-01-19,What happens during a US government shutdown,cnbc.com
2018-01-19,"Jeff Ubben's ValueAct launching fund with social goals, following similar moves by Jana, Blackrock",cnbc.com
2018-01-19,50 Cent's habits include 9 hours of sleep and an egg-white breakfast,cnbc.com
2018-01-19,"Netflix shares to surge on big international subscriber gains, analyst predicts",cnbc.com
2018-01-19,Rising mortgage rates could mean even fewer homes for sale this spring,cnbc.com
2018-01-19,ADT CEO addresses the company's lackluster IPO,cnbc.com
2018-01-19,"Stock investors cringe when they see this type of rate jump, but it shouldn't hurt yet",cnbc.com
2018-01-19,Tesla bringing Model 3 to three East Coast showrooms,cnbc.com
2018-01-19,China says sunken Iranian tanker may be leaking bunker fuel,cnbc.com
2018-01-19,Donald Trump is the only person in Washington who doesn't seem worried about a shutdown,cnbc.com
2018-01-20,#TrumpShutdown Dominates Twitter Reaction to Government Funding Failure,fortune.com
2018-01-20,Arianna Huffington's new company wants to give phones a rest—so you can get some yourself,cnbc.com
2018-01-20,US-China relations: The gathering storm?,fortune.com
2018-01-20,MoviePass says it will start acquiring films directly,fortune.com
2018-01-20,SHUTDOWN 2018,cnbc.com
2018-01-20,Elon Musk invited 10 people who bought Boring Company hats to tour the LA tunnel,cnbc.com
2018-01-20,Cramer Remix: My advice for Lloyd Blankfein on cryptocurrencies,cnbc.com
2018-01-20,Bond yields at a critical level means more than meets the eye,cnbc.com
2018-01-20,Deadline to approve government-funding bill passes without a deal,cnbc.com
2018-01-20,Satire: Trump's Health Report Spurs Burger-Based Diet Craze,fortune.com
2018-01-20,Why Hunter Harrison’s Railroad Revolution Will Outlive Him at CSX,fortune.com
2018-01-20,"Pot legalization grows, but new regulations threaten businesses",cnbc.com
2018-01-20,"Crude oil prices are perched comfortably above $60, but a top oil watcher warns it won't last",cnbc.com
2018-01-20,"Top VC deals: John Chambers starts a fund, and ex-Baidu exec scores funding for self-driving cars",cnbc.com
2018-01-20,"As a government shutdown looms, here's what people are saying about Trump's first year in office",cnbc.com
2018-01-20,Government Shutdown Starts as Senate Democrats Block GOP Funding Plan,fortune.com
2018-01-20,UPDATE 1-Brazil releases draft bill for Eletrobras privatization,cnbc.com
2018-01-20,"Women march across the US for the 2nd year, marking Trump's first anniversary in the Oval Office",cnbc.com
2018-01-20,Here's why the government is on the verge of shutting down,cnbc.com
2018-01-20,Poor prognosis: The shutdown could leave government health agencies ailing in the near-term,cnbc.com
2018-01-20,"How Trump's chief of staff, John Kelly, helped to kill a possible deal to fund the government",cnbc.com
2018-01-20,"President Trump's total travel costs have jumped over $13 million, a right-leaning watchdog says",cnbc.com
2018-01-20,Warren Buffett's $92.1 billion fortune could buy him every team in the NFL,cnbc.com
2018-01-20,Six More Years of Surveillance,fortune.com
2018-01-20,Here's how your Senators voted on the government shutdown,cnbc.com
2018-01-20,Jim Cramer breaks down his earning seasons game plan,cnbc.com
2018-01-20,Google CEO Sundar Pichai said he doesn't regret firing James Damore,cnbc.com
2018-01-20,"Earnings dominate the week ahead, but interest rates could be a big deal after bond market crushing",cnbc.com
2018-01-20,Lawmakers Point Fingers Over Government Shutdown,fortune.com
2018-01-20,Apple Readies HomePod Amid Speculation About Big Acquisitions,fortune.com
2018-01-20,SEC regulators push back against bitcoin ETFs,cnbc.com
2018-01-20,What can derail this rally? Six trades,cnbc.com
2018-01-20,IOC says North Korea to have 22 athletes in 5 Olympic sports,cnbc.com
2018-01-20,"WWE is a 'data powerhouse' thanks to content, growth and digital, CFO says",cnbc.com
2018-01-20,Cramer: Why Amazon's latest move is a sign to buy the stock,cnbc.com
2018-01-20,Cramer: The Amazon Prime rate bump is a clarion call to buy the stock,cnbc.com
2018-01-20,Rock and Roll Hall of Famer Tom Petty died of an accidental drug overdose,cnbc.com
2018-01-20,How Tech Firms Are Embracing Ex-Prisoners,fortune.com
2018-01-20,"Trump rejected an offer to put the border wall on the table, Schumer says",cnbc.com
2018-01-20,New Zealand’s Prime Minister is pregnant and will take 6 weeks of maternity leave,cnbc.com
2018-01-20,Arianna Huffington on the Women's March: 'This is the moment for women to find their voice',cnbc.com
2018-01-20,Cramer: This move by Amazon is a clarion call to buy the stock,cnbc.com
2018-01-20,SALT in the wound: How high-tax states are working around federal tax breaks,cnbc.com
2018-01-20,"Sixty percent of Americans favor legalizing pot, poll finds",cnbc.com
2018-01-20,"Tom Petty Died of Accidental Drug Overdose, Autopsy Shows",wsj.com
2018-01-20,'Nouvelle cuisine' pioneer Bocuse dead...,reuters.com
2018-01-20,Gunmakers look to new products to lift demand as big trade show opens next week,cnbc.com
2018-01-20,"Majority of Americans say they are satisfied with the economy at levels not seen since dotcom boom, NBC/WSJ poll finds",cnbc.com
2018-01-20,"How Nicolas Cage blew $150 million on mansions, private island and real dinosaur skull...",cnbc.com
2018-01-20,This 30-year-old screenwriter created the viral pink 'pussy hat'—here are her top 3 tips for success,cnbc.com
2018-01-20,"WWE is a 'data powerhouse' thanks to content, growth and digital, CFO says",cnbc.com
2018-01-20,"‘People are underestimating the impact of the tax reform’ says Ken Moelis, Wall Street veteran",cnbc.com
2018-01-20,Google CEO Has No Regrets About Firing Author of Anti-Diversity Memo,fortune.com
2018-01-20,Cramer's lightning round: Buy Cisco before its quarterly earnings report,cnbc.com
2018-01-20,Alleged CIA China turncoat Lee may have also compromised US spies in Russia: NBC News,cnbc.com
2018-01-20,Cramer's game plan: Watch individual stocks amid the earnings deluge,cnbc.com
2018-01-20,"Facebook, Twitter Take New Steps to Combat Fake News and Manipulation",fortune.com
2018-01-20,A blind Facebook engineer is helping to solve one of the biggest problems on the internet,cnbc.com
2018-01-20,"As pot-related stocks continue to light up, here are four stocks to take your portfolio higher",cnbc.com
2018-01-21,Republican congressman removed from ethics committee,reuters.com
2018-01-21,Civility at Work Helps Everyone Get Ahead - WSJ,wsj.com
2018-01-21,Watch the First Footage of a Tesla Semi in the Real World,fortune.com
2018-01-21,A big investor argues that bitcoin is 'first sign of greed since the Great Recession',cnbc.com
2018-01-21,"Eric Trump says the shutdown is 'a good thing for us,’ politically",cnbc.com
2018-01-21,Why You Should Be Enjoying Champagne With Food,fortune.com
2018-01-21,Top Twitter executive Anthony Noto is set to take the reins as SoFi's CEO: Source,cnbc.com
2018-01-21,"While political prisoners released, Myanmar's judicial reforms stall",reuters.com
2018-01-22,US government workers awake to third day of shutdown as a Senate vote looms,cnbc.com
2018-01-22,Germany and France to prepare joint position on EU farm reform,cnbc.com
2018-01-22,Here are the 10 most important stories for investors Monday morning,cnbc.com
2018-01-22,Trump reportedly thinks Wilbur Ross has done a bad job as Commerce secretary,cnbc.com
2018-01-22,"The World’s Richest 1% Took Home 82% of Wealth Last Year, Oxfam Says",fortune.com
2018-01-22,South Korea Reportedly Plans to Hit Bitcoin Exchanges With Massive Tax Bills,fortune.com
2018-01-22,French Finance Minister backs contract renewal for embattled Orange CEO Richard,reuters.com
2018-01-22,Jefferies has 3 reasons why Texas Instruments can be a winner again this year,cnbc.com
2018-01-22,PREVIEW-U.S. FDA’s tobacco stance faces test with Philip Morris iQOS device,cnbc.com
2018-01-22,"Want to see the Patriots play the Eagles in Super Bowl LII? Tickets run as high as $66,500",fortune.com
2018-01-22,"This Mobile Carrier Has the Fastest Network, According to New Study",fortune.com
2018-01-22,Alstom to test automated freight train in the Netherlands,reuters.com
2018-01-22,‘Three Billboards’ Wins Big at This Year’s Female-Focused SAG Awards,fortune.com
2018-01-22,"Stocks making the biggest moves premarket: JUNO, CELG, AIG, HAL, BIVV, ADM, DNKN & more",cnbc.com
2018-01-22,Being called a non-essential worker is 'a slap in the face',cnbc.com
2018-01-22,Bacardi is buying Patron in deal that values the tequila company at $5.1 billion,cnbc.com
2018-01-22,Philippines says top rights group giving misleading account of drugs war deaths,reuters.com
2018-01-22,"Abercrombie & Fitch boosts guidance, sending shares higher; Martinez to retire as exec chairman",cnbc.com
2018-01-22,"Dow stock Nike is testing a key level, and it could be very bullish",cnbc.com
2018-01-22,"A Year Ago, Davos Thought Trump Would Be a Normal President",fortune.com
2018-01-22,Commentary: Fear of an AI Apocalypse Is Distracting Us From the Real Task at Hand,fortune.com
2018-01-22,Pence: U.S. Embassy Will Move to Jerusalem in 2019,wsj.com
2018-01-22,The Patriots to face off with the Eagles at Super Bowl LII,cnbc.com
2018-01-22,Red-hot chip stocks could see a repeat of 2017 gains,cnbc.com
2018-01-22,US hockey general manager dies unexpectedly on the eve of the Winter Olympics,cnbc.com
2018-01-23,The new Amazon Go grocery store could actually be bad for your wallet,cnbc.com
2018-01-23,How to explain a layoff in your next job interview,cnbc.com
2018-01-23,Venezuela says 'petro' cryptocurrency pre-sale will be in hard currency,reuters.com
2018-01-23,"Russia is attempting to influence Mueller investigation in an 'ongoing attack,' Democrats say",cnbc.com
2018-01-23,Montana governor takes stand for state to honor 'net neutrality',reuters.com
2018-01-23,Hedge fund industry's stars are stumbling as stock picks and proxy fights fizzle,cnbc.com
2018-01-23,Amazon gives in to Massachusetts tax officials and agrees to turn over third-party seller data,cnbc.com
2018-01-23,Jeff Bezos' first desk at Amazon was a door with four-by-fours for legs—here's why it still is today,cnbc.com
2018-01-23,Cramer: Blink and you'll miss this market's windows of opportunity,cnbc.com
2018-01-23,Elon Musk thinks Tesla will be a trillion-dollar company — plus 5 other wild predictions,cnbc.com
2018-01-23,Apple is said be planning a new 13-inch MacBook later this year,cnbc.com
2018-01-23,"Researchers find that one person caused bitcoin to spike from $150 to $1,000 in 2013",cnbc.com
2018-01-23,"Trump says he is not worried, 'at all,' about AG Sessions talking to special counsel in Russia probe",cnbc.com
2018-01-23,"'The Shape of Water' leads the Oscar nominations with 13 nods, including best picture",cnbc.com
2018-01-23,Exec from Gundlach's firm sees global growth pushing bond yields and commodities higher,cnbc.com
2018-01-23,Attorney General Sessions questioned in special counsel's Russia probe,cnbc.com
2018-01-23,Barack Obama reveals the ‘hugely liberating’ change to his mornings,cnbc.com
2018-01-23,McDonald's franchisees expect new Dollar Menu to boost sales in early 2018,cnbc.com
2018-01-23,Trump says he will push investment in the US at elite gathering in Davos,cnbc.com
2018-01-23,South Korea to ban cryptocurrency traders from using anonymous bank accounts,reuters.com
2018-01-23,Look inside the Airbnb mansion where Chrissy Teigen and John Legend stayed,cnbc.com
2018-01-23,Japan's bitFlyer exchange says regulation no threat as it expands into Europe,reuters.com
2018-01-23,"As oil holds December 2014 highs, trader bets against the crude comeback",cnbc.com
2018-01-23,These Obamacare taxes are suspended in the deal to end the government shutdown,cnbc.com
2018-01-23,Watch: White House holds briefing as Trump gets set to leave for Switzerland,cnbc.com
2018-01-23,"125,000 Disney employees to receive $1,000 cash bonus, company launches $50 million education program",cnbc.com
2018-01-23,Impinj shares pare gains as Amazon.com says no RFID used at automated store,reuters.com
2018-01-23,Netflix gets rare downgrade due to worries over its spending on content,cnbc.com
2018-01-23,Here's the big bill from Congress suspending three Obamacare taxes: $31 billion,cnbc.com
2018-01-23,"Netflix is up 18% this year, here's why traders are piling in",cnbc.com
2018-01-23,South Korea to ban cryptocurrency traders from using anonymous bank accounts,cnbc.com
2018-01-23,Do e-cigarettes help or harm? Report says not clear yet,cnbc.com
2018-01-23,"The new tax law won't change Johnson & Johnson's M&A strategy, CEO says",cnbc.com
2018-01-23,"Huawei, ZTE cut lobbying spending but find other ways to spread influence",reuters.com
2018-01-23,Sleep problems tied to cognitive decline...,reuters.com
2018-01-23,"The last time the market was this overbought stocks rallied nearly another 130%, says technician",cnbc.com
2018-01-23,"The US is in a baby bust, so diaper makers need a new plan",cnbc.com
2018-01-23,Tell-tale signs that your partner is guilty of financial infidelity,cnbc.com
2018-01-23,Fearful millennials are finally ready to take a chance on the stock market,cnbc.com
2018-01-23,"Business leaders must work to reject the 'nation first concept,' CEO says",cnbc.com
2018-01-23,"Americans blame Democrats and Trump for the government shutdown, poll says",cnbc.com
2018-01-23,US lets more healthcare workers prescribe opioid addiction treatment,reuters.com
2018-01-23,4 of the craziest revelations about former Uber CEO Travis Kalanick's demise,cnbc.com
2018-01-23,Bank of America customers protest new requirements for free checking,cnbc.com
2018-01-23,Criminal activity will spur government intervention and kill bitcoin: Hermitage CEO Bill Browder,cnbc.com
2018-01-23,"Whirlpool, First Solar shares soar after Trump's approves tariffs on foreign competitors",cnbc.com
2018-01-23,"After-hours buzz: UAL, TXN & more",cnbc.com
2018-01-23,"Bigger crypto crackdown coming, warns Bespoke analyst who downgraded bitcoin",cnbc.com
2018-01-23,Owners of McDonald's aren't happy with headquarters as promotions pick up and remodeling costs rise,cnbc.com
2018-01-23,Here's how the potential departure of Twitter's COO could hit the stock,cnbc.com
2018-01-23,GoPro sinks after Morgan Stanley says its cameras aren't improving fast enough,cnbc.com
2018-01-23,"Singer Neil Diamond diagnosed with Parkinson's disease, to retire from touring",reuters.com
2018-01-23,Apple CEO Tim Cook: Don't let your kids use social media,cnbc.com
2018-01-23,EBay CEO: Get used to shopping with your voice,cnbc.com
2018-01-23,Why self-made billionaire Tilman Fertitta plans on leaving his entire fortune to his children,cnbc.com
2018-01-23,Trump rejects bipartisan immigration proposal,cnbc.com
2018-01-23,"Mattel, Hasbro spike in afternoon trading, no news released",cnbc.com
2018-01-23,"The bond bloodbath is overdone. Here’s why it’s time to buy, says trader",cnbc.com
2018-01-23,House has the votes to pass funding bill to end government shutdown,cnbc.com
2018-01-23,"Facebook should be regulated like a cigarette company, says Salesforce CEO",cnbc.com
2018-01-23,Former FBI Director James Comey was interviewed by special counsel Mueller,cnbc.com
2018-01-23,West Virginia dispensed 31 million fewer pills — but opioid OD deaths still rose,cnbc.com
2018-01-23,Strategist with highest S&P 500 target on Wall Street sees an 18% return this year,cnbc.com
2018-01-23,EasyJet Shares Pop as Airline Profits From Other Carriers’ Woes,fortune.com
2018-01-23,Johnson & Johnson's guidance impresses before 'disappointing',cnbc.com
2018-01-23,"This risk can crush your retirement savings by $97,000 a year",cnbc.com
2018-01-23,Here's how 7 millennial leaders plan to accomplish their goals in 2018,cnbc.com
2018-01-23,"At Davos, CEOs must address income inequality",cnbc.com
2018-01-23,Pot ETFs to light up the market?,cnbc.com
2018-01-23,"Lots of Russians want to invest in bitcoin but we believe it's a bubble, wealth fund chief says",cnbc.com
2018-01-23,$400 million of ICO investments hacked...,fortune.com
2018-01-23,Verizon says many workers will receive shares of stock,cnbc.com
2018-01-23,Tesla on 'Autopilot' crashes into firetruck on California freeway,cnbc.com
2018-01-23,Netflix increases marketing budget to $2 billion. Here’s why its CEO would rather not spend anything,cnbc.com
2018-01-23,Strong Global Growth Down to Easy Money Says IMF,wsj.com
2018-01-23,"Special counsel in Russia probe wants to question Trump on Flynn, Comey exits",cnbc.com
2018-01-23,Google is battling Amazon with a dedicated audiobook store,cnbc.com
2018-01-23,Facebook buys Boston software company that authenticates IDs,cnbc.com
2018-01-23,"CIA believes North Korea weapons aimed at coercion, not just defense: Pompeo",cnbc.com
2018-01-23,"JP Morgan Chase to build 400 new branches, raise wages because of the tax cut",cnbc.com
2018-01-23,Crunch time for NAFTA as negotiators open round of talks in Montreal,cnbc.com
2018-01-23,"Seeing red: Credit card balances hit an average $6,375",cnbc.com
2018-01-23,Vanguard chief: You will never see a bitcoin fund from us,cnbc.com
2018-01-23,Trump's solar tariffs could put the breaks on rapid job growth in renewable energy,cnbc.com
2018-01-23,"Saudi oil giant Aramco is ready for 2018 IPO, but waiting for OK from government, CEO says",cnbc.com
2018-01-23,"'I hope I'm wrong' — but Trump's 3% growth target looks unrealistic, says billionaire David Rubenstein",cnbc.com
2018-01-23,Apple's HomePod won't let you play music across multiple speakers at launch,cnbc.com
2018-01-23,Canada agrees to sign revised TPP and hopes to persuade Trump on NAFTA,cnbc.com
2018-01-23,Apple releases Meltdown patches for older versions of Mac,cnbc.com
2018-01-23,"More record gains for the S&P 500 in reach, says BTIG",cnbc.com
2018-01-23,Mike Bloomberg: Trump's solar tariff will 'destroy US jobs' and raise electric bills,cnbc.com
2018-01-23,United Continental fourth-quarter profit tops Wall Street estimates,cnbc.com
2018-01-23,UPDATE 1-Brazil says Monsanto's Intacta patent should be voided,cnbc.com
2018-01-23,What it's like to work at Netflix's dying DVD business,cnbc.com
2018-01-23,Michael Moritz is right: Silicon Valley should be terrified of China,cnbc.com
2018-01-23,Bank of America raises its 2018 market forecast after S&P 500 surpasses initial target in January,cnbc.com
2018-01-23,Rupert Murdoch’s Sky Takeover Has Been Temporarily Blocked by a U.K. Regulator,fortune.com
2018-01-23,"'HODL,' 'whale' and 5 other cryptocurrency slang terms explained",cnbc.com
2018-01-23,UBS shares its ‘highest conviction’ stock ideas for 2018,cnbc.com
2018-01-23,Uber CEO just gave a big (obvious) clue on how to get a great rating on Uber,cnbc.com
2018-01-23,US Senate Democratic leader says border wall offer 'off the table',cnbc.com
2018-01-23,"You can now ask Siri to recite music, sports and business news -- here's how",cnbc.com
2018-01-23,Dick Bove: Banks entering a state of 'Nirvana' thanks to GOP,cnbc.com
2018-01-23,'Shark Tank's' Daymond John: Being selfish is a key to success,cnbc.com
2018-01-23,"This is the best time in decades to own commodities, says Goldman Sachs commodities chief",cnbc.com
2018-01-23,These are the top 10 best countries in the world,cnbc.com
2018-01-23,Ackman's Pershing Square lays of 18-percent of staff -Source,cnbc.com
2018-01-23,"""Fast Money"" final trades: ABBV, AVGO, and more",cnbc.com
2018-01-23,"Stanford analyzed 292 retirement strategies—this one, it says, is best",cnbc.com
2018-01-23,"Bitcoin is now higher, reversing earlier losses that brought it below $10,000",cnbc.com
2018-01-24,Google Wanted to Give Away $30 Million for Landing on the Moon. But Nobody Won - Fortune,fortune.com
2018-01-24,Siemens prepares for industrial software consolidation,reuters.com
2018-01-24,Phew! Delta and American agree to fly each other's stranded passengers,cnbc.com
2018-01-24,"Saudi arrests that swept up princes boosted investor trust, says CEO of world's biggest oil company",cnbc.com
2018-01-24,Qualcomm Just Got Fined $1.23 Billion for Illegal Payments to Apple,fortune.com
2018-01-24,Satire: Chuck Schumer: ‘You Try Negotiating With the Greatest Dealmaker of All Time’,fortune.com
2018-01-24,Goldman CEO Blankfein has 'really liked' what Trump has done for the economy,cnbc.com
2018-01-24,"Cramer: With speculators the most bullish in history, charts show oil prices could soon peak",cnbc.com
2018-01-24,Treasury Dept. issues more sanctions in response to North Korea's nuclear weapons development,cnbc.com
2018-01-24,Wilbur Ross Tells Davos: U.S. Is Done ‘Being a Patsy’ on Trade,fortune.com
2018-01-24,"How following your doctor's orders can save you nearly $90,000",cnbc.com
2018-01-24,"Markets have 'very little capacity' to deal with interest rate moves, Barclays CEO says",cnbc.com
2018-01-24,Billionaire Ray Dalio shares his best career advice for 20-somethings,cnbc.com
2018-01-24,"Cramer: Contrary to popular belief, now is a good time to buy consumer goods stocks",cnbc.com
2018-01-24,"Record highs for Dow, S&P 500 and Nasdaq at the open",cnbc.com
2018-01-24,Comcast shares fall despite earnings beat,cnbc.com
2018-01-24,"Stocks making the biggest moves premarket: CMCSA, GE, UTX, SWK, UAL, WFC & more",cnbc.com
2018-01-24,Free checking accounts still exist ... you just need to know where to look,cnbc.com
2018-01-24,"Comcast beats earnings expectations, adding 350,000 high-speed internet customers",cnbc.com
2018-01-24,"China's method of business will ultimately beat out the US approach, CEO says",cnbc.com
2018-01-24,'Fire and Fury' sales exceed 1.7 million,cnbc.com
2018-01-24,Cramer: Check your bias at the door with stocks like Facebook and P,cnbc.com
2018-01-24,General Electric to report earnings before the bell — here's what Wall Street expects,cnbc.com
2018-01-24,"Bitcoin prices could triple by year's end, Bespoke analyst predicts",cnbc.com
2018-01-24,How a Steel Box Changed the World: A Brief History of Shipping,wsj.com
2018-01-24,Salesforce CEO Marc Benioff Wants to Regulate Facebook Like Cigarettes,fortune.com
2018-01-24,Meg Whitman gets a new CEO gig at Katzenberg's digital media start-up,cnbc.com
2018-01-24,Russia's energy minister fielded an awkward question on US sanctions while sitting next to Rick Perry,cnbc.com
2018-01-24,"Seoul worried US may launch limited strike, or 'preventive' action against North Korea",cnbc.com
2018-01-24,White House to release 'legislative framework' for immigration deal Monday,cnbc.com
2018-01-24,White House says Trump believes in a 'free-floating' currency,cnbc.com
2018-01-24,Whirlpool posts quarterly loss due to tax reform charge,reuters.com
2018-01-24,This firm focuses on the rising middle class in China,cnbc.com
2018-01-24,UPDATE 4-Lula's Brazil presidential run in doubt after conviction upheld,cnbc.com
2018-01-24,Cramer: Check your bias at the door with stocks like Facebook and P,cnbc.com
2018-01-24,Congress wants to know why tech companies kept security flaw details to themselves for months,cnbc.com
2018-01-24,Senate has enough votes to confirm Jerome Powell as Fed Chair,cnbc.com
2018-01-24,"Ratings firm issues first grades on cryptocurrencies, sparking outrage online and a cyberattack",cnbc.com
2018-01-24,"A long-time Google engineer quits, saying the company is now '100% competitor focused'",cnbc.com
2018-01-24,Meet the doomsday prepper making millions selling bomb shelters to people afraid of Trump,cnbc.com
2018-01-24,Union heavyweight wants to ban UPS from using drones or driverless vehicles,cnbc.com
2018-01-24,Here's how much your home remodel will pay you back,cnbc.com
2018-01-24,7 unexpected habits that could help you succeed,cnbc.com
2018-01-24,"Intel could breakout on earnings, here’s how to trade it",cnbc.com
2018-01-24,Cramer Remix: Netflix's recent run makes me upset,cnbc.com
2018-01-24,"Ripple sold $91.6 million of digital currency XRP last quarter, as the price surged almost 30,000%",cnbc.com
2018-01-24,Aetna is fined by New York for leaking members' HIV status,cnbc.com
2018-01-24,"Google to open tech center near Lisbon, creating 500 jobs - prime minister",reuters.com
2018-01-24,Pakistan wants to reconcile its widening rift with the US — but there's one major problem,cnbc.com
2018-01-24,How Richard Branson is keeping up with his goal to 'get unbelievably fit',cnbc.com
2018-01-24,Caterpillar and four other Dow stocks that could win if the White House keeps talking down the dollar,cnbc.com
2018-01-24,Raisman Calls for an Independent Investigation of the USOC,wsj.com
2018-01-24,U.S. auto regulator probes Tesla 'Autopilot' crash: source,reuters.com
2018-01-24,Dollar tanks the most in 10 months after Treasury secretary says a weak dollar is good for trade,cnbc.com
2018-01-24,"SoftBank pours $865 million into Katerra, a start-up making buildings in a factory",cnbc.com
2018-01-24,Michael Flynn reportedly met FBI agents in the West Wing — without telling the White House,cnbc.com
2018-01-24,"Cramer: With speculators the most bullish in history, charts show oil prices could soon peak",cnbc.com
2018-01-24,World's largest asset manager sees growth in emerging markets,cnbc.com
2018-01-24,Don't mock LeBron James Instagram self-congratulation—it's a great lesson in success,cnbc.com
2018-01-24,"Mnuchin comment surprises financial markets, turns dollar decline into 'one-way bet'",cnbc.com
2018-01-24,Alphabet's latest moonshot is company that will 'stop cyber attacks before they cause harm',cnbc.com
2018-01-24,Car service Addison Lee challenges rivals with global app bookings,reuters.com
2018-01-24,Airline shares are dropping after United forecast raises price-war concerns,cnbc.com
2018-01-24,Europe’s in its best shape for a decade — and its huge stimulus program is looking a little dated,cnbc.com
2018-01-24,"Amazon's cloud business acquires Sqrrl, a security start-up with NSA roots",cnbc.com
2018-01-24,Senate has enough votes to confirm Jerome Powell as Fed chair,cnbc.com
2018-01-24,"Amazon is doing exactly what Whole Foods would've done — just faster, says Panera founder",cnbc.com
2018-01-24,Best bets for growth at record highs,cnbc.com
2018-01-24,"With stocks like FB or P&G, check your bias at the door",cnbc.com
2018-01-24,Here's how much money Americans think you need to be wealthy in 10 major US cities,cnbc.com
2018-01-24,Israeli road hazard warning app Nexar raises $30 million,reuters.com
2018-01-24,U.S. CFTC charges My Big Coin Pay over virtual currency scam,reuters.com
2018-01-24,"There's a 33 percent chance bitcoin goes to zero, VC Jason Calacanis says",cnbc.com
2018-01-24,Seeing near spontaneous combustion from Ray Dalio's rally: UBS' Art Cashin,cnbc.com
2018-01-24,"Rubenstein: 'When people are happy and confident, something wrong happens'",cnbc.com
2018-01-24,Stellar jumps 20% after Stripe says it may add support for the digital coin,cnbc.com
2018-01-24,United CEO Oscar Munoz: Airline industry has been improving,cnbc.com
2018-01-24,USDA wants Congress to pass farm bill that meets Trump budget goals,cnbc.com
2018-01-24,Lebanese Prime Minister Saad Hariri says his relationship with Saudi Arabia is 'at its best',cnbc.com
2018-01-24,Electronic Arts shares drop on report ‘Anthem’ game will get delayed to 2019,cnbc.com
2018-01-24,How the judge who sentenced USA gymnastics doctor Larry Nassar became a folk hero,cnbc.com
2018-01-24,"Sustainability, Restoration On The Table At Brainstorm Design Hong Kong Lead-Up Dinner",fortune.com
2018-01-24,"Saudi Aramco will list in Hong Kong eventually, says the city's stock exchange chief",cnbc.com
2018-01-24,US oil prices top $65 a barrel for the first time since Dec. 2014,cnbc.com
2018-01-24,Cramer Remix: Why the run in Netflix makes me upset,cnbc.com
2018-01-24,Asian shares poised for a mixed open; dollar slides,cnbc.com
2018-01-24,Starbucks to boost worker pay and benefits after US lowers corporate taxes,cnbc.com
2018-01-24,Actor Will Smith in viral video: 'Failure is a massive part of being able to be successful',cnbc.com
2018-01-24,GOP Sen. Corker: There may be 'a little coordinated effort' as companies hype tax bill benefits,cnbc.com
2018-01-24,Trump Delegation Fires Its First Davos Salvo: ‘We Don’t Have to Worry About This Crowd’,fortune.com
2018-01-24,Toys R Us to close 180 stores across the US,cnbc.com
2018-01-24,"There's only one way to get a DACA deal: 'Keep it simple, stupid'",cnbc.com
2018-01-24,"President Trump’s Trade Policies are Raising Concerns Among Republicans, Senator Says",fortune.com
2018-01-24,'There is nothing that this company can’t do': Barstool Sports CEO,cnbc.com
2018-01-24,"Existing home sales sink in December, market housing supply drops to record low",cnbc.com
2018-01-24,Brazilian stocks are surging right now after court upholds ex-president Lula's conviction,cnbc.com
2018-01-24,Monsanto to defend Brazil patent on GM soybeans -lawyers,cnbc.com
2018-01-24,Biotech vs. Tech: 6 trades,cnbc.com
2018-01-24,Chinese news outlets like to steal my stories — but they probably won't take this one,cnbc.com
2018-01-24,PREVIEW-Bombardier seeks to enmesh Embraer in trade spat before ruling,cnbc.com
2018-01-24,North Korea sends rare announcement to all Koreans and calls for unification,reuters.com
2018-01-24,Three golden rules for trading cryptocurrencies,cnbc.com
2018-01-24,GE warns 2018 could be even worse than it expected for its embattled power business,cnbc.com
2018-01-24,"Airline stocks just took a big hit, but some say the long-term picture is positive",cnbc.com
2018-01-24,Mortgage applications jump 4.5% as buyers rush to beat higher rates,cnbc.com
2018-01-24,The royal family is hiring—here's what the job entails,cnbc.com
2018-01-24,Here's a map of the Toys R Us stores set to close across the U.S.,cnbc.com
2018-01-24,The founder of the first ever crypto-index fund weighs in on the crypto market's future,cnbc.com
2018-01-24,"Trump to meet with world leaders, business CEOs at Davos forum",cnbc.com
2018-01-24,Toys ‘R’ Us Is Shuttering 180 U.S. Stores After Declaring Bankruptcy,fortune.com
2018-01-24,"In Davos, Trump faces the powerful 'establishment' he's repeatedly shredded",cnbc.com
2018-01-24,"General Electric reveals SEC investigation, plans to restate 2016, 2017 results",cnbc.com
2018-01-24,US aggressively defends 'America First' agenda ahead of Trump's visit to Davos,cnbc.com
2018-01-24,The road ahead for Toys R Us likely includes even more store closures,cnbc.com
2018-01-24,"EMERGING MARKETS-Currencies pounce on weak dollar, rand smashes 12 barrier",cnbc.com
2018-01-24,Senate confirms former drug exec Alex Azar as Trump's health chief,cnbc.com
2018-01-24,The best credit card if you have bad or no credit,cnbc.com
2018-01-24,Cruise operator Royal Caribbean to give workers a 5 percent equity bonus after hitting its performance goals,cnbc.com
2018-01-24,"United Airlines sinks, is a capacity war coming?",cnbc.com
2018-01-24,JP Morgan's Jamie Dimon says tax cut could cause economic growth to reach 4% this year,cnbc.com
2018-01-24,Cramer's lightning round: Buy HP Inc. despite Morgan Stanley's downgrade,cnbc.com
2018-01-24,Ex-USA Gymnastics doctor sentenced to 175 years for sexual abuse,cnbc.com
2018-01-24,iCloud Storage Full? Here’s What to Do,wsj.com
2018-01-24,U.S. Senate Approves Jerome Powell to Succeed Janet Yellen as Fed Chair,fortune.com
2018-01-24,Ford to report earnings after the bell. Here is what Wall Street expects,cnbc.com
2018-01-24,Budget deficit could jump whopping $154 billion if five states do end run around Trump tax law,cnbc.com
2018-01-24,"The 'real story' behind China's growth is all about consumption, private equity chief says",cnbc.com
2018-01-24,'Shark Tank's' Daymond John: This mental exercise will make you more focused and successful,cnbc.com
2018-01-24,"GE's stock is the 'mangiest dog of the Dow,' stay away, says market watcher",cnbc.com
2018-01-24,Investors have learned one key thing during this record-setting stock run: Ignore Trump's tweets,cnbc.com
2018-01-24,Nine West could be the next retailer to file for bankruptcy,cnbc.com
2018-01-24,Apple skeptic says company ‘in trouble’ ahead of HomePod launch,cnbc.com
2018-01-24,Elton John says upcoming tour will be his last,cnbc.com
2018-01-24,"Optimism in the global economy is tainted by the 'rapid rise' in debt, JP Morgan's Frenkel says",cnbc.com
2018-01-24,"US tax changes could add growth but mean nothing without structural reform, OECD's Gurria says",cnbc.com
2018-01-24,This 19-year-old bitcoin millionaire offers 'crucial' advice for young people looking to invest,cnbc.com
2018-01-24,The exchange of ideas between China and the US is 'very important',cnbc.com
2018-01-24,Another Apple analyst predicts weak growth in iPhone sales this spring,cnbc.com
2018-01-24,Why United Airlines 'pretty darn good plan' is spooking investors,cnbc.com
2018-01-24,Cramer: Investors should read between the lines on Lloyd Blankfein's bitcoin comments,cnbc.com
2018-01-24,These are the best hotels in America according to TripAdvisor users—here's how to stay for less,cnbc.com
2018-01-24,Chinese e-commerce giant JD is considering a dual listing for its logistics business,cnbc.com
2018-01-24,Facebook just hired a former White House official as its first head of cybersecurity policy,cnbc.com
2018-01-24,AT&T urges Congress to rewrite net neutrality rules,reuters.com
2018-01-24,Billionaire Mark Cuban does these 4 things every morning,cnbc.com
2018-01-24,JP Morgan cuts forecasts for Apple's suppliers due to weak iPhone demand,cnbc.com
2018-01-24,"Final Trade: BABA, GMLP, SQ & SMH",cnbc.com
2018-01-24,Tide Pods are being mentioned every 6 seconds on social media,cnbc.com
2018-01-24,Bitcoin and pot help fuel 'frenetic activity' in retail investing: TD Ameritrade CEO,cnbc.com
2018-01-24,Cramer's lightning round: Buy HP Inc. despite Morgan Stanley's downgrade,cnbc.com
2018-01-24,"Sarah Friar could get a bigger job at Square now that Noto is leaving Twitter, says analyst",cnbc.com
2018-01-24,"Employees at Practice Fusion expected IPO riches, but got nothing as execs pocketed millions",cnbc.com
2018-01-24,Chinese internet giant Baidu hints at further deals to bring Netflix original content to China,cnbc.com
2018-01-24,Apple's new Business Chat in the upcoming iOS update is a huge deal,cnbc.com
2018-01-24,The Wall Street Journal: The 31-year-old Queens programmer at the center of a $100 billion crypto storm,wsj.com
2018-01-24,Here are the 10 most important stories for investors Wednesday morning,cnbc.com
2018-01-24,Charts show oil prices could soon peak,cnbc.com
2018-01-24,LG is raising washing machine prices because of Trump's tariff and more manufacturers are likely to follow,cnbc.com
2018-01-24,The number of 401(k) millionaires hits an all-time high. How you can become one,cnbc.com
2018-01-24,Enough with the doom and gloom. Retail and its real estate have bright spots,cnbc.com
2018-01-24,Cancer could soon be spotted by technology 'several months' before it occurs,cnbc.com
2018-01-24,John Flannery walked into a mess at General Electric: Strategist,cnbc.com
2018-01-24,UPDATE 3-Brazil court upholds Lula conviction,cnbc.com
2018-01-24,"Renewable energy in India is a win-win situation, says Suzlon Energy founder",cnbc.com
2018-01-24,4 books that billionaire Ray Dalio thinks everyone should read,cnbc.com
2018-01-24,Powell taking over as Fed chairman at time of economic calm,cnbc.com
2018-01-24,Lack of income is one of two main reasons more Americans don't save—this is the other,cnbc.com
2018-01-24,"Planned Parenthood chief Cecile Richards will step down from abortion rights, contraception group",cnbc.com
2018-01-24,President Trump's least popular tweet of 2017 was about Mark Cuban,cnbc.com
2018-01-24,Russia Cancels ‘Death of Stalin’ Movie Release But Denies It’s Censorship,fortune.com
2018-01-24,"US trade deals need to be modernized for the digital future, says IBM CEO Ginni Rometty",cnbc.com
2018-01-24,"Amazon's exploratory pharmacy team has ballooned to more than 30 people, says research firm",cnbc.com
2018-01-24,"If your company is giving out $1,000 bonuses, here's what to do with the money",cnbc.com
2018-01-25,Dinner in Davos: Devin Wenig in Conversation With Gerard Baker,wsj.com
2018-01-25,"Innovators such as Tesla are fast-tracking a technology 'renaissance,' CEO says",cnbc.com
2018-01-25,"Caterpillar's stock is ‘out-of-control overbought’ ahead of its earnings report, a strategist says",cnbc.com
2018-01-25,"It's starting to feel a little bit like 2006, Barclays CEO warns",cnbc.com
2018-01-25,"US has not moved an inch during the NAFTA talks, say sources",cnbc.com
2018-01-25,"Financial regulation in China will be very good for future growth, says Credit Ease CEO",cnbc.com
2018-01-25,J&J out of race for Pfizer's $20 billion consumer unit as deadline looms,cnbc.com
2018-01-25,Dow adds to record gains at the open,cnbc.com
2018-01-25,American Airlines Expanding in Response to Booming Culture of Travel - Fortune,fortune.com
2018-01-25,Chinese state-owned giant is hoping to expand in the US — with culture,cnbc.com
2018-01-25,Target and Shipt are bringing their same-day delivery partnership to Florida,cnbc.com
2018-01-25,Men-only fundraising club forced to close amid harassment scandal at exclusive London event,cnbc.com
2018-01-25,Puerto Rico unveils revised fiscal plan: No debt service payments for the next 5 years,cnbc.com
2018-01-25,"After-hours buzz: INTC, SBUX, ETFC & more",cnbc.com
2018-01-25,"The Wall Street Journal: U.K.’s May, Trump to meet at Davos amid strained relations after canceled London visit",wsj.com
2018-01-25,Software AG fourth-quarter margins hit record; IoT business may double in 2018,reuters.com
2018-01-25,‘Million Dollar Listing’ star Ryan Serhant shares the morning routine that sets him up for success,cnbc.com
2018-01-25,"Rubbermaid-maker Newell stock craters 22%, unveils plans to sell off assets, close factories",cnbc.com
2018-01-25,"Don't expect a more hawkish ECB just yet, analysts say",cnbc.com
2018-01-25,"President Trump, in Davos, said he was 'honored' that Apple is 'investing big money' in the US",cnbc.com
2018-01-25,Hedge fund says cannabis stocks will either collapse or we should all move to Canada and grow pot,cnbc.com
2018-01-25,"Cramer: Contrary to popular belief, now is a good time to buy consumer goods stocks",cnbc.com
2018-01-25,Best buy shares slip after top analyst says the retailer's comeback against Amazon is priced in,cnbc.com
2018-01-25,Boston Celtics owner Steve Pagliuca: Do these 3 things to be successful in the future job market,cnbc.com
2018-01-25,Caterpillar shares jump on big earnings beat,cnbc.com
2018-01-25,TRUMP: 'LOOKING FORWARD' TO TALKING...,cnbc.com
2018-01-25,Fund manager explains how to find growth in the market's epic rally,cnbc.com
2018-01-25,These guys cold-emailed Mark Cuban and got a half-million-dollar investment in their start-up,cnbc.com
2018-01-25,US weekly jobless claims rise less than expected as labor market continues to tighten,cnbc.com
2018-01-25,"Amazon now has more power than any US state or city, tech investor Roger McNamee says",cnbc.com
2018-01-25,"With Islamic schooling, Erdogan aims to reshape Turkey...",reuters.com
2018-01-25,SEC devoting 'significant' portion of resources for catching cryptocurrency scams,cnbc.com
2018-01-25,Amazon insists on a new factor for cities still in HQ2 headquarters race: Secrecy,cnbc.com
2018-01-25,UPDATE 5-Lula's Brazil presidential run in doubt after conviction upheld,cnbc.com
2018-01-25,"Home Depot hourly employees to receive up to $1,000 bonus due to tax reform",cnbc.com
2018-01-25,Satanists say rules in Missouri's strict abortion law violate their religious beliefs,cnbc.com
2018-01-25,"Months of missing texts found from former special counsel agent, DOJ says",cnbc.com
2018-01-25,Cramer's lightning round: US Concrete could go higher because of state spending,cnbc.com
2018-01-25,"Bezos’ net worth soars, while 10% of Amazon’s Ohio workers are on food stamps, liberal think tank says",cnbc.com
2018-01-25,"Al Gore defends Trump, says he's not to blame for tariffs on solar panels",cnbc.com
2018-01-25,Conservative pundit Bill Kristol explains how Sarah Palin helped pave Trump's path to the White House,cnbc.com
2018-01-25,Caterpillar is set to report earnings — here's what the Street expects,cnbc.com
2018-01-25,"Trump arrives in Davos, where he will push the 'America First' agenda and seek more fair, reciprocal trade",cnbc.com
2018-01-25,4 steps to help you kick your bad debt habits for good,cnbc.com
2018-01-25,One way to play the new tax law: Start an LLC,cnbc.com
2018-01-25,"Trump says he has a proposal for peace between Israel and Palestinians, threatens Palestinian aid",cnbc.com
2018-01-25,Analyst predicts FANG stocks earnings ‘party’ next week after Netflix’s great start,cnbc.com
2018-01-25,NYT's Jim Stewart: Tax reform having a bigger market impact than expected,cnbc.com
2018-01-25,European Central Bank President Mario Draghi speaks in Frankfurt,cnbc.com
2018-01-25,"EMERGING MARKETS-Currencies jump as dollar dips; Argentina's Merval breaches 35,000",cnbc.com
2018-01-25,"An 'amazing week' of events could change direction of yields, Wells Fargo strategist says",cnbc.com
2018-01-25,Gates Industrial CEO: Feel very good about future opportunities for our company,cnbc.com
2018-01-25,Albertsons is going to help companies test just how effective their digital ads are,cnbc.com
2018-01-25,"Hedge fund giant Klarman trashes bitcoin, says cryptocurrencies are ‘tulip bulbs for the digital age’",cnbc.com
2018-01-25,Barclays CEO says new US tax policy is a 'very big deal' for his company,cnbc.com
2018-01-25,Chinese bike-sharing firms gear up to launch in Mexico,reuters.com
2018-01-25,Dollar rallies off a 3-year low in sudden reversal after Trump says it will get 'stronger and stronger',cnbc.com
2018-01-25,Salesforce CEO Marc Benioff brings an A.I. machine called Einstein to his weekly staff meeting,cnbc.com
2018-01-25,Here's the guest list for Trump's dinner party in Davos,cnbc.com
2018-01-25,"Top consumer tech CEO shares top 3 growth drivers: Location, innovation and diversification",cnbc.com
2018-01-25,"Mnuchin, Lagarde and Fink discuss global finance at Davos",cnbc.com
2018-01-25,Q4 earnings to keep stock market rally alive: JPMorgan,cnbc.com
2018-01-25,"LeBron James, maybe the cheapest player in the NBA, has one big money regret",cnbc.com
2018-01-25,These scientists are using AI used to predict when people will die for better access to medical care,cnbc.com
2018-01-25,Trump: I would reconsider TPP with a 'substantially better deal',cnbc.com
2018-01-25,Ford has not done enough to be 'fit' says CEO Jim Hackett,cnbc.com
2018-01-25,Western Digital to report earnings after the bell,cnbc.com
2018-01-25,Oprah denies heavily rumored presidential run: 'That's not for me',cnbc.com
2018-01-25,"Amazon gets its most bullish Wall Street call yet: $1,800 price forecast",cnbc.com
2018-01-25,Union Pacific stock drops 5 percent as fuel prices pushed fourth-quarter expenses higher,cnbc.com
2018-01-25,These are the top 5 most affordable US cities,cnbc.com
2018-01-25,"Leading indicators gain in Dec., expected to continue momentum due to tax reform",cnbc.com
2018-01-25,Hundreds of people have applied for these 3 jobs working for the royal family,cnbc.com
2018-01-25,Retail investors make massive move into bond funds just as smart money says bonds going down,cnbc.com
2018-01-25,Tesla and other innovators are creating a new category of transport: Dassault Systemes CEO,cnbc.com
2018-01-25,Engineer who spent 13 years at Google reveals the 5 reasons he recently decided to quit,cnbc.com
2018-01-25,The US has shown 'malign neglect' in trade policies,cnbc.com
2018-01-25,Cramer says owning too many stocks and too little cash can set you up for failure,cnbc.com
2018-01-25,Cramer's lightning round: US Concrete could go higher because of state spending,cnbc.com
2018-01-25,Ash Carter: Try 'coercive diplomacy' on North Korean and keep defense pressure on,cnbc.com
2018-01-25,"‘My biggest concern is how little concern there is’ about stocks and the economy, billionaire Jim Coulter says",cnbc.com
2018-01-25,The top-selling smartphone in India isn't Samsung or Apple,cnbc.com
2018-01-25,"When Friday's GDP is reported, economy's run could be strongest in 13 years",cnbc.com
2018-01-25,House bills revive effort to let families use 529 money to pay for home schooling,cnbc.com
2018-01-25,"US wants more trade but 'fair' and 'reciprocal' trade, Mnuchin tells Davos",cnbc.com
2018-01-25,"If you own bitcoin, here’s how much you owe in taxes",cnbc.com
2018-01-25,"Trump administration's weak-dollar policy could kill the economic rally, analyst Bove says",cnbc.com
2018-01-25,Semiconductor stocks pull back from all-time highs,cnbc.com
2018-01-25,Coinbase Expands Trading Options for Large Investors,fortune.com
2018-01-25,Exclusive: Richardson quits Myanmar's 'whitewash' Rohingya crisis panel - Reuters,reuters.com
2018-01-25,3 key lessons that WWE’s Stephanie McMahon learned on her way up to the top,cnbc.com
2018-01-25,China says cooperation is only the 'correct direction' for China-US trade ties,cnbc.com
2018-01-25,"Biogen buys a brain disorder drug for $217 million, but needs to go bigger, analyst says",cnbc.com
2018-01-25,Apple is reportedly redesigning its iBooks app to challenge Amazon in digital books again,cnbc.com
2018-01-25,Chinese steel mills win domestic iron ore pricing in some 2018 contracts,cnbc.com
2018-01-25,Soros: Trump has US 'set on a course towards nuclear war',cnbc.com
2018-01-25,"Under new tax policy United Technologies to pay down debt from Rockwell Collins faster, says CEO",cnbc.com
2018-01-25,Startup Robinhood to launch commission-free cryptocurrency trading,reuters.com
2018-01-25,EU court bars 'gay test' for asylum seekers...,reuters.com
2018-01-25,American Airlines fourth-quarter earnings top Wall Street estimates,cnbc.com
2018-01-25,Britain should examine criminal use of cryptocurrencies: PM May,reuters.com
2018-01-25,Morningstar’s top fund managers share investing ideas for 2018,cnbc.com
2018-01-25,"Bill Kristol hits Fox News, Tucker Carlson for 'dumbing down' coverage, pushing 'ethno-nationalism'",cnbc.com
2018-01-25,"Flu season may peak in coming weeks, FDA chief says",cnbc.com
2018-01-25,Tiny SUVS are selling like crazy and struggling Ford wants in,cnbc.com
2018-01-25,GLMX reboots high-tech platform in post-crisis repo environment,reuters.com
2018-01-25,"Stocks making the biggest moves premarket: CAT, MMM, CELG, LUV, NOC, F & more",cnbc.com
2018-01-25,"Reuters: Viacom, CBS CEOs have discussed potential merger, according to sources",cnbc.com
2018-01-25,Treasury Secretary Mnuchin explains why he's really looking closely at bitcoin,cnbc.com
2018-01-25,Trading for a good cause with Five T Investments' Reid Walker,cnbc.com
2018-01-25,Airbnb adds Amex's Ken Chenault to board as it moves toward an IPO,cnbc.com
2018-01-25,Dinner in Davos: Claudio Descalzi in Conversation With Gerard Baker,wsj.com
2018-01-25,Bill Miller: A rush out of bonds is about to 'propel stocks significantly higher',cnbc.com
2018-01-25,Union Pacific CEO on Q4 earnings,cnbc.com
2018-01-25,Senate to hold hearing on Hawaii false missile alert,cnbc.com
2018-01-25,"After helping Conor McGregor prepare for fights, Hykso is bringing training to the home",cnbc.com
2018-01-25,"Bank of America, Citigroup reviewing the use of credit cards to buy bitcoin",cnbc.com
2018-01-25,India has made some big changes lately — a top entrepreneur says it's paying off,cnbc.com
2018-01-25,Cramer Remix: My loneliest defense of Apple yet,cnbc.com
2018-01-25,"Philip Morris stock falls, FDA panel says evidence doesn't back claim iQOS cuts disease risk",cnbc.com
2018-01-25,"Ray Dalio, manager of world's largest hedge fund, rips Mnuchin's weak dollar position as 'a hidden tax'",cnbc.com
2018-01-25,U.S. consumer bureau delays prepaid card rules into 2019,reuters.com
2018-01-25,BlackRock’s Larry Fink Calls Cryptocurrencies ‘An Index of Money Laundering’,fortune.com
2018-01-25,Starbucks shares drop after revenue falls short,cnbc.com
2018-01-25,"Stock trading app Robinhood to launch bitcoin, ethereum trading in five states",cnbc.com
2018-01-25,Trump needs to deliver an economic 'truth bomb' at Davos,cnbc.com
2018-01-25,Tech firms let Russia probe software widely used by U.S. government,cnbc.com
2018-01-25,US dollar is tanking again as Treasury Secretary Mnuchin abandons 'strong dollar' mantra of predecessors,cnbc.com
2018-01-25,Dollar slumps to a three-year low but it's not worrying Europe ... just yet,cnbc.com
2018-01-25,17 universities oppose anti-smoking group with tobacco ties,cnbc.com
2018-01-25,Here's why one traders sees a bigger drop ahead for bitcoin,cnbc.com
2018-01-25,"Artillery, Howitzers, 5,000 Soldiers: Satellite Images Show North Korea Preparing for Military Parade",wsj.com
2018-01-25,How Octavia Spencer and Jessica Chastain worked together to negotiate a huge paycheck,cnbc.com
2018-01-25,A group of scientists is trying to limit Trump's nuclear authority,cnbc.com
2018-01-25,"Futures Now, January 25, 2016",cnbc.com
2018-01-25,FDA’s Scott Gottlieb: Expect a couple more weeks of flu season,cnbc.com
2018-01-25,You may soon see a new type of tobacco product that claims to be less risky than cigarettes,cnbc.com
2018-01-25,"Cecile Richards, Larry Nassar, Presidents Club: Broadsheet for Jan. 25",fortune.com
2018-01-25,Trump wants to talk taxes in Davos. But the rest of the world is less enthusiastic,cnbc.com
2018-01-25,"How this hockey dad turned $750 in used equipment into a $100,000-a-year side gig",cnbc.com
2018-01-25,"Oil hits highest since late 2014 on US crude inventory drop, weaker dollar",cnbc.com
2018-01-25,A full-blown trade war between the US and China is unlikely,cnbc.com
2018-01-25,Trump administration backs bills to toughen foreign investment rules,reuters.com
2018-01-25,INSIGHT-Protein plight: Brazil steals U.S. soybean share in China,cnbc.com
2018-01-25,"Trump says dollar will get 'stronger and stronger,' Mnuchin was misinterpreted",cnbc.com
2018-01-25,"Shaq once gave a $4,000 tip—here's how he decides how much to leave",cnbc.com
2018-01-25,US cannabis companies look to Canada when going public,cnbc.com
2018-01-25,The Tom Brady indicator: What the Super Bowl-bound QB's performance means for the stock rally,cnbc.com
2018-01-25,GOP actions may make graduate school too costly for many students,cnbc.com
2018-01-25,Trump: DACA recipients will 'morph into' citizens over 10 to 12 years,cnbc.com
2018-01-25,Bill Kristol was once the voice of the Republican Party. Now he's one of Trump's biggest opponents,cnbc.com
2018-01-25,Intel set to report earnings after the bell,cnbc.com
2018-01-25,"With self-parking slippers, Nissan drives Japanese hospitality to a new level",reuters.com
2018-01-25,Walmart Is Cutting Up to 500 Corporate Jobs This Week - Fortune,fortune.com
2018-01-25,Warren Buffett's bet on airlines lost more than $700 million in sector selloff,cnbc.com
2018-01-25,"'We don't talk about inclusion' and that's a problem, says BlackRock's Larry Fink",cnbc.com
2018-01-25,The 5 states with the highest and lowest paid politicians,cnbc.com
2018-01-25,Bank of Canada Governor Stephen Poloz speaks with CNBC,cnbc.com
2018-01-25,An Avant-Garde Director’s Take on Chinese Treasures,wsj.com
2018-01-25,Trump: I have a great relationship with Prime Minister May,cnbc.com
2018-01-25,Twitter is reportedly working on a video-sharing feature that mimics Snapchat,cnbc.com
2018-01-25,"Cryptocurrencies not yet in 'dotcom bubble territory,' experts say",cnbc.com
2018-01-25,"New home sales in December underwhelm, snapping back from 10-year high in November",cnbc.com
2018-01-25,How this self-taught 14-year-old kid became an AI expert for IBM,cnbc.com
2018-01-25,The Doomsday Clock timekeepers say we're now the closest to global annihilation since 1953,cnbc.com
2018-01-25,"The US needs to update NAFTA, but carefully",cnbc.com
2018-01-25,Mnuchin gave the US dollar a push toward depreciation: Strategist,cnbc.com
2018-01-25,"REFILE-EMERGING MARKETS-Currencies jump as dollar dips; Argentina's Merval breaches 35,000",cnbc.com
2018-01-25,"Hyundai Motor posts small profit rise, but sales, currency woes weigh",reuters.com
2018-01-25,European Central Bank leaves its benchmark interest rate unchanged,cnbc.com
2018-01-25,Home Depot bonuses: Here's what workers will receive,cnbc.com
2018-01-25,"Ordinary Americans won't benefit from US tax changes, says union boss",cnbc.com
2018-01-25,American Airlines CEO: 'Fares are too low for oil prices this high',cnbc.com
2018-01-25,"Mnuchin says 'dollar is not a concern of mine,' supports free trading in currency markets",cnbc.com
2018-01-25,Rescue is on the way for India's troubled banks — but it comes with a catch,cnbc.com
2018-01-25,Here’s why Vince McMahon is bringing back the XFL,fortune.com
2018-01-25,"The US can build as many walls as it wants but they don't work, says former Mexico president",cnbc.com
2018-01-25,Philip Morris could win even if its iQOS marketing application fails,cnbc.com
2018-01-25,Here are the 10 most important stories for investors Thursday morning,cnbc.com
2018-01-25,LG Electronics swings back to operating profit in fourth-quarter,reuters.com
2018-01-25,One of Wall Street's loudest bulls says the economy is 'stronger than a garlic milkshake',cnbc.com
2018-01-25,"Al Gore defends Trump, says he's not to blame for tariffs on solar panels",cnbc.com
2018-01-25,"George Soros bashes Facebook and Google at Davos, calling them a 'menace' and 'monopolistic'",cnbc.com
2018-01-26,Trump says cutting regulations 'was every bit as important as what we did with the tax cuts',cnbc.com
2018-01-26,Davos brings US dollar drama,cnbc.com
2018-01-26,This year’s flu season is worse than usual for baby boomers,cnbc.com
2018-01-26,Watch President Trump speak at the World Economic Forum in Davos,cnbc.com
2018-01-26,Read President Trump's full remarks on trade deals to CNBC,cnbc.com
2018-01-26,Japanese cryptocurrency exchange loses more than $500 million to hackers,cnbc.com
2018-01-26,"Gamer anger over 'microtransactions' will hurt Activision, Electronic Arts: Analyst",cnbc.com
2018-01-26,"Alibaba has doubled in the last year, and it has more room to run, says trader",cnbc.com
2018-01-26,"Trump to jack up defense spending request to $716 billion for 2019 budget, report says",cnbc.com
2018-01-26,Trump says DACA recipients should be able to stay in the US,cnbc.com
2018-01-26,Joseph Kennedy III to give Democratic response to Trump's State of the Union address,cnbc.com
2018-01-26,Cramer Remix: Violate these investing rules at your own peril,cnbc.com
2018-01-26,"Cramer's top 2 investing rules for bulls, bears and everyone in between",cnbc.com
2018-01-26,"NY, NJ and Connecticut say they will sue federal government over caps on tax deductions",cnbc.com
2018-01-26,This mapmaker's massive snow drawings have taken the internet by storm,cnbc.com
2018-01-26,Delta and American Airlines Strike a Pact to Help Stranded Passengers,fortune.com
2018-01-26,"Tech companies will increasingly look to aging baby boomers for growth, says Evercore analyst",cnbc.com
2018-01-26,Casey's explores buying Kroger convenience stores valued at $2 billion amid pressure from activists,cnbc.com
2018-01-26,Cramer Remix: Violate these investing rules at your own peril,cnbc.com
2018-01-26,"Eight weeks in, Starbucks Shanghai Roastery is raking in insane sales",cnbc.com
2018-01-26,Dell is considering acquisitions or an IPO in possible exit route for Silver Lake Partners,cnbc.com
2018-01-26,Brazil court approves seizure of Lula's passport: source,reuters.com
2018-01-26,One key rule helped me coach investors through the 2010 flash crash,cnbc.com
2018-01-26,Walmart Is Bringing the Fight to Amazon’s Turf: E-books,fortune.com
2018-01-26,Self-made billionaire Richard Branson on achieving success: This has been my 'greatest asset',cnbc.com
2018-01-26,"Flu remains severe with several more weeks to go, CDC says",cnbc.com
2018-01-26,These 3 people shaped Warren Buffett’s investing style,cnbc.com
2018-01-26,Short-seller Andrew Left is bullish for a change...on Twitter,cnbc.com
2018-01-26,EMERGING MARKETS-Mexican peso seesaws over dollar; Argentina stocks hit record,cnbc.com
2018-01-26,"Airlines, industrials and retailers: 6 trades",cnbc.com
2018-01-26,Mark Cuban offers up a great side-hustle idea to make easy money for anyone '14 or older',cnbc.com
2018-01-26,Airbnb Adds Another Man to Its All-Male Board,fortune.com
2018-01-26,Lyft probes allegations of employees misusing customer data,reuters.com
2018-01-26,Intel surges to a 17 year high after earnings beat and dividend increase,cnbc.com
2018-01-26,"Burgers and coffee will all be bought with cryptocurrency in five years, said Tim Draper",cnbc.com
2018-01-26,Fujitsu to sell mobile phone unit to Japanese investment fund: Nikkei,reuters.com
2018-01-26,"Three legs are propping up the oil rally, and one of them looks wobbly, says analyst",cnbc.com
2018-01-26,Boeing loses trade case over Bombardier passenger jets,cnbc.com
2018-01-26,"Trump reportedly ordered Mueller fired last year, but backed off",cnbc.com
2018-01-26,'America first does not mean America alone' — Read Trump's full closing speech at Davos,cnbc.com
2018-01-26,Here's what Trump said that had Wall Street in a frenzy,cnbc.com
2018-01-26,Why interest rates could be the 'fly in the ointment' for the market,cnbc.com
2018-01-26,Cramer: Why you never buy a stock all at once,cnbc.com
2018-01-26,Mueller's staff has reportedly interviewed at least one Facebook worker,cnbc.com
2018-01-26,Mnuchin says his comments on the dollar were 'completely taken out of context',cnbc.com
2018-01-26,Too many stocks and too little cash can set you up for failure,cnbc.com
2018-01-26,"I see 'irrational complacency' in Davos, and asset 'bubbles everywhere' — billionaire Jeff Greene",cnbc.com
2018-01-26,Entire USA Gymnastics board to resign in wake of sex abuse scandal,cnbc.com
2018-01-26,Morgan Stanley's shocking 'bull case' for Amazon sees online giant worth $1 trillion in 12-months,cnbc.com
2018-01-26,"Honeywell raises 2018 guidance and boosts employee 401(k) match, citing lower tax rates",cnbc.com
2018-01-26,Wynn stock drops 6 percent after alleged sexual misconduct by Steve Wynn: Report,cnbc.com
2018-01-26,Trump says the stock market would have been down 50% had Clinton won,cnbc.com
2018-01-26,5 tips to make first-time tax filing a breeze,cnbc.com
2018-01-26,The dollar's terrible week is a warning of what could come if Trump's team missteps on trade,cnbc.com
2018-01-26,Mnuchin says you are going to see 'massive investment' back into US because of tax cut,cnbc.com
2018-01-26,Top European officials are slamming Mnuchin's comments on a weaker dollar,cnbc.com
2018-01-26,Hillary Clinton reportedly declined to fire faith advisor accused of sexual harassment in 2008,cnbc.com
2018-01-26,"Cramer's top 2 investing rules for bulls, bears and everyone in between",cnbc.com
2018-01-26,"Stocks making the biggest moves premarket: HON, CL, AZN, SBUX, INTC, NKE & more",cnbc.com
2018-01-26,KFC Announces Its First Female Colonel Sanders,fortune.com
2018-01-26,One of Wall Street's biggest bulls says buckle up for a pullback,cnbc.com
2018-01-26,Treasury Secretary Mnuchin says stronger dollar is in the best interest of the country,cnbc.com
2018-01-26,Cramer says owning too many stocks and too little cash can set you up for failure,cnbc.com
2018-01-26,Look inside the $30 million mansion with a private beach where Britney Spears spent Valentine’s Day,cnbc.com
2018-01-26,Trump tells Davos: We can't have free trade if some countries 'exploit' others,cnbc.com
2018-01-26,6 ways to set goals that actually make you succeed,cnbc.com
2018-01-26,These stocks are reaping the rewards of the dollar selloff,cnbc.com
2018-01-26,"Rules for bulls, bears and everyone in between",cnbc.com
2018-01-26,Trump to tell Davos he won't tolerate trade abuses or intellectual property theft,cnbc.com
2018-01-26,Cramer: I helped investors through the 2010 flash crash by following one key rule,cnbc.com
2018-01-26,"Amazon is overextended and due for a pullback, says technician",cnbc.com
2018-01-26,"Ray Dalio made $50 billion for his clients, topping list of biggest hedge fund money-makers ever",cnbc.com
2018-01-26,Trump Is Giving a Speech at Davos. Here’s What CEOs Want to Hear,fortune.com
2018-01-26,Cryptocurrency 'Oracle' Lingham thinks bitcoin cash will outpace actual bitcoin in the future,cnbc.com
2018-01-26,A Portrait of Poverty in America: Job Insecurity and Payday Lending,wsj.com
2018-01-26,Gunmaker Remington turns to debt restructuring advisors: Report,cnbc.com
2018-01-26,Cramer: Never buy a stock all at once — you'll almost definitely get burned,cnbc.com
2018-01-26,Cramer: I helped investors through the 2010 flash crash by following one key rule,cnbc.com
2018-01-26,"Spanish tourists ambushed, raped in Senegal: military",reuters.com
2018-01-26,David Rubenstein: Bill Gates and Jeff Bezos can do one thing that most entrepreneurs can't,cnbc.com
2018-01-26,These pro athletes make millions and you can still catch them taking the subway,cnbc.com
2018-01-26,G20 to work on 'answer' to Bitcoin risk: ECB's Coeure,reuters.com
2018-01-26,"People show huge interest in Robinhood Crypto, but skeptics worry it will just fuel the bubble",cnbc.com
2018-01-26,Cramer: Trump wants the rich to get richer in hopes of a 'worldwide trickle down',cnbc.com
2018-01-26,Exclusive: U.S. gunmaker Remington turns to debt restructuring advisors - sources,reuters.com
2018-01-26,"Staples taps former Coca-Cola exec as CEO, to replace Shira Goodman",cnbc.com
2018-01-26,Normally vocal hedge fund manager Bill Ackman takes a passive stake in Nike,cnbc.com
2018-01-26,Former market-topping money manager Jeff Vinik says we're in the '7th or 8th inning' of the rally,cnbc.com
2018-01-26,Why Intel’s Stock Price Just Jumped 9% to Its Highest Price Since 2000,fortune.com
2018-01-26,"Here's what Americans would do with an extra $10,000",cnbc.com
2018-01-26,Here's how Trello sets its remote workers up for success,cnbc.com
2018-01-26,"Idaho's bid to duck Obamacare: Old, sick customers could face costs 15 times higher than others",cnbc.com
2018-01-27,"Trump, China and Armageddon",fortune.com
2018-01-27,Cramer says the market's other FANG is a great growth play on oil,cnbc.com
2018-01-27,Why Apple HomePod May Be a Strong Amazon Echo Competitor,fortune.com
2018-01-27,"China's securities watchdog fines blogger over $31,000 for inaccurate information",reuters.com
2018-01-27,Prominent businessmen reach settlements in Saudi corruption probe,cnbc.com
2018-01-27,Mattis: Diplomacy should impose reason on North Korea's Kim Jong Un,cnbc.com
2018-01-27,Drought lands more cattle into U.S. feedlots than expected,cnbc.com
2018-01-27,"China's securities watchdog fines blogger over $31,000 for inaccurate information",reuters.com
2018-01-27,Bombardier CEO stands by Alabama production plan after trade win over Boeing,cnbc.com
2018-01-27,Steve Wynn's reputation will likely not recover if sexual harassment charges check out: Ralston,cnbc.com
2018-01-27,Cramer's lightning round: I would not sell Valeant right now,cnbc.com
2018-01-27,"Bitcoin and Blockchains in Davos, Starbucks Coin, Nuclear Hacks",fortune.com
2018-01-27,"Japan wary of US push for fewer curbs on beef, auto shipments, sources say",cnbc.com
2018-01-27,"Amazon could see a huge move on earnings next week, and it’s making some investors nervous",cnbc.com
2018-01-27,New Orleans Is Spending Millions to Remove Tons of Mardi Gras Beads From Storm Drains,fortune.com
2018-01-27,"Regulators and investors 'are just waking up' to cryptocurrency, and blockchain expert has some advice",cnbc.com
2018-01-27,Jay Leno's 1st car cost him $350—here's his No. 1 rule for 1st-time car buyers,cnbc.com
2018-01-27,"All of the world’s largest economies are now expanding, lifting fortunes and spirits",cnbc.com
2018-01-27,"Head of esports scholarship program is bullish on competitive gaming, but not with games like NBA 2K",cnbc.com
2018-01-27,Google Home couldn't tell users who Jesus Christ is — here's why it matters,cnbc.com
2018-01-27,I ran a DNA test on my dogs — here's what I found out,cnbc.com
2018-01-27,"Big week for markets up next, with Fed meeting, earnings tsunami and Trump State of the Union",cnbc.com
2018-01-27,Cramer's game plan: Welcome to the Super Bowl of earnings,cnbc.com
2018-01-28,Ikea Founder Ingvar Kamprad Dies at 91,fortune.com
2018-01-28,‘Jackpotting’ Targets U.S. ATMs to Make Them Spit Out Cash,fortune.com
2018-01-28,Florida Sen. Marco Rubio fires chief of staff after reports of 'improper conduct',cnbc.com
2018-01-28,IKEA founder Ingvar Kamprad has died at 91,cnbc.com
2018-01-28,The key to bitcoin’s next breakout may lie in Google search,cnbc.com
2018-01-28,Koch Brothers Like Trump Plan for Dreamers,fortune.com
2018-01-29,DriveNow deal paves way for BMW-Daimler alliance - source,reuters.com
2018-01-29,US auto sales are expected to be up slightly in January: JD Power and LMC,cnbc.com
2018-01-29,Games developer Playtika to invest up to $400 million in Israeli tech,reuters.com
2018-01-29,First official Belt and Road bond issued on Shanghai exchange,cnbc.com
2018-01-29,Why Sanofi Is Buying Belgian Biotech Company Ablynx for Nearly $5 Billion,fortune.com
2018-01-29,Rosenstein approved surveillance extension of former Trump adviser Carter Page,cnbc.com
2018-01-29,Trump national security team sees building 5G network as option,reuters.com
2018-01-29,"Chart points to trouble for stocks in a big week for earnings, says trader",cnbc.com
2018-01-29,Dr Pepper Snapple and Keurig Green Mountain to merge,cnbc.com
2018-01-29,The NYC-Newark slugfest in the battle for Amazon's $5 billion headquarters,cnbc.com
2018-01-29,Gold treasure recovered from a 1857 shipwreck is set to make its debut,cnbc.com
2018-01-29,Most Americans wary of self-driving cars: Reuters/Ipsos poll,reuters.com
2018-01-29,Uber looked at buying a truck logistics company,cnbc.com
2018-01-29,"Deutsche Bank defends $1.2 billion bonus pay, blames US tax overhaul for its annual loss",cnbc.com
2018-01-29,2018 to be a year of two halves for oil: Oil analyst,cnbc.com
2018-01-29,Trump administration is thinking about nationalizing 5G mobile network,cnbc.com
2018-01-29,Panera Bread Recalls All Cream Cheese Products Over Listeria Fear,fortune.com
2018-01-29,Volkswagen Has Apologized for Testing Diesel Fumes on Monkeys,fortune.com
2018-01-29,Pershing Square holds London investor meetings,cnbc.com
2018-01-29,Amazon.com opens its own rainforest in Seattle,reuters.com
2018-01-29,Starbucks downgraded by Bernstein because China growth not enough to offset slowing US sales,cnbc.com
2018-01-29,Japan raps Coincheck and orders broader checks in the wake of $530 million cryptocurrency heist,cnbc.com
2018-01-29,The Trump Administration Is Considering Building a 5G Network to Counter Cyberspying,fortune.com
2018-01-29,India's ruling party may shore up votes by pushing more money toward farmers,cnbc.com
2018-01-29,"US regulators to fine UBS, Deutsche Bank, HSBC for 'spoofing' and manipulation",cnbc.com
2018-01-29,Amazon Just Expanded Its HQ in Seattle. Now It Has a Rainforest,fortune.com
2018-01-29,"US crude's price is catching up to the rest of the world, creating a risk to the export boom",cnbc.com
2018-01-29,Apple shares are falling on fears of plunging iPhone X demand,cnbc.com
2018-01-29,"At Koch Seminar, Members Applaud Tax Reform Efforts as Paul Ryan Heaps Praise On Them",fortune.com
2018-01-29,"To knock out debt faster, it's time to reassess your payoff plan",cnbc.com
2018-01-29,Alibaba and Foxconn Are Pouring Millions Into a Chinese Electric Carmaker,fortune.com
2018-01-29,This New Airline CEO Took a Pay Cut to Match His Female Predecessor,fortune.com
2018-01-29,Sony Music Deletes Tweet Supporting Kesha’s Grammy Performance After Internet Blowback,fortune.com
2018-01-29,Stocks are doing something they haven’t done in more than 60 years,cnbc.com
2018-01-29,Intel reportedly told Chinese companies about chip flaws before US government,cnbc.com
2018-01-29,BRIEF-ExxonMobil Says Co Plans To Invest More Than $50 Bln Over Next Five Years To Expand Business In U.S. - Blog‍​,reuters.com
2018-01-29,Panera Bread is voluntarily recalling some cream cheese because of possible bacterial contamination,cnbc.com
2018-01-29,Japan Seeks to Clean Up Cryptocurrency Markets After $530 Million Coincheck Heist,fortune.com
2018-01-29,Japan to punish hacked cryptocurrency exchange Coincheck on Monday,reuters.com
2018-01-29,Chinese flight routes set off military alarms in Taiwan,cnbc.com
2018-01-29,Tezos funder pledges to 'step back' once crypto-venture's woes are solved,reuters.com
2018-01-29,Chinese investments in the UK are picking up: Juwai.com,cnbc.com
2018-01-30,Why Shares of Blue Apron Rival HelloFresh Are Surging Today,fortune.com
2018-01-30,GRAINS-Wheat prices hit 4-mth high on worries over U.S. crop condition,cnbc.com
2018-01-30,UPDATE 1-Vale diversifies away from iron ore despite strong China demand -CEO,cnbc.com
2018-01-30,Use earnings 'damage' to your advantage,cnbc.com
2018-01-30,Three events in the next 24 hours that could determine whether the sell-off continues,cnbc.com
2018-01-30,Can tech still rally without Apple?,cnbc.com
2018-01-30,"Mexico's oil reform a boon for hard-hit oil service, seismic firms",cnbc.com
2018-01-30,Japan's Aso: need to strengthen controls over cryptocurrency exchanges,reuters.com
2018-01-30,Be prepared for more trade actions from the Trump administration,cnbc.com
2018-01-30,"Cramer: Without Steve Wynn, Wynn Resorts is just another hotel chain",cnbc.com
2018-01-30,Thailand's PM says needs a little more time in office to prepare for vote - Reuters,reuters.com
2018-01-30,"Without Steve, Wynn Resorts just another hotel chain",cnbc.com
2018-01-30,Focus on infrastructure...,cnbc.com
2018-01-30,How bitcoin pricing can predict the Dow: McClellan Market Report,cnbc.com
2018-01-30,Spain's Telefonica names new head for domestic unit - Reuters,reuters.com
2018-01-30,"Market selloff an opportunity, not a threat, says Wells Fargo's Scott Wren",cnbc.com
2018-01-30,U.S. regulator subpoenas cryptocurrency platforms Bitfinex and Tether: source,reuters.com
2018-01-30,Refinery maintenance ahead will weigh on the oil market,cnbc.com
2018-01-30,Noted tech investor says the sector is not the best place to invest right now,cnbc.com
2018-01-30,"Chesapeake Energy reportedly lays off 13% of workforce, about 400 employee",cnbc.com
2018-01-30,GRAINS-Wheat hits four-month high as U.S. winter crop ratings fall,cnbc.com
2018-01-30,What to Watch For in Trump's State of the Union Speech,wsj.com
2018-01-30,"JPMorgan raises oil price forecast to $70, topping many Wall Street targets, citing strong demand",cnbc.com
2018-01-30,Health-care ETFs in focus on JP Morgan-Berkshire-Amazon deal,cnbc.com
2018-01-30,EA's fourth-quarter revenue forecast tops estimates,reuters.com
2018-01-30,The Wall Street Journal: JPMorgan names new co-presidents; CEO Dimon expects to stay about 5 more years,wsj.com
2018-01-30,Spain to grow 3 percent in 2018 if Catalan situation resolved - economy minister - Reuters,reuters.com
2018-01-30,Keep an eye on energy plays,cnbc.com
2018-01-30,This property firm see a comeback for Hong Kong luxury properties,cnbc.com
2018-01-30,Uber’s Indian Rival Ola Expands Beyond Its Home Market for the First Time,fortune.com
2018-01-30,2016 American Airlines fire caused by never-before-seen engine failure,cnbc.com
2018-01-30,Here are the 10 most important stories for investors Tuesday morning,cnbc.com
2018-01-30,"Bitcoin boom to give AMD earnings a boost, says MKM Partners",cnbc.com
2018-01-30,‘Babylon Berlin’: Germany’s $40 Million TV Show Comes to Netflix,wsj.com
2018-01-30,Health insurer Aetna's quarterly profit soars 75.5% on lower costs,cnbc.com
2018-01-30,Apple splits with tech: 6 trades,cnbc.com
2018-01-30,'People don't trust the president on Russia': Senators grill Treasury Secretary Mnuchin on sanctions,cnbc.com
2018-01-30,"2018 looks like a ‘bizarro-2015’ for two S&P sectors, Oppenheimer says",cnbc.com
2018-01-30,Metlife pushes earnings release back two weeks,cnbc.com
2018-01-30,Trump White House’s ‘State of the Uniom’ Typo Is Far From Its First,fortune.com
2018-01-30,"Cramer's lightning round: Prudential's not Metlife, but watch out for pin action",cnbc.com
2018-01-30,Trump Campaign Says Donor Names Will Flash During Livestream of State of the Union Speech,fortune.com
2018-01-30,Cramer: Use the earnings 'damage' to your advantage this week,cnbc.com
2018-01-30,Cramer: Use the earnings 'damage' to your advantage this week,cnbc.com
2018-01-30,Global Leaders on Workplace Diversity and Inclusion,wsj.com
2018-01-30,It could get worse for Apple before it gets better: Technician,cnbc.com
2018-01-30,"Your first trade for Tuesday, January 30",cnbc.com
2018-01-30,Major utility CEO: GDPs in areas we serve are exceeding the national average,cnbc.com
2018-01-30,Cramer Remix: Why Apple’s stock has been set up to fail,cnbc.com
2018-01-30,Cramer's charts forecast further gains for health care giants Centene and Cardinal Health,cnbc.com
2018-01-30,Future is really good for McDonald's: Former CEO Ed Rensi,cnbc.com
2018-01-30,Facebook to ban cryptocurrency-related ads,reuters.com
2018-01-30,Canon sees 2018 profit jumping 27 percent as diversification pays off,reuters.com
2018-01-30,Cramer: Bezos' Amazon Prime could upend the health-care system — just look what it did to retail,cnbc.com
2018-01-30,This strategist is upbeat on China and Japan,cnbc.com
2018-01-30,SAP Goes Big on the Cloud With $2.4 Billion Buy of Sales Software Firm Callidus,fortune.com
2018-01-30,"Change the World, McCabe Out, Oligarch List: CEO Daily for January 30, 2018",fortune.com
2018-01-30,"""Fast Money"" final trades: T, TWTR and more",cnbc.com
2018-01-30,Stocks open lower as sell-off continues for second day,cnbc.com
2018-01-30,Recent Treasury yields won't 'move the needle' for now,cnbc.com
2018-01-30,Fundstrat's Tom Lee sees a great crypto rotation occurring,cnbc.com
2018-01-30,"Market selloff and opportunity, not a threat, says Wells Fargo's Scott Wren",cnbc.com
2018-01-30,VW’s CEO Says He’s Stunned by ‘Repulsive’ Diesel Fume Tests on People and Monkeys,fortune.com
2018-01-30,"The 'crude bubble is deflating,' warns the man who called the 2015 oil collapse",cnbc.com
2018-01-30,Charts forecast further gains Centene and Cardinal Health,cnbc.com
2018-01-30,"Stifel Financial CEO: We're a mirror of what's going on in the economy, and it's going to be a good year",cnbc.com
2018-01-30,"Trump's State of the Union choice: Tackle the Russia probe head on, or pretend it doesn't exist",cnbc.com
2018-01-30,CNBC Fed Survey: Higher rates to weigh on stocks,cnbc.com
2018-01-30,The air is being let out of the bitcoin bubble,cnbc.com
2018-01-30,France’s Nutella ‘Riots’ Have Prompted a Government Investigation,fortune.com
2018-01-31,"Oil market on brink of correction, warns the man who called the 2015 crude collapse",cnbc.com
2018-01-31,The DJ Who Groped Taylor Swift Has Landed a New Job in Mississippi,fortune.com
2018-01-31,AMD shares surge as Wall Street analysts say the chipmaker is ‘executing on all fronts’,cnbc.com
2018-01-31,Trump shouldn't take credit for the economy because he got a running start from Obama: Top Democrat,cnbc.com
2018-01-31,EU yields more on beef to accelerate Latam trade talks,cnbc.com
2018-01-31,Federal prosecutors seek to drop criminal charges against Sen. Robert Menendez,cnbc.com
2018-01-31,"Trump vows to protect US intellectual property, without naming China",cnbc.com
2018-01-31,"Big market swings are something you’re going to have to get used to, says Wells Fargo",cnbc.com
2018-01-31,Nintendo Just Had Its Best Third Quarter in Eight Years Thanks to Booming Switch Demand,fortune.com
2018-01-31,"Yellen leaving Fed Saturday, Powell to be sworn in Monday",cnbc.com
2018-01-31,"UPDATE 3-Shell ahead in Mexico oil auction, wins five blocks",cnbc.com
2018-01-31,"State of the Union, Samsung Stock Split, Blackstone: CEO Daily for January 31, 2018",fortune.com
2018-01-31,May says will give parliament 'appropriate analysis' before Brexit deal vote,reuters.com
2018-01-31,Walmart May Buy a Stake in India’s Answer to Amazon,fortune.com
2018-01-31,Coding boot camp General Assembly explores potential sale: CEO,reuters.com
2018-01-31,This U.K. firm is looking to sell hydrogen auto technology in China,cnbc.com
2018-01-31,ANALYSIS-U.S. trade ruling piles pressure on Boeing-Embraer talks,cnbc.com
2018-01-31,"Humor, Rivalry and Billions of Dollars: A Brief History of Super Bowl Ads",wsj.com
2018-01-31,UPDATE 4-Shell sweeps nine of 19 blocks awarded in Mexico oil auction,cnbc.com
2018-01-31,Eletrobras seeks to solve US class action lawsuits before privatization - Reuters,reuters.com
2018-01-31,"UPDATE 2-Shell ahead in Mexico oil auction, wins five blocks",cnbc.com
2018-01-31,Brazil's pre-salt reserves provide half of oil production,cnbc.com
2018-01-31,"UPDATE 1-Shell ahead in Mexico oil auction, wins five blocks",cnbc.com
2018-01-31,"Blockchain technology to boost Microsoft earnings, trader says",cnbc.com
2018-01-31,EA shares surge after sports titles save it from weak ‘Star Wars’ game sales,cnbc.com
2018-01-31,Sears lays off 220 employees at corporate headquarters,cnbc.com
2018-01-31,Game publisher EA's sales forecast tops estimates; shares rise - Reuters UK,reuters.com
2018-01-31,"Italy's Berlusconi skips TV election show, raising health concerns",reuters.com
2018-01-31,Trump says he's '100%' for releasing the classified GOP memo on the Russia investigation,cnbc.com
2018-01-31,Treasury Secretary Mnuchin urges Congress to raise the debt ceiling 'as soon as possible',cnbc.com
2018-01-31,EMERGING MARKETS-LatAm currencies mostly lower ahead of Fed policy statement,cnbc.com
2018-01-31,Fujitsu agrees to sell majority stake in mobile phone unit to Polaris,reuters.com
2018-01-31,Time to fight: What healthcare can learn from retail’s battles against Amazon,cnbc.com
2018-01-31,"China's Leshi Internet flags $1.8 billion loss for 2017, citing LeEco cash crunch",reuters.com
2018-01-31,NFL players' surprising new performance hack—going vegan,cnbc.com
2018-01-31,Consumer protection bureau structure upheld in blow to Trump's deregulation efforts,cnbc.com
2018-01-31,GoPro will now replace a broken camera if you buy its $4.99 monthly service plan,cnbc.com
2018-01-31,South Korea says uncovered about $600 million in cryptocurrency crimes,reuters.com
2018-01-31,Boeing earnings show robust demand and execution,cnbc.com
2018-01-31,Fed got whiff of inflation in Yellen's final days but so far market not changing rate hike view,cnbc.com
2018-01-31,Watch NFL commissioner Roger Goodell speak in Minneapolis,cnbc.com
2018-01-31,4 TED Talks you should watch immediately if you want to understand bitcoin,cnbc.com
2018-01-31,Porn star Stormy Daniels denies having an affair with Trump,cnbc.com
2018-01-31,The Points Guy left his corporate job to travel the world (in business class),cnbc.com
2018-01-31,Fundamentals remain good allowing bull market to continue: Fidelity's Jurrien Timmer,cnbc.com
2018-01-31,Chicago PMI 65.7 vs. 63.5 est. in January,cnbc.com
2018-01-31,Trade between the UK and China already at record levels: Theresa May,cnbc.com
2018-01-31,Cramer bullish on Dr Pepper-Keurig deal despite Wall Street's tepid response,cnbc.com
2018-01-31,Quiksilver CEO Pierre Agnes Is Still Missing at Sea,fortune.com
2018-01-31,UPDATE 1-EU yields more on beef to accelerate Latam trade talks,cnbc.com
2018-01-31,Cramer says Centene is the way to play the Amazon-Berkshire-JP Morgan health care move,cnbc.com
2018-01-31,Don’t Expect Super Bowl Ads to Be Political This Year,fortune.com
2018-01-31,Foxconn shareholders approve plan to list unit in Shanghai,reuters.com
2018-01-31,Oil prices fall for third day on inventory build,cnbc.com
2018-02-01,"Maldives top court orders retrial of ex-president, opposition leaders",reuters.com
2018-02-01,Mastercard profit tops Street on holiday shopping rush; shares hit record,cnbc.com
2018-02-01,GOP lawmakers put their medical skills to work after a deadly train crash,cnbc.com
2018-02-01,Here's why one bitcoin bear is turning bullish,cnbc.com
2018-02-01,"Stocks making the biggest moves premarket: DWDP, BABA, BX, UPS, FB, MSFT, QCOM & more",cnbc.com
2018-02-01,Lowe's bonuses: Here's what employees will receive,cnbc.com
2018-02-01,'Disrgraced' : Pelosi demands removal of Rep. Nunes as House Intelligence chair over Russian probe,cnbc.com
2018-02-01,Ebay posts loss for holiday quarter as it books $3.1 billion tax charge,reuters.com
2018-02-01,"Apple's cash pile hits $285.1 billion, a record",cnbc.com
2018-02-01,"Ryan says progress on spending talks, sees another another stopgap measure",cnbc.com
2018-02-01,"Chipotle downgraded to sell by UBS, citing worse brand perception than when food safety crisis began",cnbc.com
2018-02-01,Cigna CEO sees Amazon-led employee health initiative as an 'opportunity',cnbc.com
2018-02-01,"Brenda Fitzgerald, Larry Nassar, Walmart: Broadsheet for Feb. 1",fortune.com
2018-02-01,Cuba hands note of protest to U.S. over internet task force,reuters.com
2018-02-01,"Airbnb loses CFO Laurence Tosi, company says it won't go public this year",cnbc.com
2018-02-01,"Italy's Enel: ""no interest"" in powering cryptocurrency miners",reuters.com
2018-02-01,Pharma trade group urges appeals court to save Allergan's Restasis patents - Reuters,reuters.com
2018-02-01,An Animated Super Mario Bros. Movie Is Coming and the ‘Minions’ Studio Will Make It,fortune.com
2018-02-01,"Fresh from peacock incident, United sets stricter standards for emotional support animals",cnbc.com
2018-02-01,Here's who is benefiting from Chipotle's food safety woes,cnbc.com
2018-02-01,Trump is expected to allow House Republicans to release contentious memo over FBI objections,cnbc.com
2018-02-01,Altria beats 4Q profit forecasts,cnbc.com
2018-02-01,"Lowe's confirms plans to pay up to $1,000 bonuses",cnbc.com
2018-02-01,BRIEF-Google Says To Build Additional Data Center In Belgium‍​ - Blog,reuters.com
2018-02-01,Google CEO: A.I. is more important than fire or electricity,cnbc.com
2018-02-01,4 'policy cornerstones' for Trump's $1.5 trillion infrastructure plan,cnbc.com
2018-02-01,4 things Bill Belichick asks the Patriots to do every day,cnbc.com
2018-02-01,GoPro set to report after the close,cnbc.com
2018-02-01,US jobless claims unexpectedly fall as job market strengthens,cnbc.com
2018-02-01,Apple sold fewer iPhones than a year ago,cnbc.com
2018-02-01,Rep. Adam Schiff: Republicans altered classified Trump-Russia memo,cnbc.com
2018-02-01,Trump says his State of the Union viewership was 'the highest number in history.' He's wrong,cnbc.com
2018-02-01,Top career US diplomat to step down in a blow to the State department,cnbc.com
2018-02-01,Amazon set to report fourth quarter earnings after the bell,cnbc.com
2018-02-01,"$2.5B fund manager turns cautious, warns sentiment indicators are at ‘extreme’ levels",cnbc.com
2018-02-01,"A ‘little bit of juice left’ for Chevron and Exxon ahead of earnings, says market watcher",cnbc.com
2018-02-01,Alphabet to report earnings after the bell,cnbc.com
2018-02-01,The Wall Street Journal: Tesla sells $546 million of bonds to raise cash for production ramp-up,wsj.com
2018-02-01,Saudi Arabia's Google talks prove Muhammad bin Salman is the most powerful leader in the Middle East,cnbc.com
2018-02-01,US construction spending rises as private outlays hit record high,cnbc.com
2018-02-01,John Hennessy named as Alphabet's new board chairman,cnbc.com
2018-02-01,India Just Caused the Price of Bitcoin to Slide Again,fortune.com
2018-02-01,"US productivity falls unexpectedly in the fourth quarter, while labor costs rise",cnbc.com
2018-02-01,"Trump pressures Pelosi, Democrats on DACA a week before the next possible government shutdown",cnbc.com
2018-02-01,Germany's Software AG names Sanjay Brahmawar as new CEO,reuters.com
2018-02-01,"Automakers post mixed January vehicle sales, SUVs in favor",cnbc.com
2018-02-01,UPDATE 2-Swiss bank PKB broke money-laundering rules in Brazilian cases - FINMA,cnbc.com
2018-02-01,Wells Fargo loses a big client after dialing up risk in its target-date retirement funds,cnbc.com
2018-02-01,Amazon cloud revenue jumps 45 percent in fourth quarter,cnbc.com
2018-02-01,"Airbnb is making rents in New York City spike as owners yank units off the market, study finds",cnbc.com
2018-02-01,"World food prices steady in January, cereal output seen at record high - UN FAO",cnbc.com
2018-02-01,China's Lenovo posts third-quarter loss due to U.S. tax reform,reuters.com
2018-02-01,The World’s Largest Dairy Company May Have Been Selling Contaminated Baby Milk Since 2005,fortune.com
2018-02-01,Eric Trump says Steve Wynn did the right thing stepping down as RNC finance chair,cnbc.com
2018-02-01,The greenback gets whacked,cnbc.com
2018-02-01,"UPDATE 1-World food prices steady in January, cereal output seen at record high - UN FAO",cnbc.com
2018-02-01,Renewables are fully competitive with fossil fuels: Ørsted CEO,cnbc.com
2018-02-01,HBO has more than 5 million online streaming subscribers,cnbc.com
2018-02-01,Broadcom said to view Qualcomm earnings as concerning: Sources,cnbc.com
2018-02-01,UPDATE 5-Shell sweeps nine of 19 blocks awarded in Mexico oil auction,cnbc.com
2018-02-01,Bitcoin lost 30 percent of its value in January. How to not panic,cnbc.com
2018-02-01,MItt Romney will make announcement on Utah Senate race on Feb. 15,cnbc.com
2018-02-01,"Emerging Gulf State cyber security powerhouse growing rapidly in size, revenue",reuters.com
2018-02-01,Viacom board said to be in talks to set up committee to explore CBS deal,cnbc.com
2018-02-01,Do Standing Desks Really Help You Lose Weight? The Verdict Is In,fortune.com
2018-02-01,Strategist Jim Paulsen: The stock market could be heading for a 15% correction,cnbc.com
2018-02-01,Germany opens anti-trust probe into online advertising,reuters.com
2018-02-01,"You may not like my father's 'brash' tone, but nobody can argue about his results: Eric Trump",cnbc.com
2018-02-01,Worsening southern Plains drought slows U.S. cattle herd growth,cnbc.com
2018-02-01,January planned job cuts are down nearly 3% from last year: Challenger,cnbc.com
2018-02-01,Google parent Alphabet and Aramco are in talks to build a tech hub in Saudi Arabia: WSJ,cnbc.com
2018-02-01,Watch: President Trump speaks at GOP lawmakers' retreat,cnbc.com
2018-02-01,GOP memo about the Russia probe is likely to be released soon. Here's what to watch for,cnbc.com
2018-02-01,"What to expect when Alphabet, FANG’s ‘true blue chip,’ reports earnings",cnbc.com
2018-02-01,"UPenn to remove Steve Wynn's name from outdoor plaza, revoke his honorary degree",cnbc.com
2018-02-01,"Surging rates won’t hurt rally, thanks to tax reform's ‘extraordinary’ benefits, says Ed Yardeni",cnbc.com
2018-02-01,"In the midst of the #MeToo movement, office romance hits a 10-year low",cnbc.com
2018-02-01,Elon Musk’s Boring Company sells all of its flamethrowers in less than a week,cnbc.com
2018-02-01,Financial advisor Ric Edelman says investors with long term goals should buy stocks now,cnbc.com
2018-02-01,UPDATE 1-Swiss bank PKB broke money-laundering rules in Brazilian cases - FINMA,cnbc.com
2018-02-01,"Your first trade for Thursday, February 1",cnbc.com
2018-02-01,Apple earnings are coming after the bell,cnbc.com
2018-02-01,Cybercriminals target booming cryptocurrencies: report,reuters.com
2018-02-01,"Economy to grow at 5.4% rate in first quarter, Atlanta Fed tracker shows",cnbc.com
2018-02-01,Release the GOP Russia memo. We deserve government transparency,cnbc.com
2018-02-01,CBS and Viacom boards form exploratory committees and hire bankers to mull a deal,cnbc.com
2018-02-01,Sears lands additional financing from Eddie Lampert's ESL,cnbc.com
2018-02-01,GoPro misses revenue forecast for holiday quarter,reuters.com
2018-02-01,‘I Am a Good Guy Who Made a Bad Decision’: Logan Paul Apologizes for Suicide Video on Good Morning America,fortune.com
2018-02-01,Vloggers created a $205 'Big Mac' with Wagyu beef and Veuve Clicquot—here's everything in it,cnbc.com
2018-02-02,Japanese regulators raid Coincheck in wake of $530 million crypto heist,cnbc.com
2018-02-02,Amazon CFO: advertising was a 'key contributor' to revenue growth in Q4,cnbc.com
2018-02-02,Here's where the jobs are – in one chart,cnbc.com
2018-02-02,The average selling price of an iPhone is $100 higher than it was a year ago,cnbc.com
2018-02-02,"Britain's May gets $13.26 billion in China deals, Xi promises to build on 'golden era'",cnbc.com
2018-02-02,"Earnings are up and revenue growth is back, but rate hikes could derail momentum",cnbc.com
2018-02-02,"Cramer tackles Facebook, Apple, Amazon and Alphabet earnings as tech giants report",cnbc.com
2018-02-02,Merck posts mixed fourth-quarter results,cnbc.com
2018-02-02,Ice Dancing for One,wsj.com
2018-02-02,Fired FBI director James Comey rips 'dishonest and misleading' GOP Russia memo – 'That's it?',cnbc.com
2018-02-02,"Inside the Shakeup at Airbnb: The Startup Loses a CFO, Gains a COO - Fortune",fortune.com
2018-02-02,Here are the 10 most important stories for investors Friday morning,cnbc.com
2018-02-02,Nvidia's massive run reminds me of the tech bubble,cnbc.com
2018-02-02,Cramer's lightning round: S&P Global's stock is 'nothin' but net',cnbc.com
2018-02-02,This new group is angry about high drug prices — and plan to make 2018 candidates pay attention,cnbc.com
2018-02-02,Pepsi has been training for the Super Bowl for six months,cnbc.com
2018-02-02,Trump blasts FBI and Justice department bosses in a showdown over the Republican memo,cnbc.com
2018-02-02,Japan regulator conducting on-site inspection of Coincheck: Aso,reuters.com
2018-02-02,Facebook's rising ad prices are more than making up for slowing growth,cnbc.com
2018-02-02,Even Barbie can't save Mattel from holiday sales slump,cnbc.com
2018-02-02,"Amgen reports profit below expectations, but earnings outlook tops forecasts",cnbc.com
2018-02-02,Key dates in Brexit process - Reuters,reuters.com
2018-02-02,"Melania Trump, Nikki Haley, Kate Upton: Broadsheet for Feb. 2",fortune.com
2018-02-02,Apple gets two downgrades due to ‘dramatically’ slowing iPhone X demand,cnbc.com
2018-02-02,Super Bowl-bound Patriots owner Bob Kraft shares an 18-year-old ritual he has with Tom Brady,cnbc.com
2018-02-02,Oil from sunken Iranian tanker may have reached Japan shores: Coast Guard,reuters.com
2018-02-02,Here are all the businesses owned by Google's parent company and how they contribute to revenue,cnbc.com
2018-02-02,Cryptocurrency Traders Lose $115 Billion in 24 Hours as Bitcoin Bloodbath Continues,fortune.com
2018-02-02,"UPDATE 2-Boeing, Embraer consider creating 3rd firm to win Brazil nod -source",cnbc.com
2018-02-02,Consumers' shopping sprees are giving new life to the Boeing 747,cnbc.com
2018-02-02,Merrill Lynch 'sell' signal triggered as market faces more losses ahead,cnbc.com
2018-02-02,US factory orders post fifth straight monthly increase,cnbc.com
2018-02-02,P&G and these other Dow stocks go down the least when market is in the grips of a sell-off,cnbc.com
2018-02-02,"US consumer sentiment falls less than expected, remaining near all-time highs",cnbc.com
2018-02-02,We asked the Internet who should run Amazon's new health consortium,cnbc.com
2018-02-02,Where the jobs are: Houston's police shortage,cnbc.com
2018-02-02,"Cramer pinpoints 4 stocks 'on a mission' to higher prices: Boeing, Mastercard, Idexx and Nvidia",cnbc.com
2018-02-02,28-year-old who retired with $2.25 million shares the secret to saving,cnbc.com
2018-02-02,"Yellen to start Monday at Brookings Institution, following Bernanke",cnbc.com
2018-02-02,"Black unemployment spikes to 7.7%, up from record low",cnbc.com
2018-02-02,Walmart Sam's Club closures spell gains for Costco: JP Morgan,cnbc.com
2018-02-02,Friday's jobs report could carry an inflationary surprise,cnbc.com
2018-02-02,"US adds 200,000 jobs in January, beating expectations — wages jump",cnbc.com
2018-02-02,Here's the stock market's big sell-off by the numbers,cnbc.com
2018-02-02,Justice Department requests more information on CVS-Aetna merger,cnbc.com
2018-02-02,REFILE-UPDATE 2-Swiss bank PKB broke money-laundering rules in Brazilian cases - FINMA,cnbc.com
2018-02-02,"As retailers herald tax savings, they're still closing stores and laying off workers",cnbc.com
2018-02-02,NFL concussions strategy for 2018 Super Bowl includes a roster change,cnbc.com
2018-02-02,Cramer to Google-parent Alphabet: I want the Super Bowl of earnings,cnbc.com
2018-02-02,"Crude oil has 'nowhere to go from here but down,' says market watcher",cnbc.com
2018-02-02,19-year-old bitcoin millionaire: You should invest this much of your income in cryptocurrencies,cnbc.com
2018-02-02,"Former FBI director Comey defends the FBI, slams 'weasels and liars'",cnbc.com
2018-02-02,Janet Yellen exits the Fed today amid both heavy praise and bitter criticism,cnbc.com
2018-02-02,"Alphabet downgraded on rising competition from Amazon in ads, cloud computing",cnbc.com
2018-02-02,Mortgage rates jump even higher after positive jobs report,cnbc.com
2018-02-02,Deutsche Bank posts third consecutive annual loss in 2017 - Reuters,reuters.com
2018-02-02,Apple vows to cut its $163 billion in net cash to 'zero',cnbc.com
2018-02-02,A leading indicator for stocks is waving a yellow flag for the market,cnbc.com
2018-02-02,6 NFL stars who live like they're broke,cnbc.com
2018-02-02,Art Cashin: The January jobs report hampers an already concerned stock market,cnbc.com
2018-02-02,1 million US jobs will vanish by 2026. Here's how to prepare workers for an automated future,cnbc.com
2018-02-02,"Fire and Fury, Media Matters, and Secret Empires: A Reading List to the Trump White House",fortune.com
2018-02-02,Here’s what Wall Street analysts thought of Apple’s earnings report,cnbc.com
2018-02-02,10-year study finds that this is the fastest way to become a CEO,cnbc.com
2018-02-02,"Stocks making the biggest moves premarket: MRK, EL, AMZN, GOOGL, AAPL, V & more",cnbc.com
2018-02-02,Dell confirms talks with VMWare for potentially huge tech deal,cnbc.com
2018-02-02,Best wage growth since 2009 spurs talk of more Fed rate hikes,cnbc.com
2018-02-02,A-Rod feels like the sixth 'Gronk' brother after investing with Chris Gronkowski on 'Shark Tank',cnbc.com
2018-02-02,Japanese cryptocurrency exchanges in the spotlight after $500 million hack,cnbc.com
2018-02-02,Punxsutawney Phil sees 6 more weeks of winter,cnbc.com
2018-02-02,"This new financial cyberscam costs victims an average $130,000 for each attack",cnbc.com
2018-02-02,"Bitcoin price drops below $8,000 for first time since Nov. 24",cnbc.com
2018-02-02,White House says Trump has declassified GOP surveillance memo,cnbc.com
2018-02-02,Now is a great time to land a new job. Here’s how,cnbc.com
2018-02-02,"Alphabet's shrinking margins spooked Wall Street, but analysts look towards its future beyond ads",cnbc.com
2018-02-02,"UPDATE 3-Exxon profit misses Street on refining, chemical weakness - Reuters",reuters.com
2018-02-02,Zuckerberg doesn't want Facebook to edit news because its users can do it better,cnbc.com
2018-02-02,"Kenya police arrest opposition member present at Odinga's ""swearing in"" - Reuters",reuters.com
2018-02-02,"Bitcoin is bottoming, expect a 70 percent surge: Trader",cnbc.com
2018-02-02,Trump likes to cite black employment data as a positive economic indicator. It just got worse,cnbc.com
2018-02-02,Minneapolis Fed's Kashkari: Strong January jobs data show 'one of the first signs' of long-awaited wage growth,cnbc.com
2018-02-02,This couple has made millions selling homemade ukuleles,cnbc.com
2018-02-03,"Look out below: The US dollar's dive may get even steeper, a currency expert says",cnbc.com
2018-02-03,One key event that crypto traders are watching next week,cnbc.com
2018-02-03,"UPDATE 3-Germany's potential coalition partners agree on energy, wrangle over health",cnbc.com
2018-02-03,"UPDATE 4-Germany's potential coalition partners agree on energy, wrangle over health",cnbc.com
2018-02-03,Cramer's guide to the sell-off,cnbc.com
2018-02-03,"Federal Reserve orders Wells Fargo to replace four board members, restricts growth because of 'consumer abuses'",cnbc.com
2018-02-03,Cramer on Fed's Wells Fargo move: I don't think bank stocks could get a worse piece of news,cnbc.com
2018-02-03,What to Expect From Federal Reserve Chair Jerome Powell’s Tenure,fortune.com
2018-02-03,Cramer's guide to the sell-off: 'It's not the end of the world',cnbc.com
2018-02-03,"""Fast Money"" final trades: RACE, GS, and more",cnbc.com
2018-02-03,Apple Sets Records With Its Best iPhone Ever,fortune.com
2018-02-04,How to Watch the 2018 Super Bowl Online for Free,fortune.com
2018-02-04,SpaceX Will Try To Recover All Three Falcon Heavy Boosters After Tuesday Test Launch,fortune.com
2018-02-04,Here’s how much money the Super Bowl champs will earn,cnbc.com
2018-02-04,"At least 2 dead, 50 injured in South Carolina train wreck",cnbc.com
2018-02-04,Major Banks Ban Buying Bitcoin With Your Credit Card,fortune.com
2018-02-04,"China accuses US of ""Cold War mentality"" with new nuclear policy",cnbc.com
2018-02-04,Outgoing Fed Chair Janet Yellen Says Prices High for U.S. Stocks and Real Estate,fortune.com
2018-02-04,New Jersey could be first state to ban menthol cigarettes,cnbc.com
2018-02-04,Israeli authorities knock down part of Bedouin school in West Bank,reuters.com
2018-02-04,The future of U.S. health care is bright — but don't count on Washington to fix it,cnbc.com
2018-02-04,Greeks rally in Athens over Macedonia name row,reuters.com
2018-02-04,"The Best Super Bowl Deals on Pizza, Wings and More",fortune.com
2018-02-04,Warren Buffett on hand as Navy commissions new $440 million warship called the USS Omaha,cnbc.com
2018-02-05,Asia markets set to open lower following Friday's sharp decline in US stocks,cnbc.com
2018-02-05,Here are the 10 most important stories for investors Monday morning,cnbc.com
2018-02-05,Bond market has 3 hikes priced in this year: Strategist,cnbc.com
2018-02-05,Sell-off continues after hours — S&P 500 futures now down 5% on the day,cnbc.com
2018-02-05,"Energy stocks lead the sell-off, heading for worst 2-day performance in 2½ years",cnbc.com
2018-02-05,Market to move higher with fits and starts of volatility: Strategist,cnbc.com
2018-02-05,Mark Zuckerberg on starting Facebook at 19: 'I've made almost every mistake you can imagine',cnbc.com
2018-02-05,Singtel to spend up to $413 million to nudge up stake in India's Bharti Telecom,cnbc.com
2018-02-05,"Dollar steadies as US payrolls fuel inflation expectations, send bond yields up",cnbc.com
2018-02-05,"Employer match or no employer match, why workers should opt to sock away money in a 401(k) plan",cnbc.com
2018-02-05,The Philadelphia Eagles Have Won Their First Super Bowl in a 41-33 Victory Against the New England Patriots,fortune.com
2018-02-05,"Chipmaker Nvidia, auto supplier Continental in self-driving tie-up",reuters.com
2018-02-05,One tech stock bucked the trend today and finished ahead - Trip Advisor,cnbc.com
2018-02-05,The new tax law creates a huge boon for Uber and Lyft drivers,cnbc.com
2018-02-05,UPDATE 1-Brazil defends live cattle export after injunction temporarily lifted,cnbc.com
2018-02-05,CNBC Stock Draft winner chose this stock,cnbc.com
2018-02-05,"Markets putting Powell to the test, even quicker than other Fed chairs",cnbc.com
2018-02-05,The most talked about Super Bowl advertiser online was Avocados from Mexico,cnbc.com
2018-02-05,More than $90 billion in value wiped out from the popular 'FANG' tech stocks,cnbc.com
2018-02-05,U.S. fintech Stripe picks Dublin for new engineering hub,reuters.com
2018-02-05,BofA analyst says ‘buy the weakness’ in Wells Fargo shares after Fed’s action,cnbc.com
2018-02-05,Stifel CEO on sell-off: Everybody needs to relax,cnbc.com
2018-02-05,Disney Is Taking a Very Different Marketing Approach With ‘Solo: A Star Wars Story’,fortune.com
2018-02-05,"Stocks making the biggest moves premarket: WFC, AVGO, QCOM, BMY, BA, AAPL & more",cnbc.com
2018-02-05,Samsung’s Lee Jae-yong Has Been Released From Prison After a Successful Appeal,fortune.com
2018-02-05,Experts everywhere tell you to buy a home—they're wrong,cnbc.com
2018-02-05,"Apple's $1,000 iPhone X has a bug that is preventing users from answering calls",cnbc.com
2018-02-05,IATA warns rising costs for airport infrastructure are risk for airlines,cnbc.com
2018-02-05,Rex Tillerson is concerned China is getting a foothold is Latin America,cnbc.com
2018-02-05,"Lululemon CEO Laurent Potdevin to resign, retailer cites 'breach of conduct'",cnbc.com
2018-02-05,Art Cashin: The stock market 'snapped like a twig' and may take a day or two still to find bottom,cnbc.com
2018-02-05,Tech investor: 'People are panicking for no reason',cnbc.com
2018-02-05,Bristol-Myers says a key trial for its lung cancer drug succeeds,cnbc.com
2018-02-05,US forces begin reducing numbers in Iraq after Iraq declares 'victory' over Islamic State,cnbc.com
2018-02-05,No signs of an imminent recession: Strategist,cnbc.com
2018-02-05,Broadcom raises offer to buy Qualcomm to $121 billion,reuters.com
2018-02-05,Markets to struggle until inflation fears calm: Expert,cnbc.com
2018-02-05,Amtrak blames freight train operator CSX for its deadly South Carolina crash,cnbc.com
2018-02-05,Financials coming off worst day since May 2017,cnbc.com
2018-02-05,UPDATE 3-Next Bradesco CEO says credit demand has improved this year,cnbc.com
2018-02-05,Singtel to spend up to $413 million to nudge up stake in India's Bharti Telecom,reuters.com
2018-02-05,Trump administration pulls back from a full-scale probe of massive Equifax data breach,cnbc.com
2018-02-05,Facebook seeks 'extra-terrestrial product manager' as it plans to deliver internet from the sky,cnbc.com
2018-02-05,"White House says Trump's legal team supports a second special counsel to probe FBI, DOJ",cnbc.com
2018-02-05,Broadcom makes its 'best and final' bid for Qualcomm at $82 a share,cnbc.com
2018-02-05,"Trump attacks Democrats over health-care funding, citing protests in Britain",cnbc.com
2018-02-05,Over $60 billion wiped off value of cryptocurrencies as bitcoin drops to lowest level since Nov 18,cnbc.com
2018-02-05,'He must be stopped': Trump lashes out at top Dem on House intel panel,cnbc.com
2018-02-06,"Don't panic, find the sell-off's opportunities",cnbc.com
2018-02-06,Why Everyone You Know Is Doing the Whole30—the Diet Nutritionists Call ‘Baseless’,fortune.com
2018-02-06,Express Scripts plans see lower gains in prescription drug spending,cnbc.com
2018-02-06,"Disruption fueling M&A activity, says banker",cnbc.com
2018-02-06,Here are the 10 most important stories for investors Tuesday morning,cnbc.com
2018-02-06,Central banks will continue to 'feed the beast': Yale's Stephen Roach,cnbc.com
2018-02-06,China's Huawei pledges new three billion pounds investment in Britain,reuters.com
2018-02-06,The world's biggest foreign markets are getting slammed,cnbc.com
2018-02-06,New York City Is Warned of an Impending Tsunami as Another False Alert Is Sent,fortune.com
2018-02-06,Cramer: Stop yourself from panicking and find the sell-off's opportunities,cnbc.com
2018-02-06,"Semiconductor CEO: Our product lines, like automotive, are outgrowing their respective industries",cnbc.com
2018-02-06,"Brainstorm Health: Stock Market Drop, Uncured Diseases, Flint Water Crisis",fortune.com
2018-02-06,Pyeongchang Winter Olympics: A Drone's View,wsj.com
2018-02-06,Widely-followed analyst Kolanovic of JP Morgan believes market plunge is 'buying opportunity',cnbc.com
2018-02-06,Releasing the GOP memo may have broken a 'safety valve' on government secrets,cnbc.com
2018-02-06,Disney Has Hired the Showrunners of ‘Game of Thrones’ to Develop a Series of New ‘Star Wars’ Films,fortune.com
2018-02-06,Volatility in markets is 'not over',cnbc.com
2018-02-06,Oil technology CEO says crude prices could head higher within 6 months,cnbc.com
2018-02-06,Wait for the golden shareholder on any Boeing-Embraer deal,cnbc.com
2018-02-06,Amtrak Crash Site in South Carolina Was Getting Signal Safety Upgrade,wsj.com
2018-02-06,Interactive Brokers CEO Peterffy says the 'short volatility' trade is akin to what caused the '87 crash,cnbc.com
2018-02-06,Global Stock Rout Rolls On in Asia,wsj.com
2018-02-06,"Landlords, brands brace for less shopping at the mall",cnbc.com
2018-02-06,"Disney looks expensive ahead of earnings, market watcher says",cnbc.com
2018-02-06,Interactive Brokers CEO: There will be lots of margin losses,cnbc.com
2018-02-06,Lean.In pushes female mentorship as it reveals a survey showing growing backlash against #MeToo,cnbc.com
2018-02-06,VIX ETN halted after falling 85% in after-hours trading,cnbc.com
2018-02-06,"No need to panic, analysts say, after Dow swings 1,600 points in one day",cnbc.com
2018-02-06,"Tempted to buy on sell-off? Pick a stock you like, says Cramer",cnbc.com
2018-02-06,Traders nervously eyeing retail investors for next shoe to drop,cnbc.com
2018-02-06,General Motors to report earnings before the bell,cnbc.com
2018-02-06,Stocks Plunge and Traders Panic: ‘We Don’t See Anywhere to Hide’,wsj.com
2018-02-06,Au pairs win certification in massive class action against sponsor companies - Reuters,reuters.com
2018-02-06,Cramer's lightning round: Tableau Software is exactly the kind of stock I want to buy,cnbc.com
2018-02-06,Satire: An Open Letter From Dow Jones,fortune.com
2018-02-06,"Dow trades in nearly 1,000 point range",cnbc.com
2018-02-06,Vietnam jails environmental blogger for 14 years,reuters.com
2018-02-06,Biggest market bull: Sell-off a buying opportunity,cnbc.com
2018-02-06,Ukraine power distributor plans cyber defense system for $20 million,reuters.com
2018-02-06,"Your first trade for Tuesday, February 6",cnbc.com
2018-02-06,"William Cohan: Learn from 1987, stay invested and don't panic during this market chaos",cnbc.com
2018-02-06,Don’t sweat the stock market sell-off,cnbc.com
2018-02-06,'Dr Doom' Roubini says bitcoin 'nuts' will hold the cryptocurrency until it crashes to zero,cnbc.com
2018-02-06,The Dow just touched correction territory: Here are the stocks that led the drop,cnbc.com
2018-02-06,Cramer: This security going 'haywire' after hours is going to pressure the whole stock market on Tuesday,cnbc.com
2018-02-06,Cramer's 6 reasons for why this sell-off makes sense,cnbc.com
2018-02-06,"Nvidia would have to drop 20 percent for it to be a buy, Miller Tabak says",cnbc.com
2018-02-06,Trump economic advisor Kevin Hassett: Tax cut savings will make their way into the stock market,cnbc.com
2018-02-06,Fidelity says it saw no panic among its customers and more buying than selling during the plunge,cnbc.com
2018-02-06,Here are some stocks you can buy on the dip: Technician,cnbc.com
2018-02-06,Experts weigh in on portfolio strategies for volatility,cnbc.com
2018-02-06,Cramer: A little-known security tied to a calm market became a 'toxic cigarette' for this sell-off,cnbc.com
2018-02-06,Cramer's sell-off strategy: Spotting the market's bottom,cnbc.com
2018-02-06,Coach owner Tapestry's sales top Wall Street estimates,cnbc.com
2018-02-06,One chip stock is bucking the global sell-off in the market — Micron,cnbc.com
2018-02-06,Fed's Bullard says job market strength may not lead to higher inflation,cnbc.com
2018-02-06,The market is dropping—here's what you should do,cnbc.com
2018-02-06,"Oil prices extend losses, falling with broader financial markets, after a comeback effort fails",cnbc.com
2018-02-06,The Diseases We Aren't Curing—And Why,fortune.com
2018-02-06,Why the sell-off makes sense,cnbc.com
2018-02-06,Vietnam jails environmental blogger for 14 years,reuters.com
2018-02-06,Lululemon CEO Exits Due to Poor Conduct,fortune.com
2018-02-06,"The Wall Street Journal: As markets tumbled, investment firms’ websites suffered outages",wsj.com
2018-02-06,Watch SpaceX attempt to launch its thunderous Falcon Heavy rocket for the first time,cnbc.com
2018-02-06,Suzy Welch: Here's how to talk about being unemployed in a job interview,cnbc.com
2018-02-06,ESPN streaming service to cost $4.99 per month: Disney CEO Iger,cnbc.com
2018-02-06,See Traders React to the Dow’s Biggest One-Day Drop in History,fortune.com
2018-02-06,Credit Suisse decides to halt XIV ETN,cnbc.com
2018-02-06,"US warns about the expanding nuclear arsenals of China, Russia, and North Korea",cnbc.com
2018-02-06,"Stocks making the biggest moves premarket: GM, AGN, TPR, CNC, WCG, BDX & more",cnbc.com
2018-02-06,Republican campaign group: Give us 10 bucks and get a chance to win a Trump Winery trip,cnbc.com
2018-02-06,‘You Get Sexual Advances 24/7’: What It’s Really Like to Be a Female Engineer In Silicon Valley,fortune.com
2018-02-06,South Korea spy agency tells lawmakers North Korean hackers possibly behind Coincheck heist: source,reuters.com
2018-02-06,UPDATE 2-Brazil court overturns injunction against live cattle exports,cnbc.com
2018-02-06,House committee votes to release Democrats’ classified Trump memo,cnbc.com
2018-02-06,WH: Economic fundamentals remain exceptionally strong,cnbc.com
2018-02-06,Trump’s biggest victory — tax cuts — could lead to the demise of his beloved bull market,cnbc.com
2018-02-06,Cramer's lightning round: Tableau Software is exactly the kind of stock I want to buy,cnbc.com
2018-02-06,Big tech faces tough questions on how to deal with the backlash facing the industry,cnbc.com
2018-02-06,East Coast tsunami warning push alert was just a test: National Weather Service,cnbc.com
2018-02-06,Vietnam jails environmental blogger for 14 years,reuters.com
2018-02-06,Cramer: Stop yourself from panicking and find the sell-off's opportunities,cnbc.com
2018-02-06,Cramer's 6 reasons for why this sell-off makes sense,cnbc.com
2018-02-06,Trump to unveil infrastructure plan Monday: White House official,cnbc.com
2018-02-06,"'Any size of deal is possible,' says chipmaker AMS",reuters.com
2018-02-06,White House: Trump was being 'tongue-in-cheek' by suggesting Democrats committed treason,cnbc.com
2018-02-07,Cramer's lightning round: UnitedHealth is my go-to health care stock,cnbc.com
2018-02-07,Boeing reportedly proposes up to 90 percent stake in new Embraer venture,cnbc.com
2018-02-07,Trump tweets: Stock market decline was 'big mistake' when there's 'good news' about the economy,cnbc.com
2018-02-07,Nasdaq to move New York headquarters to Times Square from downtown,cnbc.com
2018-02-07,Tronc to sell LA Times and other publications for $500 million,reuters.com
2018-02-07,FANG stocks can stabilize amid volatility,cnbc.com
2018-02-07,Casino Mogul Steve Wynn Steps Down as CEO Amid Harassment Allegations,fortune.com
2018-02-07,"The quicker the Band-Aid is ripped off the market, the quicker we recover, says market watcher",cnbc.com
2018-02-07,How to Get Around the High Price of Bacon,fortune.com
2018-02-07,"Verizon Has the Best Network, According to Another New Ranking",fortune.com
2018-02-07,Cramer rails against VIX trading products: They are 'practically designed to fail',cnbc.com
2018-02-07,Enter the robots: automation fills gaps in east Europe's factories,reuters.com
2018-02-07,Twenty-First Century Fox to report earnings after the close,cnbc.com
2018-02-07,"After days of violent swings, one market watcher warns the party 'is over' for the bull market",cnbc.com
2018-02-07,Letter to the Editor: EPA Pebble Mine Move Is Right and Sensible,wsj.com
2018-02-07,"Since #MeToo, Men 3.5x Less Likely To Meet With Female Colleagues Outside Office...",fortune.com
2018-02-07,Kalanick returns to court in Waymo-Uber autonomous car secrets trial,reuters.com
2018-02-07,"Advisors are offering ‘fatally flawed’ advice to clients, advisor says",cnbc.com
2018-02-07,A Brief History of the Winter Olympics: Pushing the Extreme,wsj.com
2018-02-07,Cramer's charts show FANG stocks can stabilize amid market volatility,cnbc.com
2018-02-07,Chinese regulator raps internet firms over vulgar content,reuters.com
2018-02-07,Petrobras in talks with potential partner for refining unit,cnbc.com
2018-02-07,"Nasdaq CEO Adena Friedman Talks Confidence, Leadership, and Taekwondo",fortune.com
2018-02-07,Apple rebounds after lackluster quarter and sell-off,cnbc.com
2018-02-07,Strategist with 40 years on the Street: Bonds will compete with stocks on returns if yields double,cnbc.com
2018-02-07,Macy’s to launch a clothing line geared toward Muslims,cnbc.com
2018-02-07,"Toyota seeks India sales boost with aspirational, global-spec models",reuters.com
2018-02-07,"World stocks claw back from two-month lows, but markets remain on edge",cnbc.com
2018-02-07,Telecom Italia plans to confer network assets in fully-owned company,reuters.com
2018-02-07,Tesla expected to report earnings Wednesday after the bell,cnbc.com
2018-02-07,Swisscom tightens security after sales partner breached,reuters.com
2018-02-07,AIRSHOW-Boeing says key issues remain in Embraer tie-up talks,cnbc.com
2018-02-07,VIX trading products 'practically designed to fail',cnbc.com
2018-02-07,People Are Going Into Debt to Buy Bitcoin,fortune.com
2018-02-07,Women Outnumber Men in This Executive Job — And It’s Not By Much,fortune.com
2018-02-07,Judge says Oi shareholders meeting has no effect on restructuring,cnbc.com
2018-02-07,3 Takeaways from Disney’s First-Quarter Earnings Call,fortune.com
2018-02-07,Leon Cooperman: The biggest threat to Google and other tech giants is the US government,cnbc.com
2018-02-07,"SoftBank prepares for telecoms IPO, CEO aims for this year",reuters.com
2018-02-07,SoftBank says preparations underway to list Japan telecoms unit,reuters.com
2018-02-07,What Reviewers Are Saying About Apple HomePod,fortune.com
2018-02-07,Bangladesh to sue Manila bank over $81 million heist,reuters.com
2018-02-07,Some immigrants ‘too lazy’ to sign up for DACA: Trump aide,cnbc.com
2018-02-07,Bitcoin Traders Are Relieved at CFTC and SEC Cryptocurrency Senate Hearing Testimony,fortune.com
2018-02-07,"Billionaire investor Cooperman says US crude can hit $70, names energy stock picks",cnbc.com
2018-02-07,UPDATE 2-Boeing proposes up to 90 pct stake in new Embraer venture -paper,cnbc.com
2018-02-07,"US solar industry lost nearly 10,000 jobs in 2017",cnbc.com
2018-02-07,"The Toys ""R"" Us Clearance Sales Are About to Begin. Here's Where to Find Them - Fortune",fortune.com
2018-02-07,"Stocks making the biggest moves premarket: WYNN, HUM, HAS, KORS, DIS, LULU & more",cnbc.com
2018-02-07,STOCKS SET FOR MORE TURBULENCE... DEVELOPING...,cnbc.com
2018-02-07,German coalition deal sets no timetable to end glyphosate use,cnbc.com
2018-02-07,Hasbro shares soar on brand's confidence it can survive Toys R Us bankruptcy,cnbc.com
2018-02-07,"We rode in an electric truck from Thor, a start-up that aims to beat Tesla to market",cnbc.com
2018-02-07,House Republicans pass short-term spending bill,cnbc.com
2018-02-07,"Wynn Resorts board, former CEO Steve Wynn hit with shareholder lawsuit",cnbc.com
2018-02-07,Senate eyes deal to raise budget caps by $300 billion over 2 years: Sources,cnbc.com
2018-02-07,New Yum China management has done well with KFC,cnbc.com
2018-02-07,U.S. lawmakers ask FDA to reject Philip Morris’ iQOS application,cnbc.com
2018-02-07,Why this week’s market volatility may mean ‘more stomach-churning moves’ ahead,cnbc.com
2018-02-07,"Despite surging volatility and rising rates, no need to panic — yet, says Credit Suisse",cnbc.com
2018-02-07,"After-hours buzz: Snapchat, Disney and more",cnbc.com
2018-02-07,"'Bad' incentives, poor communication behind the Wells Fargo sales scandal: Fed's Dudley",cnbc.com
2018-02-07,Snap gave away massive stock awards as it competed for talent last year,cnbc.com
2018-02-07,GRAINS-Soybeans hit six-day high on South American crop worries,cnbc.com
2018-02-07,Fed's Kaplan says the market correction is healthy and sees no impact on the economy,cnbc.com
2018-02-07,Trump: Stock market declines are a 'big mistake',cnbc.com
2018-02-07,Alibaba is making a movie about what happens when robots have their own personalities,cnbc.com
2018-02-07,Investing in FANGs during volatility,cnbc.com
2018-02-07,"‘In Fraud We Trust.’ Cybercrime Network Stole $530 Million, Prosecutors Say",fortune.com
2018-02-08,"Greed is bad? 5% monthly gains aren’t a 'God-given right,' says Bespoke’s Paul Hickey",cnbc.com
2018-02-08,Cramer's lightning round: Buy Target on its revamped strategy,cnbc.com
2018-02-08,UPDATE 1-USDA lowers U.S. corn stocks view as exports rise,cnbc.com
2018-02-08,Fmr. Dallas Fed president: Volatility isn't spooking the Fed,cnbc.com
2018-02-08,"Futures Now, February 8, 2018",cnbc.com
2018-02-08,Putting plain-vanilla funds to the test,cnbc.com
2018-02-08,"Gold has been a safe haven for 5,000 years",cnbc.com
2018-02-08,NY TIMES posts quarterly loss as costs rise...,reuters.com
2018-02-08,The 5 U.S. cities with the unhappiest workers,fortune.com
2018-02-08,Twitter is set to report earnings — here's what the Street expects,cnbc.com
2018-02-08,Asia markets to focus on higher US yields and firmer dollar,cnbc.com
2018-02-08,Watch Paul Ryan speak as House faces deadline to avoid government shutdown,cnbc.com
2018-02-08,Trump says new FBI texts are a 'bombshell.' They’re not.,cnbc.com
2018-02-08,Wheat prices retreat from six-month high ahead of USDA report,cnbc.com
2018-02-08,"Cramer: If Congress ups defense spending, these 3 stocks are primed for profit",cnbc.com
2018-02-08,Pennsylvania to re-attempt $1.39 bln bond sale as legal questions linger,cnbc.com
2018-02-08,Analyst: Volatility has been constructive for some banks,cnbc.com
2018-02-08,"Cramer gets bullish on Snap after latest quarter, compares stock to Facebook's early days",cnbc.com
2018-02-08,"All brands growing in China, says Pernod Ricard CFO",cnbc.com
2018-02-08,Wait a bit before getting back into the Hong Kong market,cnbc.com
2018-02-08,Cramer's lightning round: Buy Target on its revamped strategy,cnbc.com
2018-02-08,John Kelly finds himself in a tough spot after top aide resigns following abuse allegations,cnbc.com
2018-02-08,Bank of England's Mark Carney talks Brexit and future rate hikes,cnbc.com
2018-02-08,"Trump tax cuts trickle across America, bringing glee and skepticism",cnbc.com
2018-02-08,US stocks set for a lower open after major market volatility,cnbc.com
2018-02-08,Tesla stock falls after earnings,cnbc.com
2018-02-08,"Kimchi, BBQ and raw fish: Foodies spoilt for choice at Winter Games - Reuters",reuters.com
2018-02-08,"Cramer: Elon Musk is like illusionist David Blaine, a master at Tesla misdirection",cnbc.com
2018-02-08,Hasbro CEO deflects question on Mattel acquisition talks: 'We first and foremost are investing in our business',cnbc.com
2018-02-08,At least four IPOs price in New York despite jarring market volatility,cnbc.com
2018-02-08,"Dow stocks Intel, GE, Exxon and Chevron are in a correction. Why some traders say you should buy them",cnbc.com
2018-02-08,Going global and other ways to buffer your portfolio from stock market volatility,cnbc.com
2018-02-08,How Chinese New Year is artificially boosting import and export growth rates,cnbc.com
2018-02-08,"After-hours buzz: IRBT, YELP, YUMC & more",cnbc.com
2018-02-08,"In an Eco-Friendly Move, Dunkin’ Donuts Will Ditch Foam Cups by 2020",fortune.com
2018-02-08,"If Congress ups spending, these 3 defense stocks are primed for profit",cnbc.com
2018-02-08,Cramer blames this week's crazy market on a 'group of complete morons',cnbc.com
2018-02-08,Twitter CEO: Timeline changes reflect event-focused strategy,cnbc.com
2018-02-08,"Bitcoin creeps back above $8K, but one trader doesn't believe in comeback",cnbc.com
2018-02-08,"Markets are going wild, but small-cap stocks are holding up — here's the next move",cnbc.com
2018-02-08,Dunkin' Donuts wants you to buy more coffee and doughnuts in the afternoon,cnbc.com
2018-02-08,This is a 'significant' market change and not a 'buy the dips',cnbc.com
2018-02-08,"Storm to clobber US Midwest with snow, wind, and frigid temps",cnbc.com
2018-02-08,Why safe-haven gold has not seen a win from this market sell-off,cnbc.com
2018-02-08,George W. Bush says Russia meddled in 2016 US election,cnbc.com
2018-02-08,"Winklevoss Twins Say Bitcoin Will Hit $320,000 and Non-Believers Suffer a ""Failure of Imagination""",fortune.com
2018-02-08,"Cramer bullish on Snap, compares stock to Facebook's early days",cnbc.com
2018-02-08,China's electric vehicle market will see 'fierce competition',cnbc.com
2018-02-08,"Cramer: Buy Lockheed Martin, Raytheon and Harris if Congress ups defense spending",cnbc.com
2018-02-08,Google Paid a Whopping ‘Bug Bounty’ to the Researcher Who Discovered a Pixel Phone Flaw,fortune.com
2018-02-08,Cramer takes investor calls in a 'Voice of Cramerica' strategy session,cnbc.com
2018-02-08,Hong Kong investors will look to a US recovery,cnbc.com
2018-02-08,Cramer Remix: Why I'd recommend Snap over Twitter,cnbc.com
2018-02-08,"Harvard genetics pioneer wants to monetize DNA with digital currency, and defeat 23andMe",cnbc.com
2018-02-08,Hasbro CEO on Mattel acquisition talks: 'We first and foremost are investing in our business',cnbc.com
2018-02-08,Trader: Volatility is here for a little while,cnbc.com
2018-02-08,KFC and Taco Bell owner Yum Brands teams up with Grubhub to expand home delivery,cnbc.com
2018-02-08,"Hide out in Apple shares when the stock market is in turmoil, Bank of America analyst tells clients",cnbc.com
2018-02-08,"The CEO of Nissan, Renault, and Mitsubishi on Leadership and Legacies",fortune.com
2018-02-08,"The chart points to big plunge for small-caps, says one technician",cnbc.com
2018-02-08,"Clorox CEO: 'We are disproportionately benefiting from tax reform,' will use cash to invest and reward shareholders",cnbc.com
2018-02-08,Unholy war of words breaks out over Vatican rapprochement with China,reuters.com
2018-02-08,The Wall Street Journal: BlackRock seeks to raise $10 billion to make direct investments in companies,wsj.com
2018-02-08,New York Times Co. beats earnings with burgeoning digital subscriptions,cnbc.com
2018-02-08,Here’s How Amazon Prime’s New Whole Foods Delivery Will Work,fortune.com
2018-02-09,United Technologies upgraded to a 'buy',cnbc.com
2018-02-09,Cramer calms investors' fears as volatility prolongs market sell-off,cnbc.com
2018-02-09,"Apple has what it takes to weather these market bombs, says market watcher",cnbc.com
2018-02-09,"Cramer explains the rapid sell-off: 'When the market’s not trustworthy, no one buys'",cnbc.com
2018-02-09,Mobile data plans outnumber residents in developed nations: OECD,reuters.com
2018-02-09,"With one of its most popular trades in the spotlight, Cboe shares take a hit",cnbc.com
2018-02-09,One of tech's most iconic CEOs wants us all to eat crickets,cnbc.com
2018-02-09,You may be paying off your debt wrong—here’s the best way,cnbc.com
2018-02-09,Senate Stumbles Into a Shutdown as a Lone Lawmaker Blocks the Budget Vote,fortune.com
2018-02-09,"Amazon is looking to lease an enormous warehouse near Sao Paulo, Brazil",cnbc.com
2018-02-09,Cramer: This market is seeing 'a similar version' of what sparked the 2008 financial crisis,cnbc.com
2018-02-09,Cramer: The 4 VIX-related trading products that will signal the end of the sell-off,cnbc.com
2018-02-09,AT&T CEO: I had dinner with a bunch of CEOs and we don't see market correction changing our outlook,cnbc.com
2018-02-09,The Body Trade,reuters.com
2018-02-09,Facebook co-founder Saverin's VC firm raises $360 million fund,reuters.com
2018-02-09,Prices of consumer goods in China rose at a slower pace in January,cnbc.com
2018-02-09,GRAINS-Soybeans hit one-week top as Argentina weather woes simmer,cnbc.com
2018-02-09,"The worst of the bond rout is yet to come, says Piper Jaffray",cnbc.com
2018-02-09,The Wall Street Journal: Fed’s George says three rate hikes this year is ‘reasonable baseline’,wsj.com
2018-02-09,Cramer's lightning round: Here's my playbook if you want to invest in oil,cnbc.com
2018-02-09,UPDATE 1-Brazil's Lojas Renner misses profit estimates as costs jump,cnbc.com
2018-02-09,How North and South Korea Came to March Under One Flag,wsj.com
2018-02-09,Crude down 10% on the week,cnbc.com
2018-02-09,Market 'like a smaller version' of what sparked the 2008 crisis,cnbc.com
2018-02-09,These taxpayers could end up owing the IRS more money in 2019,cnbc.com
2018-02-09,Didi Chuxing and SoftBank to roll out taxi venture in Japan,cnbc.com
2018-02-09,UPDATE 2-Brazil's Lojas Renner misses profit estimates as costs jump,cnbc.com
2018-02-09,Bitter immigration fight is no closer to ending after budget deal passes,cnbc.com
2018-02-09,Costa Rica to lift 30-year ban on planting robusta coffee trees -agriculture ministry,cnbc.com
2018-02-09,Banks should benefit from higher interest rates: Penn Mutual,cnbc.com
2018-02-09,Cramer: This market is seeing 'a similar version' of what sparked the 2008 financial crisis,cnbc.com
2018-02-09,"White House reportedly knew about abuse claims against Rob Porter for a year, but kept him on job",cnbc.com
2018-02-09,"Nvidia shares surge, bucking market sell-off, after earnings show big cryptocurrency, gaming demand",cnbc.com
2018-02-09,"Congress raids the Federal Reserve's piggy bank again, this time to help pay for the new budget deal",cnbc.com
2018-02-09,What it felt like to watch SpaceX launch its massive Falcon Heavy rocket—from just 3 miles away,cnbc.com
2018-02-09,Heading to South Korea for the Winter Olympics? Here are five of its Michelin-starred restaurants,cnbc.com
2018-02-09,"US stock markets set to rally at the open after Dow plummets 1,000 points and enters correction territory",cnbc.com
2018-02-09,Chipotle shares continue to nosedive on fears that customers won't come back,cnbc.com
2018-02-09,Comcast CEO Brian Roberts: Olympics coverage is like '17 Super Bowls' for the company,cnbc.com
2018-02-09,Olympian Jason Brown Breaks Down Figure Skating’s Six Jumps,wsj.com
2018-02-09,Bitcoin may not be worth all the hoopla: N.Y. Fed blog post,reuters.com
2018-02-09,"With John Kelly under fire, Mick Mulvaney reportedly emerges as possible next Trump chief of staff",cnbc.com
2018-02-09,Josh Brown: Here's a simple strategy during market drops that helped him buy Netflix on the cheap,cnbc.com
2018-02-09,He sold his last company for $3.4 billion — now Lars Dalgaard will teach tech leaders to empathize,cnbc.com
2018-02-09,Google to use Getty Images content for its services,reuters.com
2018-02-09,Morgan Stanley downgrades Wynn Resorts on regulatory risk,cnbc.com
2018-02-09,Mad Max violence stalks Venezuela's lawless roads...,reuters.com
2018-02-09,Pennsylvania lawmakers face a Friday deadline to draw up a new congressional map,cnbc.com
2018-02-09,"Cramer on rapid sell-off: 'When the market’s not trustworthy, no one buys'",cnbc.com
2018-02-09,"""Fast Money"" final trades: EEM, AAPL and more",cnbc.com
2018-02-09,AT&T CEO: We're ready to fight the DOJ — and we'll win approval for Time Warner deal,cnbc.com
2018-02-09,Cramer's lightning round: Here's my playbook if you want to invest in oil,cnbc.com
2018-02-09,"SHUT, OPEN",cnbc.com
2018-02-09,Trump administration may make it harder for immigrants who use public benefits,cnbc.com
2018-02-09,The 10 percent correction won't turn into a full-blown bear market: Strategist,cnbc.com
2018-02-09,Stock and bond markets are doing a strange thing that is reminiscent of the 1987 crash,cnbc.com
2018-02-09,'Trump' and 'Kim' thrown out...,reuters.com
2018-02-09,"North Korea parade hints at 'key vulnerability' in regime's ICBM force, defense experts say",cnbc.com
2018-02-09,Exclusive: Amazon eyes new warehouse in Brazil e-commerce push - sources,reuters.com
2018-02-09,Why gold could soon get a boost from the wild market volatility,cnbc.com
2018-02-09,Cramer: The 4 VIX-related trading products that will signal the end of the sell-off,cnbc.com
2018-02-09,The analyst who called this correction sees one more 'panic' ahead before the bottom,cnbc.com
2018-02-09,"U.S. budget deal sets up wider fight over deficits, immigration",reuters.com
2018-02-09,EXCLUSIVE-Costa Rica to lift 30-year ban on planting robusta coffee trees,cnbc.com
2018-02-09,4 VIX-related trading products that will signal end of sell-off,cnbc.com
2018-02-09,Massacre in Myanmar - Reuters,reuters.com
2018-02-10,"Gold hasn't acted like a safe-haven in Wall Street's turmoil, but here's why it may revert to form",cnbc.com
2018-02-10,"No, Snap has not turned a corner — at least not yet",cnbc.com
2018-02-10,The stock market has turned nasty. It was long overdue.,cnbc.com
2018-02-10,Uber’s Waymo settlement seen as a win for new CEO,fortune.com
2018-02-10,The financials got wrecked this week. Here are three names to buy amid the wreckage,cnbc.com
2018-02-11,"U.S., UK government websites infected with crypto-mining malware: report",reuters.com
2018-02-11,"Russian plane crashes near Moscow, killing 71 people: agencies",reuters.com
2018-02-11,Fifty Shades Freed Leads Three New Films at Weekend Box Office,fortune.com
2018-02-11,The Equifax Hack Exposed More Data Than Previously Reported,fortune.com
2018-02-11,BitGrail Cryptocurrency Exchange Claims $195 Million Lost to Hackers,fortune.com
2018-02-11,"I didn't know you could buy BTC at foreclosure auctions wtf. ""Venture capitalist Tim Draper bought nearly 30,000 bitcoins in a 2014 U.S. Marshals Service auction of coins seized from Silk Road""",cnbc.com
2018-02-11,Knife-wielding attacker wounds four church-goers in Indonesia: police,reuters.com
2018-02-11,Oxycontin Maker Purdue Pharma Will Stop Marketing the Drug to U.S. Doctors,fortune.com
2018-02-12,Here are the 10 most important stories for investors Monday morning,cnbc.com
2018-02-12,Bullet Trains Are Transforming the World’s Biggest Migration,fortune.com
2018-02-12,Aetna Under Investigation After Former Exec Admits Denying Care Without Reading Patient’s Records,fortune.com
2018-02-12,Qualcomm and Broadcom to meet to discuss a potential deal,cnbc.com
2018-02-12,Charts point to big buying opportunity for Exxon Mobil,cnbc.com
2018-02-12,Chuck Schumer: Democrats can't just run against Trump in 2018 midterms,cnbc.com
2018-02-12,Uber tests cheaper 'Hurry Hurry' service for errands in Nairobi,reuters.com
2018-02-12,Dick Bove: We must stop this out-of-control trading or the US capitalist system will break down,cnbc.com
2018-02-12,How the U.S. Courts Website Unwittingly Became a Cryptocurrency Miner,fortune.com
2018-02-12,"Sell-off could return by Wednesday as hot inflation data hits, trader says",cnbc.com
2018-02-12,Morgan Stanley: 'One last surge of euphoria' will take market up more than 10% from here,cnbc.com
2018-02-12,"Inversion Deals, Barclays Charge, Unilever Threat: CEO Daily for February 12, 2018",fortune.com
2018-02-12,"‘Three names we love’ in tech after last week’s wipeout, according to Susquehanna",cnbc.com
2018-02-12,Deputy head of UK charity Oxfam resigns over sex scandal,cnbc.com
2018-02-12,"American Mirai Nagasu makes skating history, landing the triple Axel jump at an Olympics",cnbc.com
2018-02-12,Parents Are Saying Peter Rabbit Is an ‘Allergy Bully’,fortune.com
2018-02-12,Amazon paid $90 million for camera maker Blink's chip technology,cnbc.com
2018-02-12,"Takata Settles With Drivers Injured by Air Bags, Plans to Exit Bankruptcy",wsj.com
2018-02-12,Why Disney Is Increasing Ticket Prices At Some of its Theme Parks,fortune.com
2018-02-12,BlackRock pro: ETFs did 'better than they ever performed' during market swoon,cnbc.com
2018-02-12,Two dead in crash of private plane in Belgium,reuters.com
2018-02-12,EU tells Turkey to avoid damaging actions after Cyprus ship incident,reuters.com
2018-02-12,Airbus Shows Off Its New Automated Delivery Drone Service in Singapore,fortune.com
2018-02-12,Buy Caterpillar for the 'extended upcycle' due to tax reform: JP Morgan,cnbc.com
2018-02-12,Nigel Farage warns 'Brexit betrayal' would thrust Britain into crisis,reuters.com
2018-02-12,A World War II Bomb Has Shut Down a Central London Airport,fortune.com
2018-02-12,Unilever Threatens to Pull Ads from Facebook and Google if They Don’t Help Clean Up the Internet,fortune.com
2018-02-12,"Broadcom CEO on Qualcomm bid: 'You know, I'm kind of a frugal guy'",cnbc.com
2018-02-12,US stocks set to rally at the open as global markets bounce back,cnbc.com
2018-02-12,"Volatility is the ‘new normal,’ but that’s not a bad thing, says market watcher",cnbc.com
2018-02-13,Alibaba's 'Digital Free Trade Zone' has some worried about China links to Malaysia,cnbc.com
2018-02-13,Airlines turn to technology to solve overbooking puzzle,cnbc.com
2018-02-13,"FBI contradicts White House on Porter abuse probe, says agency finished background check last summer",cnbc.com
2018-02-13,"Good looks may not get you a date on Valentine’s Day, but this might",cnbc.com
2018-02-13,"In their 2018 annual letter, Bill and Melinda Gates share the secret to their optimism",cnbc.com
2018-02-13,"US economy is an 'accident waiting to happen,' says Yale economist Stephen Roach",cnbc.com
2018-02-13,GOP senator calls Trump's immigration plan the 'best and final offer' as debate starts,cnbc.com
2018-02-13,The Wall Street Journal: Steven A. Cohen’s investment firm sued for discrimination by female staffer,wsj.com
2018-02-13,"Walmart, P&G are the Dow’s safest stocks when markets get wild",cnbc.com
2018-02-13,"Traders manipulating key volatility index contributed to the market plunge last week, whistleblower says in interview",cnbc.com
2018-02-13,Trump Wants to Cut Food Stamps—And Replace Them With Blue Apron-Like Meal Kits,fortune.com
2018-02-13,House budget chairman: Short-term deficit increases won't matter in a souped-up Trump economy,cnbc.com
2018-02-13,"Cryptocurrency price manipulation is ‘unavoidable,’ head of crypto firm says",cnbc.com
2018-02-13,Melinda Gates: This is the thing I wish everyone knew about Bill,cnbc.com
2018-02-13,Robot skiers hit the slopes in an Olympics-style downhill competition,cnbc.com
2018-02-13,Second US judge blocks Trump administration from ending DACA program,cnbc.com
2018-02-13,"The ‘charts are aligned’ for Dow stock Nike to race higher, says Oppenheimer technician",cnbc.com
2018-02-13,Why credit card debt can be bad for your health,cnbc.com
2018-02-13,"Instacart won't raise another round before going public, and isn't worried about Amazon competition",cnbc.com
2018-02-13,Melinda Gates on the gendered questions she receives about her work with Bill,cnbc.com
2018-02-13,The PyeongChang Winter Olympics Are Testing 5G—to Ward Off Wild Boars,fortune.com
2018-02-13,Boston Dynamics' robot dog that opens doors is freaking out the internet,cnbc.com
2018-02-13,Barnes & Noble is laying off workers amid declining sales,fortune.com
2018-02-13,Expectations are high for electric vehicles in China,cnbc.com
2018-02-13,Economic cost of the opioid crisis: $1 trillion and growing faster,cnbc.com
2018-02-13,Tech CEO Austin McChord barely finished college—then donated $50 million to his alma mater,cnbc.com
2018-02-13,Facebook execs paint a grim picture for news publishers,cnbc.com
2018-02-13,Commentary: Trump’s Infrastructure Plan Is a Scam - Fortune,fortune.com
2018-02-13,Apple should focus on capturing the living room in its next product cycle: Analyst,cnbc.com
2018-02-13,3 tax myths the IRS wants to clear up,cnbc.com
2018-02-13,Fashion unicorn Farfetch will soon interview bankers for its New York IPO,cnbc.com
2018-02-13,"Billionaire dealmaking CEO of Walgreens, who started with a small family business, may be at it again",cnbc.com
2018-02-13,Here’s where Credit Suisse sees the risk of a bear market for bonds,cnbc.com
2018-02-13,Here are the 10 most important stories for investors Tuesday morning,cnbc.com
2018-02-13,Snowboarding gold medalist Chloe Kim: I won't work with sponsors whose messages I don't agree with,cnbc.com
2018-02-13,Putin and Trump discussed North Korea by phone on Monday: Kremlin,reuters.com
2018-02-13,"Mark Cuban: Apple's iPhone X is OK but not spectacular, and growth could slow",cnbc.com
2018-02-13,Chipotle shares rally after burrito chain taps Taco Bell CEO to be its new chief,cnbc.com
2018-02-13,Google is introducing automatically updating and interactive emails for Gmail,cnbc.com
2018-02-13,3M upgraded at Deutsche Bank: US expansion 'could carry on for years',cnbc.com
2018-02-13,Hong Kong court rules pro-independence stance must bar standing for election,reuters.com
2018-02-13,"Cyprus should not 'overstep the mark' after ship incident, Turkey says",reuters.com
2018-02-13,7 last-minute Valentine's gifts for $55 and under,cnbc.com
2018-02-13,AmerisourceBergen surges after report that Walgreens is in early stage talks to buy the company,cnbc.com
2018-02-13,What Is AmerisourceBergen and Why Does Walgreens Want to Buy It?,fortune.com
2018-02-13,Trump donates fourth-quarter salary to Transportation Department in infrastructure push,cnbc.com
2018-02-13,"If this market correction follows history, we are not out of the woods yet",cnbc.com
2018-02-13,"Blankfein says low volatility last year caught Goldman 'wrong-footed,' but this environment is great for bank",cnbc.com
2018-02-13,Total US household debt soars to record above $13 trillion,cnbc.com
2018-02-13,Tax cuts plus increased spending while economy is growing akin to throwing 'lighter fluid on a fire': Blankfein,cnbc.com
2018-02-13,"Japan took in 20 asylum seekers last year as nearly 20,000 applied",reuters.com
2018-02-13,"Barnes & Noble confirms job cuts, expects $40 million in annual cost savings",cnbc.com
2018-02-13,"Walgreens keeps its eye on the drug supply chain, as CVS goes its own way",cnbc.com
2018-02-13,"TABLE-French grain, oilseed and sugar beet crop estimates",cnbc.com
2018-02-13,White House reportedly considering Mester for Fed vice chair,cnbc.com
2018-02-13,Why the junk bond chart points to a looming economic slowdown,cnbc.com
2018-02-13,NATO chief backs bigger alliance training mission in Iraq,reuters.com
2018-02-13,Tillerson says the enduring defeat of ISIS has not yet been achieved,cnbc.com
2018-02-13,Steve Bannon: 'Yellen's my girl' and should have been reappointed,cnbc.com
2018-02-13,Biggest U.S. force in years joins Thai military exercise,reuters.com
2018-02-13,Oxfam International chairman arrested amid local corruption probe,cnbc.com
2018-02-13,Barely anyone is paying the taxes they owe on their bitcoin gains,cnbc.com
2018-02-13,"Financials are a buy, says Barclays analyst",cnbc.com
2018-02-13,"China's new loans in Jan surge to record 2.9 trillion yuan, blow past forecasts",cnbc.com
2018-02-13,US drillers are spoiling OPEC's oil market strategy for the second time in three years,cnbc.com
2018-02-13,3 job interview mistakes you should never make if you want to get hired,cnbc.com
2018-02-13,This business could be a hidden gem for Sears,cnbc.com
2018-02-13,4 tips for improving happiness with your job,cnbc.com
2018-02-13,Don't let money in your flexible spending account go to waste,cnbc.com
2018-02-13,Russia: Plane crash that killed all 71 people on board was caused by pilots' error on speed data,cnbc.com
2018-02-13,"Washington is lighting an economic fire, and 'people should be spooked'",cnbc.com
2018-02-13,Conservatives lash out at GOP spending binge,cnbc.com
2018-02-13,Kremlin: We have no information about Russian mercenaries killed in Syria,reuters.com
2018-02-13,Wild market swings said to draw regulator scrutiny amid warnings of manipulation,cnbc.com
2018-02-13,Fund managers fearing a 'crash' cut bond investments to lowest in 20 years,cnbc.com
2018-02-13,"Cramer, citing sources, says the Bezos-Buffett-Dimon venture looks to cut out drug distributors",cnbc.com
2018-02-13,Bitcoin Investors Aren’t Paying Their Cryptocurrency Taxes,fortune.com
2018-02-13,PepsiCo tops expectations on revenue and earnings,cnbc.com
2018-02-13,China nuclear reactor delayed again on 'safety concerns',cnbc.com
2018-02-13,"Blue Apron shares spike on earnings beat, improvements at New Jersey facility",cnbc.com
2018-02-13,Pentagon defends airstrike that reportedly killed 'dozens' of Russian mercenaries in Syria,cnbc.com
2018-02-13,Trump wants to deliver Blue Apron-style 'America's Harvest Box' to food-stamp recipients,cnbc.com
2018-02-13,Shame on both the buyers and the sellers of these volatility products,cnbc.com
2018-02-13,Market on its toes for an inflation report that could change everything,cnbc.com
2018-02-13,"Slips, spills and crashes at the 2018 Winter Olympics",cnbc.com
2018-02-13,Vox CEO Jim Bankoff: We'll benefit from Facebook's move away from 'fake news and fake views',cnbc.com
2018-02-13,China to select theaters nationwide to show propaganda films,cnbc.com
2018-02-13,Trump wants to impose a 'reciprocal tax' on trade partners,cnbc.com
2018-02-13,Google to debut emails that automatically update,reuters.com
2018-02-13,MACRON THREATENS TO BOMB SYRIA...,reuters.com
2018-02-13,Watch: White House briefs media after FBI director contradicts timeline on domestic abuse probe,cnbc.com
2018-02-13,"Buy JP Morgan Chase shares on the dip because it is a ‘best-in-class’ bank, KBW says",cnbc.com
2018-02-13,Cryptocurrency Crackdown Continues With New Jersey Ban,fortune.com
2018-02-13,Mattel doubles down on Uno with a new card game called Dos,cnbc.com
2018-02-13,Amtrak Funding Slashed In Half Under Trump Spending Plan,fortune.com
2018-02-13,Hospital supplier shares dive as Amazon reportedly ramping up medical supply business,cnbc.com
2018-02-13,"Bitcoin buyers should be aware of the risks and look after themselves, top exchange CEO says",cnbc.com
2018-02-13,WikiLeaks founder Julian Assange loses bid to halt UK legal action against him,cnbc.com
2018-02-13,Investors await Blankfein's $5 billion answer to Goldman's revenue-boosting effort,cnbc.com
2018-02-13,"Trump pushes his immigration deal, calls it the 'last chance' to pass",cnbc.com
2018-02-13,"Trump says considering tariffs, quotas on US steel, aluminum imports",cnbc.com
2018-02-13,Sen. Bob Corker reportedly reconsiders his retirement as race to replace him tightens,cnbc.com
2018-02-13,"Boeing, Lockheed Martin are the ‘early winners’ under Trump’s budget proposal: JP Morgan",cnbc.com
2018-02-13,Ex-Twitter CEO: This simple mental shift can help you land your next job,cnbc.com
2018-02-13,"The Gates Foundation has spent billions on US education, but progress is slow",cnbc.com
2018-02-13,Baidu will report earnings after the market close,cnbc.com
2018-02-13,"The next Mirai Nagasu? These parents spend $60,000 a year on their daughter's Olympic dreams",cnbc.com
2018-02-13,"JC Penney to close Wisconsin facility, eliminating 670 jobs",cnbc.com
2018-02-13,Saudi-owned supertanker taking 2 million barrels of US oil into world market,cnbc.com
2018-02-13,3 ways to overcome a bad reputation a work,cnbc.com
2018-02-13,China's former chief of internet regulator expelled from Communist Party,reuters.com
2018-02-13,How Apple Hopes to Eliminate Those Annoying iPhone Bugs,fortune.com
2018-02-13,Powell says Fed will be vigilant for financial stability risks,cnbc.com
2018-02-13,"General Motors will shut a South Korean plant, more cuts could follow",cnbc.com
2018-02-13,These tropical countries are taking part in the Winter Olympics for the first time,cnbc.com
2018-02-13,Tax reform puts pressure on companies to share the wealth,cnbc.com
2018-02-13,Eaton Vance: Retail volatility products 'the tip of the iceberg' in market turmoil,cnbc.com
2018-02-13,Rolls-Royce Named Its New SUV After the Largest Diamond Ever Found,fortune.com
2018-02-13,"Stocks making the biggest moves premarket: PEP, UAA, APRN, ABC, IBM, JPM & more",cnbc.com
2018-02-13,Berkshire-Amazon-JP Morgan venture will be a disappointment if it's focused on health-care costs,cnbc.com
2018-02-13,"Egypt police detain former anti-graft chief, family says",reuters.com
2018-02-13,A tropical nation is putting India's foreign policy ambitions to the test,cnbc.com
2018-02-13,YouTube's dark side could be affecting your child's mental health,cnbc.com
2018-02-13,The modern 'hypermarket' is keeping traders guessing,cnbc.com
2018-02-13,Bill Gates: It's 'scary to me' that technology can empower small groups to do great harm,cnbc.com
2018-02-13,"5 things to know about Kehinde Wiley, the artist behind Barack Obama's presidential portrait",cnbc.com
2018-02-13,This 35-year-old founder of multimillion-dollar company says go for your dream career,cnbc.com
2018-02-13,Manager who predicted the blow-up of the low volatility trade says markets to remain turbulent for some time,cnbc.com
2018-02-13,Xerox sued by third-largest shareholder Deason for alleged fraud related to takeover by Fuji,cnbc.com
2018-02-13,"'Whistleblower' alleges manipulation in the VIX 'fear gauge,' urges regulators to investigate",cnbc.com
2018-02-13,It's time for Vladimir Putin to dump Syria and Iran,cnbc.com
2018-02-13,The 10 cities with the largest skills gaps,cnbc.com
2018-02-13,Why Athenahealth and former GE CEO Jeff Immelt need each other,fortune.com
2018-02-13,"Telegram app was targeted by crypto mining malware, Kaspersky Lab says",reuters.com
2018-02-13,CryptoKitties is Going Mobile. Can Ethereum Handle the Traffic?,fortune.com
2018-02-13,Cryptocurrency investors flock to Puerto Rico Investment Summit,reuters.com
2018-02-13,Trump tells Putin more steps are needed to scrap North Korea nuclear program,cnbc.com
2018-02-13,"Bill and Melinda Gates: 'No, it's not fair that we have so much'",cnbc.com
2018-02-13,Russia accuses United States of undermining Syria integrity: RIA,reuters.com
2018-02-13,Wells Fargo CEO Sloan says bank stable after Fed-imposed restrictions,cnbc.com
2018-02-13,"Nine weird and wonderful Valentine’s promotions, from a Taco Bell wedding to a heart-shaped burger",cnbc.com
2018-02-13,"Trump pick for Indian Health Service faces new questions about finances, tax liens, bankruptcy",cnbc.com
2018-02-13,Australian deputy PM denies breaking parliamentary rules over affair,reuters.com
2018-02-13,Fears of a crash in 'safe-haven' bonds send investors running for cover,cnbc.com
2018-02-13,Boston Dynamics’ SpotMini robot can now open up doors,cnbc.com
2018-02-13,Commodities tomorrow: Crude trades under $60,cnbc.com
2018-02-14,Berkshire Hathaway's Munger set to speak at Daily Journal annual meeting,cnbc.com
2018-02-14,"Don’t trust the bounce, the markets still look vulnerable, trader warns",cnbc.com
2018-02-14,Strategist: Why markets have already hit bottom,cnbc.com
2018-02-14,Jump in bond yields signals more Fed rate hikes after biggest inflation jump in 13 years,cnbc.com
2018-02-14,Trump's plan for a military parade could cost $10 million to $30 million,cnbc.com
2018-02-14,Google will start blocking 'bad' ads in its Chrome browser,cnbc.com
2018-02-14,"When Taco Bell's CEO heads to Chipotle, expect the chain to start taking more risks",cnbc.com
2018-02-14,Hong Kong lawyers say court affirms 'political screening' in elections,reuters.com
2018-02-14,Bunge exiting global sugar trading business - CEO,cnbc.com
2018-02-14,Stock jitters and higher interest rates drive weekly mortgage applications down 4.1%,cnbc.com
2018-02-14,Shaun White refers to a sexual misconduct lawsuit against him as 'gossip',cnbc.com
2018-02-14,US business inventories rise more than expected in December,cnbc.com
2018-02-14,Pakistan bans charities linked to U.N.-designated 'terrorist': official,reuters.com
2018-02-14,You Can Now Mine Cryptocurrency While Reading the News,fortune.com
2018-02-14,FDA approves insulin dose calculator that's connected to a smartphone app,cnbc.com
2018-02-14,The 10 most popular cities for people who want to work from home in 2018,cnbc.com
2018-02-14,Portfolio manager: Rotate into cyclical value equities with growing inflation,cnbc.com
2018-02-14,"Sovereign investors favour tech, property deals in 2016-17, report says - Reuters",reuters.com
2018-02-14,"Oil stable on weaker dollar and healthy economic growth, but pockets of oversupply linger",cnbc.com
2018-02-14,Bill Gurley is sick of talking about cryptocurrencies,cnbc.com
2018-02-14,"Chipotle CEO, AI Salaries, Working With the Flu: CEO Daily for February 14, 2018",fortune.com
2018-02-14,Remington attorney declines to say if bankruptcy would put rifle settlement at risk,cnbc.com
2018-02-14,Apple said it wants to become 'cash neutral' - which could be a huge boost for earnings,cnbc.com
2018-02-14,Bitcoin bottoms just in time to keep your brother-in-law who bought on Thanksgiving in the black,cnbc.com
2018-02-14,Turner CEO John Martin says NBA commissioner Silver is the 'best in all sports',cnbc.com
2018-02-14,Berkshire's Charlie Munger calls bitcoin 'noxious poison',cnbc.com
2018-02-14,Apple HomePods are reportedly leaving white rings on wood furniture,cnbc.com
2018-02-14,Sports Illustrated Swimsuit editor: Sexy and empowered can go together,cnbc.com
2018-02-14,"Cisco returns to growth, stock pops",cnbc.com
2018-02-14,Russia and China developing 'destructive' space weapons,cnbc.com
2018-02-14,"No, you cannot buy Marlboro brand marijuana cigarettes",cnbc.com
2018-02-14,January spending weakness is temporary because consumers are about to get a big boost,cnbc.com
2018-02-14,"If you put $1,000 in Facebook in 2012, here’s what you’d have now",cnbc.com
2018-02-14,Just starting your career and feeling lost? Picture yourself at 50,cnbc.com
2018-02-14,EU's Juncker says 'good chance' of rapprochement with Warsaw,reuters.com
2018-02-14,Japan fourth quarter GDP rises 0.5 percent on consumer spending,cnbc.com
2018-02-14,These psychologists say that the secret to your success is who you marry,cnbc.com
2018-02-14,South Koreans are set to earn millions from renting out their homes during the Winter Olympics,cnbc.com
2018-02-14,"Bitcoin rises 9% to 10-day high above $9,000",cnbc.com
2018-02-14,Chinese celebrities are making a lot of money from social media,cnbc.com
2018-02-14,Small aid convoy reaches besieged Syrian zone: U.N.,reuters.com
2018-02-14,Shaun White wins his third halfpipe gold and a landmark 100th gold medal for the US,cnbc.com
2018-02-14,Inflation rise toward key level rekindles a big market fear from the 1970s,cnbc.com
2018-02-14,"Singapore's fourth quarter GDP growth revised lower, now 2.1 percent",cnbc.com
2018-02-14,Trump has no choice. He has to fire Kelly to save himself,cnbc.com
2018-02-14,Photos | The Royal Navy inspects a fishing boat,cnbc.com
2018-02-14,Former CFTC commissioner: Whistleblower allegation about volatility index manipulation 'rings true',cnbc.com
2018-02-14,Trump’s budget could let those on Medicare use this tax-favored account,cnbc.com
2018-02-14,UPDATE 1-Bunge exiting global sugar trading business - CEO,cnbc.com
2018-02-14,Jack Dorsey tells investors Twitter is still too hard for users and advertisers,cnbc.com
2018-02-14,Sweetheart scammers are on the prowl this Valentine’s Day,cnbc.com
2018-02-14,Pro: Three hot stocks to watch,cnbc.com
2018-02-14,"Suspect held, black SUV stopped at barrier after a shooting outside the National Security Agency",cnbc.com
2018-02-14,Rising US bond yields offer relief to corporate America's pension plans,cnbc.com
2018-02-14,Warren denies using Native American heritage claim to advance career,cnbc.com
2018-02-14,Cramer: Amazon's Jeff Bezos is the 'Grim Reaper' when he goes into your business,cnbc.com
2018-02-14,Porn star Stormy Daniels believes she is free to tell her story about her alleged affair with Trump,cnbc.com
2018-02-14,"More than half of the S&P 500 is in a correction, and that has bargain hunters looking at three names",cnbc.com
2018-02-14,The market’s fear index just gave the green light to this comeback,cnbc.com
2018-02-14,This Tesla bear believes the company will hit its Model 3 production target,cnbc.com
2018-02-14,CBSVIACOM Close?,cnbc.com
2018-02-14,"Inflation is seen rising in January, led by rising gas prices and rents",cnbc.com
2018-02-14,A partner at Alphabet's venture capital arm says 'flying cars' are starting to look inevitable,cnbc.com
2018-02-14,What to expect from 'Sen. Mitt Romney' in the Trump era,cnbc.com
2018-02-14,"Litecoin jumps 30% as traders bet on more users, upcoming split into litecoin cash",cnbc.com
2018-02-14,Iran believes the US spied on it with special lizards,cnbc.com
2018-02-14,Most important inflation report in a decade could be a dud,cnbc.com
2018-02-14,Afghan Taliban say they want to solve war through dialogue,reuters.com
2018-02-14,"Stocks making the biggest moves after hours: Baidu, Fossil, Chipotle & more",cnbc.com
2018-02-14,Kirsten Gillibrand Will No Longer Accept Money From Corporate PACs,fortune.com
2018-02-14,Read Gowdy's letters to FBI Director Wray and John Kelly seeking answers in the Porter abuse probe,cnbc.com
2018-02-14,Match Group CEO: The stigma against dating apps is eroding,cnbc.com
2018-02-14,Trump reportedly endorses 25-cent hike in gas tax to pay for infrastructure plan,cnbc.com
2018-02-14,Congress shrugs off plans of the chaotic Trump White House,cnbc.com
2018-02-14,"The most important chart that everyone on Wall Street needs to see, according to analyst Acampora",cnbc.com
2018-02-14,"This is the most important level to watch on the S&P, says equity strategist",cnbc.com
2018-02-14,"Scathing report blasts VA boss David Shulkin for accepting Wimbledon tickets, other ethics abuses",cnbc.com
2018-02-14,Groupon tumbles on mixed fourth quarter results,cnbc.com
2018-02-14,Facebook may be working on multiple smart speakers to launch in July,cnbc.com
2018-02-14,"South Korea vows firm action against illegal, unfair cryptocurrency trading",cnbc.com
2018-02-14,"Taylor Swift’s phrase ‘haters gonna hate’ is too banal to be copyrighted, judge declares",cnbc.com
2018-02-14,Futures point way higher before inflation,reuters.com
2018-02-14,Home Depot is having its worst month in 8 years. But here's why some traders are getting bullish,cnbc.com
2018-02-14,"Remington bankruptcy could put rifle settlement at risk, attorneys say",cnbc.com
2018-02-14,Hackers Stole $50 Million in Cryptocurrency Using 'Poison' Google Ads - Fortune,fortune.com
2018-02-14,Chipotle Names a New CEO. Here’s What to Watch For,fortune.com
2018-02-14,"Under Armour just jumped but ‘we wouldn’t touch it with a 10-foot pole,’ says trader",cnbc.com
2018-02-14,"It's not just bitcoin — 'this is the everything bubble,' warns crypto bear Peter Boockvar",cnbc.com
2018-02-14,Chinese e-commerce giant JD.com to raise $2.5 billion for a stake in its logistics business,cnbc.com
2018-02-14,Google's cloud chief takes a swipe at Amazon and says this about customers: 'We're their friend',cnbc.com
2018-02-14,6 luxurious places to retire in the U.S. — if you can afford it,cnbc.com
2018-02-14,Mike Pence Erroneously Claims Black Unemployment Still at Record Low,fortune.com
2018-02-14,Maldives tries to fight off travel alerts as tourists stay away,reuters.com
2018-02-14,SpaceX's satellite internet plan backed by FCC Chairman Ajit Pai,cnbc.com
2018-02-14,"UK trying to grab attention with South China Sea mission, says Chinese state-owned newspaper",cnbc.com
2018-02-14,Wells Fargo faces grilling from Sen. Warren on bungled fee refunds,cnbc.com
2018-02-14,Bipartisan group of senators says it has a DACA deal,cnbc.com
2018-02-14,FTC commissioner nominees open to investigating tech companies,cnbc.com
2018-02-14,"Brainstorm Health: Joseph Swedish to Proteus, Bristol-Myers Deal, Idaho Vs. Obamacare",fortune.com
2018-02-14,raceAhead: A New UN Report Shows U.S. Women Falling Behind,fortune.com
2018-02-14,"Trump signals he will impose restrictions on steel, aluminum imports",cnbc.com
2018-02-14,Cloud provider Twilio spikes on Q4 revenue growth,cnbc.com
2018-02-14,Trump: 'I am totally opposed to domestic violence of any kind',cnbc.com
2018-02-14,US slaps anti-dumping duties on Chinese pipe fittings,cnbc.com
2018-02-14,JP Morgan slashes GDP estimate to 2.5% after 'hotter than Hades' inflation report,cnbc.com
2018-02-15,Einhorn's Greenlight Capital reports new stakes in Twitter and a handful of big retailers,cnbc.com
2018-02-15,"Soros' fund buys shares of cryptocurrency play Overstock.com, while dumping Facebook",cnbc.com
2018-02-15,"Stocks making the biggest moves after hours: Cisco, TripAdvisor, Teva & more",cnbc.com
2018-02-15,Germany wants fast judicial process for journalist held in Turkey,reuters.com
2018-02-15,"Michael Kors, Tiffany & Co. are bargain retail stocks, analyst says",cnbc.com
2018-02-15,Trump-Russia probe is interfering with a House hearing on the US threat assessment,cnbc.com
2018-02-15,"Senate blocks multiple immigration plans, stalling progress toward protections for young immigrants",cnbc.com
2018-02-15,Judge certifies class action against NYU in pension management case - Reuters,reuters.com
2018-02-15,Mass Shooting at Florida High School,wsj.com
2018-02-15,"16,000 jobs added in Australia in January",cnbc.com
2018-02-15,It May Become a Whole Lot Easier to Use Cryptocurrencies for Payments,fortune.com
2018-02-15,The FDA Just Approved a Blood Test for Concussions,fortune.com
2018-02-15,"No 'bloody nose' plan for North Korea: U.S. official, senators",reuters.com
2018-02-15,Billionaire Blackstone CEO Steve Schwarzman: Inflation fears should not overshadow benefits of a stronger economy,cnbc.com
2018-02-15,Why Next Year's Tax Refund May Bring You Extra Dough,wsj.com
2018-02-15,Commodities tomorrow: Crude finds $60 'sweet spot',cnbc.com
2018-02-15,Designer Westwood stages London fashion fracking protest,reuters.com
2018-02-15,French start-up Sigfox faces 5G juggernaut in Internet of Things,reuters.com
2018-02-15,"David Tepper's hedge fund bets on T-Mobile, reduces stake in Southwest Airlines",cnbc.com
2018-02-15,Chinese Lunar New Year Illustrates Rise of Hong Bao,fortune.com
2018-02-15,Warby Parker will operate nearly 100 stores by year's end and others are following its lead,cnbc.com
2018-02-15,"Wall Street eyes gold as inflation stirs, futures near multi-year highs",cnbc.com
2018-02-15,"Sears' sales fall, but company expects to post a profit",cnbc.com
2018-02-15,'Do you fear me?': Venezuela's Maduro threatens to gatecrash regional summit,reuters.com
2018-02-15,"The market's coming back, but here's why one trader isn't buying the bounce",cnbc.com
2018-02-15,France's Unemployment Rate Drops Sharply,wsj.com
2018-02-15,IBM lawsuit casts diversity in starkly competitive terms,reuters.com
2018-02-15,China: We are a 'Near-Arctic State' and we want a 'Polar Silk Road',cnbc.com
2018-02-15,Billionaire businessman Mendoza rules out Venezuela election bid - sources,reuters.com
2018-02-15,Mikaela Shiffrin rallies to win the gold on final run of the giant slalom,cnbc.com
2018-02-15,Hewlett Packard Enterprise Signs Big Supercomputer Deal with Defense Department,fortune.com
2018-02-15,U.S. regulator warns of ‘pump-and-dump’ cryptocurrency frauds,cnbc.com
2018-02-15,Bitcoin ‘Scam’ Triggers Police Search Across Europe,fortune.com
2018-02-15,Attack in Florida makes 18 school shootings in the first two months of 2018,cnbc.com
2018-02-15,US court says Trump travel ban unlawfully discriminates against Muslims,cnbc.com
2018-02-15,McDonald's slims down Happy Meal by banishing cheeseburgers,cnbc.com
2018-02-15,Number of crypto hedge funds doubles in four months: Autonomous NEXT data,reuters.com
2018-02-15,Florida school shooting suspect is a troubled ex-student who was 'crazy about guns',cnbc.com
2018-02-15,VW looks at Apple for electric-car design guidance,reuters.com
2018-02-15,FANG gets its bite back – but there’s one name that could sit out the rally,cnbc.com
2018-02-15,Seattle ICE lawyer charged with stealing immigrants identities,cnbc.com
2018-02-15,"Transport stocks should be bought on the dip, market watcher says",cnbc.com
2018-02-15,This is the next line in the sand for rates: Yamada,cnbc.com
2018-02-15,Petition to scrap Snapchat redesign hits 1 million,cnbc.com
2018-02-15,Trump Pledges to Make Schools More Secure in Wake of Shooting,wsj.com
2018-02-15,"Brainstorm Health: Child Gun Deaths, Concussion Blood Test, Teva and Warren Buffett",fortune.com
2018-02-15,"Homebuilders shrug off higher mortgage rates, stay optimistic on economic boost from tax cuts",cnbc.com
2018-02-15,"Shake Shack beats on earnings, forecasts massive expansion in 2018",cnbc.com
2018-02-15,"Oil's back at $60, but one strategist says the crude rally will stall",cnbc.com
2018-02-15,The 10 Politicians That Have Received the Most Money From the NRA,fortune.com
2018-02-15,Florida teen charged with 17 murder counts in school attack,cnbc.com
2018-02-15,Watch President Trump address the nation after Florida school massacre,cnbc.com
2018-02-15,Here are the 10 most important stories for investors Thursday morning,cnbc.com
2018-02-15,The rate rise doesn’t matter to the markets. Here’s what does,cnbc.com
2018-02-15,"Bitcoin Is a ‘Noxious Poison,’ Billionaire Says",fortune.com
2018-02-15,"Rising inflation is not enough to rattle Wall Street, says Bessemer Trust's Rebecca Patterson",cnbc.com
2018-02-15,Mexican drug lord 'El Chapo' to face U.S trial in September,reuters.com
2018-02-15,Trump administration eviscerates bipartisan immigration plan as Senate shows little progress,cnbc.com
2018-02-16,Grief and anger as Florida prepares to bury victims of school massacre,cnbc.com
2018-02-16,Sen. Jeff Flake: President Trump's immigration policy would hurt the economy,cnbc.com
2018-02-16,"The stock market correction two weeks later: How it happened, and if it can happen again",cnbc.com
2018-02-16,"As Puerto Rico pushes forward with new fiscal plan, Tesla and others propose energy fixes",cnbc.com
2018-02-16,"Look for Apple's upcoming buybacks, services and China business to vault the stock, says analyst",cnbc.com
2018-02-16,"Shake Shack tumbles on cautious sales outlook, but Wall Street isn't worried",cnbc.com
2018-02-16,Noma’s Chef Reinvents His Menu,wsj.com
2018-02-16,Here is a guide to the ethics scandals of President Trump's Cabinet members,cnbc.com
2018-02-16,Here's how your senators voted on failed immigration proposals,cnbc.com
2018-02-16,Trump claims vindication in tweet following Mueller indictment of Russians: 'No collusion!',cnbc.com
2018-02-16,"Jim Cramer: Cola wars have ended, so everyone's making money",cnbc.com
2018-02-16,Wall Street veteran who predicted sell-off says bull market has 'years left',cnbc.com
2018-02-16,"Stocks making the biggest moves after hours: Shake Shack, CBS, TrueCar & more",cnbc.com
2018-02-16,Here's how an open floor plan can hurt your productivity,cnbc.com
2018-02-16,Major cryptocurrency wallet Coinbase blames Visa for unauthorized charges to users,cnbc.com
2018-02-16,"Apple’s massive bond portfolio makes it a ‘screaming sell,’ says market watcher",cnbc.com
2018-02-16,Coca-Cola beats analysts' estimates on the top and bottom line,cnbc.com
2018-02-16,Mueller's latest indictment proves American voters are too smart for Russia,cnbc.com
2018-02-16,"Term Sheet — Friday, February 16",fortune.com
2018-02-16,FBI says it did not properly follow-up tip on accused Florida shooter,cnbc.com
2018-02-16,"Mitt Romney, a frequent Trump critic, will run for Senate in Utah",cnbc.com
2018-02-16,"Cramer: Warren Buffett likes Coca-Cola for good reason, but PepsiCo also worth a look",cnbc.com
2018-02-16,Ethiopia declares state of emergency - Reuters,reuters.com
2018-02-16,Check out these Olympic Skeleton athletes and their super cool helmets,cnbc.com
2018-02-16,"US will impose costs on Russia for cyber ‘acts of aggression,’ White House cybersecurity czar says",cnbc.com
2018-02-16,Intel says 32 lawsuits filed against company over security flaws,reuters.com
2018-02-16,"Trump claims Democrats 'abandoned' DACA recipients, even though he canceled the program",cnbc.com
2018-02-16,"Five Russian fighters may have been among those killed in US airstrike in Syria, says Moscow",cnbc.com
2018-02-16,Here are the 10 most important stories for investors Friday morning,cnbc.com
2018-02-16,Kraft Heinz suggests it may be ready for another acquisition,cnbc.com
2018-02-16,What Trump and the GOP just don't understand about Medicaid,cnbc.com
2018-02-16,Ellen DeGeneres explains bitcoin: 'You’ll either be a millionaire or you’ll be totally broke',cnbc.com
2018-02-16,"After Rocky Year, CEO Evan Spiegel Is Still Happy Snap Went Public",fortune.com
2018-02-16,Meet the former intern on 'The Sims who raised $33 million for her 3D furniture platform,cnbc.com
2018-02-16,The top 10 most in-demand jobs in the US—and how much they pay,cnbc.com
2018-02-16,Watch: Deputy AG Rosenstein talks after grand jury indicts 13 Russians in Mueller probe,cnbc.com
2018-02-16,Donald Trump’s Alleged Affair With Playmate Karen McDougal Is Back In the Spotlight,fortune.com
2018-02-16,#MeToo moment has women demanding equal pay. How to get it done,cnbc.com
2018-02-16,SEC halts Chicago Stock Exchange sale to group led by China-based investors,cnbc.com
2018-02-16,Three tiny stocks with same CEO suspended by SEC for questionable cryptocurrency announcements,cnbc.com
2018-02-16,Goldman Sachs CEO Blankfein received a $2 million pay bump in 2017,cnbc.com
2018-02-16,U.S. tries to keep some Russia probe details secret despite Republican memo,reuters.com
2018-02-16,"Sen. Jeff Flake criticizes the White House, John Kelly on their handling of the Porter abuse scandal",cnbc.com
2018-02-16,Here Are the Adult Industry Performers and Models With Alleged Ties to Donald Trump,fortune.com
2018-02-16,Dog Food Brands Recalled Over Concerns About Euthanasia Drug,fortune.com
2018-02-16,Olympic skier Ted Ligety races for gold on and off the slopes,cnbc.com
2018-02-16,Puerto Rico's governor is bullish on blockchain as part of island's comeback,cnbc.com
2018-02-16,CNBC investigates public company that changed its name to Riot Blockchain and saw its shares rocket,cnbc.com
2018-02-16,The New Noma: How Chef René Redzepi Reinvented His Menu,wsj.com
2018-02-16,Commerce Department suggests Trump impose steep tariffs or quotas on foreign steel and aluminum — sources,cnbc.com
2018-02-16,U.S. import prices increase more than expected in January,cnbc.com
2018-02-16,Oil gains as dollar sags near 3-year low,cnbc.com
2018-02-16,"Bitcoin is retesting the $10,000 level – here's why it's so important",cnbc.com
2018-02-16,"Stocks making the biggest moves premarket: KO, KHC, CPB, DE, SJM, WYNN & more",cnbc.com
2018-02-16,Banks are the sweet spot of this market that's about to get a lot tougher,cnbc.com
2018-02-16,"Volatility is back, and that could lead to a late ‘90s-style market rally, Barclays says",cnbc.com
2018-02-16,"Sen. Jeff Flake thinks John McCain, who is battling brain cancer, will return to the Senate",cnbc.com
2018-02-16,"As the Lunar New Year celebrations begin, CNBC looks at Chinatowns across the world",cnbc.com
2018-02-16,Make or break moment for market right here where failure could mean a 'retest' of the lows,cnbc.com
2018-02-16,"Amazon threat to FedEx overblown, it's the postal service that's in trouble, JP Morgan says",cnbc.com
2018-02-16,Housing starts rebound as building permits rise to the highest level since 2007,cnbc.com
2018-02-16,MUELLER INDICTS RUSSIANS,cnbc.com
2018-02-16,"How Arianna Huffington, Tony Robbins and Oprah Winfrey use gratitude as a strategy for success",cnbc.com
2018-02-16,"Indicted Russians had PayPal, cryptocurrency exchange accounts",cnbc.com
2018-02-16,ANALYSIS-U.S. set to lose top spot as global corn exporter to Brazil,cnbc.com
2018-02-16,Waste Management CEO: 80% of company's tax cut going back into the economy,cnbc.com
2018-02-16,Malicious cyber activity cost U.S. economy $57 billion - $109 billion in 2016: White House report,reuters.com
2018-02-16,"Sen. Jeff Flake: Trump shouldn't be impeached, but his behavior is bad for national security",cnbc.com
2018-02-16,"Author who studies millionaires: How to get, and stay, rich",cnbc.com
2018-02-16,"Consumer sentiment jumps in February, exceeding record-high 2017 average",cnbc.com
2018-02-16,Major apartment developer: 'There is an acute crisis headed our way',cnbc.com
2018-02-16,It's tax season: 5 tips to stay organized and file like a pro,cnbc.com
2018-02-16,Car shoppers may find deals with President's Day weekend sales push,cnbc.com
2018-02-17,Meet the Spice King of New York,fortune.com
2018-02-17,"Senior tech aide to President Trump, Reed Cordish, is leaving White House",cnbc.com
2018-02-17,Lu: How the Mighty Have Fallen,fortune.com
2018-02-17,Major 7.5 magnitude earthquake hits Mexico's southwest: USGS,cnbc.com
2018-02-17,"These are the most popular cruises for partying, relaxing and dining, according to Instagram",cnbc.com
2018-02-17,Apple’s Mediocre HomePod Headlines Another Troubled Week,fortune.com
2018-02-18,How to Have a Spectacular Day in Dublin,fortune.com
2018-02-18,Renewable Energy Surges to 18% of U.S. Power Mix,fortune.com
2018-02-18,Trump lashes out at everyone over Russian election meddling – except Russia,cnbc.com
2018-02-18,Ajit Pai’s Ties to Sinclair Broadcasting Under Investigation At FCC,fortune.com
2018-02-18,5 Great Things to Do in Dublin,fortune.com
2018-02-18,"Google’s Firing of Anti-Diversity Memo Author Was Legal, Labor Regulators Conclude",fortune.com
2018-02-18,Software may have helped Daimler pass U.S. emissions tests: report,reuters.com
2018-02-18,"Careem acquires Middle East online restaurant listing platform, to trial food delivery",reuters.com
2018-02-18,‘White is Black and Black is White.’ A Russian Troll Tells His Story,fortune.com
2018-02-18,Black Panther Has an Epic Box-Office Debut,fortune.com
2018-02-19,Facebook Will Use Postcards To Fight Foreign Meddling In U.S. Politics,fortune.com
2018-02-19,Ethereum Founder Vitalik Buterin Warns That Cryptocurrencies Could Drop to ‘Near-Zero’,fortune.com
2018-02-19,Trump Slams ‘Insecure’ Oprah and Says He Hopes She Runs for President,fortune.com
2018-02-19,Noble Group Warns Losses May Near $5 Billion as It Pursues a Deal,fortune.com
2018-02-19,The hottest toys from the New York Toy Fair,cnbc.com
2018-02-19,Family Who Housed Florida School Shooter Describes the Days Before the Attack,wsj.com
2018-02-19,Former Trump campaign aide Rick Gates is reportedly set to plead guilty to Robert Mueller,cnbc.com
2018-02-19,Geopolitical risk has heightened as a factor in crude oil prices,cnbc.com
2018-02-19,Brazil's Senate head says Rio military intervention blocks pension vote,cnbc.com
2018-02-19,Tax crackdown in Russia boosts grain traders' profits,cnbc.com
2018-02-19,Trade tensions have 'never been higher',cnbc.com
2018-02-19,Congress sets sights on federal cryptocurrency rules,reuters.com
2018-02-19,How To Track Elon Musk’s Roadster On Its Journey Towards Mars,fortune.com
2018-02-19,Brazilian minister says pension reform bill halted in Congress,cnbc.com
2018-02-19,‘Uncharted Territory:’ Goldman Sachs Issues Dire Warning About Federal Spending,fortune.com
2018-02-19,Venezuela's opposition coalition likely to boycott presidential vote,reuters.com
2018-02-19,Japan Stocks Rise; Some Major Markets Remain Closed,wsj.com
2018-02-19,What You Need to Know About SpaceX’s Next Rocket Launch,fortune.com
2018-02-20,AT&T loses bid for White House communications about Time Warner deal,reuters.com
2018-02-20,South Korean Cryptocurrency Regulator Found Dead at Home,wsj.com
2018-02-20,Here’s How Fox News’ New Streaming Service for ‘Superfans’ Will Work,fortune.com
2018-02-20,Olympics-Global broadcasters' output up by 14 percent from Sochi - IOC,reuters.com
2018-02-20,This analyst wants to hear more about HSBC's dividend plans,cnbc.com
2018-02-20,Why Barack Obama is speaking at a sports analytics conference,cnbc.com
2018-02-20,Seventeen Turks land on Greek beach; media say they seek asylum,reuters.com
2018-02-20,"With medicine running out, Venezuelans with transplants live in fear",reuters.com
2018-02-20,UPDATE 1-Brazil gov't acknowledges pension bill going nowhere,cnbc.com
2018-02-20,Australia's central bank says wage growth is needed for inflation recovery,cnbc.com
2018-02-20,Asian Stocks Pull Back After Europe’s Decline,wsj.com
2018-02-20,"Stocks making the biggest moves premarket: WMT, HD, QCOM, GE, GM, HSBC, AAPL & more",cnbc.com
2018-02-20,"Google Launches Google Pay, Its Answer to Apple Pay",fortune.com
2018-02-20,Iran finds wreckage of crashed plane on top of mountain,reuters.com
2018-02-20,Millennials driving change at Conagra,cnbc.com
2018-02-20,Trader says the rate rally is far from over,cnbc.com
2018-02-20,UPDATE 1-Brazil-U.S. venture to build second corn ethanol plant in Mato Grosso,cnbc.com
2018-02-20,Financials stay in the green amid volatility,cnbc.com
2018-02-20,Here are 5 top stock picks from Wall Street analysts for a choppy market,cnbc.com
2018-02-20,Venezuela Launches Pre-Sale of Its Controversial Oil-Backed Cryptocurrency,fortune.com
2018-02-20,"Home Depot earnings, sales top Wall Street expectations",cnbc.com
2018-02-20,Commodities tomorrow: Crude up on inventory expectations,cnbc.com
2018-02-20,Europe's largest bank is about to report earnings. Here's what analysts expect,cnbc.com
2018-02-20,"You got a $1K bonus today, but what do GOP tax tweaks mean for retirement plans? 5 steps to take now",cnbc.com
2018-02-20,Virginia judge rejects Volkswagen bid to delay first U.S. diesel emissions trial,reuters.com
2018-02-20,"Venezuela's oil-backed petro more likely to be ruled 'illegitimate' than succeed, economist says",cnbc.com
2018-02-20,Strategist: Stocks in a healthier place,cnbc.com
2018-02-20,Measles Cases Are Surging in Europe as More Parents Shun Vaccines,fortune.com
2018-02-20,"Walmart earnings fall short of estimates, sending shares lower",cnbc.com
2018-02-20,"Ex-chair, CEO named among detainees in inquiry into Israel's Bezeq Tel",reuters.com
2018-02-20,Latvian central bank chief says victim of smear campaign after detention,reuters.com
2018-02-20,Trump tweet taunt: 'I have been much tougher on Russia than Obama',cnbc.com
2018-02-20,Small-business confidence hits record high in 2018 after Trump tax-reform win,cnbc.com
2018-02-20,Pennsylvania's top court unveils a new map carving out the state's US congressional voting districts,cnbc.com
2018-02-20,Brazil's lower house greenlights security intervention in Rio,reuters.com
2018-02-20,Exclusive: EU scraps border projects as 'Ukraine fatigue' grows,reuters.com
2018-02-20,Look out for 'more overall tension' between US and China: former US envoy,cnbc.com
2018-02-20,"Slime, dinos and games: Trends from New York Toy Fair",cnbc.com
2018-02-20,Statehouse politics creating trouble for more than half of Amazon HQ2 finalist cities,cnbc.com
2018-02-20,Top court rejects challenge to California gun waiting period,reuters.com
2018-02-20,Kentucky accuses insurer Cardinal Health of contributing to the opioid epidemic,cnbc.com
2018-02-20,Crypto funds poaching Wall Street talent amid digital currency boom,cnbc.com
2018-02-20,An Uber Eats Driver Accused of Fatally Shooting a Customer Has Turned Himself In,fortune.com
2018-02-20,"South Korean cryptocurrency official found dead at home, reports say",cnbc.com
2018-02-20,Why Albertsons Is Buying a Big Chunk of Rite Aid,fortune.com
2018-02-20,Trump's health-care plan: Less-comprehensive health coverage at a lower cost,cnbc.com
2018-02-20,Sony to launch a ride-hailing app in Japan as Uber CEO signals further push in the country,cnbc.com
2018-02-20,Britain and U.S. in talks over captured British Islamic State fighters: UK minister,reuters.com
2018-02-20,Medtronic quarterly profit meets expectations,reuters.com
2018-02-20,Canada’s Tessa Virtue and Scott Moir Are Golden in Ice Dance,wsj.com
2018-02-20,Watch: President Trump hosts a ceremony for public safety valor awards,cnbc.com
2018-02-20,Defeats in Middle East driving Islamic State fighters to Philippines - separatist,reuters.com
2018-02-20,Amazon Just Announced a New Whole Foods Perk for Some Users,fortune.com
2018-02-20,"Trump denies kissing — or meeting — Rachel Crooks, one of 19 women who accuses him of sex misconduct",cnbc.com
2018-02-20,HSBC needs to go back into 'expansion mode',cnbc.com
2018-02-20,Uber CEO sees commercialization of flying taxis in 5-10 years,reuters.com
2018-02-20,Three killed in blast in Afghan city,reuters.com
2018-02-20,Lucky Charms is adding a magical unicorn to its marshmallow rainbow,fortune.com
2018-02-20,Raising the gas tax hits another roadblock in Washington,cnbc.com
2018-02-20,Facebook co-founder Hughes: The digital economy is 'going to continue to destroy' jobs in America,cnbc.com
2018-02-20,Five Iranian security officers killed at Sufi protest in Tehran,reuters.com
2018-02-20,It's time to update your iPhone - Apple just fixed a big text message bug,cnbc.com
2018-02-20,Facebook must make sure foreign powers 'are not hacking' the 2018 election: Co-founder Chris Hughes,cnbc.com
2018-02-20,9 words and phrases that make any professional look weak,cnbc.com
2018-02-20,Israeli visual aid company OrCam valued at $1 billion,reuters.com
2018-02-20,Counting calories may not be the key to weight loss after all,fortune.com
2018-02-20,Police in South Korea Are Investigating the Death of a Bitcoin Policy Coordinator,fortune.com
2018-02-20,"Trump's fast-growing economic policies could batter stocks, warns Jack Ablin",cnbc.com
2018-02-20,Indian software services sector to grow 7-9 percent in FY19 - lobby group,reuters.com
2018-02-20,"Chips rip higher, and market watchers eye Intel as the semi to own",cnbc.com
2018-02-20,A tax-free account for Medicare that very few people use,cnbc.com
2018-02-20,Former Catalan MP to spurn Spain court summons in Switzerland - Reuters,reuters.com
2018-02-20,China and the US are key markets for this dairy products firm,cnbc.com
2018-02-20,This is the No. 1 thing Americans do with their tax refund,cnbc.com
2018-02-20,Qualcomm lead director on Broadcom takeover bid,cnbc.com
2018-02-20,Japan's Sony Corp to form alliance to build taxi-hailing system: Nikkei,reuters.com
2018-02-20,"The future of Walmart is stores, digital merging together: Cowen retail analyst",cnbc.com
2018-02-20,Brazilian rule changes may allow telecoms firms to unload assets,cnbc.com
2018-02-20,Florida school staff members to return this week after mass shooting that killed 17,reuters.com
2018-02-20,"Oil markets mixed on lower Canadian flows, firmer dollar",cnbc.com
2018-02-20,"Spain's Balearic Islands to fine Airbnb 300,000 euros for illegal rentals",reuters.com
2018-02-20,BP sees self-driving electric vehicles squeezing oil demand by 2040,cnbc.com
2018-02-20,Don't celebrate that big refund ... it means you've overpaid on taxes,cnbc.com
2018-02-20,Discounts for high-grade iron ore to China should ease: Fortescue CEO,cnbc.com
2018-02-20,Qualcomm raises NXP offer,cnbc.com
2018-02-20,Bitcoin nearly doubles in value from year's low hit in early February,reuters.com
2018-02-20,Sony is building A.I.-based taxi hailing system in Japan,cnbc.com
2018-02-20,Macron's state reform tsar looks to technology to cut red-tape,reuters.com
2018-02-20,Qualcomm raises offer for NXP Semiconductors,cnbc.com
2018-02-20,Why one trader thinks a crypto comeback is in sight,cnbc.com
2018-02-20,GM offers $2.2 billion debt for equity swap in return for Seoul's support,cnbc.com
2018-02-20,Luxury travel agencies are still growing — but watch out for the millennials - CNBC,cnbc.com
2018-02-21,"Amazon is ‘knocking on the door’ for a breakout to $1,500, says trader",cnbc.com
2018-02-21,Russian Trolls Tweeted Disinformation Long Before U.S. Election - Wall Street Journal,wsj.com
2018-02-21,Evangelist Rev. Billy Graham dies at age 99,cnbc.com
2018-02-21,Brit & Co founder Brit Morin says this is key to helping women advance in the workplace,cnbc.com
2018-02-21,Here's how traders talked themselves into a sell-off,cnbc.com
2018-02-21,UPDATE 1-Philip Morris may have breached Lithuania’s advertising rules with new smoking device,cnbc.com
2018-02-21,Team USA luge silver medalist at the NYSE,cnbc.com
2018-02-21,Wait and watch on Venezuela's petro-cryptocurrency,cnbc.com
2018-02-21,This company looks to help save energy using software,cnbc.com
2018-02-21,SEC charges former bitcoin exchange and its founder with fraud,cnbc.com
2018-02-21,Rising bond yields stomp out a sharp stock rally,cnbc.com
2018-02-21,Hundreds of KFC branches in the UK to remain closed amid ongoing chicken shortage,cnbc.com
2018-02-21,"Trump's pick to head Indian Health Services drops out amid controversy over resume, finances",cnbc.com
2018-02-21,"Tinder user growth to halve, JP Morgan downgrades Match Group",cnbc.com
2018-02-21,US existing home sales fall for second straight month,cnbc.com
2018-02-21,Lithuania says Philip Morris may have breached advertising rules with new smoking device,cnbc.com
2018-02-21,Bahrain's sovereign fund in talks to invest in SoftBank's Vision Fund: CEO,reuters.com
2018-02-21,SEC publishes updated guidance on cyber breach disclosure,cnbc.com
2018-02-21,Inflation is expected as the economy is 'doing great': strategist,cnbc.com
2018-02-21,A major misconception about the market exposed in one chart,cnbc.com
2018-02-21,How Trump can defy the NRA and toughen gun rules,cnbc.com
2018-02-21,Greenlight Capital's David Einhorn says hedge fund has 'never underperformed like this',cnbc.com
2018-02-21,Fake news video on Florida school shooting briefly becomes top trending video on YouTube,cnbc.com
2018-02-21,DIARY-Emerging Markets Economic Events to March 29,cnbc.com
2018-02-21,Walmart coming off worst day in over 30 years,cnbc.com
2018-02-21,"Don’t catch the ‘falling knife’ that is GE, warns analyst",cnbc.com
2018-02-21,"5 percent of small businesses have fired, suspended employees since #MeToo movement began",cnbc.com
2018-02-21,Facebook case study shows how much its ad targeting tools helped Libertarian candidate Gary Johnson,cnbc.com
2018-02-21,Eight ways that Netflix is still under-appreciated,cnbc.com
2018-02-21,Resistance building against President Trump's Koch-backed 'Right to Try' experimental drug push,cnbc.com
2018-02-21,"Market looking for seasonal crude build, down on day",cnbc.com
2018-02-21,Homeownership is increasingly for the wealthy,cnbc.com
2018-02-21,Cryptocurrency exchanges add new tech to speed up bitcoin transactions by 20%,cnbc.com
2018-02-21,Slowing US auto sales prompts Japanese automakers to rethink discounts,cnbc.com
2018-02-21,"EQT, the biggest US natural gas producer, is spinning off its pipeline business",cnbc.com
2018-02-21,"The Wall Street Journal: Treasury says regulators need power to seize, unwind failing banks",wsj.com
2018-02-21,Bill and Melinda Gates say this wedding gift helps them not fight,cnbc.com
2018-02-21,An MIT dean says this is the best perk to give employees,cnbc.com
2018-02-21,Trump treads lightly around the NRA as he pushes for tighter gun rules after Florida massacre,cnbc.com
2018-02-21,Tracking fund flows as markets get back to normal,cnbc.com
2018-02-21,RPT--Temer's failure on Brazil pension reform leaves tricky task to successor,cnbc.com
2018-02-21,The top 10 cities for women in tech in 2018,cnbc.com
2018-02-21,"Queen shocks fashion world, joins Vogue's Anna Wintour on the front row at London Fashion Week",cnbc.com
2018-02-21,"Trump again attacks Attorney General Jeff Sessions, this time over Russian meddling",cnbc.com
2018-02-21,"Amazon closes up 1% after stock soars past $1,500 for the first time",cnbc.com
2018-02-21,Trump signals open to mileage tax with praise of Oregon program,cnbc.com
2018-02-21,7 English-speaking and picture-perfect spots for retirement,cnbc.com
2018-02-21,Marc Lore: I am 'absolutely not' leaving Walmart,cnbc.com
2018-02-21,Fed minutes: All signs pointing to more rate hikes ahead,cnbc.com
2018-02-21,"Stocks making the biggest moves premarket: GRMN, DISH, AAP, FL, LC, GM & more",cnbc.com
2018-02-21,Ex-GE CEO Jeff Immelt's second act leads him to another health-care firm board,cnbc.com
2018-02-21,"Trump meets with students, teachers after gun violence",cnbc.com
2018-02-21,Mueller investigating whether Paul Manafort offered banker a job in Trump White House to get loans,cnbc.com
2018-02-21,Everything you need to know about bitcoin and your taxes,cnbc.com
2018-02-21,"Trump's former bodyguard makes $15,000 a month from a GOP 'slush fund'",cnbc.com
2018-02-21,Exposure of social media attacks lands senior federal health official on administrative leave,cnbc.com
2018-02-21,Secret Service is responding to a suspicious vehicle near the White House,cnbc.com
2018-02-21,Temer's failure on Brazil pension reform leaves tricky task to successor,cnbc.com
2018-02-21,"Don't worry about higher interest rates for now, JP Morgan says",cnbc.com
2018-02-21,Here are 3 key Senate races that show why Democrats are at risk of losing seats in 2018,cnbc.com
2018-02-21,"5 simple ways to create a stress-free home, according to a happiness expert",cnbc.com
2018-02-21,"Activist calls on Bloomin' Brands to spin off Outback Steakhouse, change up board",cnbc.com
2018-02-21,Why this week’s Fed minutes could hold the key to the market’s next move,cnbc.com
2018-02-21,Manafort and Gates are reportedly facing new charges in Mueller probe's money laundering case,cnbc.com
2018-02-21,Florida rally to ban assault-style weapons is set for Wednesday,cnbc.com
2018-02-21,Five areas where filers are likely to cheat on their taxes,cnbc.com
2018-02-21,"Pockets of retailers getting aggresive on defense against Amazon, says expert",cnbc.com
2018-02-21,Market sell-offs 'tend to happen in three waves' and the last one is coming,cnbc.com
2018-02-21,Roku plunges after providing a weak sales forecast,cnbc.com
2018-02-21,Watch Trump meet with people affected by school shootings,cnbc.com
2018-02-21,Art Cashin warns there's a chance the market could retest February's correction lows,cnbc.com
2018-02-21,Market awaits first Fed report after Yellen's hand-off to Powell,cnbc.com
2018-02-21,"Mortgage applications tank even more, as rising rates make homes less affordable",cnbc.com
2018-02-21,Trump administration may make it easier to wipe out student debt in bankruptcy,cnbc.com
2018-02-21,Venezuelans report big weight losses in 2017 as hunger hits,cnbc.com
2018-02-21,Trump's economic advisers throw cold water on his proposal to raise gas tax,cnbc.com
2018-02-21,Facebook is using A.I. to predict when users may be suicidal,cnbc.com
2018-02-21,Traders buy cryptocurrency for free after a glitch caused exchange to price coins at $0,cnbc.com
2018-02-21,Secret meeting between Pence and North Koreans was cancelled abruptly,cnbc.com
2018-02-21,This stretchy Japanese wearable can show your heartbeat on your arm,cnbc.com
2018-02-21,Bill Gates has paid over $10 billion in taxes but says he should pay more,cnbc.com
2018-02-21,Nasdaq recovers most losses from recent correction,cnbc.com
2018-02-21,"Elon Musk is leaving the board of OpenAI, a non-profit dedicated to safe machine learning",cnbc.com
2018-02-21,"Trump 'open' to gun restrictions for certain individuals, according to White House official",cnbc.com
2018-02-21,Warren Buffett inspired my journey to Wall St: Olympic figure skating silver medalist Sasha Cohen,cnbc.com
2018-02-21,Inspired by Lindsey Vonn? Here's how to score spring ski deals,cnbc.com
2018-02-21,Fed's Harker sees two U.S. rate hikes this year,reuters.com
2018-02-21,"Twitter, Snap will grow at the expense of Facebook, analyst predicts",cnbc.com
2018-02-21,Here are the 10 most important stories for investors Wendesday morning,cnbc.com
2018-02-21,Jeff Immelt's refusal to give or take bad news defined his leadership at GE,cnbc.com
2018-02-21,Landmark deal aimed at cutting trade barriers in some of the Asia-Pacific's fastest-growing economies is released,cnbc.com
2018-02-21,"GM proposes a $2.8 billion, 10-year investment in South Korea: Government official",cnbc.com
2018-02-21,40-year veteran of Wall Street: I've never seen markets go so quickly from euphoria to despair,cnbc.com
2018-02-21,Civilian witness contradicts Myanmar police on Reuters reporters' arrest: defense,reuters.com
2018-02-21,55 percent of Americans can't define a key tax term,cnbc.com
2018-02-21,GE CFO says no plans for an equity raise,cnbc.com
2018-02-21,JP Morgan 'recommits' to NYC with plans to build new Park Avenue headquarters,cnbc.com
2018-02-21,Fed's Harker expects two US rate hikes this year,cnbc.com
2018-02-21,Toys R Us is in danger of breaching a covenant with its lenders,cnbc.com
2018-02-21,"Donald Trump Jr. praises 'spirit of the Indian people,' looks forward to signing new deals",cnbc.com
2018-02-21,Mueller ups pressure on Trump campaign aides with a new charge,cnbc.com
2018-02-21,Art Cashin: 35% chance we retest the recent lows,cnbc.com
2018-02-21,"NY supermarket chain Tops files bankruptcy, cites debt and Amazon",cnbc.com
2018-02-21,Final version of mega Pacific trade deal dumps rules the US wanted,cnbc.com
2018-02-21,Olympic skier who became an internet sensation for mediocrity: I didn't scam my way into the games,cnbc.com
2018-02-21,Strategist: Sell-off was from a paradigm shift for rates,cnbc.com
2018-02-21,Here's how many hours of work it takes to pay rent in 11 US cities,cnbc.com
2018-02-21,Don't ignore this gap when signing up for Medicare,cnbc.com
2018-02-21,Pandora jumps 9 percent after reporting a large rise in subscription revenue,cnbc.com
2018-02-22,Trump: Violence in Media Shaping How Young ‘Minds Are Being Formed’,wsj.com
2018-02-22,Traders buy cryptocurrency for free after a glitch caused exchange to price coins at $0,cnbc.com
2018-02-22,Police lock down part of Brussels amid reports of gunman,cnbc.com
2018-02-22,U.S. women beat Canada in shootout to claim first gold since 1998,reuters.com
2018-02-22,"Muni bonds face 'steep decline' ahead, challenging Trump's infrastructure plan",cnbc.com
2018-02-22,"Kylie Jenner just wiped $1.7B off Snap’s market cap, and the worst isn’t over for the stock",cnbc.com
2018-02-22,Earnings and ex-divs blight Britain’s FTSE; Barclays a bright spot,cnbc.com
2018-02-22,"Thousands donate, volunteer to help Mike Bloomberg fight gun violence",cnbc.com
2018-02-22,"Ford names Kumar Galhotra to lead its North America group, replacing Raj Nair",cnbc.com
2018-02-22,"YouTube made an 'absurd excuse' for why it can't have humans moderate trending videos, says expert",cnbc.com
2018-02-22,BlackRock to talk to gun makers over response to school shootings,cnbc.com
2018-02-22,House Republican oversight chair seeks EPA chief's travel details,cnbc.com
2018-02-22,"California agriculture sees 'chilling, damaging effect' from wave of immigration audits",cnbc.com
2018-02-22,"Stocks making the biggest moves after hours: Hewlett Packard Enterprise, Wingstop & more",cnbc.com
2018-02-22,Amy Poehler tells the NRA what they can do with their Leslie Knope meme,cnbc.com
2018-02-22,Uber CEO says no change in India business after SoftBank deal,reuters.com
2018-02-22,The hidden costs of letting your children be raised by screens and smart devices,cnbc.com
2018-02-22,"This $1,499 floating tent lets you camp on the water",cnbc.com
2018-02-22,"There's 'a lot of denial out there' about rates, warns bond fund manager",cnbc.com
2018-02-22,New tax pushes Dubai inflation up moderately in January - Reuters,reuters.com
2018-02-22,US women's hockey team beats Canada to claim its first Olympic gold since 1998,cnbc.com
2018-02-22,Takata agrees to settle investigation over deadly air bags,cnbc.com
2018-02-22,The NRA Tried to Use a ‘Parks and Recreation’ Clip and Amy Poehler Is Not Amused,fortune.com
2018-02-22,"EXCLUSIVE-As Trump trashes NAFTA, Mexico turns to Brazilian corn",cnbc.com
2018-02-22,British lawmakers launch inquiry into cryptocurrencies,reuters.com
2018-02-22,Two main points to look for in Warren Buffett’s annual shareholder letter,cnbc.com
2018-02-22,UPDATE 2-USDA 2018 forecasts see soy ending 35 years of corn dominance,cnbc.com
2018-02-22,Watch: New York Fed's Dudley speaks on Puerto Rico's economic outlook,cnbc.com
2018-02-22,Stocks shake off rate jitters,cnbc.com
2018-02-22,"Don't bet on a market comeback, warns trader",cnbc.com
2018-02-22,UPDATE 1-Earnings and ex-divs blight Britain’s FTSE; Barclays a bright spot,cnbc.com
2018-02-22,USDA secretary wants separate immigration program for ag workers,cnbc.com
2018-02-22,"UPDATE 1-Boeing, Lockheed interested in launching rockets from Brazil, minister says",cnbc.com
2018-02-22,"Stocks making the biggest moves premarket: BLMN, CHK, NCLH, W, F, ROKU & more",cnbc.com
2018-02-22,State pensions and fund companies feel heat over their gun stock investments,cnbc.com
2018-02-22,Next up for markets: new Fed chair Powell weighs in on the interest rate debate,cnbc.com
2018-02-22,Hewlett Packard Enterprise slated to release earnings after market close,cnbc.com
2018-02-22,Trump threatens to yank immigration enforcement from California,cnbc.com
2018-02-22,Watch SpaceX launch the first test satellites for its next generation internet network,cnbc.com
2018-02-22,Commodities tomorrow: Crude bounces on surprise drawdown,cnbc.com
2018-02-22,Why Ivanka Trump Is Going to the Olympics,fortune.com
2018-02-22,"Iran stays within main limits of nuclear deal, IAEA report shows",reuters.com
2018-02-22,'Angry Birds' maker Rovio pummeled after profit warning,cnbc.com
2018-02-22,"Bitcoin drops below $10,000 again, hitting lowest in a week",cnbc.com
2018-02-22,Natural gas inventories down 124 billion cubic feet,cnbc.com
2018-02-22,"GRAINS-Soy, corn futures about flat; wheat up after 2-week low",cnbc.com
2018-02-22,The big one hasn't hit yet — why this bear sees the February correction as foreshock,cnbc.com
2018-02-22,16 percent of workers can't get unemployment insurance. How to fix that,cnbc.com
2018-02-22,Japan MOF's Asakawa: to actively engage in G20 debate on cryptocurrencies,reuters.com
2018-02-22,"Jay-Z racked up an $80,000 bar tab and left an $11,000 tip",cnbc.com
2018-02-22,The 'IRS' has apparently issued a warrant for my arrest,cnbc.com
2018-02-22,"From California to Texas, here's 10 states that employ thousands in solar power jobs",cnbc.com
2018-02-22,"GE has been 'brushing things under the rug' for decades, Deutsche Bank analyst says",cnbc.com
2018-02-22,DIARY-Emerging Markets Economic Events to April 30,cnbc.com
2018-02-22,"Mueller hits Manafort, Gates with 20 more charges than initial indictment",cnbc.com
2018-02-22,Intel did not tell cybersecurity officials about chip flaws until made public,cnbc.com
2018-02-22,Here’s What You Need to Know About SpaceX’s Satellite Broadband Plans,fortune.com
2018-02-22,Moneysupermarket.com slumps after strategy shift stalls growth,reuters.com
2018-02-22,First National Bank of Omaha bails on NRA-branded Visa card after customer outcry,cnbc.com
2018-02-23,UPDATE 1-Trump calls meeting on biofuels policy blamed by bankrupt refiner,cnbc.com
2018-02-23,Airbnb’s Co-Founder Dishes on Major Overhaul to How Customers Book Lodging,fortune.com
2018-02-23,Missouri Gov. Eric Greitens charged with felony invasion of privacy,cnbc.com
2018-02-23,Nordstrom family aims for go-private deal before earnings: Sources,cnbc.com
2018-02-23,UK's PM May to set out Brexit wish-list as opponents plot ambush,reuters.com
2018-02-23,"Trump: If North Korea sanctions don’t work, it may be ‘very unfortunate’ for the world",cnbc.com
2018-02-23,Federal documents tie some of the biggest programs in college basketball to activity that appears to violate NCAA rules: Report,cnbc.com
2018-02-23,3 major pitfalls a leader can fall into — and ways to avoid these traps,cnbc.com
2018-02-23,Trump urges Mexico to block illegal immigrants from El Salvador,cnbc.com
2018-02-23,EXCLUSIVE-Trump calls meeting on biofuels policy blamed by bankrupt refiner,cnbc.com
2018-02-23,Trump extends funding for Puerto Rico following storms,cnbc.com
2018-02-23,Trump Set To Address CPAC... Developing...,cnbc.com
2018-02-23,EPA and Scott Pruitt sued by groups alleging agency violated federal records laws,cnbc.com
2018-02-23,Gold is nearing what could be an ultra-bullish key level,cnbc.com
2018-02-23,Intuit CEO talks tax season,cnbc.com
2018-02-23,Bank of America is worried about the threat of cryptocurrency to its business,cnbc.com
2018-02-23,Markets trying to set a trading range: Strategist,cnbc.com
2018-02-23,China's Geely buys a $9 billion stake in Daimler,cnbc.com
2018-02-23,"Stocks making the biggest moves premarket: BUFF, HPE, HPQ, FDX, UPS, WING & more",cnbc.com
2018-02-23,Senator calls for further protections from 'predatory' monetization practices in video games,cnbc.com
2018-02-23,"UPDATE 2-Boeing, Lockheed interested in launching rockets from Brazil, minister says",cnbc.com
2018-02-23,Alina Zagitova Outduels Evgenia Medvedeva for Gold in Figure Skating,wsj.com
2018-02-23,General Mills to buy natural pet food company Blue Buffalo for about $8 billion in cash,cnbc.com
2018-02-23,Walmart’s plunge this week shows investors should be skeptical of big growth after deals,cnbc.com
2018-02-23,Trump calls a meeting on biofuels policy after a refiner blames regulation on its bankruptcy filing,cnbc.com
2018-02-23,Trump urges Mexico to block illegal immigrants from El Salvador,reuters.com
2018-02-23,Companies Are Starting to Back Away From the Gun Industry and NRA,fortune.com
2018-02-23,Martin Shkreli sports a jailhouse beard as judge weighs big questions on investors’ losses,cnbc.com
2018-02-23,A Billionaire Silicon Valley VC Is So Eager to Keep Surfers Off His Beach He’s Taking Them to the Supreme Court,fortune.com
2018-02-23,The Federal Reserve thinks stocks and commercial real estate prices are getting too rich,cnbc.com
2018-02-23,These Cryptocurrencies May Beat Bitcoin in the Coming Months,fortune.com
2018-02-23,General Mills to buy Blue Buffalo for $8 billion,cnbc.com
2018-02-23,BRIEF-CBA Responds To Amended AUSTRAC And Class Action Claims - Reuters,reuters.com
2018-02-23,Google starts taking payments for apps via Kenya's M-Pesa service,reuters.com
2018-02-23,3 'last chance' destinations drawing travelers worried about climate change,cnbc.com
2018-02-23,"UPDATE 1-Fitch cuts Brazil rating, cites failure to vote on pension reform",cnbc.com
2018-02-23,RPT-EXCLUSIVE-Trump calls meeting on biofuels policy blamed by bankrupt refiner,cnbc.com
2018-02-23,Noma 2.0: Reinventing the 'Best Restaurant in the World',wsj.com
2018-02-23,Boeing reportedly nears deal with Trump for two new Air Force One planes,cnbc.com
2018-02-23,Former Trump campaign official Rick Gates pleads guilty to lying and conspiracy against the US,cnbc.com
2018-02-23,March seasonal turnaround for crude around the corner,cnbc.com
2018-02-23,"Steve Wozniak explains why he no longer agrees with Elon Musk, Stephen Hawking on A.I.",cnbc.com
2018-02-23,Watch: Trump holds joint news conference with Australian PM Turnbull,cnbc.com
2018-02-23,"GRAINS-Soy, corn futures about flat; wheat up after two-week low",cnbc.com
2018-02-24,U.N. Security Council delays vote on Syria ceasefire resolution,cnbc.com
2018-02-24,"Warren Buffett on how he turned a $300,000 bet into $2 million for charity in 10 years",cnbc.com
2018-02-24,Warren Buffett will retire from board of Kraft Heinz,cnbc.com
2018-02-24,Box CEO Aaron Levie Wants to Talk About Dropbox’s Planned IPO,fortune.com
2018-02-24,"Latest Mueller indictment spells trouble for bankers, too",cnbc.com
2018-02-24,The market just woke up after hitting the 'afternoon snooze button' all week,cnbc.com
2018-02-24,Exclusive: U.S. prepares high-seas crackdown on North Korea sanctions evaders - sources,reuters.com
2018-02-24,The Highest Property Taxes in the U.S. Are Rising Again,fortune.com
2018-02-24,"Three charts that suggest gold is poised for a breakout, and is heading to $1,400",cnbc.com
2018-02-24,Special counsel accuses Manafort of secretly paying former European politicians on behalf of Ukraine,cnbc.com
2018-02-24,Georgia just handed Atlanta a new political problem in bid for Amazon HQ2,cnbc.com
2018-02-24,"Saudi oil minister hopes OPEC, allies can ease output curbs in 2019",cnbc.com
2018-02-24,A data scientist in his 20s explains the secret to Warren Buffett’s optimism,cnbc.com
2018-02-24,Angry French farmers boo President Macron at Paris ag fair,cnbc.com
2018-02-24,"Buffett's Berkshire has $116 billion to spend on a deal, but the investor can't find anything cheap enough",cnbc.com
2018-02-24,Can Craft Cocktails Save the American Movie Theater?,fortune.com
2018-02-24,Delta and United scrap airfare discounts for NRA members,cnbc.com
2018-02-24,Congress releases redacted Democratic memo pushing back on GOP claims of surveillance abuses in the FBI's Russia probe,cnbc.com
2018-02-24,Cancer research breakthrough shows a better way to predict drugs that will work,cnbc.com
2018-02-24,Washington concerned China may restrict grain trade -U.S. official,cnbc.com
2018-02-24,Dropbox shows how it manages costs by deleting inactive accounts,cnbc.com
2018-02-24,DIARY-Emerging Markets Economic Events to April 30,cnbc.com
2018-02-24,5 Fascinating Things From Dropbox’s IPO Filing,fortune.com
2018-02-25,'Black Panther' boasts 2nd best sophomore weekend in US box office history,cnbc.com
2018-02-25,The Birth of Lagunitas Brewing Co.,fortune.com
2018-02-25,Huawei boasts its next smartphone will be 'much better' than iPhone X and aims to leapfrog Apple in a year,cnbc.com
2018-02-25,6 Key Takeaways From the Democratic Intelligence Memo,fortune.com
2018-02-25,"Arming teachers in schools should be 'up to states' to decide, Trump tweets",cnbc.com
2018-02-25,General Electric to restate two years of earnings,cnbc.com
2018-02-25,These 7 traditional retailers are cashing in on the subscription box craze,cnbc.com
2018-02-25,South Korea's Dog Meat Tradition Defies Growing Pressure,wsj.com
2018-02-25,Florida sheriff says only 1 deputy was on scene during shooting,cnbc.com
2018-02-25,California Democratic Party isn’t backing Dianne Feinstein,cnbc.com
2018-02-26,Brazil defense minister to take over public security post,cnbc.com
2018-02-26,Facebook settles lawsuit over 2012 IPO for $35 million,reuters.com
2018-02-26,"NRA Shunning, Brexit Tactics, Xi Power: CEO Daily for February 26, 2018",fortune.com
2018-02-26,Asian shares poised for gains after Wall Street rallies,cnbc.com
2018-02-26,"DowDuPont, soon to be 3 cos, reveals names",cnbc.com
2018-02-26,EU says stands ready to regulate crypto-currencies,reuters.com
2018-02-26,"Amid another debate on guns, shares of gun makers under more pressure than before",cnbc.com
2018-02-26,Why Charging Your Electric Car at Night Could Save the World,fortune.com
2018-02-26,OMINOUS: Rising mortgage rates hit home sales hard...,cnbc.com
2018-02-26,Primark-owner AB Foods first-half profit held back by sugarGÇï,cnbc.com
2018-02-26,Amazon has $1 trillion market cap in next 12 months: Analyst,cnbc.com
2018-02-26,Xi Jinping will be elected to a second presidential term in March: Strategist,cnbc.com
2018-02-26,How will investors react to China's latest political move?,cnbc.com
2018-02-26,Bond market may be bearish but equities look fine: Economist,cnbc.com
2018-02-26,Weinstein Co. to File for Bankruptcy After Deal Collapses,fortune.com
2018-02-26,The 6 stocks you should buy,cnbc.com
2018-02-26,Big 'loss' for Martin Shkreli: Judge's ruling means 'pharma bro' could get decade or more in prison,cnbc.com
2018-02-26,GE’s Terrible Year Is About to Get Even Worse,fortune.com
2018-02-26,US allies considering tariff retaliations,cnbc.com
2018-02-26,Vodafone CEO hits back at D.Telekom in spat over Liberty talks,reuters.com
2018-02-26,Fortune Brainstorm Health 2018 Livestream,fortune.com
2018-02-26,"Arming America's teachers is 'a dumb idea,' says retired USAF officer and university professor",cnbc.com
2018-02-26,Carefully building our resources to serve the US consumer: Xiaomi,cnbc.com
2018-02-26,Indonesia's Go-Jek raises $1.5 billion as ride-hailing market heats up: sources,reuters.com
2018-02-26,Changes to China's leadership succession have 'long-term implications',cnbc.com
2018-02-26,EU to propose new tax on digital firms up to 5 percent of their gross revenues,reuters.com
2018-02-26,Fed's Quarles says it's been 'quite some time' since the economy looked this good,cnbc.com
2018-02-26,What The Weinstein Company’s Bankruptcy Means For Harvey’s Alleged Victims,fortune.com
2018-02-26,Some Chinese companies 'just firing cannons out there',cnbc.com
2018-02-26,"A bond expert thinks investors are in 'denial' about soaring yields, which could crack 4% this year",cnbc.com
2018-02-26,"Buy Target due to 'improving' sales results, 'attractive' valuation: Credit Suisse",cnbc.com
2018-02-26,China's Xi Xinping wants to reinforce Communist Party rule,cnbc.com
2018-02-26,Will 'just have to see' on any pushback to ending China leadership term limits,cnbc.com
2018-02-26,McDonald’s Szechuan Sauce Is Back Today,fortune.com
2018-02-26,Proposed term changes are a 'rollback of Chinese institutional credibility',cnbc.com
2018-02-26,"Gun culture in US different than in Australia, says Australian ambassador",cnbc.com
2018-02-26,Ivanka Trump Isn’t So Sure That Her Father’s Plan to Arm Teachers Will Protect Our Kids,fortune.com
2018-02-26,Cash for all: Support mounts for universal basic income programs,cnbc.com
2018-02-26,Trump calls for closer attention to warnings after Florida massacre,reuters.com
2018-02-26,Fintech Revolut Britain's first digital bank to break even,reuters.com
2018-02-26,"Airstream CEO: We’re not recession proof, but we’ve had a strong run",cnbc.com
2018-02-26,Ericsson signs China Mobile for industrial internet trials,reuters.com
2018-02-26,Mexico slaps billionaire's steel company with fine for stock manipulation,cnbc.com
2018-02-26,Who's going to be the next Italian leader? — Here are the main contenders,cnbc.com
2018-02-26,Tokyo wants to surpass Pyeongchang to be the most high-tech Olympics,cnbc.com
2018-02-26,Huawei in early 5G trials with 30 telcos; CEO rejects U.S. security fears,reuters.com
2018-02-26,China has re-tooled to face inward on the economy,cnbc.com
2018-02-26,Removal of limits to presidential term in China 'make sense',cnbc.com
2018-02-26,If Warren Buffett were an ETF portfolio,cnbc.com
2018-02-27,Brazil president weighing Boeing-Embraer joint venture - spokesman,cnbc.com
2018-02-27,"UK government tells companies to prepare for Brexit, but provides little detail on what to expect",cnbc.com
2018-02-27,Back in action with retail earnings bonanza,cnbc.com
2018-02-27,Walt Disney to invest 2 billion euros in Disneyland Paris,cnbc.com
2018-02-27,Powell: Fed members will be taking another look at rate projections,cnbc.com
2018-02-27,"Saudi king shakes up military leadership; names new generation to economic, security roles",cnbc.com
2018-02-27,Cramer Remix: It's time to investigate risky VIX-related trading products,cnbc.com
2018-02-27,"""Fast Money"" final trades: CL, GM and more",cnbc.com
2018-02-27,China's Alibaba seeks to buy food delivery app Ele.me: shareholder,reuters.com
2018-02-27,UPDATE 1-Brazil president weighing Boeing-Embraer joint venture -spokesman,cnbc.com
2018-02-27,House Prices Are Soaring. Here Are the 5 Cities Where They’re Rising the Fastest,fortune.com
2018-02-27,Ethereum co-founder on the next big crypto catalyst,cnbc.com
2018-02-27,"Amazon has started its delivery service in Australia, a country with 'tyranny of distance'",cnbc.com
2018-02-27,The Wall Street Journal: Who is ‘Uncle He?’ The man in charge of China’s economy,wsj.com
2018-02-27,Citi makes Intel a ‘top pick’ because of chipmaker's booming corporate sales,cnbc.com
2018-02-27,The Best Companies to Work For Are Beating the Market,fortune.com
2018-02-27,Cramer's lightning round: My biggest worry about Allergan,cnbc.com
2018-02-27,GRAINS-Wheat holds near 7-month high on low U.S. crop ratings,cnbc.com
2018-02-27,"UPDATE 1-Big Corn, Big Oil square off in White House biofuels meeting",cnbc.com
2018-02-27,GRAINS-Wheat rises to seven-month high on low U.S. crop ratings,cnbc.com
2018-02-27,Online mattress start-up Casper just opened its first store. You might want to move in,cnbc.com
2018-02-27,"UPDATE 2-Big Corn, Big Oil square off in White House biofuels meeting",cnbc.com
2018-02-27,US Senate Democrats push for 'universal' gun background check bill,cnbc.com
2018-02-27,Expect accelerated formation of the 'splinternet' in 2018,cnbc.com
2018-02-27,"Futures Now, February 27, 2018",cnbc.com
2018-02-27,Cramer: General Mills was 'unjustly punished' for buying Blue Buffalo,cnbc.com
2018-02-27,Ford launches self-driving pilot with delivery partners in Miami,reuters.com
2018-02-27,Starbucks opens its first Reserve store and said it sees retail rents easing,cnbc.com
2018-02-27,Cramer's game plan: Back in action with a retail earnings bonanza,cnbc.com
2018-02-27,Chinese capital dangles carrots to lure foreign talent to its Silicon Valley,reuters.com
2018-02-27,Watch: White House briefs press after Trump announces 2020 campaign chief,cnbc.com
2018-02-27,Exclusive: Secretive U.S. security panel discussing Broadcom's Qualcomm bid - sources,reuters.com
2018-02-27,Cramer's favorite market indicator is signaling a potential dip,cnbc.com
2018-02-27,Stocks from these groups just can't seem to bounce back,cnbc.com
2018-02-27,Tumor-treating biotech Novocure turns its attention to lung and pancreatic cancers: Chairman,cnbc.com
2018-02-27,FCC chair defends reversal of Obama online rules — internet works despite 'fear mongering',cnbc.com
2018-02-27,"UPDATE 3-Big Corn, Big Oil square off in White House biofuels meeting",cnbc.com
2018-02-27,Alphabet's Ruth Porat says Google Fiber needs to be 10 times better than current technology,cnbc.com
2018-02-27,"50 Cent now swears he's not a bitcoin millionaire, says he never owned bitcoin",cnbc.com
2018-02-27,Cramer's favorite market indicator is signaling a potential dip,cnbc.com
2018-02-27,"Stocks making the biggest moves premarket: CMCSA, TOL, DISCA, PANW, FIT, SEAS & more",cnbc.com
2018-02-27,US national security panel is looking at Broadcom's plan to take over rival Qualcomm,cnbc.com
2018-02-27,Cramer's lightning round: My biggest worry about Allergan,cnbc.com
2018-02-27,'Fast Money' traders on their tech stock picks,cnbc.com
2018-02-27,Circle acquisition of Poloniex is just the beginning of likely consolidation in crypto,cnbc.com
2018-02-27,Here are the 7 biggest things you may have missed about the Democrats' memo on the Russia probe,cnbc.com
2018-02-27,South Korea yet to decide on cryptocurrency market regulation: senior official,reuters.com
2018-02-27,"Stocks making the biggest moves after hours: Fitbit, Nutrisystem, Palo Alto & more",cnbc.com
2018-02-27,Chinese takeover of Waldorf Astoria owner Anbang shows new strategy,cnbc.com
2018-02-27,"Amazon buys Ring, the smart doorbell maker it backed through Alexa Fund",cnbc.com
2018-02-27,"A woman says she had Steve Wynn's child after he raped her: AP, citing police reports",cnbc.com
2018-02-27,Top U.S. Point Person on North Korea to Retire,wsj.com
2018-02-27,Disney boss Bob Iger declines to comment on Comcast's bid for Sky,cnbc.com
2018-02-27,These two charts show the next key levels for the market,cnbc.com
2018-02-27,Trader says the bond breakdown isn't over,cnbc.com
2018-02-27,Higher volatility doesn't mean stocks will suffer this year,cnbc.com
2018-02-27,Comcast CEO hails a cab driver's influence in making the company's bid for Sky 'jewel',cnbc.com
2018-02-27,US core capital goods orders fall for second straight month,cnbc.com
2018-02-27,General Mills 'unjustly punished' for buying Blue Buffalo,cnbc.com
2018-02-27,Stock rally could depend on whether Powell is hands-off on policy for now,cnbc.com
2018-02-27,A potential dip? Cramer's favorite market indicator,cnbc.com
2018-02-27,"Your first trade for Tuesday, February 27",cnbc.com
2018-02-27,FedEx Will Keep NRA Discounts Despite Calls for Boycott,fortune.com
2018-02-27,Early Airbnb investor says these companies are set to go public next,cnbc.com
2018-02-27,Global Stock Markets Continue Advance,wsj.com
2018-02-27,A product Salesforce launched two years ago is now the fastest growing in company history,cnbc.com
2018-02-27,U.N. Security Council Extends Arms Embargo on Yemen,wsj.com
2018-02-27,Cramer Remix: It's time to investigate risky VIX-related trading products,cnbc.com
2018-02-27,"Instacart to team up with Walmart's Sam's Club for same-day delivery, countering Amazon-Whole Foods",cnbc.com
2018-02-27,Cramer: General Mills was 'unjustly punished' for buying Blue Buffalo,cnbc.com
2018-02-27,Steel tariffs are ‘potentially dangerous' and could spark a trade war: Ariel strategist,cnbc.com
2018-02-27,Cramer's game plan: Back in action with a retail earnings bonanza,cnbc.com
2018-02-27,Democratic group sues Wisconsin Gov. Scott Walker for not calling special elections,cnbc.com
2018-02-27,Is That All? Women Need An Extra Academic Degree to Achieve Equal Pay With Men,fortune.com
2018-02-27,Jerome Powell: Economic Outlook Has Improved Since December,wsj.com
2018-02-27,"GRAINS-Wheat firms, lingers near seven-month high",cnbc.com
2018-02-28,Xi Jinping has 'a big plan' for China,cnbc.com
2018-02-28,"Commodities tomorrow: Inventory build, rise in production hit oil",cnbc.com
2018-02-28,The oil market has found a 'very sweet spot' right now,cnbc.com
2018-02-28,US Ag Secretary seeks to calm farmers after Trump biofuel talks,cnbc.com
2018-02-28,"The retail rally isn't over yet, technician says",cnbc.com
2018-02-28,The NFL and Papa John’s Pizza End Their League Sponsorship Deal,fortune.com
2018-02-28,Facebook expands presence in jobs market,cnbc.com
2018-02-28,Italy is polarized on immigration as it heads for elections,cnbc.com
2018-02-28,Trump calls Sessions' surveillance probe decision 'disgraceful',reuters.com
2018-02-28,A peek inside Bill Gross’ rare stamp collection that he's selling,cnbc.com
2018-02-28,Fed's Powell sends world stocks reeling to a five-day low to end a turbulent February,cnbc.com
2018-02-28,See Monsanto deal closing in second quarter: Bayer CEO,cnbc.com
2018-02-28,Walmart Makes a Big Play to Boost Its Fashion Credentials,fortune.com
2018-02-28,"WRAPUP 2-POLL-Global stock bulls still running, but a bit more tired",cnbc.com
2018-02-28,"Ameriprise put retirement savers at 'disavantage' in higher-fee funds, SEC says",cnbc.com
2018-02-28,Cramer's lightning round: Wall Street youngsters are weighing on oil stocks,cnbc.com
2018-02-28,A 'harmonious existence' is the best way forward for both the US and China,cnbc.com
2018-02-28,Powell: ETFs not at the heart of market volatility,cnbc.com
2018-02-28,UPDATE 1-U.S. ag secretary seeks to calm farmers after Trump biofuel talks,cnbc.com
2018-02-28,"GRAINS-Wheat firms, holds near 7-mth top on U.S. dry weather woes",cnbc.com
2018-02-28,Stock picks for rising rates,cnbc.com
2018-02-28,Trump recognizes US-China is the world's most important bilateral relationship: The Carlyle Group,cnbc.com
2018-02-28,The Fed Chair speaks: 5 trades,cnbc.com
2018-02-28,Indian mobile carrier Aircel files for bankruptcy,reuters.com
2018-02-28,"As Spotify prepares to go public, there's no obvious solution to its shaky business model",cnbc.com
2018-02-28,UPDATE 1-OECD says pension reform urgent litmus test for Brazil,cnbc.com
2018-02-28,China's military flexes muscles for domestic objective: more funding,reuters.com
2018-02-28,Steve Wynn strikes back at 'revolting' reports that he raped a woman and fathered her child,cnbc.com
2018-02-28,China Is Said to be Cracking Down on a Cryptocurrency Loophole,fortune.com
2018-02-28,Global equity markets are in 'a downward spiral' led by the US,cnbc.com
2018-02-28,Most of Spotify's investors can cash out at any time,cnbc.com
2018-02-28,Lowe's to become the exclusive retailer for Sherwin-Williams' paint products,cnbc.com
2018-02-28,U.S. Agriculture Secretary seeks to calm farmers after Trump biofuel talks,reuters.com
2018-02-28,JPMorgan Chase Admits Cryptocurrency Is a ‘Risk’ to its Business for the First Time,fortune.com
2018-02-28,A strange divergence is gripping the energy market. Here's how to play it,cnbc.com
2018-02-28,Vatican studying ways to speed up sexual abuse cases,reuters.com
2018-02-28,Papa John's ends sponsorship deal with NFL,cnbc.com
2018-02-28,Here's what the new Fed chair said that sent investors running,cnbc.com
2018-02-28,Facebook Says Donald Trump Paid More for Online Ads Than Hillary Clinton,fortune.com
2018-02-28,Oil to edge higher in 2018 as OPEC cuts help offset U.S. supply growth: Reuters poll,reuters.com
2018-02-28,UPDATE 3-Norway's Hydro told to cut output at Brazil alumina plant,cnbc.com
2018-02-28,"Stocks making the biggest moves premarket: LOW, BKNG, DKS, GM, SQ, ETSY & more",cnbc.com
2018-02-28,German captured by security forces in Afghanistan: local official,reuters.com
2018-02-28,"Students return, wary but hopeful, to the site of a school massacre",cnbc.com
2018-02-28,"Powell's testimony was 'commonsensical,' says Jim Cramer",cnbc.com
2018-02-28,Cramer: 'Miracle worker' Jeff Gennette will make Macy's turnaround sustainable,cnbc.com
2018-02-28,Two-thirds of US commuter railroads may not meet crash technology deadline,cnbc.com
2018-02-28,Pepsi takes its vending brand Hello Goodness online to woo consumers who want healthier snacks,cnbc.com
2018-02-28,"There are real opportunities but also value traps, says expert",cnbc.com
2018-02-28,"US hasn't deterred Russian meddling, top intel official says",cnbc.com
2018-02-28,Bill Ackman's Pershing Square has been building a stake in United Technologies,cnbc.com
2018-02-28,Exclusive: Bayer to win EU approval for $62.5 billion Monsanto deal - sources,reuters.com
2018-02-28,Amazon Acquires Ring Video Doorbell Startup in Latest Bid to Own the Smart Home,fortune.com
2018-02-28,Exclusive: Xi confidant set to become China's new spy master - sources,reuters.com
2018-02-28,How Student Survivors Are Fueling a Gun-Control Movement,wsj.com
2018-02-28,"Your first trade for Wednesday, February 28",cnbc.com
2018-02-28,"WRAPUP 1-POLL-Global stock bulls still running, but a bit more tired",cnbc.com
2018-02-28,"Watch: Trump and bipartisan lawmakers discuss guns, school safety",cnbc.com
2018-02-28,SAP CEO likely top earner among German blue-chip executives,reuters.com
2018-02-28,'Pharma bro' Martin Shkreli tells judge: 'I was a fool',cnbc.com
2018-02-28,Top US nuclear commander: Russia is 'the only existential threat to the country right now',cnbc.com
2018-02-28,Facebook CFO David Wehner says new EU privacy rules could impact daily user numbers,cnbc.com
2018-02-28,Trump Aide Dina Powell Is Said to Discuss Rejoining Goldman,fortune.com
2018-02-28,Britain's royal 'Fab Four' attend first official event together,reuters.com
2018-02-28,Crude oil inventories up 3 million barrels,cnbc.com
2018-02-28,American Airlines won't sign lease in $8.5 billion O'Hare expansion over 'secret' extra gates for United,cnbc.com
2018-02-28,FOCUS-Bunge's coveted Argentina plants lure ADM takeover approach,cnbc.com
2018-02-28,Former DirecTV CEO: Sports the key asset of Sky,cnbc.com
2018-02-28,Hope Hicks will resign as White House communications director: New York Times,cnbc.com
2018-02-28,Cramer: Get ready for a bidding war between Disney and Comcast,cnbc.com
2018-02-28,Dick's CEO: We were moved 'unimaginably' by Florida school shooting to take assault-style rifles out of our stores permanently,cnbc.com
2018-02-28,"One hedge fund manager has found a way to make money on bitcoin, whether it goes up or down",cnbc.com
2018-02-28,Self-driving car start-up Aurora secures new round of funding,cnbc.com
2018-02-28,Bunge's coveted Argentina plants lure ADM takeover approach,reuters.com
2018-02-28,How to Ask Someone Out Online: Tips From the Writers of 'The Big Sick',wsj.com
2018-02-28,Buy Verizon shares because its valuation is ‘too cheap’: Analyst,cnbc.com
2018-02-28,"Trump discusses Iran, other issues in calls with Saudi, UAE leaders: White House",reuters.com
2018-02-28,US regulators are examining Wall Street's Volcker rule wish list,cnbc.com
2018-02-28,"Trump: Authorities should take guns first from people who pose a threat, then give due process",cnbc.com
2018-02-28,Lowe's earnings fall short of Wall Street expectations,cnbc.com
2018-03-01,Oil and gas sectors drop on steel and aluminum tariff news,cnbc.com
2018-03-01,"Stocks making the biggest moves premarket: BBY, KSS, HOG, BID, NWL, WMT, CRM & more",cnbc.com
2018-03-01,UK rules out holding second part of inquiry into press ethics,reuters.com
2018-03-01,Huawei distances itself from CEO comments after he goes off-script and rages over US snub,cnbc.com
2018-03-01,"HUD chief Ben Carson moves to cancel order for $31,561 executive dining room set",cnbc.com
2018-03-01,Sessions pushes back on Trump's criticism over his 'disgraceful' handling of the FBI,cnbc.com
2018-03-01,MAG: Nuns exploited for cheap Church labor...,reuters.com
2018-03-01,"This popular bitcoin strategy is flawed and hurts investors, analyst Nick Colas warns",cnbc.com
2018-03-01,Best Buy posts higher comparable sales during key holiday quarter,reuters.com
2018-03-01,REFILE-UPDATE 1-Four Fed rate hikes this year would be 'gradual' -Dudley,cnbc.com
2018-03-01,WRAPUP 2-Fed chief Powell says no evidence U.S. economy overheating,cnbc.com
2018-03-01,"US steel, aluminum execs are headed to the White House for a possible announcement on trade",cnbc.com
2018-03-01,Steel stocks rise ahead of potential trade announcement,cnbc.com
2018-03-01,World's largest beer maker says profits have surged as its Brazil market rebounds,cnbc.com
2018-03-01,Cramer: Worries about the Trump tariffs are far too extreme,cnbc.com
2018-03-01,Best Buy same-store sales surge during the key holiday quarter; shares leap,cnbc.com
2018-03-01,"Beware, Qualcomm: Broadcom is used to winning battles with hostility, as Amazon knows",cnbc.com
2018-03-01,"Most Americans say Trump is racist, poll finds",cnbc.com
2018-03-01,The bull case for Nordstrom ahead of earnings,cnbc.com
2018-03-01,"A ‘fearsome seven’ of major tech firms are changing the media industry forever, WPP CEO says",cnbc.com
2018-03-01,"As tech rallies on, market watchers say Netflix and Micron are the two names to buy",cnbc.com
2018-03-01,Brazil's economy ended slide in 2017; grew 1 percent,cnbc.com
2018-03-01,CORRECTED-RPT-FOCUS-Bunge's coveted Argentina plants lure ADM takeover approach,cnbc.com
2018-03-01,Kohl's earnings beat on the top and bottom lines,cnbc.com
2018-03-01,"Icahn says he has a large position in Rubbermaid maker Newell, calls stock 'undervalued'",cnbc.com
2018-03-01,WRAPUP 1-Fed's Powell says no evidence U.S. economy overheating,cnbc.com
2018-03-01,"GRAINS-Wheat extends gains into sixth straight session, near 7-month high",cnbc.com
2018-03-01,"Cord Cutting Hits Another Record, Bashing Cable and Telecom Stocks - Fortune",fortune.com
2018-03-01,UPDATE 3-Brazil's GDP weaker than expected in Q4 as farm exports slip,cnbc.com
2018-03-01,TREASURIES-U.S. yields dip as Powell dials back optimism on economy,cnbc.com
2018-03-01,Irish Stock Exchange to close due to 'extreme weather conditions',cnbc.com
2018-03-01,3 simple things you can do on your commute to be happier and more successful,cnbc.com
2018-03-01,Mueller is investigating Trump's attacks on Attorney General Sessions,cnbc.com
2018-03-01,"EU clears merger of Essilor, Luxottica without conditions",reuters.com
2018-03-01,"Best Buy to close all 250 of its smaller, mobile phone stores",cnbc.com
2018-03-01,Exclusive: Israel's El Al seeks international help to access Saudi airspace,reuters.com
2018-03-01,US STOCKS-Wall St drops more than 1 pct on Trump tariff comments,cnbc.com
2018-03-01,Elon Musk responds to Harvard professor Steven Pinker’s comments on A.I.,cnbc.com
2018-03-01,Trump says fed govt lawsuit against drug companies over opioid crisis 'will happen',cnbc.com
2018-03-01,Exclusive: Pimco economist Clarida seen as front-runner for Fed deputy job,reuters.com
2018-03-01,Overstock.com drops 10% after revealing SEC investigation into cryptocurrency token sale,cnbc.com
2018-03-01,"GLOBAL MARKETS-Dollar rises, yields dip as market mulls Fed speeches",cnbc.com
2018-03-01,UPDATE 1-Four Fed rate hikes this year would be 'gradual' -Dudley,cnbc.com
2018-03-01,"Commodities tomorrow: Tariffs would raise oil and gas costs, as well",cnbc.com
2018-03-01,White House preparing for exit of national security advisor HR McMaster: NBC News,cnbc.com
2018-03-01,China issues first licenses to road test driverless vehicles,reuters.com
2018-03-01,Putin reveals new Russian missile that can 'reach any point in the world',cnbc.com
2018-03-01,"Gunmaker American Outdoor Brands halted, company says sales fell 32.6% year over year",cnbc.com
2018-03-01,Trump could have a scheduling conflict for his own military parade,cnbc.com
2018-03-01,Palestinian migrant gets life sentence for supermarket stabbing in Germany,reuters.com
2018-03-01,"Why leaders should 'never lower the bar,' according to one management expert",cnbc.com
2018-03-01,Brazil court largely upholds law that some fear hurts Amazon,cnbc.com
2018-03-01,4 Fed rate hikes this year would be 'gradual': Dudley,cnbc.com
2018-03-01,"Jobless number sends 'good message' about economy, says specialist",cnbc.com
2018-03-01,Jaguar’s answer to Tesla’s Model X has a cool Alexa skill and over-the-air updates,cnbc.com
2018-03-01,TREASURIES-U.S. yields fall as tariffs trump Powell's less rosy view,cnbc.com
2018-03-01,Markets quickly move down at the open,cnbc.com
2018-03-01,"Mylan earnings fall with EpiPen sales, weak generic prices",cnbc.com
2018-03-01,"15,000 internet-connected devices could be hacked to mine $1,000 of cryptocurrency in 4 days",cnbc.com
2018-03-01,"With surprise tariffs, Trump rolls the dice with the US economy",cnbc.com
2018-03-01,"Your first trade for Thursday, March 1",cnbc.com
2018-03-01,Facebook says it gave 'nudges' to children to get them to communicate using Messenger Kids,cnbc.com
2018-03-01,Ford February US sales drops 6.9%,cnbc.com
2018-03-01,Here’s what you need to earn to buy a home in these big cities,cnbc.com
2018-03-01,"GLOBAL MARKETS-Stocks tumble, dollar gains on Trump tariff comments",cnbc.com
2018-03-01,Gap shares soar on earnings beat,cnbc.com
2018-03-01,Medtronic takes another step toward value-based care,cnbc.com
2018-03-01,A '90s-style personal digital assistant that's a smartphone with a keyboard has launched in case you miss BlackBerry,cnbc.com
2018-03-01,Women looking for Oscar love in best picture cliffhanger,reuters.com
2018-03-01,The world’s largest ad agency just had $2.6 billion wiped off its market cap,cnbc.com
2018-03-01,US weekly jobless claims drop to lowest level since 1969,cnbc.com
2018-03-01,Larry Kudlow: Trump's tariffs a 'bad omen' and could cause 'major calamity',cnbc.com
2018-03-01,Visa just made a huge commitment on renewable electricity,cnbc.com
2018-03-01,For sale: Boone Pickens' $250 million ranch. Take a look inside.,cnbc.com
2018-03-01,General Motors February sales down 6.9% vs. 3.0% est.,cnbc.com
2018-03-01,"Cramer: Use declines to buy, not sell, stocks like Boeing and Apple",cnbc.com
2018-03-01,"Watch Jaguar unveil its first all-electric vehicle, designed to take on Tesla Model X",cnbc.com
2018-03-01,Trump Asks Congress for 'Strong' Gun Bill,wsj.com
2018-03-01,Car bomb injures two in Iraqi Kurdish capital Erbil: security sources,reuters.com
2018-03-01,Elon Musk’s brother Kimbal: This was the 'best decision of my life',cnbc.com
2018-03-01,Walmart says it will raise age restriction to 21 for gun purchases,cnbc.com
2018-03-01,Senators will try to pull U.S. from Yemen war,reuters.com
2018-03-01,Widow of Orlando nightclub gunman on trial on charge of aiding attack,reuters.com
2018-03-01,Equifax finds an additional 2.4 million Americans impacted by 2017 breach,cnbc.com
2018-03-01,Trump stuns lawmakers and says some are too fearful of the NRA to take action on gun control,cnbc.com
2018-03-01,"This $20 million Florida mansion has a closet just for $100,000 worth of Air Jordans",cnbc.com
2018-03-01,US consumer inflation picks up in January as spending slows,cnbc.com
2018-03-01,"Markets fear trade war, which could bring inflation: Pro",cnbc.com
2018-03-02,"‘Straight up stupid,' 'incompetent' and 'misguided’: Economist Adam Posen rips Trump's tariffs",cnbc.com
2018-03-02,"Frugal, picky younger generations have reshaped our business: Conagra CEO",cnbc.com
2018-03-02,Why Verizon's CEO is banking on diversity—and asking men to help,cnbc.com
2018-03-02,Gazprom seeks to halt Ukraine gas contracts as dispute escalates,reuters.com
2018-03-02,"Treasury Secretary Mnuchin tells UCLA it can't show footage of his event after being heckled, booed",cnbc.com
2018-03-02,"Top bank CEO: Trump’s tariffs are a 'huge, huge mistake’",cnbc.com
2018-03-02,Global retaliation to Trump tariffs: 'It could get pretty ugly pretty soon',cnbc.com
2018-03-02,Cramer's lightning round: Don't touch the stock of Albemarle,cnbc.com
2018-03-02,Here's what the world is saying about Trump's tariffs,cnbc.com
2018-03-02,Georgia punishing Delta over NRA stance won't help Atlanta's bid for Amazon HQ2,cnbc.com
2018-03-02,Oscar-nominee Timothée Chalamet's 1st big splurge: Knicks tickets,cnbc.com
2018-03-02,Maria Contreras-Sweet says has clinched deal for Weinstein Co assets,reuters.com
2018-03-02,No-frills micro hospitals with as few as 8 rooms emerge as a new way to cut health-care costs,cnbc.com
2018-03-02,"Attack on French embassy, army in Burkina Faso kills eight - Reuters",reuters.com
2018-03-02,"Not all Europeans hate Trump's tariff policy, Italy's far-right PM candidate loves it",cnbc.com
2018-03-02,Larry Kudlow: I'm urging Trump advisor Gary Cohn to stay at the White House,cnbc.com
2018-03-02,A tiny Nebraska startup won Trump’s first border wall contract – and that’s raising questions,cnbc.com
2018-03-02,Toyota venture to spend $2.8 billion to develop self-driving technology,cnbc.com
2018-03-02,"Americans 'are going to pay the price' for Trump tariffs, former Obama trade advisor warns",cnbc.com
2018-03-02,Ford warns Trump metal tariffs may hike commodity prices,cnbc.com
2018-03-02,Ambev posts 4Q profit,cnbc.com
2018-03-02,REFILE-UPDATE 2-Euro zone bonds sailing into weekend of key risk events - Reuters,reuters.com
2018-03-02,Spring gas prices are expected to be 17 percent higher. Here's how to save,cnbc.com
2018-03-02,"IMF warns that steel, aluminum tariffs will likely hurt economies",cnbc.com
2018-03-02,"Cramer: If Gary Cohn resigns, watch out stock market",cnbc.com
2018-03-02,SEC dropped inquiry a month after firm aided Kushner company,cnbc.com
2018-03-02,"Amazon scrambles to fix cloud networking issue affecting companies like Atlassian, Twilio",cnbc.com
2018-03-02,Auto makers might 'pass on higher costs' to consumers,cnbc.com
2018-03-02,Stocks of big manufacturers that use metals plunge on Trump's tariff plan,cnbc.com
2018-03-02,Sandbags and warnings as northeast US braces for storm-driven flood,cnbc.com
2018-03-02,Mueller probing whether Kushner's foreign business ties affected White House policies: NBC News,cnbc.com
2018-03-02,Trump made tariff decision in a fit of anger: NBC News,cnbc.com
2018-03-02,Snow storms shut Ireland and force Britain to call in the army,cnbc.com
2018-03-02,Trump may have doomed North American free trade deal,cnbc.com
2018-03-02,Here's everything you need to know about JC Penney's earnings,cnbc.com
2018-03-02,Cramer Remix: The first stock people will drop in this sell-off,cnbc.com
2018-03-02,US steel and aluminum tariffs will create real 'upheaval',cnbc.com
2018-03-02,SEC subpoenas TechCrunch founder's cryptofund amid broader investigation into digital coins,cnbc.com
2018-03-02,"Delta CEO says, 'Our values are not for sale,' after Georgia lawmakers drop tax break",cnbc.com
2018-03-02,You could tank your chance of getting an offer if you bring this up too early in a job interview,cnbc.com
2018-03-02,Trump's 'easy win' trade war is a no-win situation for Wall Street and Main Street,cnbc.com
2018-03-02,China would take 'measured steps' if trade spats with the US escalate,cnbc.com
2018-03-02,U.S. announces 10 indictments in international fraud scheme,reuters.com
2018-03-02,'It's very hard to understand what has gotten into the president': Trade expert on Trump's tariffs,cnbc.com
2018-03-02,Amazon will collect sales tax for shipments to Pennsylvania as states seek to recoup billions,cnbc.com
2018-03-02,"Trade war threat stokes inflation concerns, Allianz analyst says",cnbc.com
2018-03-02,US Steel downgraded by Bank of America on tariff retaliation fear,cnbc.com
2018-03-02,Italy's election has more similarities with Germany than you might think,cnbc.com
2018-03-02,Here's how your state would get hit by a global trade war,cnbc.com
2018-03-02,A great opportunity to buy Amazon,cnbc.com
2018-03-02,Cramer's lightning round: Don't touch the stock of Albemarle,cnbc.com
2018-03-02,Democratic congresswoman supports Trump's tariffs: We can't afford to lose US steel production,cnbc.com
2018-03-02,Wilbur Ross says tariffs are 'no big deal' but Campbell says it will make cans more expensive,cnbc.com
2018-03-02,Two shot dead at Central Michigan University: Report,cnbc.com
2018-03-02,Most people can tell if you're rich by looking at your face,cnbc.com
2018-03-02,"China's second largest e-commerce site, JD.com, falls on weak quarterly results",cnbc.com
2018-03-02,Trump's tariffs 'like a first shot in a war': Nobel-winning economist Robert Shiller,cnbc.com
2018-03-02,How Gary Cohn got overruled on Trump's tariffs,cnbc.com
2018-03-02,The timing of the proposed US steel tariffs is out of synch,cnbc.com
2018-03-02,China has fewer rich lawmakers but their fortunes have grown,cnbc.com
2018-03-02,UPDATE 1-Brazil farm exports may benefit from rising U.S.-China trade tensions - official,cnbc.com
2018-03-02,"Beaten Dow stock Exxon could rally 30%, says energy analyst",cnbc.com
2018-03-02,Why companies with more female executives make more money,cnbc.com
2018-03-02,Brazil threatens 'action' to protect interests after Trump tariff move,cnbc.com
2018-03-02,A photographer's journey out of Venezuela,reuters.com
2018-03-02,UPDATE 2-Microchip to buy Microsemi for about $8.35 bln,cnbc.com
2018-03-02,You can make the difference between managing your pain and suffering a deadly addiction,cnbc.com
2018-03-02,Soybeans are one way China could respond to metal tariffs,cnbc.com
2018-03-02,"Relations not so rosy with PM Rajoy, says rising ally Ciudadanos",reuters.com
2018-03-02,"There will be some 'unintended' consequences to proposed US steel, aluminum tariffs",cnbc.com
2018-03-02,The latest tariffs are 'indicative of the Trump administration's policy towards trade',cnbc.com
2018-03-02,Special report: A journey on a caravan of misery,reuters.com
2018-03-02,Trump tariff concerns too extreme?,cnbc.com
2018-03-02,Cramer: Don't be fooled—retail REITs' stocks are still very risky to own,cnbc.com
2018-03-02,Arthur Laffer: Puerto 'shortsighted' fiscal plan totally 'misses the mark',cnbc.com
2018-03-02,Other US-China tensions may widen if trade spats grow,cnbc.com
2018-03-02,Trump's tariffs spark national security concerns over possible strain in relationships with allies,cnbc.com
2018-03-02,Bosch hires 'internet of things' expert from SAP,reuters.com
2018-03-02,There are better methods to solve steel overcapacity,cnbc.com
2018-03-02,REIT stocks still very risky to own,cnbc.com
2018-03-02,'This is the end' of the trade war as we've seen it,cnbc.com
2018-03-02,The dangerous new dance as corporations balance business and social risk,cnbc.com
2018-03-02,UPDATE 1-Euro zone bonds sailing into weekend of key risk events - Reuters,reuters.com
2018-03-02,"BlackRock says it's time to take action on guns, may use voting power to influence",cnbc.com
2018-03-02,"How DJ Khaled went from broke and in jail to making $24 million, working with Jay-Z",cnbc.com
2018-03-02,Bank of England's Carney calls for more regulation around the 'speculative mania' of cryptocurrencies,cnbc.com
2018-03-02,Billionaire CEO Steve Schwarzman: Don't start a business,cnbc.com
2018-03-02,People keep mistaking the National Restaurant Association for the NRA,cnbc.com
2018-03-02,A look inside one swag bag sent to some Oscar nominees,cnbc.com
2018-03-02,Outdoor retailer temporarily halts sale of products made by gun maker Vista Outdoor,cnbc.com
2018-03-02,Mueller builds a case against Russians who leaked Democrat emails during the 2016 election,cnbc.com
2018-03-02,Here are the US exports that could get slapped with retaliation by other countries,cnbc.com
2018-03-02,Expect some 'fairly strong retaliation' by US trading partners,cnbc.com
2018-03-02,UPDATE 3-Brazil farmers may reap benefits from U.S.-China trade tensions -official,cnbc.com
2018-03-02,"War crimes are being committed in Syria's Ghouta, must be prosecuted -UN - Reuters",reuters.com
2018-03-02,Sensitivity Training for Madison Avenue,wsj.com
2018-03-02,"Ex-Colombia rebel leader, a presidential hopeful, to undergo heart surgery",reuters.com
2018-03-02,"Weinstein Co. revives sale deal, staving off bankruptcy",cnbc.com
2018-03-02,"JD.com's shares slide as investments, competition eat into profits",reuters.com
2018-03-02,Trump-allied America First Policies spends big on polling. Here are 24 of their internal reports,cnbc.com
2018-03-02,New tariffs let China get 'off more or less scot-free': Former U.S. trade representative,cnbc.com
2018-03-02,Colombo Stock Exchange unlikely to see significant downside: chairman,cnbc.com
2018-03-02,"China will retaliate against Trump's tariffs, says former US ambassador",cnbc.com
2018-03-02,A second front opens in the battle for Xerox as Deason sues to replace board,cnbc.com
2018-03-02,Stocks dropping for fourth day on trade fears,cnbc.com
2018-03-02,"Steel tariffs won't help Trump achieve his goal of 'American energy dominance,' oil industry warns",cnbc.com
2018-03-02,UPDATE 2-Brazil farmers may reap benefits from U.S.-China trade tensions -official,cnbc.com
2018-03-02,"Tariff is about China, says Jim Cramer",cnbc.com
2018-03-02,'How's your 401(k) doing?' It's a good question to ask right now,cnbc.com
2018-03-02,DIARY-Emerging Markets Economic Events to April 30,cnbc.com
2018-03-02,Goldman: 'Good chance' this leads to NAFTA withdrawal,cnbc.com
2018-03-02,What Hollywood can teach Trump about trade,cnbc.com
2018-03-02,"SIERENTZ HOLDING LAUNCHES AGRICULTURE PRODUCTS TRADING UNIT SIERENTZ GLOBAL MERCHANTS (SGM), HEADQUARTERED IN SWITZERLAND -CEO",cnbc.com
2018-03-02,Boeing and these other stocks may actually be able to survive a trade war,cnbc.com
2018-03-02,"Consumer sentiment stays optimistic, buoyed by high hopes on jobs and tax boost",cnbc.com
2018-03-02,Cramer's sell-off strategy: This is a great opportunity to buy Amazon,cnbc.com
2018-03-03,Cramer's game plan: Earnings tainted by Trump tariffs,cnbc.com
2018-03-03,Steel and aluminum tariffs are a 'complete violation of WTO rules': Former deputy trade representative,cnbc.com
2018-03-03,EMERGING MARKETS-Latin American stocks seesaw after Trump tariff threats,cnbc.com
2018-03-03,Syrian government makes Ghouta gains; Turkey steps up Afrin attack,reuters.com
2018-03-03,Israeli troops kill Palestinian near Gaza border: officials,reuters.com
2018-03-03,Moscow sees extended U.S. sanctions over Ukraine as unlawful,reuters.com
2018-03-03,A winning Apple trade,cnbc.com
2018-03-03,Cramer's strategy session: Don't bottom-fish in Walmart's stock just yet,cnbc.com
2018-03-03,Avalanche kills Spanish skier in French Pyrenees,reuters.com
2018-03-03,China's alleged intellectual property theft a bigger threat to market than tariffs: Analyst,cnbc.com
2018-03-03,Energy has best chance of bringing angry NAFTA nations back to their senses in a trade war,cnbc.com
2018-03-03,"Trump tariffs could emerge as a black swan event for stocks, long-time bull Jeff Saut warns",cnbc.com
2018-03-03,Amtrak cancels all service between Boston and Washington due to hazardous weather,cnbc.com
2018-03-03,Icahn sold one-third of his stake in crane maker Manitowoc last month,cnbc.com
2018-03-04,"Back in 2013, a single subway sandwich shop accepting Bitcoin got airtime on CNBC, and we were all jumping for joy. Nowadays we get full TV features about Bitcoin and people are like "" yawn, could be better"".",cnbc.com
2018-03-05,"Soccer: Fans burn car, shoot house of struggling club president",reuters.com
2018-03-05,3M appoints Michael Roman as CEO; Inge Thulin will take new position as executive chairman of the board,cnbc.com
2018-03-05,"With gas and diplomacy, Russia embraces Cold War foe Pakistan",reuters.com
2018-03-05,Nordstrom rejects initial takeover offer from Nordstrom family for $50 per share,cnbc.com
2018-03-05,Businesses 'need to have a business plan' which reflects reality of volatility in China,cnbc.com
2018-03-05,These countries will be hit the hardest by Trump's tariffs plan,cnbc.com
2018-03-05,"Mississippi Senator Thad Cochran says he will resign April 1, cites health issues",cnbc.com
2018-03-05,"Trump's boasts aside, trade wars typically leave no victors",cnbc.com
2018-03-05,Bulgarian protesters say doctor charged with murder acted in self-defense,reuters.com
2018-03-05,Chinese leaders address trade tensions at NPC,cnbc.com
2018-03-05,UPDATE 3-Former CEO of BRF arrested in Brazil food safety probe -police,cnbc.com
2018-03-05,ETFs: Big volume on tariff announcements,cnbc.com
2018-03-05,Strategist: Not in anyone's interest to exacerbate trade skirmishes,cnbc.com
2018-03-05,Ray Dalio: Trade war with China would be a 'tragedy',cnbc.com
2018-03-05,Mugabe acolyte forms new Zimbabwe political party to challenge Mnangagwa,reuters.com
2018-03-05,China doesn't want trade war with US,cnbc.com
2018-03-05,"China is looking past tariffs to A.I. and beyond, says pro",cnbc.com
2018-03-05,Trump's trade moves could have a 'rippling' effect globally,cnbc.com
2018-03-05,Small Businesses in America: Costly Credit and Growth Challenges,wsj.com
2018-03-05,Former Netanyahu spokesman signs state's witness deal in corruption probe: Israeli media,reuters.com
2018-03-05,Slovak PM says won't be pressured by president into cabinet shake-up,reuters.com
2018-03-05,UPDATE 2-Former CEO of BRF arrested in food safety probe -Brazil police,cnbc.com
2018-03-05,Parts of Nigeria's northeast may be experiencing famine -aid report,reuters.com
2018-03-05,"Homebuilders are in correction territory, but one technician says you should buy the pullback",cnbc.com
2018-03-05,"Our companies must not cross ""bright red line"" on corruption: Temasek Holdings",cnbc.com
2018-03-05,"DACA deportation deadline arrives, but with an easing sense of urgency",cnbc.com
2018-03-05,"First aid convoys reach Syria's Ghouta, stripped of medical supplies",reuters.com
2018-03-05,"Caterpillar and Boeing's next moves may determine the Dow's future, technician says",cnbc.com
2018-03-05,Bill Cosby will fight bid to call more accusers at sexual abuse retrial,reuters.com
2018-03-05,EU schemes to sell visas risk undermining free movement area: watchdogs,reuters.com
2018-03-05,Egypt TV host released on bail after being held for defaming police: sources,reuters.com
2018-03-05,"Guatemala envoy tours Jerusalem for embassy site, Palestinians fume",reuters.com
2018-03-05,Russian Patriarch unhappy at Bulgarian view of Russia's 1877-1878 war role,reuters.com
2018-03-05,West African leaders vow to fight jihadists after Burkina attacks,reuters.com
2018-03-05,House speaker urges Trump not to impose new tariffs : spokeswoman,reuters.com
2018-03-05,Wealthy using pawn shops to finance business ideas...,cnbc.com
2018-03-05,"It's hard to believe, but scam victims pay those 'back taxes' with iTunes gift cards",cnbc.com
2018-03-05,Euro slips after Italian election fans political uncertainties - Reuters,reuters.com
2018-03-05,Key U.S. lawmaker urges steel tariff exemptions for NAFTA allies,reuters.com
2018-03-05,"Investors embrace consumer stocks, dethroning tech as the favored sector, BofA says",cnbc.com
2018-03-05,Trump-Netanyahu meeting is chance to project common front vs. Iran,reuters.com
2018-03-05,Turkish court rejects request from Greek soldiers to be released: media,reuters.com
2018-03-05,Tariffs a hot topic at CERAWeek energy conference,cnbc.com
2018-03-05,Merkel rejects plea to make national anthem gender-neutral,reuters.com
2018-03-05,Turkey asks Germany to extradite Syrian Kurdish leader Saleh Muslim: state media,reuters.com
2018-03-05,"Founder of defunct bitcoin exchange has trail of lawsuits, judgments and at least one unpaid lawyer",cnbc.com
2018-03-05,How to trade the tariffs: 5 plays,cnbc.com
2018-03-05,Dubai International Financial Centre sees higher growth in new companies - Reuters,reuters.com
2018-03-06,BP CEO Bob Dudley is making predictions about the price of oil again,cnbc.com
2018-03-06,42% of Americans at risk of retiring broke...,cnbc.com
2018-03-06,The former head of Amazon Prime has a new job running Airbnb Homes,cnbc.com
2018-03-06,Stocks like Micron let you ride the PC comeback wave,cnbc.com
2018-03-06,Fed's Kaplan: Rate hikes are necessary as the US nears full employment,cnbc.com
2018-03-06,US shale oil output is surging. Here's what will keep the boom going,cnbc.com
2018-03-06,Buy Domino’s Pizza due to its massive global opportunity: Baird,cnbc.com
2018-03-06,Cramer's lightning round: I think Blackberry's stock is headed higher. Here's why,cnbc.com
2018-03-06,Here's why people are turning their backs on iPhone X,fortune.com
2018-03-06,Russian military plane crash in Syria kills 39 - Reuters,reuters.com
2018-03-06,Investors staged a near-record exodus from US stocks in February,cnbc.com
2018-03-06,Royal Bank of Scotland reaches $500 million settlement with New York over mortgage securities,cnbc.com
2018-03-06,"Buy UPS on the dip because the Amazon threat is overblown, Stifel says",cnbc.com
2018-03-06,"BlackRock's biggest market risk isn't inflation, it's a trade war",cnbc.com
2018-03-06,China: Reality vs rhetoric?,cnbc.com
2018-03-06,We have 'absolutely no idea' where the Trump administration is going on trade,cnbc.com
2018-03-06,"Saudi Arabia is looking to Google-parent Alphabet and Amazon to build tech hub, Aramco CEO says",cnbc.com
2018-03-06,Cramer: Ride the wave of the PC comeback with stocks like Micron,cnbc.com
2018-03-06,West Virginia teachers' strike ends with 5 percent raise,reuters.com
2018-03-06,"Final Trade: MCD, C & more",cnbc.com
2018-03-06,San Francisco is so expensive that working adults are moving into dorms,cnbc.com
2018-03-06,Energy transition takes decades: Amin Nassar,cnbc.com
2018-03-06,"Coinbase's bitcoin cash trading rollout cost investors $5 million, lawsuit says",cnbc.com
2018-03-06,"Cramer: When it comes to China tariffs, this international stock is the 'least shortable'",cnbc.com
2018-03-06,"Blockchain is 'one of the most overhyped technologies ever,' Nouriel Roubini says",cnbc.com
2018-03-06,Technician says Europe's troubles far from over,cnbc.com
2018-03-06,Enough is enough: It’s high time Gen Xers take retirement seriously,cnbc.com
2018-03-06,AP Photos: The faces of Cuba’s tobacco industry,cnbc.com
2018-03-06,EMERGING MARKETS-Mexican stocks rise as latest NAFTA trade talks wrap up,cnbc.com
2018-03-06,A hard sell? Saudi crown prince goes West to woo allies,reuters.com
2018-03-06,SpaceX launches its largest satellite ever which is nearly the size of a bus,cnbc.com
2018-03-06,Ripple rips higher ahead of big bitcoin conference,cnbc.com
2018-03-06,Hungary PM Orban pledges to keep deficit target ahead of election,reuters.com
2018-03-06,Big Wall Street banks gear up for the next round in ‘the Dodd-Frank wars’,cnbc.com
2018-03-06,Harley-Davidson says retaliatory tariffs will have a 'significant impact' on sales,cnbc.com
2018-03-06,The military is getting 'more and more of China's resources',cnbc.com
2018-03-06,U.S. primaries start with Democratic push in Texas,reuters.com
2018-03-06,US factory orders post biggest drop in six months,cnbc.com
2018-03-06,"This international stock is the 'least shortable,' when it comes to China stocks",cnbc.com
2018-03-06,"Meet the man who guides the 1 percent on $120,000 climbing expeditions to the top of Mt. Everest",cnbc.com
2018-03-06,Here's another reason to think twice before using your debit card,cnbc.com
2018-03-06,"20-year-old sues Dick’s, Walmart over new age-restrictions on rifles",cnbc.com
2018-03-06,Kurdish-allied Arab militias move fighters to Afrin from IS frontlines: spokesman,reuters.com
2018-03-06,BP CEO on energy demands of the future,cnbc.com
2018-03-06,"Billy McFarland, organizer of disastrous Fyre Festival, pleads guilty to misleading investors",cnbc.com
2018-03-06,Cheniere CEO: Just the beginning of a long-term relationship with China,cnbc.com
2018-03-06,"Special Report: By rewriting history, Hindu nationalists aim to assert their dominance over India",reuters.com
2018-03-06,"Broadcom’s deal for Qualcomm is in serious jeopardy, might have to abandon bid and come back later",cnbc.com
2018-03-06,US challenges JM Smucker's purchase of Conagra's Wesson oil brand,cnbc.com
2018-03-06,Best move to just keep buying?,cnbc.com
2018-03-06,"Disney must go all in to win the streaming game, says BTIG's Greenfield",cnbc.com
2018-03-06,Square is up 200 percent in the last year and has more room to run. Here's why,cnbc.com
2018-03-06,Indonesia says it blocks services on blogging site Tumblr over pornography,reuters.com
2018-03-06,Saudi gives Air India overflight rights for its Israel routes: Netanyahu,reuters.com
2018-03-06,Poland denies reports of U.S. ban on high-level meetings with Polish officials,reuters.com
2018-03-06,Mohammad Barkindo discusses the oil industry's need for capital,cnbc.com
2018-03-06,"Trump: 'The trade war hurts them, it doesn't hurt us'",cnbc.com
2018-03-06,UPDATE 2-South African Q4 GDP grows above forecasts as rating decision nears,cnbc.com
2018-03-06,"Once wary of Facebook and Apple, a mill town tells them to keep expanding",cnbc.com
2018-03-06,Special counsel Mueller is reportedly investigating incidents involving Trump's personal lawyer,cnbc.com
2018-03-06,FANG names open strong at the open,cnbc.com
2018-03-06,Trump sees 'possible progress' in North Korea talks,reuters.com
2018-03-06,China is growing electric vehicle companies like mushrooms: Jaguar Land Rover,cnbc.com
2018-03-06,GOP Rep. Brady predicts the US will stay in NAFTA because the 'stakes are so high',cnbc.com
2018-03-06,EU says hopes for positive outcome in case of Greek soldiers arrested in Turkey,reuters.com
2018-03-06,"Over 500 Canadian doctor protest raises, say they're being paid too much (yes, too much)",cnbc.com
2018-03-06,"Unlikely to develop new generation of diesel engines, Volvo Cars CEO says",cnbc.com
2018-03-06,The charts are pointing to more all-time highs ahead for Netflix,cnbc.com
2018-03-06,OPEC wants to take its relationship with US shale producers to the next level,cnbc.com
2018-03-06,How much investment is needed in energy industry? Experts weigh in,cnbc.com
2018-03-06,Watch: Trump and Swedish prime minister hold joint news conference,cnbc.com
2018-03-06,"Economic, trade and earnings backdrop the best in a long time: Strategist",cnbc.com
2018-03-06,Office of Special Counsel says Trump advisor Kellyanne Conway violated Hatch Act,cnbc.com
2018-03-06,"Cramer: When it comes to China tariffs, Alphabet's stock is the 'least shortable'",cnbc.com
2018-03-06,Bill Gates almost didn't meet Warren Buffett and 6 more facts about him you may not know,cnbc.com
2018-03-06,"Stocks making the biggest moves premarket: TGT, AAPL, JWN, AMZN, HOG & more",cnbc.com
2018-03-06,Trump administration backs states' bid to collect online sales taxes,reuters.com
2018-03-06,Trump says North Korea 'acting positively',cnbc.com
2018-03-06,Latest statements out of China seem like a small step 'to placate the US',cnbc.com
2018-03-06,Live from the Energy Summit: Saudi Aramco CEO Amin Nasser,cnbc.com
2018-03-06,Ron Paul warns market dangers 'bigger than ever'...,cnbc.com
2018-03-06,China defends hike in military budget as proportionate and low,cnbc.com
2018-03-06,Mexican auto production and exports are surging as NAFTA talks drag on,cnbc.com
2018-03-06,China is fixing its debt problems 'under the radar',cnbc.com
2018-03-06,Amazon could become the third-biggest US bank if it wants to: Bain study,cnbc.com
2018-03-06,BofA technician makes contrarian bond call,cnbc.com
2018-03-06,Citi predicts a big rally for Herbalife now the risk of Ackman bashing the stock is over,cnbc.com
2018-03-06,Can the Democrats Ride a Blue Wave to Midterm Election Wins?,wsj.com
2018-03-06,A lost World War II aircraft carrier has been found by one of Microsoft’s co-founders,cnbc.com
2018-03-06,U.S. and China trade is 'coming off a rather strong platform' right now,cnbc.com
2018-03-06,What it's like behind the throttle of a US Army Black Hawk helicopter,cnbc.com
2018-03-06,Executive Privilege: Can Trump Associates Remain Silent?,wsj.com
2018-03-06,Live from the CERAWeek energy summit: Google Cloud chief Diane Greene,cnbc.com
2018-03-06,US-Mexico relations could get even more complicated if this guy becomes president,cnbc.com
2018-03-06,Saudi Aramco CEO on relationship with Russia,cnbc.com
2018-03-06,'Significant' consequences if China takes key port in Djibouti: U.S. general,reuters.com
2018-03-07,"Mortgage applications stall, along with interest rates",cnbc.com
2018-03-07,Ex-Obama advisor Goolsbee wouldn’t fill Cohn’s shoes ‘if it was the last job on Earth’,cnbc.com
2018-03-07,U.S. turns to music in bid to woo Cambodians,reuters.com
2018-03-07,EMERGING MARKETS-Mexican peso weakens after top Trump economic aide resigns,cnbc.com
2018-03-07,How a centuries old publishing house is making its mark on the digital age,cnbc.com
2018-03-07,Democratic turnout surges in Texas as voters vent anger at Trump in the first state primary of 2018,cnbc.com
2018-03-07,US trade deficit jumps to more than 9-year high,cnbc.com
2018-03-07,U.N. rights chief attacks EU and U.S. over migrants and Dreamers,reuters.com
2018-03-07,Republican lawmakers in tight races now embrace gun control measures,reuters.com
2018-03-07,Trading Tariffs: 4 picks,cnbc.com
2018-03-07,One leading indicator for stocks is flashing a warning sign for the market,cnbc.com
2018-03-07,EU reveals proposed steps against Trump's metal tariffs,cnbc.com
2018-03-07,Bank of America's two charts that show the bond bloodbath is coming to an end,cnbc.com
2018-03-07,IMF warns Nigeria of vulnerability amid slow exit from recession,cnbc.com
2018-03-07,"China is 'systematic cheater' of multilateral trading system, says Muddy Waters CIO",cnbc.com
2018-03-07,US Justice Department sues California over its 'sanctuary' laws,cnbc.com
2018-03-07,"Tesla’s up 10% from the February lows, and it could bounce even higher",cnbc.com
2018-03-07,Florida lawmakers near final action on gun-school safety bill,reuters.com
2018-03-07,Mavericks owner Mark Cuban denies 2011 sex assault allegation,cnbc.com
2018-03-07,China ETF’s market warning,cnbc.com
2018-03-07,Art Cashin: Further changes in the White House may destabilize markets,cnbc.com
2018-03-07,Royal welcome and noisy protests await Saudi crown prince on UK trip,reuters.com
2018-03-07,"Another powerful nor’easter pounds the East Coast, threatening a new round of power outages",cnbc.com
2018-03-07,"Chip stocks just surged to an all-time high, and the charts point to more gains ahead",cnbc.com
2018-03-07,Myanmar police witness says searched Reuters reporter's home 'for news',reuters.com
2018-03-07,UPDATE 1-IMF warns Nigeria of vulnerability amid slow exit from recession,cnbc.com
2018-03-07,Commerce Secretary Wilbur Ross: 'We're not trying to blow up the world' with trade tariffs,cnbc.com
2018-03-07,Burkina authorities arrest eight in connection with deadly attack,reuters.com
2018-03-07,Former Petrobras CEO sentenced to 11 years in jail,cnbc.com
2018-03-07,"Talk of a trade war ignites uncertainty and is against the interest of the US, Fed officials said",cnbc.com
2018-03-07,Trump tariff would be 'game changer' — and could push BlackRock away from positive view on stocks,cnbc.com
2018-03-07,Carl Icahn: Any suggestion of insider trading on Manitowoc is 'categorically untrue',cnbc.com
2018-03-07,Cohn's resignation may be a 'turn for the worse' in trade: Larry Kudlow,cnbc.com
2018-03-07,"Bull markets don’t die of old age – after 9 years this one has more room to go, says market watcher",cnbc.com
2018-03-07,Immigration officials will keep processing DACA renewals because of court injunctions,cnbc.com
2018-03-07,Lebanon tribunal says enough evidence to proceed in Hariri assassination case,reuters.com
2018-03-07,Sterling slips to three-month low vs euro on nagging Brexit worries - Reuters,reuters.com
2018-03-07,US imposes sanctions on Pyongyang over slaying of North Korean leader's half-brother,cnbc.com
2018-03-07,Exclusive: Goldman puts London staff on notice for German move by June - sources,reuters.com
2018-03-07,Meet the weatherman who makes a business out of forecasting for companies,cnbc.com
2018-03-07,"Market volatility is normal, look for value: analyst",cnbc.com
2018-03-07,"US job market remains tight, inflation seen as moderate",cnbc.com
2018-03-07,Oil prices fall as Cohn departure raises trade war fears,cnbc.com
2018-03-07,Trump administration once again lifts elephant trophy ban,cnbc.com
2018-03-07,"GRAINS-Prices tick lower as USDA report, trade risks prompt caution",cnbc.com
2018-03-07,Female-led investor group scraps deal for Weinstein assets,cnbc.com
2018-03-07,"North Korea overture seen as tiny step on rocky, unpromising road",reuters.com
2018-03-07,Second winter storm in a week heads to New York region,reuters.com
2018-03-08,Ripple CEO Brad Garlinghouse on Fast Money,cnbc.com
2018-03-08,Former US trade rep: Worry that we've turned more inward,cnbc.com
2018-03-08,"There’s a unique buying opportunity in one beaten area of the market, says market watcher",cnbc.com
2018-03-08,The wrong stocks are going up,cnbc.com
2018-03-08,China-US trade disputes will escalate unless talks are held,cnbc.com
2018-03-08,"Elon Musk sides with Trump on trade with China, citing 25% import duty on American cars",cnbc.com
2018-03-08,Ex-Petrobras CEO Bendine convicted of corruption in Brazil,cnbc.com
2018-03-08,EMERGING MARKETS-Latin American equities down as tariff fears heat up,cnbc.com
2018-03-08,Embraer misses 4Q profit forecasts,cnbc.com
2018-03-08,Fourth quarter went better than previous quarters: Continental CEO,cnbc.com
2018-03-08,Cramer: Why investors should look at Jack Daniels maker Brown-Forman,cnbc.com
2018-03-08,"Cramer: Buy Jack Daniels maker Brown-Forman on growth prospects, global appeal",cnbc.com
2018-03-08,German Foreign Minister Gabriel won't be in new government,reuters.com
2018-03-08,U.S. Secretary of State says African countries should weigh Chinese loans carefully,reuters.com
2018-03-08,"Trump tariffs to have carve-outs for for Canada and Mexico, open door for other countries: NBC",cnbc.com
2018-03-08,Cramer recommends Nordstrom after bullish post-earnings bounce,cnbc.com
2018-03-08,RPT-EXCLUSIVE-Amazon.com readies move to sell electronics directly in Brazil -sources,cnbc.com
2018-03-08,Reviving the US aluminum industry,cnbc.com
2018-03-08,"Trump schedules 3:30pm ET meeting, to 'protect' steel and aluminum industries",cnbc.com
2018-03-08,Farms face a severe labor shortage and these robots are here to help,cnbc.com
2018-03-08,GRAINS-Corn at 7-month high after USDA shows smaller stockpiles,cnbc.com
2018-03-08,Petrobras to invest 137 mln reais in Sao Paulo refinery,cnbc.com
2018-03-08,Trump is an ‘all-of-the-above energy proponent’: Sec. Rick Perry,cnbc.com
2018-03-08,EXCLUSIVE-Amazon.com readies move to sell electronics directly in Brazil -sources,cnbc.com
2018-03-08,Samsung Galaxy S9: Putting The Camera to the Test,wsj.com
2018-03-08,"Final Trade: Yandex, Dollar Tree & more",cnbc.com
2018-03-08,"Cigna bid reminds us companies are worth something, says Jim Cramer",cnbc.com
2018-03-08,Reawakening risk appetites,cnbc.com
2018-03-08,Cramer recommends Nordstrom after bullish post-earnings bounce,cnbc.com
2018-03-08,Cramer's lightning round: Why Microsoft is one of my absolute favorite stocks,cnbc.com
2018-03-08,Tillerson says greater freedom the answer for Ethiopia - Reuters,reuters.com
2018-03-08,107 House Republicans send letter to Trump asking him not to do his tariff plan,cnbc.com
2018-03-08,DIARY-Emerging Markets Economic Events to April 30,cnbc.com
2018-03-08,Oil flashing a sell sign for stocks?,cnbc.com
2018-03-08,All Countries Can Negotiate Exclusions...,reuters.com
2018-03-08,"House Speaker Ryan opposes Trump's tariffs, warns of 'unintended consequences'",cnbc.com
2018-03-08,Cramer: The wrong stocks are going up—here's what it means for investors,cnbc.com
2018-03-08,The yuan's strength could limit China's trade performance: Strategist,cnbc.com
2018-03-08,Cramer's lightning round: Microsoft is one of my absolute favorite stocks,cnbc.com
2018-03-08,Eleven nations - but not U.S. - to sign Trans-Pacific trade deal,reuters.com
2018-03-08,Cramer: The wrong stocks are going up—here's what it means for investors,cnbc.com
2018-03-08,Former Trump aide interviewed by House committee over Russia,reuters.com
2018-03-08,Cramer's strategy session: What it'll take for me to come around on GE,cnbc.com
2018-03-08,What it'll take for me to come around on GE,cnbc.com
2018-03-08,UPDATE 2-Brazil pulpmaker merger confirmed by BNDES president -report,cnbc.com
2018-03-08,"Lockheed Martin expects to be ‘on every mission to Mars,' CEO says",cnbc.com
2018-03-08,Why the potential Trump tariffs could take down Ags,cnbc.com
2018-03-08,EXCLUSIVE-Amazon.com readies move to sell electronics directly in Brazil -sources,cnbc.com
2018-03-08,Trump’s proposed tariffs have unintended consequences,cnbc.com
2018-03-08,Tariffs could create destabilizing inflation: Chantico Global,cnbc.com
2018-03-08,CNBC reporter escorted out of 'steel-free' town in China,cnbc.com
2018-03-08,"UPDATE 3-Embraer profit misses estimates on defense, business jet writedowns",cnbc.com
2018-03-08,What swamp? Lobbyists get ethics waivers to work for Trump,cnbc.com
2018-03-08,"Oil steadies after big fall, but soaring US crude output still weighs",cnbc.com
2018-03-08,"Crypto crushed, could be a major buying opportunity, says trader",cnbc.com
2018-03-08,Why a 16-Year-Old Russian Has Joined His Country’s Election Protests,wsj.com
2018-03-08,"Tariff is about China 'playing tough,' says Jim Cramer",cnbc.com
2018-03-08,UK border stance threatens to stall Brexit talks: EU's Tusk,reuters.com
2018-03-08,Cramer recommends Nordstrom,cnbc.com
2018-03-08,Hold the iPhone! AMAZON primed to be larger than APPLE...,reuters.com
2018-03-08,Activist investors target female CEOs,cnbc.com
2018-03-08,Exxon CEO: Trump tariffs move us 'in the opposite direction' from tax cut and deregulation benefits,cnbc.com
2018-03-08,"UPDATE 2-Embraer profit misses estimates on defense, business jet writedowns",cnbc.com
2018-03-08,"The retail resurgence this year is deceptive, warns market watcher",cnbc.com
2018-03-08,‘Oddness Is Okay.’ Thomas Heatherwick on the Secret to Successful Urban Design,fortune.com
2018-03-08,Watch Paul Ryan talk taxes at Home Depot facility,cnbc.com
2018-03-08,Sen. John Thune: 'Messing with NAFTA' triggers concerns,cnbc.com
2018-03-08,Technician: Next Dow stock to break out,cnbc.com
2018-03-08,US soybeans could be ammo in a trade war,cnbc.com
2018-03-09,"Taken wholesale, tariffs are only 'representative' in nature",cnbc.com
2018-03-09,Republicans get a string of bad news for midterm House elections after fleeting tax cut bump,cnbc.com
2018-03-09,Trump lawyers want to offer Mueller interview to help bring probe to end: WSJ,cnbc.com
2018-03-09,Missouri turkey farm quarantined after bird flu detected,cnbc.com
2018-03-09,"Amazon sellers are not always trustworthy, but this new tool will expose them before you buy",cnbc.com
2018-03-09,World's No. 1 RV maker: Our appeal among young buyers comes from 'Instagrammable experience',cnbc.com
2018-03-09,Waymo's self-driving trucks to haul cargo for Google in Atlanta - Reuters,reuters.com
2018-03-09,Honduras sees economic growth of up to 4.2 pct in 2018,cnbc.com
2018-03-09,Barbara Corcoran made $66 million in one year,cnbc.com
2018-03-09,"Cramer: Nine years later, 'the bull market is so on'",cnbc.com
2018-03-09,"China-Vatican negotiations 'in full swing', Chinese official says",reuters.com
2018-03-09,Trading Nation: Energy's wild week,cnbc.com
2018-03-09,Self-made millionaires and billionaires who still fly commercial,cnbc.com
2018-03-09,Impact of tariffs on ETFs,cnbc.com
2018-03-09,Cramer: Ride-sharing is killing car sales—and it's only going to get worse,cnbc.com
2018-03-09,Watch: White House briefs media after Trump agrees to meet North Korea's Kim Jong Un,cnbc.com
2018-03-09,UPDATE 1-Brazil court releases former JBS chairman from jail,cnbc.com
2018-03-09,Options traders are betting BlackBerry's patent suit could boost the stock,cnbc.com
2018-03-09,The Wall Street Journal: SEC says Voya Financial agrees to $3.6 million settlement,wsj.com
2018-03-09,Should you pay on a first date? An etiquette expert weighs in,cnbc.com
2018-03-09,"Tesla CEO Elon Musk’s $2.6 billion compensation is too high, shareholders say",cnbc.com
2018-03-09,"The IRS may want a cut from the $130,000 Stormy Daniels ‘hush agreement’",cnbc.com
2018-03-09,Fed's Charles Evans goes out on a limb saying he would argue against a March rate hike,cnbc.com
2018-03-09,Canada's finance minister spins Trump trade tariffs as a sign of the 'strength of our relationship' with the US,cnbc.com
2018-03-09,Trump will not meet Kim without seeing ‘concrete’ steps: White House,cnbc.com
2018-03-09,Fast Money traders says this one soft drink stock is set to pop,cnbc.com
2018-03-09,Cramer on 9-year bull market: It's been pronounced dead but that's far from the case,cnbc.com
2018-03-09,Gunman takes hostages at California vets home,cnbc.com
2018-03-09,"Amazon could disrupt online travel industry next, Morgan Stanley says",cnbc.com
2018-03-09,Cramer Remix: A takeover could be Wynn Resorts' ticket to recovery,cnbc.com
2018-03-09,The recent market turmoil has once again made this a stock pickers’ market,cnbc.com
2018-03-09,A look at who could next run Goldman Sachs,cnbc.com
2018-03-09,Goldman Sachs' stock performance under Blankfein beat most of its peers,cnbc.com
2018-03-09,Hungary's ruling Fidesz unlikely to win two-thirds majority in April: party official,reuters.com
2018-03-09,Goldman's Blankfein prepares exit for as soon as year end: WSJ,cnbc.com
2018-03-09,"Netflix, one-time penny stock GGP are among the biggest winners since the bull market began 9 years ago",cnbc.com
2018-03-09,Trump's tariff plan puts jobs at risk,cnbc.com
2018-03-09,Tariffs are a move towards fair trade: Bob Nardelli,cnbc.com
2018-03-09,Cramer: Ride-sharing is killing car sales,cnbc.com
2018-03-09,Senate banking bill could make mortgages easier to get from your local bank,cnbc.com
2018-03-09,China is 'a market to watch' for energy transition,cnbc.com
2018-03-09,Cramer's lightning round: I can't find a reason to buy Kraft Heinz,cnbc.com
2018-03-09,Blockchain Capital partner says one cryptocurrency will win the crypto crackdown,cnbc.com
2018-03-09,"Two stocks are racing ahead of the market, and that’s got one technician worried",cnbc.com
2018-03-09,"Sri Lanka does what US can't: Pull the plug on Facebook over hate speech, fake news",cnbc.com
2018-03-09,Budget airline considers seats that don't recline to cut costs,cnbc.com
2018-03-09,Martin Shkreli's legacy: Putting a 'fine point' on the drug pricing debate,cnbc.com
2018-03-09,'Pharma bro' Martin Shkreli sentenced to 7 years in prison,cnbc.com
2018-03-09,Cramer weighs in on the Cigna-Express Scripts deal,cnbc.com
2018-03-09,Trump's tough words and progress with China got North Korea to talk: Bush/Clinton advisor,cnbc.com
2018-03-09,Byron Wien weighs in on nine-year bull market,cnbc.com
2018-03-09,"Twitter could eventually let everyone get a blue tick for verification, CEO Jack Dorsey says",cnbc.com
2018-03-09,End consumers likely to bear brunt of steel tariff: analyst,cnbc.com
2018-03-09,The government's crypto crackdown may not affect bitcoin: Blockchain venture capitalist,cnbc.com
2018-03-09,"This leather is made in a lab, not from livestock",cnbc.com
2018-03-09,Treasury Secretary Mnuchin: There may be more countries exempted from the tariffs,cnbc.com
2018-03-09,Americans are worried about tax changes but this is their biggest financial fear,cnbc.com
2018-03-09,Cramer: Ride-sharing is killing car sales—and it's only going to get worse,cnbc.com
2018-03-09,New Wynn Resorts CEO: I had no prior knowledge of sexual misconduct complaints against Steve Wynn,cnbc.com
2018-03-09,'They will cheat': The last US diplomat to secure a nuclear deal with North Korea has a warning,cnbc.com
2018-03-09,"Markets rebuilding a wall of worry, says BTIG managing director",cnbc.com
2018-03-09,Gig workers between jobs shouldn't assume they're ineligible for unemployment,cnbc.com
2018-03-09,Asian shares look set for gains after Trump signs off on tariffs,cnbc.com
2018-03-09,"Cash is back as an asset because of rising US bond yields, strategist says",cnbc.com
2018-03-09,FEB JOBS: +313K...,cnbc.com
2018-03-09,US Democrats seek subpoenas for White House security clearance data,cnbc.com
2018-03-09,Colleges are fighting a new endowment tax. This one Kentucky school got a pass,cnbc.com
2018-03-09,Chips are ripping higher and Dow stock Intel could see a bigger breakout,cnbc.com
2018-03-09,"EMERGING MARKETS-Mexican peso, stocks up as Trump allows tariff exemptions",cnbc.com
2018-03-09,"Seven years after tsunami, Japanese live uneasily with seawalls",reuters.com
2018-03-09,Don’t be scared of the swings – there’s a big boon for small banks ahead,cnbc.com
2018-03-09,Cramer's market outlook improves after Cigna-Express Scripts deal,cnbc.com
2018-03-09,Here’s how to bulletproof your prenuptial agreement,cnbc.com
2018-03-09,Oxford University apologizes for International Women’s Day gaffe captured on Twitter,cnbc.com
2018-03-09,Top materials maker sees golden ticket to 2018 profits in Texas' 'golden triangle',cnbc.com
2018-03-09,Trump-Kim summit fans Japan fears of being sidelined on North Korea,reuters.com
2018-03-09,How to encrypt your text messages on iPhone and Android,cnbc.com
2018-03-09,Here’s what the CEO of Ripple says his big predictions are for the crypto universe,cnbc.com
2018-03-10,Do Not use- Test |Taxonomy Release1,cnbc.com
2018-03-10,Five cabinet chiefs to testify before U.S. Senate on infrastructure,cnbc.com
2018-03-10,"Like the Big Kids, Kindergartens Plan Protests for Gun Control - Wall Street Journal",wsj.com
2018-03-10,Thousands rally against bid to loosen Irish abortion laws,reuters.com
2018-03-10,Cramer: Kroger's latest quarter made all the supermarket stocks look bad,cnbc.com
2018-03-10,Agriculture Secretary: Trump tariffs not as bad as feared,cnbc.com
2018-03-10,Cramer's game plan: Stop the hysteria and use weakness to buy,cnbc.com
2018-03-10,Cramer: The most bullish thing about police tech play Axon isn't guidance. It's how the CEO is paid,cnbc.com
2018-03-10,UK police looking at 240 pieces of evidence in nerve agent attack: minister,reuters.com
2018-03-10,"Trump to visit Peru, Colombia in April",reuters.com
2018-03-10,Ivy League Doctor Gets 4 Years in Prison for Insys Opioid Kickbacks,fortune.com
2018-03-10,"Debate stirs over 'America's Harvest Box,' food benefit plan",cnbc.com
2018-03-10,Trump says North Korea to halt missile tests 'through our meetings',reuters.com
2018-03-10,UPDATE 1-Regeneron/Sanofi heart drug succeeds in major trial; Will insurers pay?,reuters.com
2018-03-10,Why the toy industry would suffer if Toys ‘R’ Us disappears,fortune.com
2018-03-10,Inflation data could be a big deal for markets as investors await new guidance from the Fed,cnbc.com
2018-03-11,Cuba's one-party socialist system among last in world - Reuters,reuters.com
2018-03-11,Wells Fargo says the S&P 500 is going to take the scenic route to all-time highs this year,cnbc.com
2018-03-11,AAA: Spring gas prices could approach a 'tipping point' for drivers,cnbc.com
2018-03-11,Arianna Huffington says she became successful after she quit one common bad habit,cnbc.com
2018-03-11,Hong Kong democrats seek to recapture lost ground in key by-elections,reuters.com
2018-03-11,How Barbara Corcoran went from a 2-bedroom flat to a penthouse on Fifth Avenue,cnbc.com
2018-03-11,Paralympic medalist says to quit this common habit if you want to be successful,cnbc.com
2018-03-11,"Forget a data breach, consumers give away their personal information on social media",cnbc.com
2018-03-12,FOCUS-Corn as cash: Brazil's bartering farmers raise risks for Canada's Nutrien,cnbc.com
2018-03-12,How YouTube search pushes people toward conspiracy theories and extreme content,cnbc.com
2018-03-12,Trading a high VIX day: 6 picks,cnbc.com
2018-03-12,House GOP leader Kevin McCarthy: Trump's vulgarity gets results — just look at North Korea,cnbc.com
2018-03-12,This is what's at stake for Trump and Congress in the deadlocked Pennsylvania special election,cnbc.com
2018-03-12,Bangladesh airline crashes in Nepal's Kathmandu airport,cnbc.com
2018-03-12,UK's May says 'highly likely' Russia responsible for poisoning of ex-spy,cnbc.com
2018-03-12,Porn star Daniels offers to repay hush money so she can talk about alleged affair with Trump,cnbc.com
2018-03-12,Thousands of Indian farmers march to demand government help,cnbc.com
2018-03-12,"UPDATE 3-Paper Excellence, Suzano duel for $12 bln Fibria deal -sources",cnbc.com
2018-03-12,"GRAINS-Wheat, corn, soy turn higher on technical buying",cnbc.com
2018-03-12,Trump has reportedly narrowed search for Cohn’s replacement to two,cnbc.com
2018-03-12,Amazon Alexa Can Now Make Calls on iPads and Android and Fire Tablets - Fortune,fortune.com
2018-03-12,Trump’s strong words on guns give way to political reality,cnbc.com
2018-03-12,This hypnotist charges half a bitcoin for helping you remember your lost cryptocurrency password,cnbc.com
2018-03-12,"After-hours buzz: SFIX, X, TLYS & MYGN",cnbc.com
2018-03-12,E.ON to buy RWE's stake in Innogy for 5.2 billion euros,cnbc.com
2018-03-12,Lyft says it passed $1 billion in GAAP revenue in 2017,cnbc.com
2018-03-12,Commodities tomorrow: Delay in Aramco IPO could impact oil,cnbc.com
2018-03-12,Meirelles gains edge on Temer as Brazil ruling party eyes 2018 race -sources,cnbc.com
2018-03-12,"E.On, Innogy, RWE shares seen sharply higher on asset swap",cnbc.com
2018-03-12,UPDATE 1-Paper Excellence delivers formal bid for Brazilian pulp producer Fibria -sources,cnbc.com
2018-03-12,Starbucks to rally on sales growth turnaround: JP Morgan,cnbc.com
2018-03-12,"Nerve agent attack on Russian ex-spy looks like 'state-sponsored attempted murder,' British official says",cnbc.com
2018-03-12,"Trump’s metal tariffs are ‘like an atomic bomb’ for European firms, lobbyist says",cnbc.com
2018-03-12,Investors bullish on bitcoin now that the 'Tokyo Whale' has stopped selling,cnbc.com
2018-03-12,EU experts' fake news report draws false conclusions: consumer group,reuters.com
2018-03-12,Farm leader: I have a funding fix for Trump's border wall – and it's not from US taxpayers or Mexico,cnbc.com
2018-03-12,Japan's Coincheck to start repaying customers Monday after digital money heist,reuters.com
2018-03-12,How one woman’s unusual experience with Tinder inspired her to set up a new social network,cnbc.com
2018-03-12,Saudis said to use coercion and abuse to seize billions,cnbc.com
2018-03-12,"Teen killed in Austin explosion, another blast reported",cnbc.com
2018-03-12,Apple to buy digital magazine service Texture,reuters.com
2018-03-12,Trump has already given Kim Jong Un 'everything he wants',cnbc.com
2018-03-12,"UPDATE 2-Paper Excellence, Suzano competing for Fibria deal -sources",cnbc.com
2018-03-12,"Two energy stocks are surging, but the sector is not out of the woods, portfolio manager warns",cnbc.com
2018-03-12,"A actual 'Westworld' isn't reality yet, but not everything about the show is science fiction",cnbc.com
2018-03-12,"As tech hits new highs, one huge stock is sitting out of the rally",cnbc.com
2018-03-12,Ethics watchdog files complaint arguing Trump lawyer's payment to Stormy Daniels violates law,cnbc.com
2018-03-12,Watch: White House takes questions as Storm Daniels offers to return cash to talk freely about Trump,cnbc.com
2018-03-12,"Apple just bought a magazine subscription app, here's what you can do with it",cnbc.com
2018-03-12,Tesla paused Model 3 production for planned upgrade in February,cnbc.com
2018-03-12,Canada Prime Minister Trudeau: We don't link together US tariffs and NAFTA negotiations,cnbc.com
2018-03-12,"Harvard, MIT and Yale among colleges that won't penalize applicants protesting gun violence",cnbc.com
2018-03-12,US is making a 'big mistake' in how it's treating Canada on NAFTA: Former ambassador,cnbc.com
2018-03-12,"Goldman Sachs and General Electric (yes, GE) could see big upside, says technician",cnbc.com
2018-03-12,Trump wants a 'phase two' of tax cuts,cnbc.com
2018-03-12,Trump to meet Saudi crown prince on March 20: White House,cnbc.com
2018-03-12,"The CEO of A&E Networks, Nancy Dubuc, is stepping down and may be going to Vice",cnbc.com
2018-03-12,Saudi Aramco investors forced to 'stay patient’ as IPO is reportedly delayed,cnbc.com
2018-03-12,Shares of Ugg-maker Deckers drop more than 7% after activist fund dumps stake,cnbc.com
2018-03-12,"House intelligence panel's Russia investigation reportedly finishes interviews, nears conclusion",cnbc.com
2018-03-12,Colombians pick candidates in two primaries for May presidential election,reuters.com
2018-03-12,Companies are putting tax savings in the pockets of shareholders,cnbc.com
2018-03-12,Here's how bond investors can position themselves with rates on the rise,cnbc.com
2018-03-13,United Airlines apologizes after a passenger's dog dies after it was placed in an overhead bin,cnbc.com
2018-03-13,U.S. House panel probes corruption allegations at Puerto Rico utility,reuters.com
2018-03-13,"Netflix paid 'The Crown' star Claire Foy less than her male co-star, producers admit",cnbc.com
2018-03-13,"Leclerc, fearing Amazon, to launch Paris food delivery service",reuters.com
2018-03-13,Just two stocks — Boeing and Goldman — have been responsible for keeping the Dow afloat this year,cnbc.com
2018-03-13,GRAINS-Wheat firms as USDA confirms adverse weather has damaged crops,cnbc.com
2018-03-13,"Instant View: US CPI slips slightly in February, as expected - Reuters",reuters.com
2018-03-13,Trump Thinks Repealing This Policy Meant to Protect Minority Students Could Make Schools Safer,fortune.com
2018-03-13,Tech sector tumbles after the Broadcom-Qualcomm deal is blocked,cnbc.com
2018-03-13,U.S. general signals support for Iran nuclear deal,reuters.com
2018-03-13,Out in Africa? Tillerson trip leaves hosts nonplussed,reuters.com
2018-03-13,Goldman's Schwartz reportedly gave company an ultimatum for Blankfein's job and lost,cnbc.com
2018-03-13,You have until April 1 to make this retirement cash withdrawal,cnbc.com
2018-03-13,'Worlds are being disrupted' by our data-driven approach: Splunk CEO,cnbc.com
2018-03-13,Williams-Sonoma CEO Laura Alber on working her way to the top and bringing others with her,cnbc.com
2018-03-13,"After riding the momentum trade, tech investors take some profits",cnbc.com
2018-03-13,"Instant View: US CPI slips slightly in February, as expected - Reuters",reuters.com
2018-03-13,UPDATE 1-Rwandan economy grew 6.1 percent last year,cnbc.com
2018-03-13,Indonesia and Malaysia have elections coming — and religious votes could make the difference,cnbc.com
2018-03-13,South African pro-Zuma group blocks energy deals in blow to Ramaphosa,reuters.com
2018-03-13,Florida prosecutor seeks death penalty for accused school shooter,reuters.com
2018-03-13,Cramer introduces tech's hottest new stock group: the 'cloud kings',cnbc.com
2018-03-13,Former top aide to New York Governor Cuomo found guilty in bribery case,cnbc.com
2018-03-13,Qualcomm falls on blocked Broadcom deal,cnbc.com
2018-03-13,Next 'Fantastic Beasts' movie thrills fans with return to Hogwarts - Reuters,reuters.com
2018-03-13,"Dollar slides after in-line US inflation data, Tillerson ouster - Reuters",reuters.com
2018-03-13,Inflation data is the wild card for markets Tuesday,cnbc.com
2018-03-13,Real estate economist: Home prices are increasing twice as fast as income growth,cnbc.com
2018-03-13,"Austrian far-right chief, TV anchor settle lawsuit over fake news jibe",reuters.com
2018-03-13,Starbucks debuts Gin Barrel-Aged Cold Brew to lure coffee drinkers to Seattle Roastery,cnbc.com
2018-03-13,Bhutan reports outbreak of severe H5N1 bird flu: OIE - Reuters,reuters.com
2018-03-13,White House may impose tariffs on China next for intellectual property theft,cnbc.com
2018-03-13,Watch: Trump speaks at military base in California,cnbc.com
2018-03-13,How to Run a Better Meeting: Advice From Extremely Successful People,wsj.com
2018-03-13,"Dollar falls vs euro, pares gains vs yen after in-line US inflation data - Reuters",reuters.com
2018-03-13,GRAINS-Wheat firms as USDA confirms damage to crops,cnbc.com
2018-03-13,INTERVIEW-Brazil's Bradesco eyes more branch closures -CEO,cnbc.com
2018-03-13,Sri Lanka to lift social media ban: minister,reuters.com
2018-03-13,"Rep. Trey Gowdy disagrees with GOP colleagues in House probe, says Russia wanted to hurt Clinton",cnbc.com
2018-03-13,‘The Lesotho Legend’: The fifth-largest gem diamond in history sells for $40 million,cnbc.com
2018-03-13,GRAINS-Wheat firm on concerns over condition of U.S. crop,cnbc.com
2018-03-13,U.S. picking up Taliban interest in Afghan peace talks: Mattis,reuters.com
2018-03-13,Trump and Tillerson disagreed on key diplomatic issues,cnbc.com
2018-03-13,Vice's Shane Smith on new CEO Nancy Dubuc: 'She is better than me at everything',cnbc.com
2018-03-13,"Brazil's BRF sued in U.S. after ex-CEO arrest, food safety probe",cnbc.com
2018-03-13,Moscow to London: Let us examine nerve agent used in spy poisoning,reuters.com
2018-03-13,Women Filed 118 Gender Discrimination Claims to Microsoft. Microsoft Deemed 1 As 'Founded.' - Fortune,fortune.com
2018-03-13,"In scathing new brief, class action lawyers say DOJ can't meddle in private cases - Reuters",reuters.com
2018-03-13,"Trump said he’d run the White House like a business, but no big business is run like this",cnbc.com
2018-03-13,UPDATE 1-Starbucks signs licensing agreement with Brazil investment firm,cnbc.com
2018-03-13,Cramer Remix: Kudlow is a good choice for arguing with Trump,cnbc.com
2018-03-13,Rwandan economy grew 6.1 percent last year - stats office,cnbc.com
2018-03-13,UPDATE 1-China conditionally approves Bayer's acquisition of Monsanto,cnbc.com
2018-03-13,Navigating the chaos: 5 trades,cnbc.com
2018-03-13,Tech sector tumbles after the Broadcom-Qualcomm deal is blocked,cnbc.com
2018-03-13,Toys R Us prepares plan to liquidate its business,cnbc.com
2018-03-13,"At India Conference, Hillary Clinton Revisits 2016 Election Loss",wsj.com
2018-03-13,Republican senator puts forward bill to quash Trump's new tariffs,cnbc.com
2018-03-13,Microsoft women filed 238 internal discrimination and harassment complaints between 2010 and 2016,cnbc.com
2018-03-13,10 simple saving tricks for millennials,cnbc.com
2018-03-13,Tillerson will give up secretary of State duties at the end of the day,cnbc.com
2018-03-13,GE's Terrible 2017 Means No Executive Bonuses. But Its CEO Pay Is Still Stratospheric - Fortune,fortune.com
2018-03-13,China will merge its banking and insurance regulators,cnbc.com
2018-03-13,Jewish pilgrimage in West Bank a rare sign of Israeli-Palestinian cooperation,reuters.com
2018-03-13,The best social media stock by far this year is not Facebook or Snap — it's Twitter,cnbc.com
2018-03-13,Why there are no real winners in a trade war,cnbc.com
2018-03-13,Watch: Rex Tillerson addresses reporters after being fired by Trump,cnbc.com
2018-03-13,Trump blocks Broadcom-Qualcomm deal,cnbc.com
2018-03-13,U.N. official in Syria expecting a Ghouta evacuation,reuters.com
2018-03-13,Japan will urge G20 to step up on preventing cryptocurrencies for money laundering,cnbc.com
2018-03-13,Exclusive: G20 financial leaders to speak against unfair trade practices - draft communique,reuters.com
2018-03-13,"In Surprise Visit to Kabul, Jim Mattis Stresses Focus on Peace, Reconciliation",wsj.com
2018-03-13,Here are the real reasons Trump blocked Broadcom's Qualcomm takeover,cnbc.com
2018-03-13,Athletic apparel start-up Outdoor Voices raises $34 million in latest round of funding,cnbc.com
2018-03-13,"Trump may impose tariffs on $60 billion of Chinese goods: Reuters, citing source",cnbc.com
2018-03-13,"Amazon is shutting down Vendor Express, a shortcut for wholesalers to sell inventory",cnbc.com
2018-03-13,Florida prosecutor seeks death penalty for accused school shooter,cnbc.com
2018-03-13,Saudi Aramco could skip the red tape and list its IPO at home,cnbc.com
2018-03-13,From Cohn's exit to Tillerson's termination: 8 days that rocked the Trump presidency,cnbc.com
2018-03-13,Airlines cancel more than 700 Boston flights as another winter storm approaches,cnbc.com
2018-03-13,Dick’s Sporting Goods shares tumble on revenue miss,cnbc.com
2018-03-13,The Trump administration is teetering,cnbc.com
2018-03-13,Bank fee potential slashed as Trump ends Broadcom's Qualcomm takeover - Reuters,reuters.com
2018-03-13,Big demand for the new bitcoin and other cryptocurrency funds: Crypto investor,cnbc.com
2018-03-13,Larry Kudlow would be good for Wall Street,cnbc.com
2018-03-13,The State Department is riddled with key vacancies as Trump seeks nuclear talks with North Korea,cnbc.com
2018-03-13,London teenager tells court father forced her to undergo female genital mutilation - Reuters,reuters.com
2018-03-13,Uber for Bikes Could Save Your Commute,wsj.com
2018-03-13,"DeVos, Long Opposed to Federal Gun Control, Takes on School Safety",wsj.com
2018-03-13,Waymo Early Riders Can Hail Actual Driverless Minivans Now - Fortune,fortune.com
2018-03-13,Semiconductor stocks are at their highest since 2000. This should be the talk of Wall Street,cnbc.com
2018-03-13,"Tillerson's firing raises doubts about the Iran nuclear deal, injects uncertainty into oil markets",cnbc.com
2018-03-13,Here are the highest and lowest state and local tax rates,cnbc.com
2018-03-13,BJ's Wholesale Club offers same-day delivery with Instacart,cnbc.com
2018-03-13,A previously withheld video of Mnuchin being heckled at UCLA has been released,cnbc.com
2018-03-13,Commodities tomorrow: Tillerson's exit could be bullish for crude,cnbc.com
2018-03-13,Trump: Kudlow has 'very good chance' at replacing Cohn as top economic advisor,cnbc.com
2018-03-13,Brazil tells meat importers its food safety standards improved -minister,cnbc.com
2018-03-13,US should delay North Korea meeting after Tillerson ouster: Ex-ambassador Richardson,cnbc.com
2018-03-13,Art Cashin: Wall Street sees Tillerson exit as an 'ongoing soap opera' in Trump White House,cnbc.com
2018-03-13,"Media analyst Doug Creutz detail Disney's move into internet content, ESPN worries",cnbc.com
2018-03-13,How China could play a role,cnbc.com
2018-03-13,Ireland refers extradition case to ECJ over Polish law changes,reuters.com
2018-03-13,Factbox: Where could Kim Jong Un meet Donald Trump?,reuters.com
2018-03-13,"Kirk Cousins may sign a 3-year, $84 million contract—here are the 20 highest-paid quarterbacks",cnbc.com
2018-03-14,"Duterte to withdraw Philippines from ICC after ""outrageous attacks"" - Reuters",reuters.com
2018-03-14,US business inventories continue to rise as sales post largest drop in over a year,cnbc.com
2018-03-14,Some BOJ board members urged scrutiny on potential drawbacks of massive stimulus,cnbc.com
2018-03-14,Philippine leader demands review of dropped cases vs. alleged drug kingpins,reuters.com
2018-03-14,Microsoft’s Cloud Is Expanding to Switzerland and the Middle East,fortune.com
2018-03-14,Barclays strikes banking deal with major cryptocurrency exchange Coinbase,cnbc.com
2018-03-14,REPORT: KUDLOW JOINING WHITE HOUSE...,cnbc.com
2018-03-14,Former South Korean president Lee appears for questioning over graft charges,reuters.com
2018-03-14,France to sue Apple and Google over developer fees,cnbc.com
2018-03-14,Retail sales decline for third straight month in February,cnbc.com
2018-03-14,Russia says over 300 people have left Syria's eastern Ghouta: RIA,reuters.com
2018-03-14,UK expels 23 Russian diplomats after spy poisoning,cnbc.com
2018-03-14,"Japan's regional banks are struggling, but analysts like other parts of the sector",cnbc.com
2018-03-14,Turkey's Erdogan says hopes Syria's Afrin town to be captured by Wednesday evening,reuters.com
2018-03-14,OPEC warns Trump’s trade policies could slow economic growth and dent oil demand,cnbc.com
2018-03-14,"WTO chief: If not for body, there would already be trade war",cnbc.com
2018-03-14,ECB’s Angeloni says banks must get ready for end of ECB stimulus,reuters.com
2018-03-14,Trump's growing 'trade cold war’ will have disastrous economic consequences,cnbc.com
2018-03-14,"Brexit negotiations accelerating, German official says",reuters.com
2018-03-14,America Movil to roll out 4.5G in 76 cities by end-2018,reuters.com
2018-03-14,White House hosts meeting on Gaza crisis without Palestinians present - Reuters,reuters.com
2018-03-14,Economists united: Trump tariffs won't help the economy - Reuters,reuters.com
2018-03-14,Google Will Ban Online Ads for Cryptocurrencies and Initial Coin Offerings,fortune.com
2018-03-14,"DOT SAYS IT IS IN CONTACT WITH DEPT OF AGRICULTURE, THE AGENCY THAT ENFORCES ANIMAL WELFARE ACT AND HANDLES COMPLAINTS OF ALLEGED ANIMAL ABUSE",cnbc.com
2018-03-14,"So goes Boeing, so goes the Dow?",cnbc.com
2018-03-14,RPT-INTERVIEW-Brazil's Bradesco eyes more branch closures -CEO,cnbc.com
2018-03-14,Kudlow will help Trump ‘sleepwalk’ into a 'tremendous fiscal collision’: Stockman,cnbc.com
2018-03-14,Goldman Sachs' president has gigs as a DJ around the world,cnbc.com
2018-03-14,Citigroup says 'malicious actor' tried to hack credit cards tied to the Defense Department,cnbc.com
2018-03-14,What Trump's 'Space Force' might look like – and when it would be ready,cnbc.com
2018-03-14,U.S House Democrats vow to continue Russia probe and issue own report,cnbc.com
2018-03-14,Commodities tomorrow: Crude higher on OPEC production decline,cnbc.com
2018-03-14,House passes bill to prevent gun violence in schools in rare bipartisan vote,cnbc.com
2018-03-14,Warby Parker raises $75 million in latest round of funding,cnbc.com
2018-03-14,"House Democrats vow to continue Russia probe, issue own report",reuters.com
2018-03-14,Stephen Hawking dies at the age of 76 - Press Association,reuters.com
2018-03-14,Less of New Mexico's famed chile crop produced in 2017,cnbc.com
2018-03-14,Ford’s F-150 truck franchise alone is worth more than the whole company: Morgan Stanley,cnbc.com
2018-03-14,United Airlines: Owner of dog that died in overhead bin told flight attendant pet was in the bag,cnbc.com
2018-03-14,Data Sheet—What's Behind Apple and Google's Plummeting Public Reputations - Fortune,fortune.com
2018-03-14,Adidas sold 1 million shoes made out of ocean plastic in 2017,cnbc.com
2018-03-14,Use this meditation app to relax during a stressful day at work,cnbc.com
2018-03-14,"Nectome Wants to Preserve Your Brain for Decades, But the Process Will Kill You",fortune.com
2018-03-14,Ageing Japan: Prisons cope with swelling ranks of elderly inmates,reuters.com
2018-03-14,White House hosts meeting on Gaza crisis without Palestinians present,reuters.com
2018-03-14,Remembering Stephen Hawking,wsj.com
2018-03-14,"Twitter CFO: We have a lot of work to do, but everybody in the world can benefit from Twitter",cnbc.com
2018-03-14,Israeli government ends feud that sparked snap election talk,reuters.com
2018-03-14,Trump's sudden Broadcom-Qualcomm ruling could put a serious chill on cross-border M,cnbc.com
2018-03-14,Noble Group signs binding agreement for financial restructuring,cnbc.com
2018-03-14,"Cramer: If you're investing based on Trump's tweets, you're doing it wrong",cnbc.com
2018-03-14,Brazil will go to WTO on US steel tariffs if no quick deal,cnbc.com
2018-03-14,"After-hours buzz: BKS, DDD, WSM & more",cnbc.com
2018-03-14,UK calls for urgent UN Security Council meeting over nerve attack,cnbc.com
2018-03-14,Toys R Us is exploring a plan that could keep 200 stores open even after liquidation,cnbc.com
2018-03-14,"Larry Kudlow, new chief economic advisor to Trump, says China 'has earned a tough response'",cnbc.com
2018-03-14,A controversial study suggests anti-overdose med Narcan increases reckless opioid use,cnbc.com
2018-03-14,YouTube will add Wikipedia links debunking conspiracy theory videos,cnbc.com
2018-03-14,US students to abandon class for 17 minutes to protest gun violence,cnbc.com
2018-03-14,All Toys 'R' Us shops to shut in Britain,cnbc.com
2018-03-14,The incredibly close special election in Pennsylvania could wind up making markets more volatile,cnbc.com
2018-03-14,Facebook is talking with news outlets about creating daily videos for Facebook Watch,cnbc.com
2018-03-14,"Theranos president exaggerated the company's revenue by 1,000x to investors, says SEC",cnbc.com
2018-03-14,Cramer's lightning round: Investing in Disney requires patience,cnbc.com
2018-03-14,Here’s why Keto—the fat-heavy diet—is sweeping the country,fortune.com
2018-03-14,Thomas Friedman: Pompeo has entered one of the worst times in history to be Trump's top US diplomat,cnbc.com
2018-03-14,Rising services costs lift US producer prices in February,cnbc.com
2018-03-14,Larry Kudlow Will Be Trump’s Top Economic Adviser. Here Are His Best and Worst Calls,fortune.com
2018-03-14,Japan leaves door open for PM Abe-Kim Jung Un summit,reuters.com
2018-03-14,Watch out for these red flags that can trigger an IRS tax audit,cnbc.com
2018-03-14,Congressional hearing on cryptocurrencies devolves into bitcoin bash fest,cnbc.com
2018-03-14,YouTube is limiting how much time its moderators spend watching disturbing videos,fortune.com
2018-03-14,"With over 1 billion users, here's how YouTube is keeping pace with change",cnbc.com
2018-03-14,Japan leaves door open for PM Abe-Kim Jung Un summit - Reuters,reuters.com
2018-03-14,"Brainstorm Health: Stephen Hawking and ALS, Theranos Settlement, U.S. Health Spending",fortune.com
2018-03-14,Syria's Afrin cut off from water: U.N.,reuters.com
2018-03-14,"Dwyane Wade donates $200,000 to Parkland victims and sponsors art exhibit in their honor",cnbc.com
2018-03-14,Tillerson's exit has 'very big implications' for oil prices: RBC’s Helima Croft,cnbc.com
2018-03-14,"Here are five top stock ideas from Morgan Stanley including Disney, Cisco",cnbc.com
2018-03-14,Sen. Rand Paul to Oppose Trump’s Nominations for State and CIA,wsj.com
2018-03-14,UK could target Russia's super rich after Moscow stays silent on spy poisoning,cnbc.com
2018-03-14,"The Progress We’ve Made Fighting ALS, the Disease Stephen Hawking Suffered From",fortune.com
2018-03-14,Trump's lawyer cited for Trump campaign contribution above the legal max,cnbc.com
2018-03-14,Irish PM calls for fresh Northern Ireland talks next month,reuters.com
2018-03-14,U.N. envoy urges Cambodia to let opposition stand in election,reuters.com
2018-03-14,Key Republican is talking to the White House about tax plan 'phase two',cnbc.com
2018-03-14,U.S. students ready to walk the walk in support of tough gun laws,reuters.com
2018-03-14,"Japan PM Abe denies involvement by him, wife in discount land sale",reuters.com
2018-03-14,Take a look inside L’Oreal USA's headquarters — but be prepared to feel some serious office envy,cnbc.com
2018-03-14,"Retail remains the ultimate value trap, except for one name, says market watcher",cnbc.com
2018-03-14,President Trump Will Name Larry Kudlow as Economic Adviser,fortune.com
2018-03-14,Slovenian schools closed as teachers strike for wage hikes,reuters.com
2018-03-14,Mortgage refinances fall to decade low,cnbc.com
2018-03-14,"Ford recalls nearly 1.4 million cars, steering wheel can come loose",cnbc.com
2018-03-14,Warren Buffett rejected this entrepreneur’s dinner invitation — but gave her 3 pieces of advice,cnbc.com
2018-03-14,Broadcom drops bid to acquire Qualcomm,cnbc.com
2018-03-14,3 reasons Gen Z activists have changed the gun control conversation when no one else could,cnbc.com
2018-03-14,"Lagging Dow stock Home Depot, in a correction, could run into more trouble",cnbc.com
2018-03-14,The Wall Street Journal: White House aims to reduce bilateral trade surplus with China by $100 Billion,wsj.com
2018-03-14,Democrat Conor Lamb is the apparent winner of Pennsylvania special election in Trump country,cnbc.com
2018-03-14,Google will ban all cryptocurrency-related advertising,cnbc.com
2018-03-14,"‘I hope you’re sitting down before I show you this next chart,’ says trader",cnbc.com
2018-03-14,"Physicist Stephen Hawking, who conquered the stars, dies at 76",reuters.com
2018-03-14,Broadcom ends bid for Qualcomm after President Trump nixes deal,reuters.com
2018-03-14,Watch: Trump gives remarks at Boeing factory,cnbc.com
2018-03-14,"Disney announces strategic reorganization, effective immediately",cnbc.com
2018-03-14,Walmart to expand grocery delivery business to 800 stores by year's end,cnbc.com
2018-03-14,Koch Brothers Continue Tax Reform Push With Ads Targeting Two Senators,fortune.com
2018-03-14,Student Walkout: See Photos of Students Protesting for Gun Control Across the Nation,fortune.com
2018-03-14,Cold-blooded? Study finds female pythons care for their young - Reuters,reuters.com
2018-03-14,GRAINS-Corn falls from 7-month high on protectionist trade fears,cnbc.com
2018-03-14,"U.S. Steel may be ‘worse off’ after tariffs, but it is a 'great short'",cnbc.com
2018-03-14,Singapore starts landmark public hearing on fake news,reuters.com
2018-03-14,"Tim Cook, Barack Obama, Bill Gates and others celebrate Stephen Hawking's life",cnbc.com
2018-03-14,Square closes near all-time high after analyst compares stock to early days of Amazon,cnbc.com
2018-03-14,Microsoft plans to open its first Middle East data centers as it steps up cloud challenge to Amazon,cnbc.com
2018-03-15,"Third court rules Tepco, government liable over Fukushima disaster: media",reuters.com
2018-03-15,Here are 4 of Stephen Hawking's biggest predictions from human extinction to aliens,cnbc.com
2018-03-15,US judge says AT&T-Time Warner merger trial may last 8 weeks - Reuters,reuters.com
2018-03-15,Silicon Valley reeling as Trump chokes off a critical source of talent,cnbc.com
2018-03-15,Credit Suisse is being sued for losses over a controversial financial product,cnbc.com
2018-03-15,Singapore named the world's most expensive city,cnbc.com
2018-03-15,South Korea's Lotte Data Communication says plans IPO,reuters.com
2018-03-15,UPDATE 1-Mexican minister ramps up pressure for speedy NAFTA deal,cnbc.com
2018-03-15,Figure skater Adam Rippon's No.1 trick to save more money,cnbc.com
2018-03-15,"Hawking's death triggers emotional goodbyes, tributes in China",reuters.com
2018-03-15,UPDATE 1-FDA takes fresh step towards curbing U.S. nicotine addiction,cnbc.com
2018-03-15,"Senators to grill Trump's pick for NSA chief on Russia, privacy",reuters.com
2018-03-15,"Solar power, already with growing pains, faces stagnation and headwinds after Trump tariffs",cnbc.com
2018-03-15,"Co-pilot sues Alaska Airlines, alleges flight captain raped her",cnbc.com
2018-03-15,Why Unilever Is Abandoning its U.K. Base for Headquarters in the Netherlands,fortune.com
2018-03-15,"Asia stocks sag, bonds advance amid simmering trade worries - Reuters",reuters.com
2018-03-15,"Cramer: On China trade, 'there's no distance between' Trump and Kudlow now",cnbc.com
2018-03-15,Lawyers for Vatican treasurer question accusers in Australian court,reuters.com
2018-03-15,That Bottled Water You’re Drinking May Contain Tiny Particles of Plastic,fortune.com
2018-03-15,"A once-hot sector is turning cold, and that could signal trouble with the consumer",cnbc.com
2018-03-15,Zimbabwe's Mugabe says never thought Mnangagwa would turn against him,reuters.com
2018-03-15,"Larry Kudlow in White House may help thwart a trade war, long-time bull Art Hogan suggests",cnbc.com
2018-03-15,Pay-ratio rule dings retail industry for opportunities it creates for part-timers,cnbc.com
2018-03-15,Will the Theranos 'indirect' investor lawsuit break new legal ground? - Reuters,reuters.com
2018-03-15,Apple Adds New Website That Teaches Parents How to Better Control Their Children Online,fortune.com
2018-03-15,"Cramer: At Trump's side, Larry Kudlow will be great for the stock market",cnbc.com
2018-03-15,Turkish foreign minister's U.S. visit postponed: spokesman,reuters.com
2018-03-15,U.S. lawmakers seek overhaul of overseas food aid rules,cnbc.com
2018-03-15,"Once harassed herself, South Korean lawyer fights for #MeToo victims",reuters.com
2018-03-15,Malaysia's parliament to be dissolved between March 28-30: The Star,reuters.com
2018-03-15,Brazilian grain producers explore increased use of Panama Canal,cnbc.com
2018-03-15,Balancing act: Chip giant Qualcomm caught between Washington and Beijing,reuters.com
2018-03-15,Sears soars on lower-than-expected fall in comparable sales,cnbc.com
2018-03-15,Incoming Trump adviser Kudlow says strong dollar important for growth,reuters.com
2018-03-15,Blue Apron is heading to the grocery store as customer retention remains elusive,cnbc.com
2018-03-15,"Nestle chairman calls CEO 'man of action,' praises his 1st year",cnbc.com
2018-03-15,"Oil prices stable on healthy demand, but oversupply looms later in 2018",cnbc.com
2018-03-15,"Petrobras class action law suit, tax refinancing weighs on earnings - Reuters",reuters.com
2018-03-15,Alibaba shares jump after report it's considering a Chinese listing,cnbc.com
2018-03-15,"Toys ‘R’ Us closure leaves void for suppliers, endangers 30,000 jobs",reuters.com
2018-03-15,UPDATE 2-Petrobras class action payout triggers deep Q4 loss,cnbc.com
2018-03-15,Six to 10 people killed in Florida foot bridge collapse: senator,reuters.com
2018-03-15,Former Trump campaign manager Manafort files to dismiss charges,reuters.com
2018-03-15,Auto parts maker Magna invests $200 million in Lyft,reuters.com
2018-03-15,Dropbox raises long-term profit outlook in confidential slideshow for prospective investors,cnbc.com
2018-03-15,Dutch shippers sentenced for having ships demolished on Indian beach,reuters.com
2018-03-15,Newly Released Video of Parkland Shooting Appears to Show Deputy Outside,wsj.com
2018-03-15,"Nobel prize winner hospitalized, wife found deceased in Illinois",reuters.com
2018-03-15,"Thai auto heir launches new party, promises to heal political rift",reuters.com
2018-03-15,"China, Russia welcome Korean peace drive: South Korean envoy",reuters.com
2018-03-15,Foreign powers obstruct more Assad gains in Syria - Reuters,reuters.com
2018-03-15,Toys R Us submits plan to close or sell US store-base,cnbc.com
2018-03-15,Philippines says its exit marks 'beginning of the end' for ICC,reuters.com
2018-03-15,Hopes of Brexit transition deal face Irish barrier,reuters.com
2018-03-15,Uber to share its London data in latest charm offensive,reuters.com
2018-03-15,Thousands flee in first mass exodus from Syria’s besieged eastern Ghouta,reuters.com
2018-03-15,U.K. Allies Condemn Russia in United Statement,wsj.com
2018-03-15,"Thanks, Spotify! Radio Broadcaster iHeartMedia Files for Bankruptcy Under Pressure from Competitors - Fortune",fortune.com
2018-03-15,Surplus or Deficit? Trump Quarrels With Canada Over Trade Numbers,wsj.com
2018-03-15,China is ready for a trade war with the US — and it could hurt Americans,cnbc.com
2018-03-15,Regulators raid Amazon Japan on suspicion of anti-trust violation,reuters.com
2018-03-15,Largest U.S. radio company iHeartMedia files for bankruptcy,reuters.com
2018-03-15,Regulators raid Amazon Japan on suspicion of anti-trust violation,cnbc.com
2018-03-15,Asia looks set to follow Wall Street lower as trade concerns weigh,cnbc.com
2018-03-15,"Weathering Trump's skepticism, U.S. officials still fighting global warming",reuters.com
2018-03-15,Trump seems to hint he could pull US troops out of South Korea if he doesn't get his way on trade,cnbc.com
2018-03-15,The Big Lesson Silicon Valley Can Learn From the Theranos Scandal - Fortune,fortune.com
2018-03-15,Walmart patents hint at future where its drones tend the farms,reuters.com
2018-03-15,Trump Organization lawyer reportedly signed porn star gag-order documents,cnbc.com
2018-03-15,White House Aide Tells Wall Street to ‘Relax’ Over Trade Worries,fortune.com
2018-03-15,Moroccan protesters clash with police in poor mining town,reuters.com
2018-03-15,"United States: Mexico’s Cemex faces another U.S. probe, shares drop",reuters.com
2018-03-15,Wells Fargo faces sanctions for auto insurance payouts: Report,cnbc.com
2018-03-15,India eying Boeing's Super Hornet in latest twist to air force procurement,reuters.com
2018-03-15,Cramer Remix: Blast from the past Akamai is in a sweet spot for buying,cnbc.com
2018-03-15,World leaders say ex-spy poisoning was first offensive use of nerve agent in Europe since WWII,cnbc.com
2018-03-15,How Intel Is Moving From Software Fixes to Hardware Redesigns to Combat Specter and Meltdown - Fortune,fortune.com
2018-03-15,Russian voters left guessing at Putin's economic plan - Reuters,reuters.com
2018-03-15,Cramer's lightning round: Hidden giant Cintas is one of my favorite stocks,cnbc.com
2018-03-15,Toys 'R' Us files to liquidate assets,reuters.com
2018-03-15,Exclusive: Wells Fargo faces sanctions for auto insurance payouts - sources,reuters.com
2018-03-15,Wells Fargo CEO defends pay; calls US Senator Warren's criticism 'inappropriate' - Reuters,reuters.com
2018-03-15,Samsung Electronics says to start building new China memory chip line this month,reuters.com
2018-03-15,Japan's 'sontaku' clouds where the buck stops in school scandal,reuters.com
2018-03-15,Video shows Florida deputy outside Parkland high school during rampage,reuters.com
2018-03-15,Hong Kong's judges voice fears over China influence in judiciary,reuters.com
2018-03-15,Trump: 'I had no idea' if what I told Trudeau about trade deficit was true,cnbc.com
2018-03-15,"Dollar drifts higher, but outlook bleak on U.S. political uncertainty",reuters.com
2018-03-15,New Story is a nonprofit that hopes to use 3-D printers to build homes in poor communities,cnbc.com
2018-03-15,"Japan finance minister to skip G20, attend parliamentary debate on controversial land sale: source",reuters.com
2018-03-15,From WSJ.com: WSJD: Tesla’s Make-Or-Break Moment Is Fast Approaching,wsj.com
2018-03-15,This Is the World’s Most Expensive City for 2018,fortune.com
2018-03-15,"U.S. special counsel subpoenas Trump Organization on Russia, other documents",reuters.com
2018-03-16,"Mexican opposition vows continuity on NAFTA team, lauds minister",cnbc.com
2018-03-16,FAA Curbs Helicopter Flights After New York Crash,wsj.com
2018-03-16,"UPDATE 4-Fibria shares fall, Suzano rises on creation of Brazil pulp giant",cnbc.com
2018-03-16,Trump advisor Kevin Hassett: President is 'very serious' about tax plan 'phase two',cnbc.com
2018-03-16,JD.com's finance arm is fundraising at a $20 billion valuation,cnbc.com
2018-03-16,Adobe rises on strong first-quarter earnings,cnbc.com
2018-03-16,Britain says likely that Russia's Putin made decision for nerve agent attack,cnbc.com
2018-03-16,How blockchain could save federal agencies billions,cnbc.com
2018-03-16,"Warren Buffett's next big purchase could be Southwest Airlines, industry analyst speculates",cnbc.com
2018-03-16,"Hong Kong’s Richest Man, a Wartime Refugee Turned Billionaire, Is Retiring",fortune.com
2018-03-16,Here’s What Elizabeth Warren Thinks About Wells Fargo CEO Tim Sloan’s Pay Raise,fortune.com
2018-03-16,"UPDATE 3-Fibria shares fall, Suzano rises on creation of Brazil pulp giant",cnbc.com
2018-03-16,Brazil halts poultry exports to EU from company under probe,cnbc.com
2018-03-16,"Icahn, with 6 percent of Newell Brands shares, hasn't decided which side he's on",cnbc.com
2018-03-16,Toys R Us closures will leave hundreds of vacant stores on the market with few obvious replacements,cnbc.com
2018-03-16,Brazil sees solution for ban on BRF poultry exports to EU,cnbc.com
2018-03-16,Apple will have a March 27th event focused on education,cnbc.com
2018-03-16,"Trump and Kelly reportedly reach a 'truce,' but signs still point to White House turmoil",cnbc.com
2018-03-16,"The Nasdaq just hit a major milestone after a record run, but one trader sees some yellow flags",cnbc.com
2018-03-16,"Toys 'R' Us closings: How Mattel, Hasbro, and Lego will be affected",fortune.com
2018-03-16,Japan Tobacco to buy Russian tobacco group Donskoy in $1.6 billion deal,cnbc.com
2018-03-16,Investors just pumped the most money ever into stock funds for a single week,cnbc.com
2018-03-16,J&J says it's received a $2.1 billion bid for LifeScan diabetes business,cnbc.com
2018-03-16,Chamber of Commerce warns Trump against China tariffs,reuters.com
2018-03-16,This hover backpack lets you defy gravity,cnbc.com
2018-03-16,Tech stock Alibaba is up 90% in the last year and has more room to run: Trader,cnbc.com
2018-03-16,Russia central bank says may switch to neutral monetary policy by year-end,reuters.com
2018-03-16,Russia to expand ‘black list’ of Americans in response to sanctions: RIA,reuters.com
2018-03-16,France's foreign ministry tells reporters to stop all travel to Syria - Reuters,reuters.com
2018-03-16,Struggling crypto-hedge fund says it will still do well even if bitcoin becomes 'Pets.com',cnbc.com
2018-03-16,"ASEAN, Australia reject protectionism amid fears of Trump trade war - Reuters",reuters.com
2018-03-16,FOREX-Dollar retreats vs yen after White House shake-up report - Reuters,reuters.com
2018-03-16,FDA chief worries about a new generation of kids getting hooked on nicotine through vaping,cnbc.com
2018-03-16,JD.com's finance unit aims to raise $1.9 billion in fresh funding: sources,reuters.com
2018-03-16,"Japan February export growth seen slowing, core inflation accelerating",reuters.com
2018-03-16,Housing starts fall more than expected in February,cnbc.com
2018-03-16,CEO who journeyed from a Himalayan village to Wall Street brings his cybersecurity firm public,cnbc.com
2018-03-16,"Bahrain counts on fintech, Saudi ties to revive indebted economy",reuters.com
2018-03-16,Cramer says Republican-led Dodd-Frank rollback could lead to job cuts,cnbc.com
2018-03-16,Cohan: Why Bear Stearns could absolutely happen again on Wall Street,cnbc.com
2018-03-16,"Goldman: Not much upside left for the market here, but these ‘secular growth’ stocks should boom",cnbc.com
2018-03-16,UPDATE 1-South Korea aims for high-level talks about talks with North - Reuters,reuters.com
2018-03-16,"UPDATE 6-Brazil creates pulp giant, expansion plans shelved",cnbc.com
2018-03-16,Bike-sharing companies face an uphill ride in U.S.,reuters.com
2018-03-16,"Intel CEO bucks Broadcom rumors: 'We're heads down' on Altera, Mobileye acquisitions",cnbc.com
2018-03-16,Tiffany quarterly revenue rises 8.5% on strong holiday quarter,cnbc.com
2018-03-16,CVS to offer GSK's new shingles vaccine at stores nationwide,cnbc.com
2018-03-16,These are the top 10 happiest countries in the world,cnbc.com
2018-03-16,INTERVIEW-Brazil presidential contender Gomes would reverse privatizations,cnbc.com
2018-03-16,UPDATE 2-Mexican minister ramps up pressure for speedy NAFTA deal,cnbc.com
2018-03-16,"Cramer: Amazon, Walmart and Target sealed the fate of the toiling Toys R Us",cnbc.com
2018-03-16,"BlackRock adds Microsoft, Aviva executives to board",reuters.com
2018-03-16,"4 behaviors that transform ordinary people into CEOs, according to a study of 2,600 leaders",cnbc.com
2018-03-16,Ikea test kitchen's new menu has Swedish meatballs made out of mealworms,cnbc.com
2018-03-16,"In a first, US blames Russia for cyberattacks on energy grid",cnbc.com
2018-03-16,Samsung faces one of its toughest years yet. But these could be the bright spots,cnbc.com
2018-03-16,Former Qualcomm chairman Jacobs tells board he wants to take chipmaker private: Sources,cnbc.com
2018-03-16,Shares in China's Leshi tumble after 'white knight' chairman resigns,reuters.com
2018-03-16,"Google Doodle Just Honored George Peabody, Financier Who Became the ‘Father of Modern Philanthropy’",fortune.com
2018-03-16,Bitcoin Mining Was Just Banned in a Small Town,fortune.com
2018-03-16,This rare Sam Adams beer is $200 a bottle — and it's illegal in 15 states,cnbc.com
2018-03-16,Overstock.com shares tumble 13% after earnings,cnbc.com
2018-03-16,Congress Wants to Use Blockchain Teach to Make the Government ‘More Efficient’,fortune.com
2018-03-16,Nike Says It’s Reviewing Improper Conduct as Possible CEO Pick Steps Down,fortune.com
2018-03-16,"With sanctions and condemnation, U.S. hints at shift on Russia",reuters.com
2018-03-16,"Industrial output rises on gains in manufacturing, mining",cnbc.com
2018-03-16,Consumer sentiment pops in March to highest level since 2004,cnbc.com
2018-03-16,UPDATE 5-Brazil merges pulp giants with state development bank's blessing,cnbc.com
2018-03-16,"CNBC Transcript: Peter Ingram, President & CEO Hawaiian Airlines | CNBC",cnbc.com
2018-03-16,Qualcomm Director Paul Jacobs will not be re-nominated to board,cnbc.com
2018-03-16,"Broadcom just suffered its biggest drop since June, but still ended a rollercoaster week up",cnbc.com
2018-03-16,"Sugar glut pushes Brazil mills into ethanol, white sugar, washouts",cnbc.com
2018-03-16,Amazon is hiring a former FDA official to work on its secretive health tech business,cnbc.com
2018-03-17,From WSJ.com: WSJD: Why Some ‘Fortnite’ Friends Can’t Play Together,wsj.com
2018-03-17,Xi’s trusted ‘firefighter’ lieutenant becomes China’s vice president,reuters.com
2018-03-17,"Airbags Didn’t Deploy in 6 Head-On Car Crashes, Officials Say",fortune.com
2018-03-17,"Adrian Lamo, Hacker Who Turned In Chelsea Manning, Dies at 37",fortune.com
2018-03-17,China’s parliament re-elects Xi Jinping as president,reuters.com
2018-03-17,YouTube Kids Has Been Promoting Conspiracy-Theory Videos,fortune.com
2018-03-17,Syrian monitor says strikes on Ghouta rebel town kill 30,reuters.com
2018-03-17,Cramer: Betting against Netflix because of its content is a huge mistake,cnbc.com
2018-03-17,Malaysia’s Najib Says Rohingya Crisis Raises Regional Terror Threat,wsj.com
2018-03-17,Australia and Southeast Asian nations to share intelligence to fight terror,cnbc.com
2018-03-17,Cramer's game plan: Navigating 2018's new market challenges,cnbc.com
2018-03-17,Cramer's lightning round: I've got too many headaches to invest in a REIT,cnbc.com
2018-03-17,Xi Jinping is re-elected as China’s president,cnbc.com
2018-03-17,Qualcomm Ousts Paul Jacobs From Board as He Chases Long-Shot Bid for Chip Giant,wsj.com
2018-03-17,"Letter, with bullet, sent to Greek minister working on Macedonia name issue: police",reuters.com
2018-03-17,Tech Giants Set to Face 3% Tax on Revenue Under New EU Plan,fortune.com
2018-03-17,"Trump signs U.S.-Taiwan travel bill, angering China",cnbc.com
2018-03-17,United Technologies CEO: 'We owe investors an answer' on whether we'll break up the company,cnbc.com
2018-03-17,EMERGING MARKETS-LatAm currencies seesaw on U.S. political woes,cnbc.com
2018-03-17,Electronic Arts Will Not Sell ‘Loot Crates’ in Star Wars: Battlefront II,fortune.com
2018-03-17,Fed expected to raise interest rates Wednesday and provide clues about its next moves,cnbc.com
2018-03-17,"Next to exit Trump White House? Odds favor McMaster, online bookie says",reuters.com
2018-03-17,Trump's lawyer seeks $20 million in damages from porn star Stormy Daniels,cnbc.com
2018-03-17,United Airlines Flight Diverted Because of Dog Onboard,fortune.com
2018-03-17,"Facebook suspends SCL, Cambridge Analytica for violating policies",reuters.com
2018-03-17,Thousands of Syrians flee as two major battles rage,reuters.com
2018-03-17,United Technologies CEO: A tit-for-tat tariff battle would be a problem for customers like Boeing,cnbc.com
2018-03-17,"Because markets are 'craving certainty,' a money manager sees sideways trading, for now",cnbc.com
2018-03-18,Maduro challenger shakes up Venezuela's presidential vote,reuters.com
2018-03-18,U.S. and U.K. Lawmakers Demand Investigations of Facebook’s Data Handling,fortune.com
2018-03-18,Congress Braces for Battle Over Massive Spending Bill,wsj.com
2018-03-18,China propaganda kicks into overdrive as 'helmsman' Xi re-anointed president,reuters.com
2018-03-18,Incoming Slovak PM expects to name new ministers in coming week,reuters.com
2018-03-18,Vatican 'Lettergate' scandal comes to a head as text released,reuters.com
2018-03-18,"Washington turmoil has the bull market ‘limping’, but RBC says the S&P at 3,000 still looks likely",cnbc.com
2018-03-18,China Will Block Travel for Those With Bad ‘Social Credit’,fortune.com
2018-03-18,Sri Lanka lifts nationwide state of emergency,reuters.com
2018-03-18,Britain should consider longer EU exit process if needed: lawmakers,reuters.com
2018-03-18,Senior graft-buster appointed head of China's new anti-corruption body,cnbc.com
2018-03-18,"Four killed, some trapped as fire hits hotel in Philippine capital",reuters.com
2018-03-18,U.S. Air Force identifies seven killed in Iraq helicopter crash,reuters.com
2018-03-18,Facebook is facing its biggest test ever — and its lack of leadership could sink the company,cnbc.com
2018-03-18,Lithium-Silicon Batteries Could Give Your Phone 30% More Power,fortune.com
2018-03-18,"MIDEAST STOCKS-Real estate weighs on Dubai in early trade, Saudi firm - Reuters",reuters.com
2018-03-18,Israel says foiled Hamas bid to rebuild Gaza tunnel,reuters.com
2018-03-18,Germany's Seehofer says EU 'patronizing' eastern members on migrants,reuters.com
2018-03-18,"Poison in nerve agent attack could be from UK lab, says Russia's EU ambassador: Report",cnbc.com
2018-03-18,U.K. Has ‘Evidence’ Russia Is Secretly Developing Nerve Agents,wsj.com
2018-03-18,‘Black Panther’ Leads Box Office for Fifth-Straight Weekend,fortune.com
2018-03-18,"Facebook critics want regulation, investigation after data misuse",reuters.com
2018-03-18,Report: Twitter to Ban Many Cryptocurrency Ads,fortune.com
2018-03-18,Now North Korean diplomat heads to Finland amid new diplomatic flurry,reuters.com
2018-03-18,Putin on track for win as Russians head to polls,cnbc.com
2018-03-19,"Saudi Aramco expected to list first on Saudi stock exchange, delaying international debut",cnbc.com
2018-03-19,How Big Pharma Is Using AI to Make Better Drugs,fortune.com
2018-03-19,French consulate employee suspected of smuggling arms to Palestinians: Israel,reuters.com
2018-03-19,From WSJ.com: WSJD: Facebook Ignites Debate Over Third-Party Access to User Data,wsj.com
2018-03-19,"China president's confidante Liu He nominated as a vice premier, Yi Gang as PBOC chief",reuters.com
2018-03-19,US defense contractor CACI attempts to break up General Dynamics' acquisition of CSRA,cnbc.com
2018-03-19,U.S. Supreme Court rejects Arizona challenge to 'Dreamers' program,reuters.com
2018-03-19,Entrepreneurs are driving Asia's wealth creation: Credit Suisse,cnbc.com
2018-03-19,Trump administration preparing list of possible biofuels tweaks -sources,cnbc.com
2018-03-19,"Amid Brexit deal talk, EU summons envoys, media",reuters.com
2018-03-19,President Trump vows to 'liberate' United States from opioid epidemic: 'Failure is not an option',cnbc.com
2018-03-19,"Biggest risk to the market? Democrats, says investor Marc Lasry",cnbc.com
2018-03-19,IBM Built a Computer the Size of a Grain of Salt. Here’s What It’s For,fortune.com
2018-03-19,Michio Kaku: The Quest That Hawking Pioneered – Fortune,fortune.com
2018-03-19,Shanghai stock exchange OKs Didi Chuxing's $1.6 billion shelf offering,reuters.com
2018-03-19,More shoppers want customer service from gadgets over humans: study,reuters.com
2018-03-19,"Over 5 billion people could face water scarcity problems by 2050, UN says",cnbc.com
2018-03-19,"EU agrees Brexit transition, UK renews Irish border vow",reuters.com
2018-03-19,Brazil to launch canal to drought-stricken northeast this year -minister,cnbc.com
2018-03-19,Bitcoin Prices Recover From a Six-Week Low Ahead of G-20 Cryptocurrency Talks,fortune.com
2018-03-19,Trade Associations to Petition Trump Administration to Halt China-Tariff Plans,wsj.com
2018-03-19,Facebook Ignites Debate Over Third-Party Access to User Data,wsj.com
2018-03-19,From WSJ.com: WSJD: Now China’s Internet Giants Are Shaking Up the Car Industry,wsj.com
2018-03-19,EU lawmakers to investigate alleged misuse of Facebook users' data,reuters.com
2018-03-19,Bitcoin is unfolding like the dotcom crash — just 15 times faster,cnbc.com
2018-03-19,Putin savors a big victory after winning six more years as Russia’s president,cnbc.com
2018-03-19,China Names Yi Gang as Its First New Central Bank Chief in 15 Years,fortune.com
2018-03-19,Investor Marc Lasry says Facebook should be regulated like a utility after data debacle,cnbc.com
2018-03-19,"Men aren't willing to shop online as much as women, survey finds",cnbc.com
2018-03-19,What's an NCAA Tournament upset worth? Big bucks,cnbc.com
2018-03-19,Saudi women should have choice whether to wear abaya robe: crown prince,reuters.com
2018-03-19,The Wall Street Journal: Saudi Arabia scales back plan for Aramco’s massive IPO,wsj.com
2018-03-19,"Security advisers from U.S., South Korea, Japan meet on North Korean summits – Seoul",reuters.com
2018-03-19,Apple developing own screens using next-generation MicroLED tech: Bloomberg,reuters.com
2018-03-19,UK government to study cryptocurrency risks in more detail,reuters.com
2018-03-19,Kushner Cos. filed false NYC housing paperwork,cnbc.com
2018-03-19,How Software Maker Tableau Helps Doctors Tame Data,fortune.com
2018-03-19,US Treasury official says no decisions on formal China talks - Reuters,reuters.com
2018-03-19,How the Big Data Revolution in Healthcare Is Putting Patients in Charge,fortune.com
2018-03-19,Norwegian aluminum maker apologizes for pollution in Brazil,cnbc.com
2018-03-19,"Micron, up 50% this year, could see a huge swing on earnings this week",cnbc.com
2018-03-19,Newell Brands appoints four of Carl Icahn's nominees to its board,cnbc.com
2018-03-19,My Greatest Influence: Advice from Extremely Successful People,wsj.com
2018-03-19,Trump's Opioid Battle Plan Includes Seeking More Death-Penalty Prosecutions,wsj.com
2018-03-19,Miami bridge collapse: Seconds separated those who lived and died,cnbc.com
2018-03-19,Commentary: Why Putin is still – genuinely – popular in Russia - Reuters,reuters.com
2018-03-19,Google makes a new push to turn retailers' product searches into cash,cnbc.com
2018-03-19,Trump’s Opioid Battle Plan Includes Seeking More Death-Penalty Prosecutions,wsj.com
2018-03-19,"Trump administration unveils effort to combat opioid crisis, including death penalty for dealers",cnbc.com
2018-03-19,Trading in red: 5 names to buy,cnbc.com
2018-03-19,"US STOCKS-Futures drop as Fed caution, Facebook data leak weighs - Reuters",reuters.com
2018-03-19,Israel accuses French consulate employee of smuggling guns to Palestinians,reuters.com
2018-03-19,Global regulators to work on test bed for fintechs,reuters.com
2018-03-20,Trump's legal team pushes back on reports of shakeup as Mueller probe heats up,cnbc.com
2018-03-20,Saudi Arabia wants a nuclear energy deal with Trump. But there are other countries ready to step in,cnbc.com
2018-03-20,Mark Zuckerberg just lost $9 billion in wealth,cnbc.com
2018-03-20,House Speaker Ryan: Special counsel Mueller 'should be free' to follow through with Russia probe,cnbc.com
2018-03-20,How an informal survey of women at Nike led two top executives to resign,cnbc.com
2018-03-20,"Seeking downside protection, investors show interest in actively managed ETFs",cnbc.com
2018-03-20,Watch: White House briefs press after Trump meets Saudi prince,cnbc.com
2018-03-20,"Salesforce is in advance talks to buy MuleSoft, MuleSoft stock jumps",cnbc.com
2018-03-20,30% of Americans are 'constantly' stressed out about money—but you don't have to be,cnbc.com
2018-03-20,"Doing your homework does lead to better investing returns, academic study suggests",cnbc.com
2018-03-20,"Here's what NBA star Chris Paul did when he got his first big $25,000 check",cnbc.com
2018-03-20,"Exclusive: On Amazon, a quarter of merchants' sales are cross-border",reuters.com
2018-03-20,Suze Orman: Throw away your financial to-do list and do this instead,cnbc.com
2018-03-20,Trump asks Saudi crown prince to share kingdom's wealth by buying more American weapons,cnbc.com
2018-03-20,China and Russia are pursuing hypersonic weapons – and the US can't defend against them,cnbc.com
2018-03-20,"Amazon shares could 'easily' surge 23 percent to hit $1,900 this year, Goldman Sachs says",cnbc.com
2018-03-20,Walmart to bring FedEx shops into 500 of its US stores,cnbc.com
2018-03-20,Art Cashin: Any government crackdown on Facebook will be felt across Silicon Valley and Wall Street,cnbc.com
2018-03-20,"Warren Buffett, one of the world's wealthiest, reimburses Berkshire Hathaway for postage",cnbc.com
2018-03-20,Log in now! EU calls on towns to bid for free WiFi cash,reuters.com
2018-03-20,Credit Suisse head of global equity strategy explains why he still likes tech stocks,cnbc.com
2018-03-20,Credit Suisse says red-hot chip stock Micron has more room to run,cnbc.com
2018-03-20,"US regulators renew scrutiny of menthol, tobacco flavors",cnbc.com
2018-03-20,RPT-U.S. agriculture secretary says exports at risk in tariff disputes,cnbc.com
2018-03-20,Macy's has a lofty goal for its private-label business. Here's why,cnbc.com
2018-03-20,Facebook drops after report that FTC will investigate its use of personal data,cnbc.com
2018-03-20,Here Are Six Ways To Keep Your Brain Healthy,fortune.com
2018-03-20,Euro gains on report of ECB rate-hike debate; sterling jumps,reuters.com
2018-03-20,Spotify will spend nearly $450 million on Google's cloud over 3 years,cnbc.com
2018-03-20,EMERGING MARKETS-LatAm currencies dip ahead of Fed policy meeting,cnbc.com
2018-03-20,Fund managers see 'cracks in the bull' market as trade war fears escalate,cnbc.com
2018-03-20,Peter Thiel is backing a new football league to rival the NFL,cnbc.com
2018-03-20,Xi: Attempts to Divide China Are 'Doomed to Fail',wsj.com
2018-03-20,"Egypt court orders suspension of Uber, Careem licences: judicial sources",reuters.com
2018-03-20,From WSJ.com: WSJD: Facebook Is Pummeled by User-Data Blowback,wsj.com
2018-03-20,Google launches a big news initiative to fight false news and help publishers make money,cnbc.com
2018-03-20,The 10 best law schools in the US,cnbc.com
2018-03-20,Money pours into latest battleground for Democratic party's future,cnbc.com
2018-03-20,Here's how to see which apps have access to your Facebook data — and cut them off,cnbc.com
2018-03-20,Facebook Sent Auditors to Ensure Cambridge Analytica Wasn’t Hiding User Data. The U.K. Said ‘Get Out’,fortune.com
2018-03-20,"No one won Warren Buffett's March Madness grand prize but 8 employees each got $12,500",cnbc.com
2018-03-20,North Korea denuclearization not on the agenda in Helsinki talks: Finland - Reuters,reuters.com
2018-03-20,It's now easier to qualify for the medical expense deduction,cnbc.com
2018-03-20,Fed Chair Powell's first meeting could bring on more market volatility,cnbc.com
2018-03-20,Salesforce agrees to buy Mulesoft in $6.5 billion deal,cnbc.com
2018-03-20,Twitter drops sharply as social media falls under scrutiny,cnbc.com
2018-03-20,Summoned by UK lawmakers...,cnbc.com
2018-03-20,Asian stocks to take cues from slump on Wall Street,cnbc.com
2018-03-20,Tesla shareholders vote on Elon Musk's $2.6 billion pay package Wednesday,cnbc.com
2018-03-20,Walmart Teams Up With FedEx in Joint Challenge To Amazon - Fortune,fortune.com
2018-03-20,Dr. Oz: Why it’s crucial that businesses make sure their employees get enough sleep,cnbc.com
2018-03-20,The 10 best business schools in the US,cnbc.com
2018-03-20,Toyota pauses self-driving car testing following Uber accident,cnbc.com
2018-03-20,Goldman Sachs and the CIA? Gary Cohn was reportedly almost named top spymaster,cnbc.com
2018-03-20,Arianna Huffington avoids 3 common bad habits that can tank your success,cnbc.com
2018-03-20,U.S. agriculture secretary says exports at risk in tariff disputes,cnbc.com
2018-03-20,Amazon just passed Alphabet to become the world's second most valuable company,cnbc.com
2018-03-20,The US can’t ‘wish Putin away.’ It's time to find common ground,cnbc.com
2018-03-20,United Airlines pauses cargo-hold pet transport after missteps,cnbc.com
2018-03-20,Privacy issues emerge as major business risk for Facebook,reuters.com
2018-03-20,"Japan exports slow on Lunar New Year holidays, uptrend intact",reuters.com
2018-03-20,"BOJ members say bank should stick with QE, worried about yen",reuters.com
2018-03-20,Crown Prince Mohammed bin Salman is moving on to his next target: Iran,cnbc.com
2018-03-20,The Secrets of One of Texas’s Best Companies to Work For,fortune.com
2018-03-20,Three ECB policymakers optimistic on inflation despite disappointment,reuters.com
2018-03-20,"Oracle stock drops after underwhelming earnings, as analysts grow skeptical about cloud ambitions",cnbc.com
2018-03-20,FedEx slated to report earnings after the bell,cnbc.com
2018-03-20,"Amazon's secretive medical group is interested in health tech for older people, has talked with AARP",cnbc.com
2018-03-20,Breakingviews - Facebook gives members one more reason to leave - Reuters,reuters.com
2018-03-20,Airline boss reveals the best piece of advice he’s ever been given,cnbc.com
2018-03-20,"Tesla shares enter a bear market amid a ‘make-or-break year’ for automaker, says market watcher",cnbc.com
2018-03-20,FDA considering restricting menthol and other flavors from tobacco products,cnbc.com
2018-03-20,"Here’s how much you really need to earn to take home $100,000",cnbc.com
2018-03-20,Trump talks to Putin following Russian leader's latest landslide re-election,cnbc.com
2018-03-20,Zuckerberg and Sandberg will reportedly stay quiet on Cambridge Analytica until after audit,cnbc.com
2018-03-20,"Cramer's lightning round: I know people worry about Ventas, but I'm not backing down",cnbc.com
2018-03-20,Cramer: Etsy is a buy after proving it can stave off Amazon,cnbc.com
2018-03-20,Ex-Playboy model sues to void hush deal over alleged Trump tryst,cnbc.com
2018-03-20,Zuckerberg has sold more Facebook stock in the last 3 months than any insider at any other company,cnbc.com
2018-03-20,NYC launches investigation into Kushner Cos. false filings,cnbc.com
2018-03-20,"Johnson and Johnson CFO Dominic Caruso to retire in September, to be replaced by Joseph Wolk",cnbc.com
2018-03-20,The top 10 most common remote jobs and how much they pay,cnbc.com
2018-03-20,Brazil's energy ministry shake-up threatens Eletrobras privatization -sources,cnbc.com
2018-03-20,"Facebook is a 'textbook case study on how not to handle a crisis,' NYU professor says",cnbc.com
2018-03-20,Facebook security chief reportedly leaving company after clashes over Russian disinformation,cnbc.com
2018-03-20,Albertsons to launch digital marketplace for smaller brands,cnbc.com
2018-03-20,School officials report a shooting at Maryland high school; 'event is contained' and campus is on lockdown,cnbc.com
2018-03-20,Artificial intelligence is the latest competition for real estate agents,cnbc.com
2018-03-20,Trump loses bid to dismiss defamation lawsuit by 'Apprentice' contestant who says he groped her,cnbc.com
2018-03-20,"There’s a great rotation happening in the markets, and transports could take the driver’s seat",cnbc.com
2018-03-20,"Cambridge Analytica execs claimed firm ran the digital campaign for Trump, report says",cnbc.com
2018-03-20,Today Is the First Day of Spring 2018. Here’s All the Things You Can Get for Free,fortune.com
2018-03-20,Tesla shares drop into bear market territory as Model 3 production worries persist,cnbc.com
2018-03-20,"After-hours buzz: FDX, MULE, CRM & more",cnbc.com
2018-03-20,"Stocks are volatile in the U.S., but it’s even worse across the pond",cnbc.com
2018-03-20,"Amid the tech turmoil, it’s time to ditch FANG and buy Apple, says technician",cnbc.com
2018-03-20,Surge in wealth from stocks and other financial assets may be sending a dangerous signal for the economy,cnbc.com
2018-03-20,"Stocks making the biggest moves premarket: ORCL, FB, PLCE, AAPL, BB, KR, BA & more",cnbc.com
2018-03-20,This service wants to operate cars with remote control when self-driving tech gets confused,cnbc.com
2018-03-20,Trump's steel tariffs will barely hurt China and might start a trade war with European allies,cnbc.com
2018-03-20,These Are the Best Companies to Work for in Texas,fortune.com
2018-03-20,Chipotle names new chief marketing officer,cnbc.com
2018-03-20,"From 'Nirvana' to a 'Led Zeppelin' market, PNC Financial predicts no stairway to heaven for gains",cnbc.com
2018-03-20,Commerce Secretary Wilbur Ross: Judge Trump on his results not what you think might happen,cnbc.com
2018-03-20,Airlines offer free date changes as spring snowstorm threatens travel,cnbc.com
2018-03-20,The Weinstein Company’s Bankruptcy Will Nullify Accusers’ Non-Disclosure Agreements,fortune.com
2018-03-21,New-look Dutch nationalist party set to gain in municipal elections,reuters.com
2018-03-21,"Russia leak angers Trump, frustrates chief of staff: sources",reuters.com
2018-03-21,U.S. cannot predict if will get Iran nuclear accord with Europeans,reuters.com
2018-03-21,EU leaders to warn May on Brexit backsliding: draft,reuters.com
2018-03-21,Mega-hit ‘Fortnite’ game has wiped out $6 billion in market value from industry leader Activision Blizzard,cnbc.com
2018-03-21,Zuckerberg says Facebook 'made mistakes' on Cambridge Analytica,reuters.com
2018-03-21,JP Morgan's CEO to discuss the future of work,cnbc.com
2018-03-21,Google Has Announced a $300 Million Initiative to Support News Organizations,fortune.com
2018-03-21,Twitter is soaring after a big sell-off this week. Here’s how high the stock could go,cnbc.com
2018-03-21,Google reportedly developing blockchain-related product for its cloud platform,cnbc.com
2018-03-21,"Designed in California, made in China: how the iPhone skews U.S. trade deficit",reuters.com
2018-03-21,"A falling dollar will help gold spring out of its trading range, metals expert predicts",cnbc.com
2018-03-21,Europe’s biggest bank says firms are 'turning home' as protectionist fears take hold,cnbc.com
2018-03-21,Academic in Facebook storm worked on Russian 'dark' personality project,reuters.com
2018-03-21,UK prosecutors charge Shoreham airshow crash pilot with manslaughter,reuters.com
2018-03-21,Tusk lays bare EU split on Russia with Putin 'reappointment' dig,reuters.com
2018-03-21,The six ways Facebook plans to prevent another Cambridge Analytica incident,cnbc.com
2018-03-21,Pope names administrator to run Brazil diocese after bishop arrest,reuters.com
2018-03-21,Jimmy Iovine’s Planned Exit From Apple Music Raises Leadership Questions,wsj.com
2018-03-21,Fed Raises Rates and Signals Faster Path Next Year,wsj.com
2018-03-21,The bull market isn't over for investors yet: Credit Suisse,cnbc.com
2018-03-21,"CNBC launches @Work, a conference series focusing on the future of work",cnbc.com
2018-03-21,Narcos producer shows ‘mechanism’ of Brazil corruption in new series,reuters.com
2018-03-21,Tusk confirms Brexit transition offer,reuters.com
2018-03-21,Peru president tenders resignation to Congress: government sources,reuters.com
2018-03-21,"Meredith decides to explore sale of TIME, Sports Illustrated, Fortune, and Money brands",cnbc.com
2018-03-21,"After-hours buzz: FIVE, MLHR & more",cnbc.com
2018-03-21,Attorney General tells prosecutors to seek death penalty in drug cases,reuters.com
2018-03-21,"Small city of Los Alamitos opts out of California's sanctuary law, and mayor says more will follow",cnbc.com
2018-03-21,Plane taking freed Nigerian schoolgirls to capital Abuja: Reuters witness,reuters.com
2018-03-21,Markle’s wedding ring to follow royal tradition of Welsh gold,reuters.com
2018-03-21,"CryptoKitties Wins $12 Million From Investors, Including Early Facebook Believer Andreessen Horowitz",fortune.com
2018-03-21,BMW to double self-driving car testing fleet despite U.S. fatality,reuters.com
2018-03-21,This chart could be flashing a warning sign for the market,cnbc.com
2018-03-21,EU approves Bayer takeover of Monsanto after concessions,cnbc.com
2018-03-21,Elon Musk could make $55 billion from new pay plan…if he delivers,cnbc.com
2018-03-21,"Britain unveils new fintech plans, including cryptocurrencies",reuters.com
2018-03-21,Merkel seeks cohesion and renewal in angst-ridden Germany,reuters.com
2018-03-21,Elon Musk doesn't have to stay CEO to get a $50 billion payout from Tesla,cnbc.com
2018-03-21,Australia edges higher ahead of expected Fed rate hike; Japan closed for holiday,cnbc.com
2018-03-21,The Fed's rate hike is all but baked into the market. Here's what could surprise investors,cnbc.com
2018-03-21,Treasury's Mnuchin says has prepared investment restrictions on China,reuters.com
2018-03-21,Trump defends congratulatory phone call to Russia’s Putin,reuters.com
2018-03-21,How social media is disrupting the art world,cnbc.com
2018-03-21,Russia's foreign ministry says UK's Johnson poisoned with hatred,reuters.com
2018-03-21,Salisbury attack probably linked to Russian election: Britain's Johnson,reuters.com
2018-03-21,Hackers Don’t Want Your Credit Card. They Want Your Medical Records,fortune.com
2018-03-21,"Fed still expects 3 rate hikes this year, but will pick up the pace in 2019",cnbc.com
2018-03-21,Watch: Trump speaks at National Republican Campaign Committee dinner,cnbc.com
2018-03-21,Nigerian politician Ibori appeals against UK fraud conviction,reuters.com
2018-03-21,"Cramer's lightning round: With so many great bank stocks, stay away from Wells Fargo",cnbc.com
2018-03-21,Federal Reserve Interest-Rate Decision—Live Analysis,wsj.com
2018-03-21,"Arizona, Site of Deadly Uber Crash, Pushed to Become Nation’s Test Lab for Driverless Cars",wsj.com
2018-03-21,WhatsApp co-founder just told followers to delete Facebook,cnbc.com
2018-03-21,"Dollar drops the most in nearly 2 months, gold jumps as Fed raises concerns about trade policy",cnbc.com
2018-03-21,Spring Nor’easter Soaks and Slows East Coast,wsj.com
2018-03-21,Chinese carmaker BYD close to completing battery recycling plant,reuters.com
2018-03-21,A Trump trade war with China could hit these industries hardest,cnbc.com
2018-03-21,Information is 'the modern-day weapon' and we're always under attack: Shark Tank's Robert Herjavec,cnbc.com
2018-03-21,Reince Priebus: President's tough trade talk is not populism or nationalism. 'This is Trumpism',cnbc.com
2018-03-21,Kiev tightens requirements for Russians traveling to Ukraine,reuters.com
2018-03-21,"After Days of Silence, Mark Zuckerberg to Publicly Address Facebook’s User-Data Uproar",wsj.com
2018-03-21,"Biden could be a 'pretty serious' Trump opponent, but Democrats won't go there, Reince Priebus says",cnbc.com
2018-03-21,Arise Sir Ringo: Beatles drummer knighted at Buckingham Palace,reuters.com
2018-03-21,"Why One University Wants to Drop Its English, Philosophy, and History Majors",fortune.com
2018-03-21,"Commentary: At 31, my first glimpse of life outside Gaza",reuters.com
2018-03-21,Mark Zuckerberg’s Statement on Controversy Over User Data,wsj.com
2018-03-21,Hamas says searching for suspect in attack on Palestinian PM,reuters.com
2018-03-21,Devolved UK parliaments pass bills to keep current powers after Brexit,reuters.com
2018-03-21,Hypersonic weapons: here's what they are and why the US can't stop them,cnbc.com
2018-03-21,Hollywood actor Michael Sheen takes on Britain’s high-cost lenders,reuters.com
2018-03-21,China sends carrier through Taiwan Strait after Xi warning: report,reuters.com
2018-03-21,Trump to Ramp Up Trade Restraints on China,wsj.com
2018-03-21,BRIEF-CHC Healthcare to pay cash dividend of T$1.1 per share,reuters.com
2018-03-21,"WhatsApp Co-Founder, Who Made Billions from Facebook, Says It’s Time to #DeleteFacebook",fortune.com
2018-03-21,Cramer Remix: Here's how Mark Zuckerberg should respond to Facebook's crisis,cnbc.com
2018-03-21,Facebook shares slide over 2 percent as Cambridge Analytica data breach fallout continues,cnbc.com
2018-03-21,"EU reveals digital tax plan that could penalize GOOGLE, AMAZON, FACEBOOK...",cnbc.com
2018-03-21,Former England soccer star Michael Owen is invested in celebrity cryptocurrencies,cnbc.com
2018-03-21,Marvin Gaye heirs prevail in appeal over ‘Blurred Lines’ plagiarism,reuters.com
2018-03-21,Israel formally acknowledges destroying suspected Syrian reactor in 2007,reuters.com
2018-03-21,A global backlash against tech companies is coming that will burst the 'data/platform bubble': Nomura,cnbc.com
2018-03-21,"GRAINS-Wheat firms, edges up from one-month low as U.S. crops suffer further damage",cnbc.com
2018-03-21,South Korea considers disclosing FX smoothing operation details,reuters.com
2018-03-21,"For investment opportunities in Australia, look beyond banks: Credit Suisse",cnbc.com
2018-03-21,Mississippi governor appoints state Agriculture Commissioner Cindy Hyde-Smith to succeed retiring GOP Sen. Thad Cochran.,cnbc.com
2018-03-22,"Saudi Energy Minister says Saudi Aramco could go public this year, but waiting for optimal time",cnbc.com
2018-03-22,10 percent of Congress is paying back student loans,cnbc.com
2018-03-22,Hollywood actor Michael Sheen takes on Britain's high-cost lenders,reuters.com
2018-03-22,Mexico's wholesale mobile network launches without major carriers,reuters.com
2018-03-22,Arizona police release video of fatal collision with Uber self-driving SUV,reuters.com
2018-03-22,China blames the US for its staggering trade surplus as Trump tariffs loom,cnbc.com
2018-03-22,"U.S., China Sharpen Trade Swords",wsj.com
2018-03-22,Markets brace for shaky Friday after trade war fears pound stock prices,cnbc.com
2018-03-22,BMW delays electric car mass production until 2020 for cost reasons,reuters.com
2018-03-22,German investor morale plunges on U.S. tariffs threat,reuters.com
2018-03-22,Trump attacks 'crazy Joe Biden' after the former VP said he would have 'beat the hell out of' Trump for disrespecting women,cnbc.com
2018-03-22,Cramer's lightning round: Watch the technicals with Canada Goose's stock,cnbc.com
2018-03-22,Marvin Gaye family prevails in 'Blurred Lines' plagiarism case,reuters.com
2018-03-22,Germany’s economic outlook remains ‘largely positive’ despite risks: ZEW,reuters.com
2018-03-22,"Stocks making the biggest moves after hours: Nike, Micron, KB Homes & more",cnbc.com
2018-03-22,"The bond market is doing something it’s never done before, and it could stop the Fed in its tracks",cnbc.com
2018-03-22,Watch: Trump takes part in panel discussion with White House officials,cnbc.com
2018-03-22,Asian shares look set to trade mixed after Fed raises rates,cnbc.com
2018-03-22,Trading Facebook's woes: 4 buys,cnbc.com
2018-03-22,Brazilian prosecutors to investigate Cambridge Analytica,cnbc.com
2018-03-22,Sarkozy says Libya funding accusations make his life ‘hell’ – paper,reuters.com
2018-03-22,"Nike shares pop on earnings beat, signs U.S. sales slump is reversing",cnbc.com
2018-03-22,"Micron, already up 50% this year, could see a big breakout on earnings Thursday",cnbc.com
2018-03-22,"South Korea presidential office proposes two-term presidency, lower voting age",reuters.com
2018-03-22,Here's what the $1.3 trillion defense-friendly spending bill looks like for the military,cnbc.com
2018-03-22,Anthony Bourdain says this how to splurge when you travel,cnbc.com
2018-03-22,Texas serial bomber made a video confession on his cellphone before blowing himself up,cnbc.com
2018-03-22,"Dropbox will price IPO at $21 per share, source says",cnbc.com
2018-03-22,John Dowd quits as Trump's lead lawyer in special counsel's Mueller's Russia probe,cnbc.com
2018-03-22,Leading indicators beat expectations in 4th straight month of gains,cnbc.com
2018-03-22,Southern California is on guard as heavy rains threaten to trigger deadly mudslides,cnbc.com
2018-03-22,Tech giants express concern over Singapore plan to fight fake news,reuters.com
2018-03-22,Presidents George H.W. Bush and Obama shared their March Madness brackets—here's who's ahead,cnbc.com
2018-03-22,Latvia: Latvia to ban shell companies in money laundering clampdown,reuters.com
2018-03-22,Video Shows Final Seconds Before Fatal Uber Self-Driving Car Crash,wsj.com
2018-03-22,US approves potential sale of anti-tank missiles to Saudi Arabia,cnbc.com
2018-03-22,"Tillerson rips DC as 'a very mean-spirited town' after brief, bitter tenure as secretary of State",cnbc.com
2018-03-22,"China 'firmly opposes' tariffs and 'would fight to the end' of a trade war, embassy says",cnbc.com
2018-03-22,Stock market principles needed in crypto world: SEC official,reuters.com
2018-03-22,Facebook CEO Mark Zuckerberg Agrees to Testify Over Cambridge Analytica—Maybe,fortune.com
2018-03-22,Steve Bannon at FT conference: I didn't know about Facebook data mining,cnbc.com
2018-03-22,Bill Ackman scores a quick $100 million profit on Nike in 6 months,cnbc.com
2018-03-22,The market is trying to tell Trump something…,cnbc.com
2018-03-22,"Trump will exempt EU, other allies from steel and aluminum tariffs",cnbc.com
2018-03-22,Mark Zuckerberg called to Congress — 'the buck stops with him:' Rep. Walden,cnbc.com
2018-03-22,Chinese paper says China should prepare for military action over Taiwan,reuters.com
2018-03-22,The five biggest global political risks for the rest of 2018,cnbc.com
2018-03-22,"Protectionism could harm G20 economic growth, must be avoided: EU",reuters.com
2018-03-22,"America's most expensive weapons system, the F-35, is a key symbol of Trump's trade gripe with China",cnbc.com
2018-03-22,America's Changing Workforce: Independent and Gig Workers,wsj.com
2018-03-22,Commodities tomorrow: Recent inventory draws could signal strong driving season,cnbc.com
2018-03-22,North Korea's rubber-stamp parliament to meet in April ahead of inter-Korean summit,reuters.com
2018-03-22,Zambian former cabinet minister facing graft charges: anti-corruption body,reuters.com
2018-03-22,"Facebook COO Sheryl Sandberg: 'It's not a question of if regulation, it's a question of what type'",cnbc.com
2018-03-22,‘I Expect to Remain CEO for the Foreseeable Future’ Says Elon Musk After a Colossal Compensation Deal,fortune.com
2018-03-22,The market fell because of the tariffs: Art Cashin,cnbc.com
2018-03-22,"Watch: China Tests Unmanned Battle Tanks, Could Soon Equip Them with AI",reuters.com
2018-03-22,Watch: Steve Bannon gives first remarks since Cambridge Analytica scandal,cnbc.com
2018-03-22,Shark Tank's Kevin O'Leary: Facebook will survive because 'there's nowhere else to go',cnbc.com
2018-03-22,Co-founder of Facebook forerunner Harvard Connection says Facebook was ‘duped’ in the recent scandal,cnbc.com
2018-03-22,"Toys R Us founder Charles Lazarus dies at 94, as toy empire liquidates",cnbc.com
2018-03-23,Elon Musk: Starting SpaceX and Tesla were 'the dumbest things to do',cnbc.com
2018-03-23,Dell's VMware deal may hinge on how the companies split up value from Dell's tracking stock,cnbc.com
2018-03-23,"Stocks slide, bonds and yen gain as trade war fears drive rush to safety",reuters.com
2018-03-23,"Stocks making the biggest moves premarket: NKE, MU, CSCO, PFE, DBX, WYNN & more",cnbc.com
2018-03-23,Trump fundraises off the Russia probe,cnbc.com
2018-03-23,Greek authorities seize 11 kg of heroin at Athens airport,reuters.com
2018-03-23,How to download a copy of everything Facebook knows about you,cnbc.com
2018-03-23,Convoy departs British embassy in Moscow ahead of expulsion deadline,reuters.com
2018-03-23,Popular tax software may expose users to phishing attacks,cnbc.com
2018-03-23,One killed in southern France supermarket hostage taking: Depeche du Midi newspaper,reuters.com
2018-03-23,China urges US to 'pull back from the brink' as Trump picks trade weapons,cnbc.com
2018-03-23,Senate averts government shutdown with $1.3 trillion spending bill,cnbc.com
2018-03-23,Trump touted his spending bill as a blessing for the military. Here's what the Pentagon is getting,cnbc.com
2018-03-23,Five Dow stocks are in bear market territory. Why Merck and General Electric may be the ones to buy,cnbc.com
2018-03-23,"Trump threatens to veto spending bill over DACA, border wall",reuters.com
2018-03-23,Jimmy Carter says Trump 'reacted quite well' to North Korea invitation,cnbc.com
2018-03-23,Kosovo court clears Grande Mosque imam of inciting terrorism,reuters.com
2018-03-23,Britain urges Israel to improve treatment of detained Palestinian children,reuters.com
2018-03-23,Fighting in Ghouta despite rebel ceasefire attempt: monitor,reuters.com
2018-03-23,Afghan suicide bomber kills at least 10 at wrestling match,reuters.com
2018-03-23,Italy's Berlusconi accuses League ally of betrayal over senate job,reuters.com
2018-03-23,Box stock falls on Dropbox IPO day,cnbc.com
2018-03-23,What Warren Buffett says to do when the market tanks,cnbc.com
2018-03-23,Trump consumer watchdog quietly drops payday loan collector case and considers spiking others,cnbc.com
2018-03-23,Chinese navy to carry out combat drills in South China Sea,reuters.com
2018-03-23,"In Twitter rant, Elon Musk says he's deleting Tesla and SpaceX Facebook accounts",cnbc.com
2018-03-23,Ben Mezrich — who wrote the book on Facebook — says our relationship with the social network is 'built on lies',cnbc.com
2018-03-23,Zambia's main opposition party seeks to impeach President Lungu,reuters.com
2018-03-23,Spanish judge says will try 13 Catalan separatist leaders for rebellion,reuters.com
2018-03-23,Veteran trader Art Cashin: 'We need things to calm down' in DC to get market going,cnbc.com
2018-03-23,"GE's businesses are worth 25% or more in a breakup than previously estimated, analyst says",cnbc.com
2018-03-23,PRO Talks: Wells Fargo's Darrell Cronk on why it may be time to move away from tech,cnbc.com
2018-03-23,Trump says John Bolton will replace HR McMaster as national security advisor,cnbc.com
2018-03-23,Google to remove videos on slain Rio de Janeiro councilwoman,cnbc.com
2018-03-23,Cardi B wants to know where her taxes go—here's the answer,cnbc.com
2018-03-23,"Sarkozy vows to vanquish 'Gaddafi gang', fights barring order",reuters.com
2018-03-23,Coffee may give more profit than soy in Brazil's new farming frontier,cnbc.com
2018-03-23,Europeans eye Russian expulsions over UK spy attack,reuters.com
2018-03-23,"Goldman predicts 'significant' returns at Cisco, adds to top stock list",cnbc.com
2018-03-23,"The rapid transformation of transport, part three",cnbc.com
2018-03-23,"Canada says it's optimistic about NAFTA talks, but it's also diversifying trade ties",cnbc.com
2018-03-23,Boeing says it won't appeal a trade ruling on Bombardier,cnbc.com
2018-03-23,We won't seriously consider an IPO over the next few years: Petronas Lubricants chief,cnbc.com
2018-03-23,"Apartment blaze in Ho Chi Minh City kills 13, injures 27",reuters.com
2018-03-23,Ukraine's Savchenko goes on hunger strike over detention,reuters.com
2018-03-23,Dropbox Shares Jump in Market Debut,wsj.com
2018-03-23,"Exclusive: Trump official quietly drops payday loan case, mulls others - sources",reuters.com
2018-03-23,"Fed's Bostic: Fed 'at or near' goals, further rate hikes needed",cnbc.com
2018-03-23,"Dropbox started with a couple of checks written for $15,000 -- today it's worth $12 billion",cnbc.com
2018-03-23,Here’s how much the stock market is still up since Donald Trump took office,cnbc.com
2018-03-23,"Tariff retaliations 'absolutely not' done, China will 'come back hard': Former Bush advisor",cnbc.com
2018-03-23,Europeans eye Russian expulsions over UK spy attack,reuters.com
2018-03-23,"Wayne Huizenga, Entrepreneur Behind Blockbuster and AutoNation, Dies at 80",wsj.com
2018-03-23,"The economy looks weak in the first quarter, but better days are coming",cnbc.com
2018-03-23,"A child dies, a child lives: why Somalia drought is not another famine",reuters.com
2018-03-23,"Special Report: Private equity star's picks shine, until cash-out time",reuters.com
2018-03-23,"EU leaders confirm Brexit transition offer, joint trade line",reuters.com
2018-03-23,Bank of America in $42 million settlement over 'masking' electronic trading activities with customers,cnbc.com
2018-03-23,UK High Court grants Cambridge Analytica search warrant to ICO,cnbc.com
2018-03-23,Bill Gates and Richard Branson are betting lab-grown meat may be the food of the future,cnbc.com
2018-03-23,New home sales fall for third straight month in February,cnbc.com
2018-03-23,"China Started the Trade War, Not Trump",wsj.com
2018-03-23,JP Morgan said to examine spin-off of its blockchain project to win wider adoption,cnbc.com
2018-03-23,Killings flare again in cockpit of Congo's war,reuters.com
2018-03-23,China urges U.S. away from ‘brink’ as Trump picks trade weapons,reuters.com
2018-03-23,Companies are taking action on gun control because the government won't: CNBC survey,cnbc.com
2018-03-23,"'Great Pacific Garbage Patch' has grown to twice the size of Texas, study finds",cnbc.com
2018-03-23,Toys R Us liquidation sales start after a brief delay,cnbc.com
2018-03-23,Japan welcomed 20% more tourists in 2017 — and the number is growing,cnbc.com
2018-03-23,The first non-stop flight between Europe and Australia is ready for takeoff,cnbc.com
2018-03-23,Pivotal Software publicly files for IPO,cnbc.com
2018-03-23,Kremlin says to cut defence budget to 3 percent of GDP by 2022: RIA,reuters.com
2018-03-23,China responds to Trump tariffs with proposed list of 128 US products to target,cnbc.com
2018-03-23,Small businesses weigh in on possibility of a trade war,cnbc.com
2018-03-23,Trump security pick John Bolton likely to turned up heat on Iran and drive up oil prices,cnbc.com
2018-03-23,U.S. showcases stealth fighter training on amphibious carrier,reuters.com
2018-03-23,"France attacker known for petty crimes, not considered Islamist threat: minister",reuters.com
2018-03-23,How to Delete Your Facebook Account (or Take Less Drastic Measures),wsj.com
2018-03-23,Samsung Elec expects uncertainty from protectionism in 2018: chairman,reuters.com
2018-03-23,'Don't do it': Top corporate brass tell CNBC survey that Trump's trade war is a mistake,cnbc.com
2018-03-23,Conservatives rip Trump for signing massive spending bill that ignores many of their priorities,cnbc.com
2018-03-23,Stocks are having their worst week in over a month. Here are the key levels to watch,cnbc.com
2018-03-23,Global markets slump as trade tensions escalate,cnbc.com
2018-03-23,House spending bill restores funding for West Coast earthquake warning system,cnbc.com
2018-03-23,"Before vote, Sisi says Egypt strengthened during his presidency",reuters.com
2018-03-23,Qatar has made massive changes to its foreign investment policies,cnbc.com
2018-03-23,Tapestry picks former Michael Kors exec Anna Bakst as CEO of Kate Spade,cnbc.com
2018-03-23,"Nature's 'alarming' decline threatens food, water, energy: U.N.",reuters.com
2018-03-23,Mexican leftist extends lead in presidential race: poll,reuters.com
2018-03-23,Kentucky Senate passes bill restricting abortion procedure,reuters.com
2018-03-23,More women are breadwinners but most say men don't treat them as equals at work,cnbc.com
2018-03-23,U.S. charges Iranians for global cyber attacks on behalf of Tehran,reuters.com
2018-03-23,"Turkey in talks to buy missile defense systems from U.S., Eurosam: foreign ministry spokesman",reuters.com
2018-03-23,Russia names Putin's new 'super weapons' after a quirky public vote,reuters.com
2018-03-23,Stocks Slide as China-U.S. Trade Conflict Kicks Off,wsj.com
2018-03-23,"Crisscrossing Irish border, locals crave status quo after Brexit",reuters.com
2018-03-23,Trump urged to push ahead with trillion-dollar infrastructure plans by global finance execs,cnbc.com
2018-03-23,"US warship sails near disputed islands in South China Sea, officials say",cnbc.com
2018-03-23,Steve Wynn sells entire stake in Wynn Resorts,cnbc.com
2018-03-23,Tencent loses $24 billion in market cap after Naspers' selldown,cnbc.com
2018-03-23,Asian stocks poised to slump on trade jitters,cnbc.com
2018-03-23,"John Bolton is the 'wrong' choice for National Security Advisor, says retired US Army officer",cnbc.com
2018-03-23,Surging demand for aircraft lifts US durable goods orders 3.1% in February,cnbc.com
2018-03-23,"The rapid transformation of transport, part one",cnbc.com
2018-03-23,South Africa's Ramaphosa changes Zuma rule on influence-peddling inquiry,reuters.com
2018-03-23,PM May welcomes confirmed EU Brexit transition offer,reuters.com
2018-03-23,Justice Department indicts Iranians in Iran government-backed cyber scheme against US universities,cnbc.com
2018-03-23,"'Zionist hawk', 'stalwart friend': strong words greet Bolton nomination",reuters.com
2018-03-23,JP Morgan: 'Goldilocks' stock conditions ahead after Fed decision,cnbc.com
2018-03-23,China’s Shift Away From Exports Provides Cushion Against Tariffs,wsj.com
2018-03-23,Taiwan says should educate its youth on dangers of China,reuters.com
2018-03-23,GlaxoSmithKline pulls out of $20 billion race for Pfizer's consumer health-care business,cnbc.com
2018-03-23,"Facebook fell 13 percent this week to below $160, the worst week since July 2012",cnbc.com
2018-03-23,Wells Fargo says four top risk management executives to retire: WSJ,cnbc.com
2018-03-23,Vietnam scraps South China Sea oil drilling project under pressure from Beijing: BBC,reuters.com
2018-03-23,"May welcomes Brexit transition, trade talks loom",reuters.com
2018-03-23,Russia's Putin says focus in new term will be improving living standards,reuters.com
2018-03-23,British PM now faces biggest test: a Brexit trade deal to keep everyone happy,reuters.com
2018-03-23,Facebook Scandal: What to Know About Cambridge Analytica and Your Data,wsj.com
2018-03-23,Thousands join 'Black Friday' marches against Polish abortion restrictions,reuters.com
2018-03-23,"Britain, EU make significant progress in Brexit talks: May",reuters.com
2018-03-23,Stock market volatility could kill this risky Social Security strategy,cnbc.com
2018-03-23,"Turkey targets 155 suspected Gulenists in new operations, police, media say",reuters.com
2018-03-23,"Some charges to be dropped against Vatican treasurer Pell, court hears",reuters.com
2018-03-23,Cramer says fears of artificial intelligence added to the market sell-off,cnbc.com
2018-03-23,France's president sees popularity hit record low: poll,reuters.com
2018-03-23,"Exclusive: U.S. warship sails near disputed islands in South China Sea, officials say",reuters.com
2018-03-23,The US and its Asia Pacific allies are boosting security ties — that could upset China,cnbc.com
2018-03-23,Trump threatens to veto omnibus spending bill over DACA and the border wall,cnbc.com
2018-03-23,Starbucks has closed its US pay gap—here are 4 other companies that have too,cnbc.com
2018-03-23,China condemns U.S. navy operation in South China Sea,reuters.com
2018-03-23,"One vet scammed over $700,000 and a Purple Heart in a rising wave of benefits fraud",cnbc.com
2018-03-23,Watch: Trump to sign $1.3 trillion spending bill hours after veto threat: Sources,cnbc.com
2018-03-23,FDA continues its tobacco regulation overhaul. This time the focus is premium cigars,cnbc.com
2018-03-23,Europeans to unveil new steps against Russia over UK spy attack,reuters.com
2018-03-23,Whole Foods reportedly trims staff in wake of Amazon acquisition,cnbc.com
2018-03-23,No laughing matter: China regulator bans TV parodies amid content crackdown,reuters.com
2018-03-23,Cramer on Trump's China tariffs: Beijing is so ready for the US 'it's embarrassing',cnbc.com
2018-03-23,"Mexico leftist softens stance on new $13 billion airport, calls for review",reuters.com
2018-03-23,Abbott's Alere resolves US diagnostic device probe for $33.2 million,cnbc.com
2018-03-23,How to surf the web anonymously and keep Chrome from tracking you,cnbc.com
2018-03-23,"China hosts Visegrad group, calls them 'dynamic force' in EU",reuters.com
2018-03-23,"China could face higher prices for fruit, nuts in tariff battle with US, but even that's not certain",cnbc.com
2018-03-23,"Target, Kroger shares rise on merger report, but source tells CNBC there is no deal",cnbc.com
2018-03-23,Why the massive gun control march on Washington should scare both the GOP and Democrats,cnbc.com
2018-03-23,Deutsche Bank set to rake in $1.7 billion as its asset management arm goes public,cnbc.com
2018-03-23,Three Dead in France in Terrorist Attack,wsj.com
2018-03-23,GSK pulls out of $20 billion race for Pfizer assets,reuters.com
2018-03-24,"Exclusive: Comoros passport scheme was unlawful, abused by 'mafia' networks - report",reuters.com
2018-03-24,China says ready to defend its interests in U.S. trade spat,reuters.com
2018-03-24,Trump's new security adviser known for clashes with spy agencies,reuters.com
2018-03-24,"German economy likely to grow by 2.6 percent this year, 2.1 percent next: Ifo",reuters.com
2018-03-24,Britain's Times condemns Egypt over journalist's deportation,reuters.com
2018-03-24,The Catholic Church - coming to a Starbucks near you?,reuters.com
2018-03-24,Bulgarian border officers suspended over airport security lapse,reuters.com
2018-03-24,Former Catalan leader facing arrest in Finland,reuters.com
2018-03-24,California police shooting of unarmed black man forcing look at policies,reuters.com
2018-03-24,Y Combinator notched its first IPO with Dropbox,cnbc.com
2018-03-24,Trump issues ban against most transgender troops serving in the military,cnbc.com
2018-03-24,This wedding savings strategy is easier said than done,cnbc.com
2018-03-24,How to Delete Your Facebook Account – And Why It’s So Hard to Do,fortune.com
2018-03-24,Thai protesters demand army stop supporting ruling junta,reuters.com
2018-03-24,Cyber Saturday—The Case For and Against #DeleteFacebook,fortune.com
2018-03-24,French policeman who took place of hostage dies of gunshot wounds,reuters.com
2018-03-24,China warns US it will defend own trade interests,reuters.com
2018-03-24,Croatians protest against European treaty they say threatens traditional family,reuters.com
2018-03-24,Peru political crisis thrusts engineer-turned-diplomat into power - Reuters,reuters.com
2018-03-24,New data leak hits India's national ID card database Aadhaar: ZDNet,reuters.com
2018-03-24,Peruvian judged bars ex leader Kuczynski from leaving country,reuters.com
2018-03-24,North America's largest steel tube CEO says tariffs are first step in revamping trade,cnbc.com
2018-03-24,UK investigators search London office of firm at center of Facebook data storm,reuters.com
2018-03-24,DoorDash CEO Tony Xu: We need to know about every pothole and parking spot to perfect food delivery,cnbc.com
2018-03-24,India queries Cambridge Analytica over alleged Facebook data breach,reuters.com
2018-03-24,Experts Break Down the Self-Driving Uber Crash,wsj.com
2018-03-24,The creators of Apple Siri built a robot that can dismantle bombs or perform surgery,cnbc.com
2018-03-24,Ivorians vote in senate poll likely to shore up president's power,reuters.com
2018-03-24,106 passengers stranded in Germany due to drunken co-pilot,cnbc.com
2018-03-24,China says ready to defend its interests in US trade spat - Reuters UK,reuters.com
2018-03-24,"As Syrian rebels quit Ghouta, Douma stands alone",reuters.com
2018-03-24,"Fear grips US agriculture industry as China proposes hefty duties for pork, wine and fruit",cnbc.com
2018-03-24,China warns US it will defend its own trade interests,cnbc.com
2018-03-24,Magnitude 6.8 quake hits near Papua New Guinea: USGS,reuters.com
2018-03-24,Moscow says Europe 'unpredictable and aggressive' over Skripal: RIA,reuters.com
2018-03-24,Cramer Remix: The one bright spot after a tough week,cnbc.com
2018-03-24,The Key to Understanding Facebook's Current Crisis,wsj.com
2018-03-24,"Stocks now in downward spiral, as political risk becomes bigger threat than rising interest rates",cnbc.com
2018-03-24,South Korea says North agrees to hold summit preparation talks on March 29,reuters.com
2018-03-24,Hundreds of thousands set to march for tighter U.S. gun controls,reuters.com
2018-03-24,Ghana votes to host U.S. military; opposition boycotts vote,reuters.com
2018-03-24,"Car bomb explodes in Egypt's Alexandria, one killed: interior ministry",reuters.com
2018-03-24,Justice Department to ban bump stocks,reuters.com
2018-03-24,UK investigators search London office of firm at center of Facebook data storm,cnbc.com
2018-03-24,Trump moves to limit transgender individuals from military service,reuters.com
2018-03-24,Justice Department proposes rule that would effectively ban bump stocks,cnbc.com
2018-03-24,Exclusive: Slim doubles down on Mexico City airport amid turmoil - sources,reuters.com
2018-03-24,Exiled rights activist accuses Bahrain of persecuting kin,reuters.com
2018-03-24,Top economists and business leaders weigh in on the risks of a US-China trade war,cnbc.com
2018-03-24,Russian soccer World Cup city razes 'love it or hate it' Soviet-era landmark,reuters.com
2018-03-24,French hero officer who swapped himself for hostage dies,cnbc.com
2018-03-24,Turkey takes full control of Syria's Afrin: military source,reuters.com
2018-03-24,Greek shipping tycoon denies drugs charges,reuters.com
2018-03-24,"Ulta, Gap, Target and more: These retailers are still opening stores in 2018",cnbc.com
2018-03-24,"Start-up factory Y Combinator notched its first IPO with Dropbox, and others are on the horizon",cnbc.com
2018-03-24,Bomb kills two in Alexandria ahead of Egypt presidential vote,cnbc.com
2018-03-24,Rio Tinto CEO predicts 'common sense would prevail' amid escalating trade tensions,cnbc.com
2018-03-24,Italian election winners reach deal on parliamentary speakers,reuters.com
2018-03-24,Sierra Leone court upholds injunction to delay election run-off,reuters.com
2018-03-24,Oh Snap: Model Chrissy Teigen tells social media followers that she'll stop using Snapchat,cnbc.com
2018-03-24,Cramer's game plan: Be prepared for more White House chaos,cnbc.com
2018-03-24,"Meet the man who created Apple's most iconic sounds: Sosumi, the camera click and the start-up chord",cnbc.com
2018-03-25,Former Catalan leader Puigdemont detained in Germany: lawyer,reuters.com
2018-03-25,Egypt Strongman’s Heavy Lift: Getting People to Vote,wsj.com
2018-03-25,Academy of Motion Pictures chief denies sexual harassment allegation: report,reuters.com
2018-03-25,Kremlin: British accusations over Skripal poisoning 'border on banditry',reuters.com
2018-03-25,Steven Seagal-Endorsed Bitcoin Knockoff Gets Strong Regulatory Warnings,fortune.com
2018-03-25,Waymo Chief Confident Alphabet Unit's Self-Driving Technology Could Avoid Uber-like Incident,wsj.com
2018-03-25,"Keep shouting, don’t become anesthetized, pope tells young people",reuters.com
2018-03-25,From WSJ.com: WSJD: How Facebook’s Past Data Policies Led to Its Current Crisis,wsj.com
2018-03-25,"Facebook Harvested Detailed Call and SMS Logs For Years, Report Says",fortune.com
2018-03-25,U.S. Treasury Chief Sees No ‘Big Impact on the Economy’ From Trade Actions,wsj.com
2018-03-25,"Cricket: Steve Smith, David Warner step down amid ball-tampering probe",reuters.com
2018-03-25,Detention of Catalonia’s Former Leader Caps Haphazard Week for Separatists,wsj.com
2018-03-25,Former Catalan leader Puigdemont detained in Germany: lawyer,reuters.com
2018-03-25,"Austin bomb suspect called self a 'psychopath,' congressman says",reuters.com
2018-03-25,From WSJ.com: WSJD: Waymo Chief Confident Tech Could Avoid Uber-like Incident,wsj.com
2018-03-25,"In Israeli court, a woman confronts Palestinian who stabbed her - Reuters",reuters.com
2018-03-25,"For U.S. Farmers, China Tariffs’ Timing Is Harsh",wsj.com
2018-03-26,"Cryptocurrency litecoin falls 10% after payments processor 'LitePay' closes; 'We got too excited,' coin founder says",cnbc.com
2018-03-26,"Facebook saves extensive call, text data made by Android users: Ars Technica",cnbc.com
2018-03-26,Saudi crown prince and Softbank chief are hunting for investments in New York,cnbc.com
2018-03-26,Travelport surges 17% after Paul Singer's hedge fund reportedly in talks to get financing for bid,cnbc.com
2018-03-26,"Citi, Goldman and rivals ramp up Brazil banker poaching war",cnbc.com
2018-03-26,Peru: New Peruvian leader vows to fight corruption ‘at any cost’,reuters.com
2018-03-26,Former Google career coach shares the easy morning routine that will make you more successful,cnbc.com
2018-03-26,A high-level North Korean official may be visiting Beijing,cnbc.com
2018-03-26,North Korean official calls on the US to come out with a 'serious attitude' for positively contributing to peace on the Korean peninsula,cnbc.com
2018-03-26,China willing to talk trade,cnbc.com
2018-03-26,What's working: Defense stocks,cnbc.com
2018-03-26,JP Morgan offers Amazon Alexa functionality to its Wall Street clients,cnbc.com
2018-03-26,Art Cashin: Wall Street's rebound shows that investors are getting used to Trump's 'Art of the Deal',cnbc.com
2018-03-26,BRIEF-Ma Kuang Healthcare Holding says 2017 dividend payment,reuters.com
2018-03-26,South Africa's Zuma to appear in court on April 6 on graft charges,reuters.com
2018-03-26,You're probably using the wrong credit card. Here's how to fix that,cnbc.com
2018-03-26,Russia asks Twitter users how to retaliate against the US for expelling diplomats,cnbc.com
2018-03-26,We have to recognize that China is 'a great power': Former US defense secretary,cnbc.com
2018-03-26,Stormy Daniels Says Fear Drove Pact With a Donald Trump Lawyer,wsj.com
2018-03-26,McConnell wants hemp removed from controlled substance list,cnbc.com
2018-03-26,High-level North Korean official may be visiting Beijing: Japanese media,reuters.com
2018-03-26,Wisconsin teens take anti-gun march to House Speaker Ryan's hometown,reuters.com
2018-03-26,"In face of Ghouta defeat, Syrian rebels blame each other",reuters.com
2018-03-26,"Twitter Said It Would Protect Parkland Students, But This Fake Photo of Emma Gonzalez Still Went Viral",fortune.com
2018-03-26,"U.S., States Step Up Pressure on Facebook",wsj.com
2018-03-26,US gas prices rise 7 cents a gallon over past 2 weeks,cnbc.com
2018-03-26,"Slovak journalist's murder was contract killing, prosecutor says",reuters.com
2018-03-26,Shares of cryptocurrency play Longfin drop after short seller Citron calls it a 'pure stock scheme',cnbc.com
2018-03-26,China says it's willing to hold talks with the US to resolve trade differences,cnbc.com
2018-03-26,Catalan ex-head Puigdemont to appear in German court after protests flare,reuters.com
2018-03-26,From WSJ.com: WSJD: Facebook and Google Face Emboldened Antagonists: Big Advertisers,wsj.com
2018-03-26,China accuses U.S. of arrogance for Xi criticism at rights forum,reuters.com
2018-03-26,Saudi air force intercepts missile over Riyadh – state television,reuters.com
2018-03-26,Walmart unit Jet.com taps Tesco veteran Simon Belsham as president,cnbc.com
2018-03-26,Facebook stock craters after FTC launches data leak investigation,cnbc.com
2018-03-26,Fed's Dudley pushes to change pay structure for bank execs and wants them held liable for scandals,cnbc.com
2018-03-26,Discussing US-China trade tensions,cnbc.com
2018-03-26,We now know the identity of the second big activist investor building a stake in United Technologies: Dan Loeb,cnbc.com
2018-03-26,North Korea leader Kim Jong Un visits China: Bloomberg,reuters.com
2018-03-26,Cambridge Analytica accused of violating US election law in new complaints,cnbc.com
2018-03-26,Buffett-backed building products maker USG rejects buyout offer from Germany's Knauf,cnbc.com
2018-03-26,Concerns about a trade war are likely overblown: Investment advisor,cnbc.com
2018-03-26,"From WSJ.com: WSJD: Spotify’s Numbers Show Growth, and Maybe a Path to Profits",wsj.com
2018-03-26,Kevin Hassett: US firms get crushed by China's 'forced' joint ventures,cnbc.com
2018-03-26,"From WSJ.com: WSJD: The Chips Are Down for Toshiba, Thanks to China",wsj.com
2018-03-26,Tariffs are going to increase prices for Americans: Researcher,cnbc.com
2018-03-26,Uber sells Southeast Asia business to Grab after costly battle,reuters.com
2018-03-26,"Twitter bans cryptocurrency advertising, joining other tech giants in crackdown",cnbc.com
2018-03-26,Military man Sisi vows to safeguard Egypt's security,reuters.com
2018-03-26,UPDATE 1-US sends China to-do list to reduce trade imbalance - WSJ,reuters.com
2018-03-26,"FTC says it's probing Facebook, stock drops 5%",cnbc.com
2018-03-26,China stocks slump for 4th day on trade war fears; Hong Kong also down - Reuters,reuters.com
2018-03-26,Row over vetting Ukraine judges prompts U.S.-backed body to quit,reuters.com
2018-03-26,Wall Street bonuses jump 17% to pre-crisis levels,cnbc.com
2018-03-26,"Stock market rebound is so far passing a very important test, but it's not all clear yet",cnbc.com
2018-03-26,"Spotify sees 2018 revenue growing 20-30 percent, slower than 2017",reuters.com
2018-03-26,"With first death in Riyadh, the Saudi-led war in Yemen hits home",reuters.com
2018-03-26,"Remington, the U.S.’s Oldest Gunmaker, Just Filed for Bankruptcy",fortune.com
2018-03-26,'60 Minutes' Stormy Daniels interview was its most-watched episode in 10 years,cnbc.com
2018-03-26,China reportedly offers to buy more US semiconductors to cut its trade surplus,cnbc.com
2018-03-26,A high-level North Korean official may be visiting Beijing,cnbc.com
2018-03-26,Trump trade czar Navarro: 'We might get a really good deal on NAFTA',cnbc.com
2018-03-26,Financials leading today's rally,cnbc.com
2018-03-26,Broker TD Ameritrade suffers system-wide outage,cnbc.com
2018-03-26,This international market is primed to benefit if a U.S.-China trade war erupts,cnbc.com
2018-03-26,McConnell wants hemp removed from controlled substance list,cnbc.com
2018-03-26,"Facing little contest, Sisi seeks high turnout in Egypt vote",reuters.com
2018-03-26,Head off a large tax bill in 2019 by checking your pay stub now,cnbc.com
2018-03-26,Raytheon and these other stocks could win if there's a trade war with China,cnbc.com
2018-03-26,7 things you need to stop doing to become richer and more successful,cnbc.com
2018-03-26,'Silicon Valley' opening sequence jabs at Facebook's Russia hacking scandal,cnbc.com
2018-03-26,"Pulse club gunman's dad was FBI informant, lawyers for shooter's widow say",cnbc.com
2018-03-26,Elon Musk: Facebook 'gives me the willies’,cnbc.com
2018-03-26,Short visits rise at Whole Foods stores with Amazon lockers,cnbc.com
2018-03-27,"Tesla shares drop to the lowest since May on fatal crash investigation, bearish analyst note",cnbc.com
2018-03-27,"US, South Korea have agreed in principle on new trade deal: White House",cnbc.com
2018-03-27,Fiscal policy is 'spinning out of control': Ex-GAO head under Clinton and Bush,cnbc.com
2018-03-27,Stormy Daniels suing Trump lawyer Michael Cohen for defamation,cnbc.com
2018-03-27,Trump fundraiser sues Qatar over hacked emails,reuters.com
2018-03-27,5 international destinations gaining the most American tourists,cnbc.com
2018-03-27,Trader sees an even bigger bust in store for bitcoin,cnbc.com
2018-03-27,Wendy's just released a hip-hop mixtape—here's what the CEO had to say,cnbc.com
2018-03-27,Why one of Wall Street’s biggest bulls says he’s not bullish enough,cnbc.com
2018-03-27,"Popular tech stocks like Nvidia, Twitter get smoked as investors fear tech backlash",cnbc.com
2018-03-27,Europe Struggles to Respond to Covert Russian Threats,wsj.com
2018-03-27,Apple reveals new $299 iPad at education-themed event,cnbc.com
2018-03-27,Commerce Sec. Ross says market is realizing the tariffs are bargaining chips for better trade deals,cnbc.com
2018-03-27,McConnell looks to complete hemp's comeback as crop,cnbc.com
2018-03-27,How reading 500 pages a day helped a Warren Buffett protege succeed,cnbc.com
2018-03-27,Meet the Lebanese billionaire behind the new Facebook alternative social app Vero,cnbc.com
2018-03-27,Investor confidence holds at 17-year high despite sell-off,cnbc.com
2018-03-27,Big tech in danger zone as March Madness grips markets: Money manager,cnbc.com
2018-03-27,United States: Kinross Gold settles U.S. charges related to bribe prevention in Africa,reuters.com
2018-03-27,"With first death in Riyadh, the Saudi-led war in Yemen hits home",reuters.com
2018-03-27,Sanctions could actually end up helping North Korea's economy in the long run,cnbc.com
2018-03-27,UK's May says she hopes Facebook's Zuckerberg understands data leak concerns,cnbc.com
2018-03-27,Family members of fallen Argentine soldiers visit Falklands graves,reuters.com
2018-03-27,GM says South Korean unit will file for bankruptcy if no union concessions by April 20: union,reuters.com
2018-03-27,"Suspicious packages are delivered to Washington, DC, military installations",cnbc.com
2018-03-27,UPDATE 1-Brazil's Furnas signs $175-mln deal with Odebrecht construction unit,cnbc.com
2018-03-27,This Stanford neurosurgeon’s promotion just made history—here’s why it’s a big deal for STEM,cnbc.com
2018-03-27,Saudi stock exchange chairwoman says 'we are doing everything' to get ready for giant Aramco IPO,cnbc.com
2018-03-27,Shares in French retailer Casino rally after Amazon deal,reuters.com
2018-03-27,Economist: Why concerns of a trade war are on 'top of the list',cnbc.com
2018-03-27,Street eyes Trump's campaign promise to workers,cnbc.com
2018-03-27,Trump's trade tactics may make China more willing to negotiate: Former Bush advisor Lindsey,cnbc.com
2018-03-27,Financial industry body presses China to further reform capital markets,reuters.com
2018-03-27,"Brazil: Brazil’s Lula loses procedural appeals, faces prison",reuters.com
2018-03-27,Want to work at Tesla? This program will guarantee you a job after graduation,cnbc.com
2018-03-27,Raymond James' Jeff Saut sounds all clear for stocks after sharp bounce back,cnbc.com
2018-03-27,How human genome pioneer Craig Venter is trying to decode death,cnbc.com
2018-03-27,Google buys GIF platform Tenor to build up its image search engine,cnbc.com
2018-03-27,"Before expulsions, a brick-by-brick hardening of U.S. stance toward Russia",reuters.com
2018-03-27,North Korean leader was in delegation visiting Beijing: source,reuters.com
2018-03-27,Markets open higher as stocks build on gains,cnbc.com
2018-03-27,Elizabeth Warren wants to grill likely New York Fed president on Wells Fargo oversight,cnbc.com
2018-03-27,GRAINS-Wheat falls to more than one-month low,cnbc.com
2018-03-27,These are the loneliest jobs in America—and here's what to do if you have one,cnbc.com
2018-03-27,Buying stocks in volatility: 4 trades,cnbc.com
2018-03-27,"Lululemon soars after earnings, sales top estimates",cnbc.com
2018-03-27,Winn-Dixie operator Southeastern Grocers files for bankruptcy protection,cnbc.com
2018-03-27,Democrats Hasten to Challenge Citizenship Question on Census,wsj.com
2018-03-27,"Mexico, U.S. sign accords on customs, border cooperation",reuters.com
2018-03-27,Stocks Rebound as Trade Tensions With China Ease,wsj.com
2018-03-27,Goldman Sachs computer model warns bear market is near but the firm's analysts don't believe it,cnbc.com
2018-03-27,Here are the lawyers who quit or declined to represent Trump in the Mueller probe,cnbc.com
2018-03-27,Suspicious packages found at U.S. installations in D.C.,reuters.com
2018-03-27,California sues Trump administration for 'reckless' decision to add census citizenship question,cnbc.com
2018-03-27,EMERGING MARKETS-Easing of global trade concerns boosts LatAm currencies,cnbc.com
2018-03-27,UPDATE 2-Amazon in talks with Casino over Brazil electronics chain -source,cnbc.com
2018-03-27,GlaxoSmithKline Is Buying Out Novartis’s Share in Their Consumer Health Joint Venture,fortune.com
2018-03-27,H&M's first-quarter profit plunges as it warns of more price cuts ahead,cnbc.com
2018-03-27,Israeli PM Netanyahu taken to hospital for tests: spokesman,reuters.com
2018-03-27,"Short-term bonds to 'see some pain,' says Wells Fargo",cnbc.com
2018-03-27,China fund managers predicted to double their managed assets in the next 5 years,cnbc.com
2018-03-27,"Facebook could see a ‘bear market rally’ after brutal sell-offs, says market watcher",cnbc.com
2018-03-27,Longfin loses a third of its value after the controversial cryptocurrency stock is booted from the Russell 2000,cnbc.com
2018-03-27,Angry Birds maker Rovio cuts boardroom pay after profit warning,reuters.com
2018-03-27,Cramer: You should be scared if you own natural gas stocks,cnbc.com
2018-03-27,Arizona Governor Suspends Uber’s Self-Driving Cars From Roads,wsj.com
2018-03-27,Israeli Prime Minister Netanyahu reportedly rushed to hospital,cnbc.com
2018-03-27,Police Shooting of Unarmed Black Man Roils Sacramento,wsj.com
2018-03-27,UPDATE 3-Hydro to start shutdown of Brazil alumina lines by mid-April -sources,cnbc.com
2018-03-27,"I checked and it turns out Facebook knows a lot about me - Even if you forget, Facebook remembers",cnbc.com
2018-03-27,Atlanta still grappling with widespread computer hack: officials,cnbc.com
2018-03-28,"Walgreens profit, sales beat estimates and boosts its 2018 forecast",cnbc.com
2018-03-28,Commerce Sec Wilbur Ross says Vision 2030 could be bigger for Saudis than discovery of oil,cnbc.com
2018-03-28,Three tips to keep your college student from drowning in debt,cnbc.com
2018-03-28,Q4 GDP: 2.9%...,cnbc.com
2018-03-28,'Tesla is going to come roaring back': Silicon Valley entrepreneur,cnbc.com
2018-03-28,Cramer's sell-off strategy: Don't own oil stocks for the long term,cnbc.com
2018-03-28,Three users sue Facebook over collection of call and text history,cnbc.com
2018-03-28,Abbott invests in diabetes care start-up,cnbc.com
2018-03-28,Brexit and the City – the real estate agent’s view,reuters.com
2018-03-28,Playboy Joins the #DeleteFacebook Movement,fortune.com
2018-03-28,Lincoln brings back the Aviator after more than a decade — with a very different design,cnbc.com
2018-03-28,Apple CEO Tim Cook: If FBI iPhone case happened again 'they would fight again',cnbc.com
2018-03-28,Oil producer Concho to buy rival RSP Permian for about $8 billion,cnbc.com
2018-03-28,"To make copycat drugs more competitive, FDA is taking a harder look at the originals",cnbc.com
2018-03-28,"Docker, a $1 billion software start-up, has lost its founder a year after new CEO joined",cnbc.com
2018-03-28,New Zealand privacy commissioner joins criticism of Facebook data handling,reuters.com
2018-03-28,What Could Go Wrong at a Trump-Kim Summit?,wsj.com
2018-03-28,Kohl's CEO says 'big idea' behind Amazon partnership is driving traffic,cnbc.com
2018-03-28,Trade war risk is the latest threat to some of Trump’s biggest supporters,cnbc.com
2018-03-28,This Harry Potter-themed college acceptance video will make you want to go back to school,cnbc.com
2018-03-28,"TripAdvisor: The most affordable times to visit luxury destinations, from the Caribbean to Hawaii",cnbc.com
2018-03-28,Uber Agrees to Pay $10 Million to Settle Discrimination Lawsuit,fortune.com
2018-03-28,One unlikely retail name is holding up as volatility slams the market,cnbc.com
2018-03-28,UPDATE 1-Brazil boosts funds available under farm loan program to $58 bln -official,cnbc.com
2018-03-28,Grindr security flaws could expose user location data: NBC News,cnbc.com
2018-03-28,"Apple, Amazon and Alphabet make up 10% of the stock market and that's made the bull far too reliant on tech",cnbc.com
2018-03-28,"Trial Begins for Wu Xiaohui, Anbang Insurance’s Once-Highflying Founder",wsj.com
2018-03-28,"Swiss slap sanctions on Venezuela, ban ministers and freeze assets",reuters.com
2018-03-28,The Air Force Could Lose 590 F-35 Fighters Because It Can’t Afford to Maintain Them,fortune.com
2018-03-28,Britain will deliver Brexit despite funding allegations: PM May,reuters.com
2018-03-28,This former Googler raised $4.5 million for her start-up -- and had a baby the next day,cnbc.com
2018-03-28,UPDATE 2-Brazil boosts funds available under farm loan program to $58 bln,cnbc.com
2018-03-28,"These costs are taking a $20,000 bite out of your home’s sales price",cnbc.com
2018-03-28,These 9 colleges produce the most CEOs,cnbc.com
2018-03-28,Kohl's bets on smaller stores to fuel its growth. Here's what that looks like,cnbc.com
2018-03-28,Aging Japan: Droids care for the elderly...,reuters.com
2018-03-28,FDA may consider over-the-counter regulation for e-cigarettes,cnbc.com
2018-03-28,EU antitrust chief turns to academics to help tackle tech challenges,reuters.com
2018-03-28,Amazon shares fall after report Trump wants to curb its power,reuters.com
2018-03-28,Dropbox CEO Dreamed of Having His Own Company and Now Runs a $12 Billion Powerhouse,fortune.com
2018-03-28,"Trump wants to 'go after' Amazon over taxes, but others in government could settle the issue for him",cnbc.com
2018-03-28,Tesla's junk bond tanks to 87 cents on the dollar after downgrade,cnbc.com
2018-03-28,High Court Hears a Second Partisan Gerrymandering Case,wsj.com
2018-03-28,"Bulgaria says leading intellectual Julia Kristeva, participant in Vatican’s 2011 Assisi event, was a communist agent...",reuters.com
2018-03-28,"It's still a bull market, even as tech stocks tank: Analyst",cnbc.com
2018-03-28,"EMERGING MARKETS-Latin American equities continue slide amid trade fears, tech rout",cnbc.com
2018-03-28,5 powerful mental exercises that will help you ace your next job interview,cnbc.com
2018-03-28,A look at China's banking sector,cnbc.com
2018-03-28,Uber agrees to settle California discrimination lawsuit for $10 million,reuters.com
2018-03-28,"Tesla Shares Fall to Lowest Point in a Year on Model 3 Worries, Crash Probe",fortune.com
2018-03-28,The most common interview questions at the 5 best business schools in the US,cnbc.com
2018-03-28,5 reasons you may want an accountant to do your taxes,cnbc.com
2018-03-28,Discussing China's possible retaliatory measures on the US,cnbc.com
2018-03-28,T-Mobile Contest Will Back Teenagers Who Want to Change the World,fortune.com
2018-03-28,Internal Justice Watchdog to Review Surveillance of Ex-Trump Adviser,wsj.com
2018-03-28,EMERGING MARKETS-Latin American stocks slide following Wall Street losses,cnbc.com
2018-03-28,"Saudi-SoftBank Solar, Oracle vs Google, Facebook Suit: CEO Daily for March 28, 2018",fortune.com
2018-03-28,Catalan parliament backs Puigdemont’s right to again be president,reuters.com
2018-03-28,"Corporate profits expected to be highest in seven years, but that may not help stocks much",cnbc.com
2018-03-28,"Why Apple is still a powerful contender in education, despite Google's gains",cnbc.com
2018-03-28,US pending home sales rise in February,cnbc.com
2018-03-28,Finding Value: 3 trades,cnbc.com
2018-03-28,What Could Go Wrong at a Trump-Kim Summit?,wsj.com
2018-03-28,SoftBank and Saudi Arabia are creating a huge solar power generation project,cnbc.com
2018-03-28,"Democrats bet on moderates and military veterans to win the House, but the strategy faces big tests",cnbc.com
2018-03-28,"Commodities tomorrow: Inventories, US production pressures crude",cnbc.com
2018-03-28,Elon Musk's brain implant start-up reportedly planned to test on animals,cnbc.com
2018-03-28,Justice Dept watchdog to probe Republican claims of FBI surveillance abuses,cnbc.com
2018-03-28,"Daimler, BMW agree to combine ride-sharing businesses: source",reuters.com
2018-03-28,Walmart Tries to Join the #MeToo Movement By Removing Cosmo From Checkout Lines,fortune.com
2018-03-28,"Oscar Health, Josh Kushner's health insurance start-up, raises $165 million from Alphabet and others",cnbc.com
2018-03-28,Brazil soybean prices surge as U.S.-China trade spat deepens,cnbc.com
2018-03-28,Sage Therapeutics CEO: Have to weigh investor returns but will price postpartum drug ‘fairly’,cnbc.com
2018-03-28,Why NBA star Chris Paul owns his own professional bowling team,cnbc.com
2018-03-28,Facebook must give judge documents for U.S. tax probe of Irish unit,reuters.com
2018-03-28,"Tesla's plunge could be 'self-fulfilling' prophecy for further declines, Morgan Stanley warns",cnbc.com
2018-03-28,"US-South Korea trade deal is really 3 deals in 1, says US trade rep Robert Lighthizer",cnbc.com
2018-03-28,"A year away from Brexit, Britons' views remain as entrenched as ever",reuters.com
2018-03-28,Saudi Arabia's stock market could get a liquidity boost that would aid an Aramco listing,cnbc.com
2018-03-28,Mayo Clinic CEO: Some health-care middlemen create a lot of ‘waste’ in US system,cnbc.com
2018-03-28,Australia's China scholars air divisions over interference laws,reuters.com
2018-03-28,Brazil's Odebrecht signs contract with power utility,cnbc.com
2018-03-28,"Exclusive: Spurned by top lawyers, Trump's defense elevates Washington outsider",reuters.com
2018-03-28,Walmart pulls Cosmo magazine from its checkout lines,cnbc.com
2018-03-28,Israeli PM Netanyahu leaves hospital after tests,reuters.com
2018-03-28,Google Search Takes Another Big Step Towards a Mobile-First World,fortune.com
2018-03-28,Kim Jong Un’s Visit to Beijing,wsj.com
2018-03-28,Bitcoin is nearing a 'death cross' on the charts. Here’s what it means,cnbc.com
2018-03-28,Cramer: Nvidia and Twitter's stocks are the best examples of the unforgiving market,cnbc.com
2018-03-28,"A cyberattack hobbles Atlanta, and security experts shudder",cnbc.com
2018-03-29,"Mueller probing Russia contacts at Republican convention: Reuters, citing sources",cnbc.com
2018-03-29,What Microsoft billionaire Bill Gates was doing at 20 years old,cnbc.com
2018-03-29,Ripple is the worst performer among major cryptocurrencies in the first quarter,cnbc.com
2018-03-29,"As Spotify nears its direct listing on NYSE, traders brace for uncertainty",cnbc.com
2018-03-29,An 18-year-old won the lottery on her first try—and she’s doing something unusual with her prize,cnbc.com
2018-03-29,"Netflix, biotech Nektar among the biggest market winners in the first quarter",cnbc.com
2018-03-29,Why Democrats are learning to like Walmart,cnbc.com
2018-03-29,Commodities tomorrow: Crude up into holiday weekend,cnbc.com
2018-03-29,Longtime Clinton donor Alan Patricof agrees with Trump that Amazon is 'taking over the retail world',cnbc.com
2018-03-29,Nearly 60% of Americans are streaming and most with Netflix: CNBC survey,cnbc.com
2018-03-29,Veterans groups are worried about Trump's new pick to run the VA: 'We don't really know much about him',cnbc.com
2018-03-29,Soybean acres to exceed corn for the first time in 35 years,cnbc.com
2018-03-29,Windows chief Terry Myerson is leaving as Microsoft reorganizes,cnbc.com
2018-03-29,"How fast is Bugatti's $3 million supercar? It's a mystery, even to its CEO",cnbc.com
2018-03-29,How Trump's infrastructure plan will crush mass transit and make our cities less competitive,cnbc.com
2018-03-29,"Attorney General Jeff Sessions names prosecutor to investigate FBI allegations, could still appoint second special counsel",cnbc.com
2018-03-29,French vegan in court for comments on butcher killed by Islamist,reuters.com
2018-03-29,Trump talked to Defense Secretary James Mattis about using military funds to pay for border wall,cnbc.com
2018-03-29,UNDER ARMOUR data breach affects 150 million...,cnbc.com
2018-03-29,Japan wants its own North Korea summit,cnbc.com
2018-03-29,"Community engagement will be key to foreign investment in Saudi Arabia, Princess Reema says",cnbc.com
2018-03-29,Starbucks gets downgraded as analyst predicts weaker than expected China sales,cnbc.com
2018-03-29,Cambodian court accuses journalists of pornography as well as espionage: lawyer,reuters.com
2018-03-29,China is taking the first steps to pay for oil in yuan instead of US dollars this year: Sources,cnbc.com
2018-03-29,"Apple just released iOS 11.3, which lets users control iPhone battery settings",cnbc.com
2018-03-29,Fox News Host Laura Ingraham Ridiculed a Parkland Student’s College Rejections. Now He’s Going After Her Advertisers.,fortune.com
2018-03-29,This Kentucky coal town is fighting for survival even though the war on coal is over,cnbc.com
2018-03-29,"Will Ferrell says he can 'no longer, in good conscience' use Facebook",cnbc.com
2018-03-29,"EMERGING MARKETS-LatAm stocks extend slide amid trade fears, tech rout",cnbc.com
2018-03-29,UPDATE 1-JBS still keen on U.S. IPO despite scandals,cnbc.com
2018-03-29,"Tesla bonds blowout is a warning for risk, credit",cnbc.com
2018-03-29,Hasbro’s CEO Is Trying to Explain Why Last Jedi Toy Sales Were So Lukewarm,fortune.com
2018-03-29,"UPDATE 1-U.S. soybean, corn acreage to fall as supplies hit record -USDA",cnbc.com
2018-03-29,"Electric concept cars, beefed-up SUVs and a 'lizard green' Porsche debut at New York Auto Show",cnbc.com
2018-03-29,Cramer's lightning round: The tariff-plagued Deere is a long-term play,cnbc.com
2018-03-29,"Trump pushes infrastructure plan, but says it will likely have to wait until after the midterms",cnbc.com
2018-03-29,"As bitcoin goes bust, one classic market signal is pointing to more pain",cnbc.com
2018-03-29,How Veteran Affairs Department Secretary David Shulkin fell from grace,cnbc.com
2018-03-29,Consumer sentiment highest since '04...,cnbc.com
2018-03-29,Cramer's lightning round: The tariff-plagued Deere is a long-term play,cnbc.com
2018-03-29,Netherlands: Shell targets former executive in Nigeria graft complaint,reuters.com
2018-03-29,"Microsoft has now rebuilt the company around the cloud instead of Windows, and employees approve",cnbc.com
2018-03-29,How this 32-year-old high school dropout built a business that sold to Target for $550 million,cnbc.com
2018-03-29,"White House physician, Dr. Ronny Jackson, will replace David Shulkin as Veterans Affairs secretary",cnbc.com
2018-03-29,"Overstock.com stock offering cancelled, source says; shares rise",cnbc.com
2018-03-29,Facebook says it's in 'a really good place' for the 2018 midterm elections,cnbc.com
2018-03-29,CME Group reaches deal to acquire NEX for $5.5 billion,cnbc.com
2018-03-29,Paris attacks suspect faces April 23 verdict over Brussels shootout,reuters.com
2018-03-29,Dozens feared dead after rioting and fire in Venezuelan police station,reuters.com
2018-03-29,"Before you leave your college for another, here's what you need to think about",cnbc.com
2018-03-29,Watch: Trump touts infrastructure plan at Ohio union training site,cnbc.com
2018-03-29,"Qualcomm looks like a ‘value play’ amid the big tech wreck, says portfolio manager",cnbc.com
2018-03-29,How an H&R Block tax preparer spends his 11-hour days during tax season,cnbc.com
2018-03-29,Tesla is reportedly urging workers see 'how many Model 3s' they can build in a week,cnbc.com
2018-03-29,China could target broad U.S. business interest in trade spat - China Daily,cnbc.com
2018-03-29,Trump Replaces Veterans Affairs Secretary David Shulkin With Presidential Physician,fortune.com
2018-03-29,Appeals court upholds new trial for subject of 'Serial',cnbc.com
2018-03-29,Boeing says it detected a 'limited intrusion' of malware into some of its systems,cnbc.com
2018-03-29,Trump says he may 'hold up' South Korea trade deal,cnbc.com
2018-03-29,Here's the controversial tax practice by Amazon that's got Trump so upset,cnbc.com
2018-03-29,BOJ’s Kuroda says need to stick with current monetary easing framework,reuters.com
2018-03-29,Buying Tesla after big stock market losses has paid off in the past,cnbc.com
2018-03-29,Offshore oil block auction nets Brazil more than $2 billion,cnbc.com
2018-03-29,Meal kit company Sun Basket bought a cave and its helping them beat Blue Apron,cnbc.com
2018-03-29,Mega Millions jackpot is now over $502 million — here's who won the 5 biggest US lottery prizes ever,cnbc.com
2018-03-29,Bumble Is Suing Tinder Parent for Stealing Trade Secrets Under the Guise of Acquisition Talks,fortune.com
2018-03-29,"Tesla is having its worst month ever, and some traders expect shares to crash another 20%",cnbc.com
2018-03-29,Exclusive: Firms complain of contaminated crude from U.S. reserve,reuters.com
2018-03-29,Fire After Riot at Venezuela Police Station Leaves 68 Dead,wsj.com
2018-03-29,President Donald Trump Slams Amazon Over Taxes It Pays and Impact on Other Businesses,wsj.com
2018-03-29,World View raises money to take people to the edge of space in balloons,cnbc.com
2018-03-29,"After-hours buzz: PVH, GME, PRGS & more",cnbc.com
2018-03-29,Cramer makes the case for consumer goods stocks amid tech-led declines,cnbc.com
2018-03-29,Women-only coworking space The Wing is under investigation for excluding men,cnbc.com
2018-03-29,Renault and Nissan Are Said to Be Considering a Merger,fortune.com
2018-03-29,Dropbox and iQIYI help give IPO market biggest quarter in three years,cnbc.com
2018-03-29,"Even if it's past 'peak happiness,' this bull market shows signs of sticking around",cnbc.com
2018-03-29,Boycott sponsors of Fox’s Laura Ingraham,cnbc.com
2018-03-29,EMERGING MARKETS-Brazil equities jump amid global volatility respite,cnbc.com
2018-03-29,TripAdvisor pulling ads for right-wing TV host after she criticized Parkland school shooting survivor,cnbc.com
2018-03-29,Howard University employees fired after allegedly stealing over $1 million in financial aid,cnbc.com
2018-03-29,Investors step up pressure on corporate America to take a stand on guns,cnbc.com
2018-03-29,Chinese streaming company iQiyi debuts on Nasdaq at $18.20/share‍​,reuters.com
2018-03-29,GRAINS-Wheat firms as traders ready for USDA report,cnbc.com
2018-03-29,"Trump, trapped between key constituencies, may punt biofuel reform to Congress",cnbc.com
2018-03-29,Pfizer's rare heart disease drug succeeded in a late-stage study,cnbc.com
2018-03-29,Trump-Kim meeting may leave out Japan. Shinzo Abe is taking action,cnbc.com
2018-03-29,Buffett rumor can't save GE from being the worst Dow performer in the first quarter,cnbc.com
2018-03-29,"Asian stocks poised to climb, shrugging off the softer US lead",cnbc.com
2018-03-29,3 student activists carrying on Linda Brown's legacy,cnbc.com
2018-03-29,"Japan budget passes parliament, cronyism scandal casts cloud over reform",reuters.com
2018-03-29,UPDATE 1-Brazil's Cecaf+¬ sees 2018-19 exports reaching 35 mln bags,cnbc.com
2018-03-29,"Uber is set to invest 'heavily' in Australia, executive says",cnbc.com
2018-03-29,"Elon Musk 'may have fallen in love with the wrong thing' and it's hurting Tesla, Bernstein says",cnbc.com
2018-03-29,Microsoft Diminishes Windows Role in Cloud-Focused Reorganization,wsj.com
2018-03-29,Russia orders out 60 U.S. diplomats over spy poisoning affair,cnbc.com
2018-03-29,Turkey orders 70 army officers detained over Gulen links: CNN Turk,reuters.com
2018-03-29,"Facebook users join call for regulation, survey finds",cnbc.com
2018-03-29,How to keep your iPhone running at maximum speed instead of saving battery life,cnbc.com
2018-03-30,"Facebook exec in 2016 internal memo defends 'ugly' growth tactics, even if people use it for evil",cnbc.com
2018-03-30,Trump hasn't dented enthusiasm for Chinese IPOs in the US,cnbc.com
2018-03-30,Auto companies feature virtual reality and other tech-heavy exhibits at New York Auto Show,cnbc.com
2018-03-30,Flu Season is Still Going Strong,fortune.com
2018-03-30,"April is usually good for stocks, but it comes at a dicey time",cnbc.com
2018-03-30,Why this corner of the global market is poised to outperform the US,cnbc.com
2018-03-30,"Walmart-Humana Deal, Microsoft Reorg, Cathay Pacific Clothing: CEO Daily for March 30, 2018",fortune.com
2018-03-30,"China should punish 'US colony' Canada over possible anti-dumping rules, propaganda outlet says",cnbc.com
2018-03-30,This former Google X engineer wants to put a robot security guard in every office,cnbc.com
2018-03-30,The EPA Wants to Roll Back Regulations on Car Makers. Here’s What That Means for the Auto Industry.,fortune.com
2018-03-30,"Cramer's game plan: If you can't take the pain, do some selling",cnbc.com
2018-03-30,This former Google X engineer wants to put a robot security guard in every office,cnbc.com
2018-03-30,Are Banks Open on Good Friday? Everything You Need to Know About What’s Open — And Closed,fortune.com
2018-03-30,‘Ready Player One’: Can Spielberg’s Film Speed Up Adoption of VR?,wsj.com
2018-03-30,Intel’s 2017 Diversity Report Shows Progress Is Slowest With African American Employees,fortune.com
2018-03-30,"After-hours buzz:After-hours buzz: UAA, TSLA, SNX & NVR",cnbc.com
2018-03-30,Here’s who’s winning the retail race. Hint: It’s not inside the mall,cnbc.com
2018-03-30,"Minibus carrying migrants crashes in eastern Turkey, killing 17",reuters.com
2018-03-30,Smugglers used drones to bring $79.8 million worth of iPhones into China. They just got busted,cnbc.com
2018-03-30,Singapore's competition watchdog says Uber-Grab deal infringes competition,reuters.com
2018-03-30,"Suspected Russian hacker Nikulin extradited to U.S.: Czech media, source",reuters.com
2018-03-30,Apple's plan to put health records on your phone has huge implications for medicine,cnbc.com
2018-03-30,Walmart Said to Be in Merger Talks With Humana,fortune.com
2018-03-30,"Microsoft, Bumble vs Tinder: Broadsheet March 30",fortune.com
2018-03-30,HSBC to pay $100 million to end Libor rigging lawsuit in the US,cnbc.com
2018-03-30,"Nvidia CEO Jensen Huang: Cryptocurrency is here to stay, will be an 'important driver' for business",cnbc.com
2018-03-30,"150 Million MyFitnessPal Accounts Have Been Hacked, Under Armour Says",fortune.com
2018-03-30,NYSE reportedly in talks to buy Chicago Stock Exchange for around $70 million,cnbc.com
2018-03-30,Walmart Said to Be in Talks With Humana to Provide Health Care,fortune.com
2018-03-30,Everything you need to know about a new EU data law that could shake up big US tech,cnbc.com
2018-03-30,"Tesla voluntarily recalls 123,000 Model S cars over faulty steering component",cnbc.com
2018-03-30,Bill Gates: This is my biggest weakness,cnbc.com
2018-03-30,China cuts tax rates for chipmakers amid trade tensions,cnbc.com
2018-03-30,China busts smugglers using drones to transport smartphones: state media,reuters.com
2018-03-30,Russia tests its new nuclear intercontinental ballistic missile,cnbc.com
2018-03-30,This computer music PhD wants to connect the world through mobile karaoke,cnbc.com
2018-03-30,Japanese official says the country must avoid a bilateral trade agreement with the US,cnbc.com
2018-03-30,"Brainstorm Health: The Walmart Humana Deal, Apple Health Records, Pfizer Rare Heart Drug",fortune.com
2018-03-30,Government ethics chief Shaub and staff used Headspace meditation to deal with Trump-related stress,cnbc.com
2018-03-30,Reports that China will pay for oil in yuan are moving Shanghai crude futures,cnbc.com
2018-03-30,"150 Million MyFitnessPal Accounts Have Been Hacked, Under Armour Says",fortune.com
2018-03-30,Former Walmart US CEO says Congress should consider splitting up Amazon,cnbc.com
2018-03-30,FCC authorizes Elon Musk's SpaceX to provide broadband satellite services,cnbc.com
2018-03-30,The $80 billion reason John Legend is backing start-ups led by former inmates,cnbc.com
2018-03-30,Nvidia CEO Jensen Huang: Uber accident made us realize the importance of self-driving tech,cnbc.com
2018-03-30,Stormy Daniels' lawyer: The case against President Trump 'grows stronger',cnbc.com
2018-03-30,Why Drug Overdoses Are on the Rise and Getting Worse in America,fortune.com
2018-03-30,Data points to further economic expansion in Japan,cnbc.com
2018-03-30,Turkey warns France over offer of support for Syrian Kurdish militia,reuters.com
2018-03-30,Iran nuclear deal 'won't outlast Trump's first term' as his deadline for fixes draws closer,cnbc.com
2018-03-30,Alphabet's bets on health tech are paying off as portfolio companies go public,cnbc.com
2018-03-30,Walmart and Humana: Why Seniors Are at the Center,fortune.com
2018-03-30,US judge dismisses Exxon lawsuit to stop climate change probes,cnbc.com
2018-03-30,The Easter Effect and How It Changed the World,wsj.com
2018-03-30,EPA poised to announce rejection of Obama vehicle fuel efficiency rules,cnbc.com
2018-03-30,"Ad industry sources slam Facebook's latest privacy move, say it consolidates Facebook's control",cnbc.com
2018-03-30,Why Would Walmart Want to Buy an Insurer? The Retail Squeeze,wsj.com
2018-03-30,Walmart Founding Family Faces Test in Humana Acquisition Talks,wsj.com
2018-03-30,Syrian SDF says not informed of any US withdrawal plan,reuters.com
2018-03-31,"A strategist says ‘good riddance’ to Q1, and expects stocks will see better days in April",cnbc.com
2018-03-31,New York moves to offset federal tax changes in $168 billion budget deal,reuters.com
2018-03-31,MIT researchers are tackling a major challenge for self-driving cars — fog,cnbc.com
2018-03-31,Mega Millions jackpot tops $500 million for only the fourth time,cnbc.com
2018-03-31,Snapchat Added an Egg Hunt in Time for Easter. Here’s How to Play,fortune.com
2018-03-31,Trump’s new tax plan could save Amazon roughly $2 billion over the next two years - CNBC,cnbc.com
2018-03-31,Why Wall Street’s Love Affair With Tech Hasn’t Cooled,wsj.com
2018-03-31,"At rhino's memorial, Kenyan minister urges life sentences for ivory possession",reuters.com
2018-03-31,"UK must bring home 'just over 50' of its diplomats from Russia, Moscow says",cnbc.com
2018-03-31,Fox's Ingraham to take week off as advertisers flee amid controversy,cnbc.com
2018-03-31,"Friends, family, public flock to funeral of physicist Stephen Hawking",reuters.com
2018-03-31,Mega Millions jackpot tops $500 million for only the fourth time,cnbc.com
2018-03-31,Exclusive: Google employees organize to fight cyber bullying at work,reuters.com
2018-03-31,Russia says British officials search Aeroflot flight at Heathrow airport,reuters.com
2018-03-31,U.N. Imposes Sanctions on North Korea,wsj.com
2018-03-31,Nobel winner Malala visits hometown in Pakistan for first time since shooting,reuters.com
2018-03-31,SoulCycle Is Testing Non-Cycling Classes. We Tried One Out.,fortune.com
2018-03-31,Massive debt. Damaged credit. Nothing to save. How student loans make home ownership a pipe dream,cnbc.com
2018-03-31,Israel Says Firing on Palestinian Protesters Is Justified,wsj.com
2018-03-31,Mental Coach of 3 top NBA draft picks shares the best 7 ways to thrive under pressure,cnbc.com
2018-03-31,President Trump Says ‘Post Office Scam’ Must End in Latest Amazon Attack,fortune.com
2018-03-31,Jacques 'Mr. Chocolate ' Torres explains why not all dark chocolate is healthy,cnbc.com
2018-03-31,Apple Unveils Updated iPad Touted for Students As a Possible New Apple Watch Looms,fortune.com
2018-03-31,"Trump attacks Amazon, again, over U.S. postal rates",reuters.com
2018-03-31,Baylor University paid ex-football coach $15 million after sex scandal,reuters.com
2018-03-31,Loyola-Chicago Has the Most Dedicated Fans of the Final Four Teams,fortune.com
2018-03-31,UK must cut ‘just over 50’ more of its diplomatic staff in Russia: Foreign Ministry,reuters.com
2018-03-31,Burger King Introduces the Chocolate Whopper — Maybe,fortune.com
2018-03-31,"John Paul DeJoria's motorcycle collection includes a $20,000 BMW and a chopper that runs on Patron",cnbc.com
2018-03-31,Tesla says crashed vehicle had been on autopilot prior to accident,reuters.com
2018-04-01,Namibia president says China not colonizing Africa -China state media,reuters.com
2018-04-01,China’s Rogue Space Station Could Crash to the Earth Tonight,fortune.com
2018-04-01,Everything That Is Open (and Closed) on Easter Sunday 2018,fortune.com
2018-04-01,Pope baptizes Italy 'migrant hero' at Easter Eve service,reuters.com
2018-04-01,"Cloudflare Announces a Faster, More Private Internet Directory",fortune.com
2018-04-01,Spielberg’s Ready Player One Debuts at No. 1 at Box Office,fortune.com
2018-04-01,Insults fly after Gaza deaths...,reuters.com
2018-04-01,"Hackers Steal Credit Card Information for More Than 5 Million Saks Fifth Avenue, Lord & Taylor Shoppers",fortune.com
2018-04-01,U.S. government seeks end to Supreme Court privacy fight with Microsoft,reuters.com
2018-04-01,Palestinian Protests Pose Fresh Hurdles for Israel,wsj.com
2018-04-02,A look at the uncertainty surrounding US soybean exports,cnbc.com
2018-04-02,Amazon executives have reportedly started their headquarters search visits. Here's what they're asking about,cnbc.com
2018-04-02,"White House on China tariffs: Tariffs were 'legal and justified' to defend steel, aluminum industries",cnbc.com
2018-04-02,California exports could suffer with China tariffs,cnbc.com
2018-04-02,China's economy is still likely to expand 'quite well' in 2018: Economist,cnbc.com
2018-04-02,Overall growth profile for China looks quite stable: Economist,cnbc.com
2018-04-02,"Kevin Carwile, Laura Ingraham, Justice Department: Broadsheet April 2",fortune.com
2018-04-02,China’s Space Station Wasn’t the End. Three More Satellites Expected to Crash to Earth This Week,fortune.com
2018-04-02,How America’s Biggest Broadcaster Is Using Local News to Boost Trump’s Agenda,fortune.com
2018-04-02,Elon Musk Is Trying to Laugh His Way Out of Tesla’s Worst Month in 7 Years,fortune.com
2018-04-02,Intel shares tumble on report of Apple chip switch,cnbc.com
2018-04-02,You Can Get Free Little Caesars Pizza Today,fortune.com
2018-04-02,The window to avoid a trade war is closing: Former US ambassador,cnbc.com
2018-04-02,China announces it's imposing new tariffs on 128 US products,cnbc.com
2018-04-02,"Term Sheet — Monday, April 3",fortune.com
2018-04-02,The Dow Drops: 7 trades,cnbc.com
2018-04-02,McDonald’s Workers Say the Company Is Breaking Its Minimum Wage Pledge,fortune.com
2018-04-02,China Calls for Trade Talks as Retaliatory Tariffs on U.S. Goods Take Effect,fortune.com
2018-04-02,'This is more of a phony war than a real trade war': Strategist,cnbc.com
2018-04-02,"Buy Intel because Apple's reported move to abandon its chips is ‘not a major threat,’ Stifel says",cnbc.com
2018-04-02,Limited fallout has been seen from China's 'old economy': Economist,cnbc.com
2018-04-02,U.S. safety agency criticizes Tesla crash data release,reuters.com
2018-04-02,Japan's Abe will visit US from April 17 to 20 for talks with Trump,cnbc.com
2018-04-02,"Amazon vs. Trump, China Tariffs, Saks Hack: CEO Daily for April 2, 2018",fortune.com
2018-04-02,"Mexican presidential front-runner hits back at Trump's NAFTA threat, blasts 'pinata' treatment",cnbc.com
2018-04-02,Energy sector in correction territory,cnbc.com
2018-04-02,The 3 Best Bank Stocks for an Aging Bull Market,fortune.com
2018-04-02,Commodities tomorrow: Crude tumbles with stocks,cnbc.com
2018-04-03,Migrant ‘Caravan’ in Mexico Raises Trump’s Ire,wsj.com
2018-04-03,Snapchat Introduces New Group Video Chat Feature,fortune.com
2018-04-03,raceAhead: Eliminating Bias Through Checklists,fortune.com
2018-04-03,"Disregard Trump's Amazon 'chatter' and buy shares, Wall Street analyst says",cnbc.com
2018-04-03,NBA star Andre Iguodala says his team's 'locker room talk' is all business,cnbc.com
2018-04-03,Fed's Brainard warns about high asset prices even after the stock market correction,cnbc.com
2018-04-03,Mozilla’s Latest Version of Firefox Is Made for VR,fortune.com
2018-04-03,Sell General Electric shares because a credit rating downgrade is likely ahead: JP Morgan,cnbc.com
2018-04-03,GRAINS-Wheat surges as USDA says crop conditions worst since 2002,cnbc.com
2018-04-03,Trump Vows Quick Exit From Syria,wsj.com
2018-04-03,Australia's central bank leaves rate unchanged at 1.50%,cnbc.com
2018-04-03,GRAINS-Wheat rallies after USDA confirms damage from recent dry weather,cnbc.com
2018-04-03,Attorneys general from 11 U.S. states vow to defend auto efficiency standards,reuters.com
2018-04-03,Artificial Intelligence Could Soon Enhance Real-Time Police Surveillance,wsj.com
2018-04-03,CBS submits below market value bid for VIACOM...,cnbc.com
2018-04-03,"China, Hong Kong stocks down amid resurgent trade war fears",cnbc.com
2018-04-03,UPDATE 1-Dubai's DAMAC hires banks to set up investor meetings before dollar sukuk - Reuters,reuters.com
2018-04-03,Mueller was authorized to probe Manafort’s work for Ukrainian government,wsj.com
2018-04-03,FDA orders mandatory recall of herbal supplement kratom after a firm refused to do it voluntarily,cnbc.com
2018-04-03,Commodities tomorrow: Crude tied to possible trade war,cnbc.com
2018-04-03,Century Aluminum CEO on the tariff impact,cnbc.com
2018-04-03,"Villanova takes NCAA men's basketball title, 79-62 over Michigan",cnbc.com
2018-04-03,Toshiba won't cancel $18 billion chip deal unless any major material change: CEO,reuters.com
2018-04-03,Billionaire Virgin Hyperloop One Director Arrested on Fraud and Embezzlement Charges,fortune.com
2018-04-03,"Trump declares DACA 'dead,' urges Congress to act on border",reuters.com
2018-04-03,Migrant caravan heading to U.S. border puts Mexico in tough spot with Trump,reuters.com
2018-04-03,Microsoft calls for dismissal of U.S. Supreme Court privacy fight,reuters.com
2018-04-03,JPMorgan's top blockchain executive Amber Baldet to leave for own startup,cnbc.com
2018-04-03,Earnings reports can't get here soon enough for a market trying to find its footing,cnbc.com
2018-04-03,Britain wants 'proportionate' response to Russia after spy poisoning,reuters.com
2018-04-03,Both Silicon Valley and Wall Street are taking notes on Spotify’s unconventional debut,cnbc.com
2018-04-03,Two Can Play at Trade War,wsj.com
2018-04-03,NY Fed names Williams to top post amid political backlash,reuters.com
2018-04-03,Why Hershey Is Investing $500 Million in Its Chocolate Kisses,fortune.com
2018-04-03,"Fox News Defends Laura Ingraham Over David Hogg, Denouncing Advertising Boycott as ‘Intimidation Efforts’",fortune.com
2018-04-03,Bitcoin just had its worst start to the year ever. Here’s why this quarter could be better,cnbc.com
2018-04-03,Amazon shares turn negative after Trump bashes company for a fourth time in a week,cnbc.com
2018-04-03,"A key rate for banks has jumped to the highest since the financial crisis, but Goldman Sachs isn't worried",cnbc.com
2018-04-03,"Amazon could 'take Google to the cleaners' in retail search with a $20 billion ad business, analyst says",cnbc.com
2018-04-03,How to decipher that college financial aid offer,cnbc.com
2018-04-03,"Russia, Iran and Turkey struggle to find common ground on Syria",reuters.com
2018-04-03,Woman executive of South Korea's Hyundai Motor resigns amid #MeToo wave: Yonhap,reuters.com
2018-04-03,Mueller Was Authorized to Investigate Paul Manafort’s Work for Ukraine,wsj.com
2018-04-03,SEC Charges $32 Million DJ Khaled-Backed Centra ICO With Fraud,fortune.com
2018-04-03,Kuroda says the Bank of Japan is talking about an exit from its huge stimulus program,cnbc.com
2018-04-04,"GRAINS-Wheat firms, lingers near 8-day high as U.S. crop suffers",cnbc.com
2018-04-04,GRASSLEY SAYS WASHINGTON HAS RESPONSIBILITY TO MITIGATE DAMAGE TO U.S. AGRICULTURE FROM TRADE ACTIONS,cnbc.com
2018-04-04,Apple Just Poached Google’s AI Chief. Now Maybe Siri Will Get Smarter,fortune.com
2018-04-04,Term Sheet — Wednesday April 4,fortune.com
2018-04-04,"Tech is under fire, but the charts don't point to disaster quite yet: Strategist",cnbc.com
2018-04-04,The Latest: Iowa Senator: Trade dispute unfair to US farmers,cnbc.com
2018-04-04,STOCKS SET FOR PLUNGE... DEVELOPING...,cnbc.com
2018-04-04,Spotify Roars Into the Public Market,wsj.com
2018-04-04,"Tallying the trade war carnage: Boeing, Tesla shares plunge 5% as China announces new tariffs",cnbc.com
2018-04-04,Live-Streamed Shootings Continue to Haunt Facebook,fortune.com
2018-04-04,RPT-GRASSLEY SAYS WASHINGTON HAS RESPONSIBILITY TO MITIGATE DAMAGE TO U.S. AGRICULTURE FROM TRADE ACTIONS,cnbc.com
2018-04-04,Four presumed dead in California Marine helicopter crash,cnbc.com
2018-04-04,"We must retaliate when people damage our interests, says China's vice finance minister",cnbc.com
2018-04-04,Cramer says owning too many stocks and too little cash can set you up for failure,cnbc.com
2018-04-04,"Cramer's top 2 investing rules for bulls, bears and everyone in between",cnbc.com
2018-04-04,Cramer: Why you never buy a stock all at once,cnbc.com
2018-04-04,Trump to order National Guard deployment to border with Mexico,cnbc.com
2018-04-04,HSBC has worst gender pay gap among Britain's largest companies,cnbc.com
2018-04-04,GREAT: 'Rip-roaring' job market adds another 241K in March...,cnbc.com
2018-04-04,YouTube shooter was vegan blogger who accused site of discrimination,cnbc.com
2018-04-04,Facebook: 'We believe most people on Facebook could have had their public profile scraped,cnbc.com
2018-04-04,Tiger's return to the Masters is changing golf,cnbc.com
2018-04-04,"In Brewing Trade War With U.S., China Hits Back Where It Hurts: Soybeans and Airplanes",fortune.com
2018-04-04,Here's the full list of US products that China is planning to hit with tariffs,cnbc.com
2018-04-04,Watch: White House briefs media amid concerns about Trump's proposed tariffs,cnbc.com
2018-04-04,"Trump: 'We are not in a trade war with China,' we lost that war many years ago",cnbc.com
2018-04-04,"‘Nightmare Bacteria’ Are a Real and Growing Threat in the U.S., CDC Warns",fortune.com
2018-04-04,Steve Bannon defends Trump trade actions: 'To hell with Wall Street',cnbc.com
2018-04-04,China's Meituan Dianping says to acquire bicycle-sharing firm Mobike,reuters.com
2018-04-04,"More Tariffs, Apple AI, Sorrell Probe: CEO Daily for April 4, 2018",fortune.com
2018-04-04,Brazil soy exporters set to win big from U.S.-China trade spat,cnbc.com
2018-04-04,US escalates China trade showdown with tariffs on $50 billion in imports,reuters.com
2018-04-04,"Tariffs on appliances, electronics would hit consumers: U.S. retailers",cnbc.com
2018-04-04,Once-hot semi stocks are in a correction. Here's why some are shrugging off the pain,cnbc.com
2018-04-04,Bed Bath & Beyond Will Accept Your Toys ‘R’ Us Gift Cards. But Only Until Tomorrow,fortune.com
2018-04-04,One of the biggest US trade wars of the past had a tragic consequence — here’s what happened,cnbc.com
2018-04-04,"CBS bid for Viacom was immediately rejected, sources tell CNBC",cnbc.com
2018-04-04,One key rule helped me coach investors through the 2010 flash crash,cnbc.com
2018-04-04,U.S. must 'mitigate' trade damage on American farmers -senator,cnbc.com
2018-04-04,Cramer: I helped investors through the 2010 flash crash by following one key rule,cnbc.com
2018-04-04,Turkey says Russian S-400 missile delivery brought forward to July 2019,reuters.com
2018-04-04,How IBM's game show winning supercomputer is solving problems before they occur,cnbc.com
2018-04-04,"Spotify's unique debut that cut out Wall Street is a success so far, but bankers shouldn't be too worried",cnbc.com
2018-04-04,"The Wall Street Journal: Activist Elliott Management reveals over $1 billion stake in Hyundai, praises clearer reorganization",wsj.com
2018-04-04,Too many stocks and too little cash can set you up for failure,cnbc.com
2018-04-04,Trading a 700 point swing: 4 picks,cnbc.com
2018-04-04,PHOTOS: A Look at Martin Luther King’s Assassination 50 Years Ago Today,fortune.com
2018-04-04,Amazon May Start a Bidding War With Walmart Over a Huge International Retailer,fortune.com
2018-04-04,Cramer: Never buy a stock all at once — you'll almost definitely get burned,cnbc.com
2018-04-04,A Liberal Judge Just Won a Seat on Wisconsin’s Supreme Court. Here’s Why Her Victory Matters So Much.,fortune.com
2018-04-04,"In Africa, scant data protection leaves internet users exposed",reuters.com
2018-04-04,"Rules for bulls, bears and everyone in between",cnbc.com
2018-04-04,How to see everything Twitter knows about you and download your Tweet history,cnbc.com
2018-04-04,PHOTOS: A Look at Martin Luther King’s Assassination 50 Years Ago Today,fortune.com
2018-04-04,"China retaliates for US tariffs, slaps duties on soybeans, planes; markets skid",reuters.com
2018-04-05,"Too much trade rhetoric from White House, not enough practical experience: Former Bush advisor",cnbc.com
2018-04-05,The Wall Street Journal: Brazil’s Supreme Court rejects former president Lula’s bid to avoid jail,wsj.com
2018-04-05,Italy's Berlusconi says centre-right must lead next government,reuters.com
2018-04-05,Facebook CEO Mark Zuckerberg Admits ‘Huge Mistake’ But Will Not Step Down,fortune.com
2018-04-05,Brazilian stocks jump after court ruling likely cripples Lula's chances for election run,cnbc.com
2018-04-05,Mueller’s Russia probe shows it pays to cooperate,cnbc.com
2018-04-05,Chicago suburb bans 'assault weapons' after Florida massacre,reuters.com
2018-04-05,"Cramer's advice for investing in your 20s, 30s, 40s and beyond",cnbc.com
2018-04-05,Apple has a new 2019 plan for its most powerful Mac yet — and the stakes are especially high,cnbc.com
2018-04-05,"UPDATE 1-Brazil's left shaken by prospects of Lula jail, markets rally",cnbc.com
2018-04-05,Sexy SUV ads created a macho mythos that's now being used to attack fuel standards,cnbc.com
2018-04-05,One way investors should value the Facebook scandal damage,cnbc.com
2018-04-05,What to do if you can’t pay your taxes,cnbc.com
2018-04-05,"Target settles claims it screened blacks, Hispanics out of jobs",cnbc.com
2018-04-05,Entrepreneur who started Odwalla with $200 shares the best business advice he got from Steve Jobs,cnbc.com
2018-04-05,"JM Smucker to buy Ainsworth Pet Nutrition for $1.7 billion, considering sale of Pillsbury",cnbc.com
2018-04-05,Opioid addiction costs employers $2.6 billion a year for care,cnbc.com
2018-04-05,Australia begins privacy investigation into Facebook,cnbc.com
2018-04-05,These 7 international retailers want to make a splash in the U.S.,cnbc.com
2018-04-05,How Bill Ackman's hedge fund empire crumbled in less than three years,cnbc.com
2018-04-05,Disinterested teens can make best investors,cnbc.com
2018-04-05,France's CFDT to participate in next rail strike on Sunday: leader,reuters.com
2018-04-05,Google says it’s the biggest corporate buyer of renewable energy on the planet,cnbc.com
2018-04-05,This Is the Fastest Growing Job in America. Here’s How Much It Pays,fortune.com
2018-04-05,Investors Are Pulling Out of Bill Ackman’s Hedge Fund at a ‘Rapid Pace’,fortune.com
2018-04-05,"Investing in your 20s, 30s, 40s and beyond",cnbc.com
2018-04-05,JP Morgan's Dimon says market may be underestimating chance that Fed will have to act more quickly,cnbc.com
2018-04-05,"'Epic’ market bubble is ready to burst and stocks could plunge, strategist warns",cnbc.com
2018-04-05,"Bitcoin is going bust, and one trader thinks the worst still to come",cnbc.com
2018-04-05,"Cramer's advice for investing in your 20s, 30s, 40s and beyond",cnbc.com
2018-04-05,Bitcoin: Chainalysis Raises $16 Million Series A from Benchmark,fortune.com
2018-04-05,"How one high school produced the CEOs of Microsoft, Adobe and Mastercard",cnbc.com
2018-04-05,"Manager of $200 billion pension fund deletes Facebook account, citing 'offensive' management",cnbc.com
2018-04-05,"A major disconnect between Tesla shares, bonds is signaling problems for the stock: Market watcher",cnbc.com
2018-04-05,Trump tosses out the script — literally — in rant on immigration and voter fraud,cnbc.com
2018-04-05,Wall Street's Tom Lee predicts 'massive outflow' from cryptocurrencies ahead of tax day,cnbc.com
2018-04-05,"What is known, and not known, about poisoning of ex-spy in Britain",reuters.com
2018-04-05,Are you financially smarter than a 15-year-old? Take this quiz and find out,cnbc.com
2018-04-05,North Korea's Kim told Xi he wanted to resume six-party disarmament talks: Nikkei,reuters.com
2018-04-05,"NBA star Chris Paul was so nervous about his trade to the Rockets, he puked",cnbc.com
2018-04-05,"3 easy ways to ‘spring clean’ your work life, according to a Stanford professor",cnbc.com
2018-04-05,BlackRock to offer new funds that exclude stocks of gun makers and retailers including Walmart,cnbc.com
2018-04-05,March planned job cuts hit highest monthly total in nearly two years: Challenger,cnbc.com
2018-04-05,"China holding Treasuries, keeps 'nuclear option' in trade war...",reuters.com
2018-04-05,Self-made millionaire Robert Herjavec: 4 tips any young person can use to succeed,cnbc.com
2018-04-05,4 things to do before opening a credit card,cnbc.com
2018-04-05,"Republican Tim Pawlenty will announce run for Minnesota governor Thursday, sources say",cnbc.com
2018-04-05,How much Americans pay in taxes in every US state,cnbc.com
2018-04-05,Why one Wall Street bear says the sharp drops won't be over any time soon,cnbc.com
2018-04-05,"Attack on Saudi tanker signals escalation in Yemen war, and it could mean higher oil prices",cnbc.com
2018-04-05,"CORRECTED-RPT-U.S., China rivalry poses risks, benefits for Latin America",cnbc.com
2018-04-05,Nine West nears bankruptcy with plan to sell footwear brand: sources,cnbc.com
2018-04-05,Why you should stop telling people you're so busy,cnbc.com
2018-04-05,UPDATE 3-Pivotal vote puts Brazil's top court closer to jailing ex-president Lula,cnbc.com
2018-04-05,Cramer shares a little-known investing concept critical to buying stocks,cnbc.com
2018-04-05,NYSE owner agrees to buy the Chicago Stock Exchange,cnbc.com
2018-04-05,"Turkey or Kurdish militias? Pick a side, Turkish minister tells France",reuters.com
2018-04-05,Japan's Shinzo Abe has a fresh scandal on his plate,cnbc.com
2018-04-05,Activist Carl Icahn plans a boardroom battle for SandRidge Energy as he advocates a sale,cnbc.com
2018-04-05,AI Experts Threaten to Boycott a University Over Reports of Killer Robot Research,fortune.com
2018-04-05,"After-hours buzz: FB, OLLI & VIAB",cnbc.com
2018-04-05,"Philippines' Duterte lets justice minister resign, picks heads of security forces",reuters.com
2018-04-05,Nike HR Chief says company 'has failed' to hire and promote more women and minorities,cnbc.com
2018-04-05,Here’s What Amazon Spent on Lobbying Washington Last Year,fortune.com
2018-04-05,House GOP wants to set a vote to make individual tax cuts permanent,cnbc.com
2018-04-05,"Merck shares rise after Barclays upgrades shares, downgrades competitor Pfizer",cnbc.com
2018-04-05,Dimon spoke to Trump a month ago to soften trade policy: 'We weren't very effective',cnbc.com
2018-04-05,"27 businesses you can start for under $1,000",cnbc.com
2018-04-05,Watchdog says he didn't have all the facts on embattled EPA chief Scott Pruitt's condo rental,cnbc.com
2018-04-05,Facebook fined $33 million for failing to aid Brazil graft probe,reuters.com
2018-04-05,Cramer shares a little-known investing concept critical to buying stocks,cnbc.com
2018-04-05,Cramer: Zuckerberg just blunted his worst critics by taking responsibility for data scandal,cnbc.com
2018-04-05,Yellen gets post-Fed payday in private meetings with Wall St. elite,cnbc.com
2018-04-05,Longtime Malaysian minister signals confidence his party will hold onto power in coming elections,cnbc.com
2018-04-05,Cramer Remix: The best ways to get kids excited about stocks,cnbc.com
2018-04-05,China's $1.2 trillion weapon that could be used in a trade war with the US,cnbc.com
2018-04-05,Surgeon general urges Americans to carry an overdose antidote to combat the opioid crisis,cnbc.com
2018-04-05,Here are all the store closures we know are coming in 2018,cnbc.com
2018-04-05,Astros finish off three-game sweep of Orioles,reuters.com
2018-04-05,Spotify jumps after analyst calls the music streaming service one of the best deals on the internet,cnbc.com
2018-04-05,Cambridge Analytica says no more than 30 million people impacted by leak,cnbc.com
2018-04-05,India's central bank bans financial firms from dealing with cryptocurrency,cnbc.com
2018-04-05,Your Amazon Echo can now act as a home intercom,cnbc.com
2018-04-05,"Reddit co-founder Alexis Ohanian asks, 'Do you really need to go to college?'",cnbc.com
2018-04-05,"Stocks making the biggest moves premarket: C, WFC, FB, INTC, SPOT, DAL, SHLD & more",cnbc.com
2018-04-05,The company that bought Panera expands its coffee empire with investment in an online coffee shop,cnbc.com
2018-04-05,Facebook sent a doctor on a mission to ask hospitals to share patient data,cnbc.com
2018-04-05,Brazil state fines Anglo American 125.6 mln reais over pipeline leak,cnbc.com
2018-04-05,Watch: Trump talks tax reform in West Virginia,cnbc.com
2018-04-05,Top MBA programs beef up cyrptocurrency courses to keep up with demand,cnbc.com
2018-04-05,Virgin Galactic will on Thursday attempt its first powered rocket flight since 2014 fatal crash,cnbc.com
2018-04-05,"Israeli fire kills Palestinian at Gaza border, with more frontier protests ahead",reuters.com
2018-04-05,"Cramer: Yes, disinterested teens can actually make the best investors",cnbc.com
2018-04-05,LinkedIn jobs report finds a 19.3% increase in March hiring,cnbc.com
2018-04-05,Bond King Gundlach sees an unusual trend in gold. Here’s why it could soon end,cnbc.com
2018-04-05,"GRAINS-Soybeans edge higher, Chinese tariffs cap gains",cnbc.com
2018-04-05,Prepare for a tax surprise if you use your 529 college savings plan for this,cnbc.com
2018-04-05,The Opioid Epidemic Is So Bad the Surgeon General Just Released the First Public Health Advisory in 13 Years,fortune.com
2018-04-05,Jamie Dimon backs Trump's 'legitimate complaints' over trade,cnbc.com
2018-04-05,Tesla production briefly halted by paint shop fire in Fremont factory,cnbc.com
2018-04-05,"U.N. rights watchdog urges Hungary to halt hate speech, protect refugees",reuters.com
2018-04-05,This map shows where people are suffering financially from student debt,cnbc.com
2018-04-05,"FANG stocks are in 'fairyland' and any bounce back could be 'fragile,' analyst warns",cnbc.com
2018-04-05,EXCLUSIVE-Yellen gets post-Fed payday in private meetings with Wall St. elite,cnbc.com
2018-04-05,JP Morgan strategist sees stocks up 10% by the end of 2018 on 'strong' corporate profits,cnbc.com
2018-04-05,US trade deficit rises to near 9½-year high,cnbc.com
2018-04-05,Facebook's privacy changes already briefly broke one app: Tinder,cnbc.com
2018-04-05,US reportedly plans to sanction Russian oligarchs this week,cnbc.com
2018-04-05,US exports at record high could derail global oil market this year: Kloza,cnbc.com
2018-04-05,Here's how to find your lost phone,cnbc.com
2018-04-05,Little-known investing concept critical to buying stocks,cnbc.com
2018-04-05,‘They’re Pretty.’ Monaco Grand Prix Says ‘Grid Girls’ Are Here to Stay,fortune.com
2018-04-05,"RPT-U.S., China rivalry poses risks, benefits for Latin America",cnbc.com
2018-04-05,"For retirees, here's how to score a side gig",cnbc.com
2018-04-05,Albertsons to roll out Plated meal kits to hundreds of its stores by end of year,cnbc.com
2018-04-05,"The market analyst who called the correction sees a lost decade ahead, but one group will win",cnbc.com
2018-04-05,Here's how to maximize those retirement 'sweet spot' years,cnbc.com
2018-04-05,Thousands expected to march in support of South Africa's Zuma at court appearance,reuters.com
2018-04-05,China may be using US soybeans to hit Trump's political base,cnbc.com
2018-04-05,One of Wall Street's biggest bulls calls for downturn's end — sees stocks rallying 13%,cnbc.com
2018-04-05,"Jack Bogle: ETF market crash talk is bogus, but plain old index funds do better",cnbc.com
2018-04-05,"U.S., China rivalry poses risks, benefits for Latin America",cnbc.com
2018-04-05,Here's how we'll know when it's an actual trade war,cnbc.com
2018-04-05,"Sears Holding, Delta Air hit by customer data breach at tech firm",cnbc.com
2018-04-05,San Francisco sues Jeff Sessions over repealed civil rights memos,cnbc.com
2018-04-05,UPDATE 4-Brazil's top court rules that ex-president Lula can be jailed,cnbc.com
2018-04-05,"Stifel downgrades Intel on worries its computer-server business is 'peaking,' upgrades AMD",cnbc.com
2018-04-05,"Trump tweets fifth Amazon attack in a week, repeats false 'lobbyist' claim about Washington Post",cnbc.com
2018-04-05,Some Oklahoma teachers find the grass really is greener in Texas,reuters.com
2018-04-05,"Virgin Galactic completes first rocket powered, supersonic flight of new spacecraft Unity",cnbc.com
2018-04-05,"Tariffs would hurt US consumers and companies, business group warns",cnbc.com
2018-04-05,U.S. Unemployment Claims Rise to Highest in Nearly 3 Months,fortune.com
2018-04-05,Why investing for kids can have huge payoff,cnbc.com
2018-04-05,How much you need to save to afford to buy a home,cnbc.com
2018-04-05,Read Jamie Dimon's full shareholder letter here,cnbc.com
2018-04-05,Fire engulfs several floors of Istanbul hospital building: TV,reuters.com
2018-04-05,"A potential trade war is scary, but the US has a legitimate beef with China",cnbc.com
2018-04-05,"Ahead of Saudi prince visit, Macron lawmaker asks for inquiry over French arms sales",reuters.com
2018-04-05,Why a 'blue wave' in the midterm elections won't be enough,cnbc.com
2018-04-05,This police department is switching to Tesla SUVs — and Elon Musk is pleased,cnbc.com
2018-04-05,Trump seems less concerned about stock markets as he tries to deliver to his base,cnbc.com
2018-04-05,Facebook shares jump after Zuckerberg says data scandal has had no 'meaningful impact',cnbc.com
2018-04-05,The wrong investments are sabotaging your retirement plans,cnbc.com
2018-04-05,"Chinese state media claims victory in trade dispute so far, saying Beijing's tariffs will hurt Trump voters",cnbc.com
2018-04-05,I spent an 11-hour day with a tax pro during tax season—here’s the most surprising thing I learned,cnbc.com
2018-04-05,Amazon and UPS have been quietly fighting over the post office’s cost structure — long before Trump,cnbc.com
2018-04-05,Here’s what happens to shares of companies that Trump attacks,cnbc.com
2018-04-05,How to Make Trade Peace With China,wsj.com
2018-04-05,Here's how to find what Amazon knows about you,cnbc.com
2018-04-05,"Cramer: Yes, disinterested teens can actually make the best investors",cnbc.com
2018-04-05,Russian historian who exposed Stalin's crimes cleared of child pornography: TASS,reuters.com
2018-04-05,CEO of controversial crypto company Longfin blames short sellers for stock plunge,cnbc.com
2018-04-05,Cyclist fired for flipping off the President's motorcade is suing her former employer,cnbc.com
2018-04-05,Migrants keep moving NORTH...,reuters.com
2018-04-05,San Francisco sues U.S. attorney general over repealed civil rights memos,reuters.com
2018-04-05,MoviePass Just Bought Moviefone. Here’s What It Means for Moviegoers,fortune.com
2018-04-05,Cramer explains why investing for kids can have a huge payoff,cnbc.com
2018-04-05,US Diplomat Expulsions Deepen Divisions With Russia,wsj.com
2018-04-05,"3,100 Google employees to CEO Sundar Pichai: ‘Google should not be in the business of war’",cnbc.com
2018-04-05,Germany's Merkel plans to visit Trump as trade deadline looms: Bild,reuters.com
2018-04-05,"Bitcoin is 'worthless' and will perform worse than stocks in the coming months, analyst says",cnbc.com
2018-04-05,Trump dives into heated West Virginia Senate race with swipes at Democratic Sen. Joe Manchin,cnbc.com
2018-04-05,HR Confidential: I hired him without a background check. Then he stole his colleagues' identities,cnbc.com
2018-04-05,UPDATE 1-Brazil soy exporters set to win big from U.S.-China trade spat,cnbc.com
2018-04-05,"If Barbara Corcoran lost her millions and had to start over, here's what she would do",cnbc.com
2018-04-05,3 things you can do to see if you and your future boss are compatible,cnbc.com
2018-04-05,Trump budget director Mulvaney: 'MAGAnomics' is working and defying critics,cnbc.com
2018-04-05,Facebook COO Sheryl Sandberg feels 'deeply personally responsible' for data leak,cnbc.com
2018-04-06,"You're already paying tariffs on clothing and shoes, and have been for almost 90 years",cnbc.com
2018-04-06,Japan's cryptocurrency exchanges face shortage of engineers,reuters.com
2018-04-06,UPDATE 2-Eletrobras shares plunge on shakeup at Brazil energy ministry,cnbc.com
2018-04-06,Trump Proposes $100 Billion in New Tariffs In a Potentially Serious Escalation of the Trade War With China,fortune.com
2018-04-06,Soros fund reportedly preparing to trade cryptocurrencies,cnbc.com
2018-04-06,"Buy Take-Two on the dip because ‘Fortnite’ risk is ‘overblown,’ analyst says",cnbc.com
2018-04-06,Why the market may actually like this jobs report: Wages keep growing,cnbc.com
2018-04-06,$100B ADDITIONAL TARIFFS ON BEIJING?,cnbc.com
2018-04-06,These two big oil names are about to break out: Trader,cnbc.com
2018-04-06,Malaysian Prime Minister Dissolves Parliament to Make Way for Elections,wsj.com
2018-04-06,Trump’s New Tariff Threat Weighs on Global Stocks,wsj.com
2018-04-06,South Korea’s Former President Park Geun-hye Is Jailed for 24 Years,wsj.com
2018-04-06,"Trump tariffs are in ‘Stop, or I’ll shoot myself in the foot’ category: Ex-Treasury chief Summers",cnbc.com
2018-04-06,ECB's Benoit Coeure says a trade war would have 'damaging' consequences for the global economy,cnbc.com
2018-04-06,"Treasury Secretary Mnuchin says there is the possibility of a trade war with China, but that's not the objective",cnbc.com
2018-04-06,These are the most used words on LinkedIn—and how to stand out if you use them,cnbc.com
2018-04-06,Watch: China's Ministry of Commerce respond to the latest Trump trade threats,cnbc.com
2018-04-06,Why the jobs report will decide the markets' tempo in the coming weeks,cnbc.com
2018-04-06,Heads spin as traders try to focus on earnings but trade war talk muddles message,cnbc.com
2018-04-06,"Energy has been a hot corner of the market, and it may not be too late to buy in",cnbc.com
2018-04-06,USDA is looking for ways to protect farmers in trade dispute with China: Official,cnbc.com
2018-04-06,Japanese online brokerage to buy Coincheck for 3.6 billion yen,reuters.com
2018-04-06,Trump wants to protect farmers from Chinese retaliation. That may create a bigger problem,cnbc.com
2018-04-06,"Guggenheim investment chief sees recession, 40% plunge in stocks ahead",cnbc.com
2018-04-06,"'No fundamental problem' with the US trade deficit, economics professor says",cnbc.com
2018-04-06,"There's a better strategy than tariffs for countering Beijing's tactics, former ambassador says",cnbc.com
2018-04-06,'Tiger Woods effect' brings huge impact on sales: Bridgestone Golf CEO,cnbc.com
2018-04-06,Here's what we know – and don't know – about Trump's plan to send National Guard troops to the border,cnbc.com
2018-04-06,This harpoon could capture the potentially hazardous debris orbiting the Earth,cnbc.com
2018-04-06,"Mark Cuban: With Gary Cohn gone, someone needs to tell Wall Street, 'Don't listen to the president'",cnbc.com
2018-04-06,Will not hesitate with 'major response'...,cnbc.com
2018-04-06,Stock market wants to move on from trade war fears to focus on the blockbuster earnings season ahead,cnbc.com
2018-04-06,Facebook to Check Groups Behind ‘Issue Ads’,wsj.com
2018-04-06,"Facebook’s Facial Recognition Feature Violates Users’ Privacy Rights, Groups Allege",wsj.com
2018-04-06,Protests Kick Off Again at Gaza-Israel Fence,wsj.com
2018-04-06,Dow futures indicate more than 400 point drop at market open after Trump threatens more tariffs on China,cnbc.com
2018-04-06,"If tariffs go through, US-China relationship becomes 'much more dangerous': Foreign policy expert Ian Bremmer",cnbc.com
2018-04-06,"This 25-year-old guessed at 80% of his HQ Trivia questions — and won over $20,000",cnbc.com
2018-04-06,US is being wrongly blamed for trade problems: Former Office Depot CEO,cnbc.com
2018-04-06,Warren Buffett and Ray Dalio agree on what to do when the market tanks,cnbc.com
2018-04-06,UFC star Conor McGregor turns himself into police after a melee in Brooklyn,cnbc.com
2018-04-06,"Manufacturing industry leads job gains in March, continuing comeback under Trump",cnbc.com
2018-04-06,China is massively betting on coal outside its borders — even as investment falls globally,cnbc.com
2018-04-06,A record number of women are running for the House this year,cnbc.com
2018-04-06,Have you had the money talk with your kids? Here’s how to do it right,cnbc.com
2018-04-06,"Toys R Us bankruptcy created 'the perfect storm' for Ollie's Bargain Outlet, says CEO",cnbc.com
2018-04-06,US DEPT OF AGRICULTURE IS 'GOING TO FIND WAYS TO ATTEMPT TO HOLD HARMLESS THE AGRICULTURE SECTOR' FROM TRADE CONFLICT WITH CHINA -USDA UNDERSECRETARY NORTHEY,cnbc.com
2018-04-06,Brazil's Lula will not turn himself to police - party source,cnbc.com
2018-04-06,Trump on Amazon: 'The playing field has to be level for everybody',cnbc.com
2018-04-06,"Incyte-Merck trial fails in blow to cancer immunotherapy, but researchers remain hopeful",cnbc.com
2018-04-06,Prosecutors raid Samsung unit in probe into alleged union sabotage: Yonhap,reuters.com
2018-04-06,Fed Chair Powell says growth has picked up enough to justify rate hikes,cnbc.com
2018-04-06,'Illegal' crossing attempts at US Southwest border triple in March from year ago,cnbc.com
2018-04-06,Chief of Staff John Kelly urges Trump to remove besieged EPA Chief Pruitt: WSJ,cnbc.com
2018-04-06,"E. coli outbreak in New Jersey could be tied to Panera Bread, report says",cnbc.com
2018-04-06,"UPDATE 2-Brazil's finance minister Meirelles quits, eyeing elections",cnbc.com
2018-04-06,Ann Winblad: Facebook opt-out button for data may be an unsustainable model,cnbc.com
2018-04-06,How your sweetheart's spending affects your well-being,cnbc.com
2018-04-06,Rep. Blake Farenthold resigns from Congress months after harassment accusations surfaced,cnbc.com
2018-04-06,USDA looking for ways to protect farmers in China trade dispute - USDA official,cnbc.com
2018-04-06,"Kudlow: No tariff talks yet with China, but 'this is not a trade war'",cnbc.com
2018-04-06,Netflix is offering more than $300 million for an LA-based billboard company: Sources,cnbc.com
2018-04-06,Evangelical leaders reportedly want to meet with Trump to air concerns about Stormy Daniels saga,cnbc.com
2018-04-06,Trump attacked Amazon over taxes — but his own online store reportedly collects sales tax from only 2 states,cnbc.com
2018-04-06,China will not hesitate with 'major response' to new tariffs: Ministry of Commerce,cnbc.com
2018-04-06,BET founder: Trump's economy is bringing black workers back into the labor force,cnbc.com
2018-04-06,"Apple's Tim Cook: #MeToo, DACA activists and Parkland students are ‘heroes’",cnbc.com
2018-04-06,"The most common knee surgery for seniors is costly, and usually a waste",cnbc.com
2018-04-06,"Hope for an US-China trade agreement just got 'thrown under the bus,' says a Wall Street veteran",cnbc.com
2018-04-06,Where the ultra-rich live around the world,cnbc.com
2018-04-06,"Trump is right about trade and Germany needs to act, former state secretary says",cnbc.com
2018-04-06,"‘Tired of being told no,’ Trump freezes out chief of staff John Kelly",cnbc.com
2018-04-06,UPDATE 3-Brazil judge orders ex-president Lula jailed by Friday,cnbc.com
2018-04-06,"Mnuchin: Not worried about China selling Treasurys, 'lot of buyers' for US debt",cnbc.com
2018-04-06,Oil falls after US President Trump threatens new China tariffs,cnbc.com
2018-04-06,Stock market volatility could kill this risky Social Security strategy,cnbc.com
2018-04-06,Watch Fed Chairman Jerome Powell deliver his first economic outlook speech live,cnbc.com
2018-04-06,Treasury Secretary Mnuchin: Sanctions are targeting certain behaviors of Russian oligarchs,cnbc.com
2018-04-06,6 strategies to save a fortune from people who bank half their income,cnbc.com
2018-04-06,An energy darling made a big move in the hottest US oil region — and investors dumped its stock,cnbc.com
2018-04-06,4 simple steps for launching a profitable side hustle in less than a month,cnbc.com
2018-04-06,Jamie Dimon sees the 10-year bond at 4 percent. These traders say that call is a long shot,cnbc.com
2018-04-06,"Amid all the volatility, two retail stocks are surging — and traders still see them as a bargain",cnbc.com
2018-04-06,Inside the $50 million Hamptons estate that was once a convent for Catholic nuns,cnbc.com
2018-04-06,Samsung Expects to Extend Its Earnings Hot Streak,wsj.com
2018-04-06,Top Trump economic advisor Larry Kudlow: I just found out about new China tariffs 'last night',cnbc.com
2018-04-06,Don’t expect a strong jobs report: Former NY Fed economist,cnbc.com
2018-04-06,Conservative Koch network breaks with Trump over brewing trade war with China,cnbc.com
2018-04-06,Donald Trump used to own this $45 million Connecticut mansion with Ivana — take a look inside,cnbc.com
2018-04-06,Russia says it will respond firmly to new US sanctions,cnbc.com
2018-04-06,"Here's what people would do with a $10,000 windfall",cnbc.com
2018-04-06,Elon Musk warns A.I. could create an ‘immortal dictator from which we can never escape’,cnbc.com
2018-04-06,"Canada, B.C. launch joint investigation of Facebook, AggregateIQ",reuters.com
2018-04-06,Facebook will require more authentication for people buying political ads,cnbc.com
2018-04-06,"Trump's tariff gamble with China could be catastrophic for the economy, the GOP — and his presidency",cnbc.com
2018-04-06,Xi's political power gives him an upper hand as tariff threats escalate,cnbc.com
2018-04-06,House Oversight Committee's top Democrat calls for hearing with Scott Pruitt and aides,cnbc.com
2018-04-06,"Facebook has a tobacco problem, researchers say",cnbc.com
2018-04-06,"Trade war 'is the greatest threat to the world economy', JP Morgan's Frenkel says",cnbc.com
2018-04-06,Trump touts falling aluminum prices as reason to not fear tariffs,cnbc.com
2018-04-06,UPDATE 2-Brazil judge orders ex-president Lula jailed by Friday,cnbc.com
2018-04-06,Trump denies he knew about payment to Stormy Daniels...,cnbc.com
2018-04-06,Watch: White House takes questions after Trump considers $100 billion in additional tariffs on China,cnbc.com
2018-04-06,China says it will fight back 'at any cost' against US trade tariffs,cnbc.com
2018-04-06,The CIA is hunting for its next generation of talent,cnbc.com
2018-04-06,"Stocks making the biggest moves premarket: AMZN, PYPL, URBN, T, GE, GT, WYNN & more",cnbc.com
2018-04-06,Timing of Trump's latest tariff threat against China is 'unfortunate': Former US deputy trade rep,cnbc.com
2018-04-06,South Africa’s Zuma proclaims innocence after court appearance,reuters.com
2018-04-06,New study finds that 36% of college students don’t have enough to eat,cnbc.com
2018-04-06,Buying beaten down stocks: 3 trades,cnbc.com
2018-04-06,Bitcoin exchange Coinbase launches early-stage venture fund,cnbc.com
2018-04-06,The disappearing American car,cnbc.com
2018-04-06,These 5 last-minute tax cheats will cost you,cnbc.com
2018-04-06,SEC freezes $27 million from stock sales involving CEO of crypto-company Longfin and three others,cnbc.com
2018-04-06,More tech workers can’t afford to live where they work — and neither can teachers and first responders,cnbc.com
2018-04-06,Trump pushes back on reports he is considering replacing Attorney General Sessions with embattled EPA chief Scott Pruitt,cnbc.com
2018-04-06,Facebook can remove Mark Zuckerberg's messages from others' inboxes — the rest of us can't do that,cnbc.com
2018-04-06,MARCH JOBS: +103K,cnbc.com
2018-04-06,Powell: 'Tariffs can push up prices' but 'too early to say' what impact will be,cnbc.com
2018-04-06,Footwear company Nine West files for bankruptcy and will sell some brands,cnbc.com
2018-04-06,Top pro-Trump groups aren't worried that a trade war will hurt the GOP in the midterms – yet,cnbc.com
2018-04-06,"Music streaming services should pay artists properly, Grammy-winner says",cnbc.com
2018-04-06,The countries that could actually benefit from China’s trade tariffs on the US,cnbc.com
2018-04-06,Goldman: How China could fight back next,cnbc.com
2018-04-06,Mnuchin says Amazon's practice of not collecting taxes from third-party sellers doesn't make sense,cnbc.com
2018-04-06,"Trump's pick for national security advisor could push Pakistan closer to China, Russia and Iran",cnbc.com
2018-04-06,'The dumbest possible way': Heartland Republicans rip President Trump's tariff plans,cnbc.com
2018-04-06,Shares of Japan's Monex spike after it agrees to buy troubled cryptocurrency firm,cnbc.com
2018-04-06,"Trump Denies Knowledge of $130,000 Payment to Stormy Daniels",wsj.com
2018-04-06,Here's how long it would take the average person to save enough to buy a home in San Francisco,cnbc.com
2018-04-06,The 20 jobs people are least likely to leave,cnbc.com
2018-04-06,Trump will skip White House Correspondents' Dinner for the second year in a row,cnbc.com
2018-04-07,Americans miss out on $22 billion in free travel,cnbc.com
2018-04-07,Veteran trader Art Cashin: We were close to having potential market 'bloodbath',cnbc.com
2018-04-07,"Boeing wins $12 billion contract to supply jets for American Airlines, beating Airbus",cnbc.com
2018-04-07,China trade dispute could slam U.S. retailers,reuters.com
2018-04-07,Deutsche Bank CEO replacement reportedly could be discussed by chairman on a call on Sunday,cnbc.com
2018-04-07,India to upgrade road and cross-border rail links with Nepal,cnbc.com
2018-04-07,5 of the Best Deals for National Beer Day 2018,fortune.com
2018-04-07,Cramer Remix: Don’t let fear keep you away from this 'renaissance' group,cnbc.com
2018-04-07,Don't count on Amazon winning the $10 billion Defense Department deal -- it's still wide open,cnbc.com
2018-04-07,"Arizona, Texas send 400 National Guard troops to border as Mattis orders deployment of up to 4000",cnbc.com
2018-04-07,Advisors recommend against Goldman Sachs pay plan because of worries over costs,cnbc.com
2018-04-07,Brazil's first black chief justice joins party to run for president,reuters.com
2018-04-07,Sex ads website Backpage seized by US authorities,cnbc.com
2018-04-07,"The Best Non-Car Stuff to Buy From Bentley, Porsche, and BMW",fortune.com
2018-04-07,Kevin O’Leary sheds a tear and opens up about his rise to millions,cnbc.com
2018-04-07,How mega-mergers are changing the business of medical care,cnbc.com
2018-04-07,Trumpist GOP doesn’t mind Wall Street’s tariff heartburn,cnbc.com
2018-04-07,Trade dominates week ahead and two big events could impact markets,cnbc.com
2018-04-07,Cramer's game plan: Be on your toes and carry a lot of cash in a whipsaw market,cnbc.com
2018-04-07,"For some consumers, bankruptcy is the solution to crushing debt",cnbc.com
2018-04-07,UPDATE 3-Eletrobras shares plunge on shakeup at Brazil energy ministry,cnbc.com
2018-04-07,EPA chief spent millions on security and travel,cnbc.com
2018-04-07,"Car drives into crowd in Germany, several dead - Spiegel Online",reuters.com
2018-04-07,"America's Trade War with China: Get Ready for ""a Little Pain"" - Fortune",fortune.com
2018-04-07,"White House Chief of Staff John Kelly reportedly 'blew up' at Trump, and threatened to quit",cnbc.com
2018-04-07,"FBI Seizes Backpage.com, a Site Criticized for Sex-Related Ads",wsj.com
2018-04-07,US farmers in 'precarious position' with China as trade war fears escalate,cnbc.com
2018-04-07,Kyrgyz leader fires security boss in sign of ruling party rift,reuters.com
2018-04-07,House panel investigating Pruitt's condo rental,reuters.com
2018-04-07,Facebook suspends Canadian firm AggregateIQ after it may have 'improperly' had access to user data,cnbc.com
2018-04-07,Cramer: Watch these risky trades to track progress in the US vs. China 'trade war',cnbc.com
2018-04-07,"Apple Working on Curved iPhone, Hiring for Siri",fortune.com
2018-04-07,Japan activates first marines since World War II to bolster defenses against China,cnbc.com
2018-04-07,Find the Best National Beer Day Deals and Events Near You,fortune.com
2018-04-07,"Several Killed as Truck Rams Into Small Crowd in Münster, Germany",wsj.com
2018-04-07,'We wanted to go first.' It's been a decade since Delta's merger with Northwest upended the industry,cnbc.com
2018-04-07,Tanker crashes into historic mansion by Istanbul's Bosphorus - CNN Turk,reuters.com
2018-04-07,"To dodge the 'sticker shock' of New York City, residents flock to Jersey City as an alternative",cnbc.com
2018-04-07,Stocks Plummet Amid Rising U.S.-China Trade Tensions,wsj.com
2018-04-07,"Bourbon, America's native spirit, is caught in the cross hairs of Trump's trade war with China",cnbc.com
2018-04-07,Texas sends 250 National Guard troops to Mexico border,reuters.com
2018-04-07,By the numbers: Here's what 10 years of airline consolidation has done to the sector,cnbc.com
2018-04-07,Cramer: The market's fear gauge is showing signs that stocks could be bottoming,cnbc.com
2018-04-07,"Fed's Evans says inflation will hit 2 percent, and gradual rate hikes will be appropriate",cnbc.com
2018-04-08,The four rocket photographers whose work has been seen by millions – thanks to Elon Musk,cnbc.com
2018-04-08,Deutsche Bank Set to Replace CEO John Cryan With Retail-Bank Chief,wsj.com
2018-04-08,BRIEF-New Century Healthcare Holding ‍Entered Strategic Cooperation With New World Strategic Investment,reuters.com
2018-04-08,A Quiet Place Topples Ready Player One in Box Office Debut,fortune.com
2018-04-08,Deutsche Bank Is Leaning Toward Christian Sewing as Next CEO,fortune.com
2018-04-08,"Trump Must Back Up Syria Tough Talk or ‘Look Weak,’ Sen. Lindsey Graham Says",fortune.com
2018-04-08,Art Dealer Killed in Trump Tower Fire,fortune.com
2018-04-08,Netflix Could Pull Films From Cannes in Response to Competition Ban,fortune.com
2018-04-08,Deutsche Bank's Sewing to become new group CEO - source,reuters.com
2018-04-08,"Fire breaks out on 50th floor of Trump Tower, with at least 1 reported injury",cnbc.com
2018-04-08,Turnout high in Hungary's election as Orban fights to retain power,reuters.com
2018-04-08,Ohio company recalls more than 7 tons of BBQ beef,cnbc.com
2018-04-08,Iconic Mexican Actress María Félix Would Have Been 104 Today,fortune.com
2018-04-09,UPDATE 1-U.S. will protect its farmers amid trade tensions -USDA's Perdue,cnbc.com
2018-04-09,Viacom asks CBS to raise its bid by $2.8 billion,cnbc.com
2018-04-09,"Brexit & Beyond:Europe’s Boom Reawakens Debt Worries, German Steel Town Fears U.S. Tariffs, Hungary’s Orban in Big Election Win",wsj.com
2018-04-09,Two experts debate whether Facebook should get into health,cnbc.com
2018-04-09,"Facebook, Deutsche Bank, Rusal: CEO Daily for April 9, 2018",fortune.com
2018-04-09,Rough Ride for Wageworks,wsj.com
2018-04-09,Steve Jobs had to convince Tim Cook to join Apple in 1998 — here's how he did it,cnbc.com
2018-04-09,FANG stocks' bite has US fund managers looking for alternatives,cnbc.com
2018-04-09,"China stocks tepid, investors ponder trade spat developments",cnbc.com
2018-04-09,Canadian Town Deals With Shock and Grief Following Bus Crash,wsj.com
2018-04-09,Controversial crypto company Longfin says accounting firm has resigned amid SEC investigation,cnbc.com
2018-04-09,North Korea tells U.S. it is prepared to discuss denuclearization: source,reuters.com
2018-04-09,UPDATE 1-White House seeks to speed reviews of major infrastructure projects,cnbc.com
2018-04-09,Donald Trump is more predictable than he seems,cnbc.com
2018-04-09,Airline sentiment soars: 4 trades,cnbc.com
2018-04-09,Joe Biden swoops in to give Democrat Phil Bredesen a money boost in tight Tennessee Senate race,cnbc.com
2018-04-09,UPDATE 2-U.S. will protect its farmers amid trade tensions -USDA's Perdue,cnbc.com
2018-04-09,"IT Spending on Track for Biggest Gains in a Decade, Gartner Says - CIO Journal. - WSJ",wsj.com
2018-04-09,"5 states where you need to make about $100,000 to afford ‘the average home’",cnbc.com
2018-04-09,WD-40 Will Funnel Tax Savings to Boost Digital Brand Presence,wsj.com
2018-04-09,What Recent Market Swings Can Teach You About Your Risk Tolerance,wsj.com
2018-04-09,GM shares jump on upgrade by widely followed analyst at Morgan Stanley,cnbc.com
2018-04-09,Somalia parliament speaker quits ahead of motion against him: lawmaker,reuters.com
2018-04-09,'Smile and nod': Latin American leaders brace for tense Trump visit,reuters.com
2018-04-09,"RPT-Venerating the past, traditional costume fever grips Thailand - Reuters",reuters.com
2018-04-09,Trump says 'major decision' on Syria coming in next two days,cnbc.com
2018-04-09,It's John Bolton's first day as Trump's national security advisor – and he's already facing a new crisis in Syria,cnbc.com
2018-04-09,Syria chemical attack is war crime: Human Rights Watch chief - Reuters,reuters.com
2018-04-09,Mattis does not rule out 'anything' after suspected Syria gas attack,cnbc.com
2018-04-09,"Molly Ringwald, Tony Robbins, Sheryl Sandberg: Broadsheet April 9",fortune.com
2018-04-09,Rick Scott's Senate run in Florida puts Democrats on defense for one of their most vulnerable seats,cnbc.com
2018-04-09,"Ethics watchdog says EPA chief Scott Pruitt's rent deal, expenses, travel raise red flags",cnbc.com
2018-04-09,U.S. Orders Americans to Leave Blacklisted Russian Firms - Risk & Compliance Journal. - WSJ,wsj.com
2018-04-09,North Korea tells U.S. it is prepared to discuss denuclearisation – source,reuters.com
2018-04-09,Watch: White House briefs media as Trump weighs response to Syria attack,cnbc.com
2018-04-09,Fighting social injustice as important as fighting abortion: pope,reuters.com
2018-04-09,Missiles Strike Air Base in Syria,wsj.com
2018-04-09,"Oil steadies after Friday's falls, but trade disputes still weigh",cnbc.com
2018-04-09,"SandRidge says it will evaluate buyout offers, including activist investor Carl Icahn's bid",cnbc.com
2018-04-09,"Mark Zuckerberg: Facebook Made Mistakes on 'Fake News,' Privacy",wsj.com
2018-04-09,"GRAINS-Wheat gains on crop risks, soybeans firm on export sales",cnbc.com
2018-04-09,Corruption Currents: Ex-Brazil President Lula Surrenders,wsj.com
2018-04-09,"Regulators Focus on Compliance Innovation, Technology - Wall Street Journal (blog)",wsj.com
2018-04-09,"The Morning Download: Tech Sector, Facing Regulation, Never Will Be the Same",wsj.com
2018-04-09,U.S. will protect its farmers amid trade tensions -USDA's Perdue,cnbc.com
2018-04-09,Under 3 percent of Americans can pass this 6-question money quiz,cnbc.com
2018-04-09,Congress releases Mark Zuckerberg's prepared testimony ahead of Wednesday's hearing,cnbc.com
2018-04-09,"U.S. Sanctions Rattle Russian Stocks, Currency",wsj.com
2018-04-09,An Entire Country's Internet Was Cut Off for 2 Days After an Underwater Cable Broke - Fortune,fortune.com
2018-04-09,Iran unifies official and open market exchange rates as rial hit new low,reuters.com
2018-04-09,METALS-US sanctions on Rusal lift aluminium to near four-week high - Reuters,reuters.com
2018-04-09,Alaska Airlines narrowly edges out Delta to top airline quality study,cnbc.com
2018-04-09,Syria says U.S. suspected of attacking air base but Pentagon denies it,reuters.com
2018-04-09,The Morning Ledger: European Buyers Go on the Hunt for U.S. Targets,wsj.com
2018-04-09,Citi warns of bigger market corrections ahead — but says ‘buy on the dips’,cnbc.com
2018-04-09,LGBT couples may be making this big mistake on their tax returns,cnbc.com
2018-04-09,The Morning Risk Report: U.S. Tells Americans to Leave Blacklisted Russian Firms,wsj.com
2018-04-09,UPDATE 1-Brazil shoemaker IPO joins effort to bring back 2017 buzz,cnbc.com
2018-04-09,"Stocks making the biggest moves premarket: MRK, VIAB, CBS, FB, GM, HLT, BA, TSLA & more",cnbc.com
2018-04-09,Don't miss out on the expanded tax deduction for medical expenses,cnbc.com
2018-04-09,"WSJ City PM: Deutsche’s New Dynamic, Europe’s Growing Debt Pile, How Big Tech Is Bracing for Privacy Rules",wsj.com
2018-04-09,Saudi prince skips visit to mega tech incubator during French trip - Reuters,reuters.com
2018-04-09,Why Disney Can't Use Spider-Man or the Avengers at Its Orlando Location—Even Though It Owns the Marvel Brand - Fortune,fortune.com
2018-04-09,Mark Zuckerberg needs to answer these questions before Congress this week,cnbc.com
2018-04-09,Billionaire mall owner: 'Amazon has been great for retail' — and here's why,cnbc.com
2018-04-09,Trump complains about 'stupid trade' with China,cnbc.com
2018-04-09,Facebook now lets you know if your data was shared with Cambridge Analytica,cnbc.com
2018-04-09,Hedge Funds Turn Bearish on Tech Giants,wsj.com
2018-04-09,Orban’s party signals crackdown after victory in Hungary,reuters.com
2018-04-09,"How cryptocurrency investors can avoid a $100,000 penalty, plus jail time",cnbc.com
2018-04-09,‘The Simpsons’ Finally Tried to Address the Apu Controversy and Just Made People Sad,fortune.com
2018-04-09,A Trade War Could Add to the Dollar’s Woes - MoneyBeat - WSJ,wsj.com
2018-04-09,Why Apple Co-Founder Steve Wozniak Joined the #DeleteFacebook Movement - Fortune,fortune.com
2018-04-09,BRIEF-Uber Says To Acquire JUMP Bikes - Blog,reuters.com
2018-04-09,U.S. Stock futures higher as U.S.-China trade war fears ease,reuters.com
2018-04-09,"Tesla to recall 8,898 vehicles in China: China quality watchdog",cnbc.com
2018-04-09,"Wells Fargo faces potential record fine over auto, mortgage abuses: Report",cnbc.com
2018-04-09,"Stocks to Watch: Leucadia, Caterpillar, Boeing, Merck, PayPal - MoneyBeat - WSJ",wsj.com
2018-04-09,FBI raids the office of Trump lawyer Michael Cohen,cnbc.com
2018-04-09,"If gold gets to this level, it’s going to be really bad for stocks: Piper Jaffray",cnbc.com
2018-04-09,The Wall Street Journal: Wells Fargo looks at own auto-lending issues as regulatory pressure builds,wsj.com
2018-04-09,Gulf Region Hopes for Windfall from Saudi’s Emergence,wsj.com
2018-04-09,Russian stocks crash on new sanctions; Aluminum prices soar on penalties to global producer Rusal,cnbc.com
2018-04-09,This is the most important level to watch on the S&P 500 right now,cnbc.com
2018-04-09,"Europe’s Boom Reawakens Debt Worries, German Steel Town Fears Tariffs, Hungary’s Orban in Big Election Win",wsj.com
2018-04-09,Rising Crude Prices Hit U.S. Drivers in the Pocketbook—Energy Journal,wsj.com
2018-04-09,FDA orders Bayer to implement additional safety measures on Essure contraception device,cnbc.com
2018-04-09,"As elections near, many older, educated, white voters shift away from Trump's party",cnbc.com
2018-04-09,Justice Department to allow Bayer's acquisition of Monsanto: Dow Jones,cnbc.com
2018-04-09,Real Time Economics: Investors Question Global Growth | No Fed Bailout Markets | White House Softens Trade Rhetoric,wsj.com
2018-04-09,Cambridge Analytica whistleblower says Facebook users' data could be stored in Russia,cnbc.com
2018-04-09,Twice-blessed stocks: When the charts and the fundamentals align,cnbc.com
2018-04-09,"Machinery, truck makers poised to be big winners from Trump infrastructure push: Morgan Stanley",cnbc.com
2018-04-09,China demands halt of U.S. arms sales to Taiwan,reuters.com
2018-04-09,"Northrop Grumman, not SpaceX, reported to be at fault for loss of top secret Zuma satellite",cnbc.com
2018-04-09,'None of us will have any privacy anymore': Senator calls for Facebook regulation,cnbc.com
2018-04-09,"WSJ City: Investors Welcome Deutsche Bank’s CEO Switch, US Dials Down Trade Rhetoric",wsj.com
2018-04-09,Florida Gov. Rick Scott is running for Senate,cnbc.com
2018-04-09,Syrian Attack Sends Toxic Cloud Over Trump-Putin Ties,wsj.com
2018-04-09,Saudi prince skips visit to mega tech incubator during French trip,reuters.com
2018-04-09,Big money showdown in Florida: Scott vs. Nelson is shaping up to be 'one of the most expensive Senate races ever',cnbc.com
2018-04-09,The Daily Shot: Trade Uncertainty Showing up in the Economy - Daily Shot - WSJ,wsj.com
2018-04-09,China joins HK-U.S. battle for Chinese tech listings,reuters.com
2018-04-09,Jimmy Kimmel Takes the High Road in Hannity Feud—Sort Of,fortune.com
2018-04-09,"Syria, Middle East tensions pose bigger risk for oil prices",cnbc.com
2018-04-09,Novogratz's Galaxy Digital hires Goldman VP as COO: Bloomberg,reuters.com
2018-04-09,How Goldman Sachs is playing the upcoming earnings season: Bet on stocks with real organic growth,cnbc.com
2018-04-09,Obama trade rep: Trump's concerns about China are 'real and legitimate',cnbc.com
2018-04-09,The real reason Trump is sending troops to the Mexican border,cnbc.com
2018-04-09,Selling Facebook for Amazon is a mistake: You can't outrun tech sector gravity,cnbc.com
2018-04-09,Here are the top 10 airlines in the world as ranked by TripAdvisor customers,cnbc.com
2018-04-09,One million taxpayers have not filed their 2014 returns. That's $1 billion in unclaimed refunds,cnbc.com
2018-04-09,"Final Exams (Monday Crossword, April 9)",wsj.com
2018-04-09,EMERGING MARKETS-Brazil stocks down on election uncertainty,cnbc.com
2018-04-09,"Merck's Keytruda meets main goal in lung cancer trial, shares jump 3%",cnbc.com
2018-04-09,Aluminum Surges on Sanctions; Cost Rises Fastest in U.S.,wsj.com
2018-04-09,Russian sanctions dent European share recovery,reuters.com
2018-04-09,"5 ways to make sure your brain works for you, not against you",cnbc.com
2018-04-09,This Chinese Facial Recognition Surveillance Company Is Now the World’s Most Valuable AI Startup,fortune.com
2018-04-09,Elon Musk's next Hyperloop test will aim for half the speed of sound,cnbc.com
2018-04-09,Ron Paul to Trump: Tariffs won't help US economy because they're really just hidden taxes on consumers,cnbc.com
2018-04-09,IT Hiring Slows in March,wsj.com
2018-04-09,Apple says all its facilities now powered by clean energy,reuters.com
2018-04-09,'Smile and nod': Latin American leaders brace for tense Trump visit,cnbc.com
2018-04-09,Runaway train: seven Indian workers suspended after 13-km downhill ride,reuters.com
2018-04-09,PayPal Has Been Quietly Getting Into the Traditional Banking Business,fortune.com
2018-04-09,Another Goldman exec dumps Wall Street for crypto world,cnbc.com
2018-04-09,Trump is more predictable than he seems—here's how to anticipate his next move,cnbc.com
2018-04-09,Airline service quality hit a record high in 2017 despite ugly incidents: Study,cnbc.com
2018-04-09,"General Electric 'is the most expensive stock' in the industrial sector, JP Morgan says",cnbc.com
2018-04-09,Biotech Bears Get Squeezed,wsj.com
2018-04-09,"CBO: Fiscal Stimulus Will Widen Budget Deficits, Boost Growth in Coming Years",wsj.com
2018-04-09,Facebook now lets you know if your data was shared with Cambridge Analytica,cnbc.com
2018-04-09,Russian military says Israel was behind the airstrike in Syria,cnbc.com
2018-04-09,Sen. Kennedy: I hope Mark Zuckerberg doesn't 'pull things out of his orifices' when testifying,cnbc.com
2018-04-09,Xiaomi says pushing for smartphone component suppliers to invest in India,reuters.com
2018-04-09,Dell's Pivotal Software expects IPO to raise up to $592 million,cnbc.com
2018-04-09,Google is teaming up with the largest doctor group on a medical data challenge,cnbc.com
2018-04-09,NAFTA deal seen as more likely as GOP worries about farm states,cnbc.com
2018-04-09,Trudeau attends emotional vigil for Canada bus crash victims,reuters.com
2018-04-09,Elon Musk shows off manufacturing hardware for SpaceX's Mars rocket,cnbc.com
2018-04-09,Restaurant sales gain ground in March as consumers' tax refunds roll in,cnbc.com
2018-04-09,"Free tax prep is still available, even as deadline approaches",cnbc.com
2018-04-09,Hungarian PM could target Soros organizations right after election win,reuters.com
2018-04-09,"WSJ Wealth Adviser Briefing: Argentine Real Estate, Bonds, Kitchen Islands",wsj.com
2018-04-09,Syria Posture | Today’s Fight v. 1980′s | Tackling the Farm Bill,wsj.com
2018-04-09,'Smile and nod': Latin American leaders brace for tense Trump visit,cnbc.com
2018-04-10,How Evaluate the Riskiness of a Target-Date Fund,wsj.com
2018-04-10,"Facebook is offering a $40,000 bounty if you find the next big data leak",cnbc.com
2018-04-10,Facebook Isn’t a Passive Player in Washington -,wsj.com
2018-04-10,Toy maker Mattel is shuttering its New York office,cnbc.com
2018-04-10,Telefonica Brasil to expand ultra-fast broadband to 20 new cities,reuters.com
2018-04-10,How to convince a skeptic that the pay gap is real,cnbc.com
2018-04-10,Eminem Won’t Be a Public Company After Shortcut IPO Plans Collapse,wsj.com
2018-04-10,Marine One upgrade: The next presidential helicopter fleet is getting closer to its debut,cnbc.com
2018-04-10,Xi Jinping's remarks at the Boao Forum were well anticipated: Strategist,cnbc.com
2018-04-10,Uber Just Lost Another Big Case at Europe’s Top Court,fortune.com
2018-04-10,GOP Texas Gov. Greg Abbott predicts success in reworking NAFTA for an 'even better' deal,cnbc.com
2018-04-10,The 15 states where taxes take the most out of your paycheck,cnbc.com
2018-04-10,"WSJ City PM: Zuckerberg Faces Congress, Russian Assets Fall Further, Volkswagen Expected to Replace CEO",wsj.com
2018-04-10,Oil jumps 3% to above $65 on growing Middle East tensions,cnbc.com
2018-04-10,Commodities tomorrow: Crude spikes 3 percent on day,cnbc.com
2018-04-10,Impact of tariffs on China soybean supply being closely watched - ag ministry,cnbc.com
2018-04-10,UPDATE 3-Hydro denies Brazil alumina plant contaminated local environment,cnbc.com
2018-04-10,Should the U.S. Worry That China Is Closing In on Its Lead in Research and Development?,wsj.com
2018-04-10,Mark Zuckerberg: 'There will always be a version of Facebook that is free',cnbc.com
2018-04-10,New GSK shingles vaccine off to strong start in key U.S. market,cnbc.com
2018-04-10,Google appeals Indian antitrust watchdog's 'search bias' verdict,cnbc.com
2018-04-10,"Brexit & Beyond:Orban’s Win Tightens His Grip, Macron Attempts to Warm Chill With Saudi Arabia, ECB’s Draghi Highlights Patience - MoneyBeat - WSJ",wsj.com
2018-04-10,"Goldman Sachs cuts Tesla price target, predicts Model 3 disappointments and capital raise",cnbc.com
2018-04-10,Crypto hedge fund known for eye-popping early returns lost nearly 50% last month,cnbc.com
2018-04-10,Democrats find no evidence of credible threats against EPA's Pruitt,cnbc.com
2018-04-10,UPDATE 1-China agriculture ministry to closely watch soybean supplies after tariff plan,cnbc.com
2018-04-10,UK Serious Fraud Office Names Interim Director,wsj.com
2018-04-10,10 jobs where women earn more than men,cnbc.com
2018-04-10,Brent crude prices jump to the highest since 2014 on rising Middle East tensions,cnbc.com
2018-04-10,Playing the markets during volatile times is tough: Portfolio Manager,cnbc.com
2018-04-10,Equal Pay Day: How You Can Help Bridge the Gap,fortune.com
2018-04-10,Cramer on Trump lawyer raid: People need to realize this hardly ever happens,cnbc.com
2018-04-10,Tammy Duckworth just became the first US Senator to give birth while in office,cnbc.com
2018-04-10,President cancels South America trip...,cnbc.com
2018-04-10,Online travel operators are fighting back against Airbnb,cnbc.com
2018-04-10,Time to close the gaps in Asia: IMF's Lagarde,cnbc.com
2018-04-10,"Kroger to hire 11,000 supermarket workers, including 2,000 managers",cnbc.com
2018-04-10,Boeing deliveries rise 9 percent,cnbc.com
2018-04-10,"Stocks to Watch: Facebook, Amazon, Apple, Exxon Mobil, Boeing, Nvidia, Netflix, VeriFone, Monsanto",wsj.com
2018-04-10,Russian Ruble Tumbles Further on Political Shocks,wsj.com
2018-04-10,Here are the highlights of the market-moving speech by China's Xi and the US stocks that could benefit,cnbc.com
2018-04-10,China Soothes Trade War-Weary Investors—Energy Journal,wsj.com
2018-04-10,"Orban’s Win Tightens His Grip, Macron Attempts to Warm Chill With Saudi Arabia, ECB’s Draghi Highlights Patience",wsj.com
2018-04-10,"Reminder: Today isn't Equal Pay Day for black, Latina or Native American women - CNBC",cnbc.com
2018-04-10,Verifone surges more than 50 percent after acquisition announcement,cnbc.com
2018-04-10,RBC cuts S&P 500 forecast for 2018 as political obstacles for stocks ‘pile up’,cnbc.com
2018-04-10,"In Good Company (Tuesday Crossword, 10)",wsj.com
2018-04-10,These are the 10 best places to live in America in 2018,cnbc.com
2018-04-10,Having Kids Widens the Wage Gap. But These Women Are More Likely to Bounce Back - Fortune,fortune.com
2018-04-10,FBI raid on Trump lawyer Michael Cohen sent shockwaves through GOP leadership ranks,cnbc.com
2018-04-10,UPDATE 2-Beijing to watch soybean supplies closely as tariff plan triggers price surge,cnbc.com
2018-04-10,"WSJ City: Markets Buoyed As Xi Vows a More Open China, Zuckerberg to Admit Facebook’s ‘Big Mistake’",wsj.com
2018-04-10,"Alexis Ohanian washed dishes at Pizza Hut before co-founding Reddit, now valued at $1.8 billion",cnbc.com
2018-04-10,"Retail ‘hasn’t looked this good in years’ and it could head even higher, says technician",cnbc.com
2018-04-10,GOP Senator moves to close cheap shipping loophole that helps Chinese businesses on Amazon,cnbc.com
2018-04-10,Olympian Lindsey Vonn: The wage gap in professional skiing is 'severe',cnbc.com
2018-04-10,Cramer: We got too negative on Friday—there's always a better time to sell,cnbc.com
2018-04-10,Trump 'certainly believes' he has the power to fire special counsel Robert Mueller: White House,cnbc.com
2018-04-10,"Stocks haven't locked in a bottom yet, says bull who predicts robust 2018 gains",cnbc.com
2018-04-10,"The Morning Ledger: Trade Worries Percolate Across U.S. Manufacturing, Farming",wsj.com
2018-04-10,Mark Zuckerberg will win today by keeping the focus away from Facebook's business model,cnbc.com
2018-04-10,12 biggest scams to watch out for this tax season,cnbc.com
2018-04-10,Zuckerberg is winning over Wall Street: Facebook shares set for best day in 2 years,cnbc.com
2018-04-10,No One Wants to Bet on the End of Volatility,wsj.com
2018-04-10,President Xi Jinping showed statesmanship at the Boao Forum: Strategist,cnbc.com
2018-04-10,"Today’s a Bad Day to Be Flying in Europe, Thanks to Airline Strikes",fortune.com
2018-04-10,"After-hours buzz: TUP, PAY, NKE & more",cnbc.com
2018-04-10,"GRAINS-Wheat dips from near one-month high, crop condition report caps losses",cnbc.com
2018-04-10,EXCLUSIVE - BRAZILIAN CONGLOMERATE ODEBRECHT IN TALKS TO SELL SAO PAULO REAL ESTATE PROJECT WORTH UP TO 400 MLN REAIS -SOURCES,cnbc.com
2018-04-10,"CFO Moves: Social Finance, Cooper Tire & Rubber",wsj.com
2018-04-10,EXCLUSIVE-Odebrecht puts Brazil real estate project up for sale -sources,cnbc.com
2018-04-10,Tech investor Bill Gurley on fixing health care's broken business model,cnbc.com
2018-04-10,Real Time Economics: Budget Blowout | Inflation in Focus | China Chides ‘Cold War’ Mentality,wsj.com
2018-04-10,EMERGING MARKETS-Latin American equities jump as China signals openness,cnbc.com
2018-04-10,"The market could be getting Xi's speech wrong, it doesn't mean there won't be a trade war",cnbc.com
2018-04-10,More organic than thou? Rebel farmers create new food label,cnbc.com
2018-04-10,Companies in Asia are scrambling to issue bonds — but investors just aren't biting,cnbc.com
2018-04-10,How financial markets would react if Trump ever fired Mueller,cnbc.com
2018-04-10,GRAINS-Wheat retreats from near one-month high despite further crop damage,cnbc.com
2018-04-10,"Retail defaults hit record high in first quarter, Moody's says",cnbc.com
2018-04-10,This is how long $1 million in retirement really lasts,cnbc.com
2018-04-10,Boeing is the 'tell' for where the stock market will go next,cnbc.com
2018-04-10,Looming 'debt hangover' will crush the economy,cnbc.com
2018-04-10,Nestle pledges to make all its packaging recyclable by 2025,cnbc.com
2018-04-10,The trade noise is unlikely to 'completely go away' after Xi speech: Strategist,cnbc.com
2018-04-10,"The Morning Download: IT Spending, Led by Software, on Track for Biggest Gain in Decade",wsj.com
2018-04-10,One attraction still drawing shoppers to malls: Food,cnbc.com
2018-04-10,Bitcoin to the moon and beyond? Why one trader sees a crypto bounce coming,cnbc.com
2018-04-10,"Xi Jinping speech, US-China trade tensions and stocks in focus",cnbc.com
2018-04-10,Some 200 migrants in Mexico caravan to seek U.S. asylum: organizers,reuters.com
2018-04-10,"WSJ Wealth Adviser Briefing: Property Taxes, Renters, VW Bugs",wsj.com
2018-04-10,"France can bring criminal case against Uber for running an illegal taxi service, EU's top court says",cnbc.com
2018-04-10,"Mueller is reportedly investigating $150,000 a Ukrainian billionaire gave Trump's foundation",cnbc.com
2018-04-10,Zuckerberg faces Senate hearing but little hope for action,reuters.com
2018-04-10,"Argentina books largest U.S. soybean imports in 20 years, USDA says",cnbc.com
2018-04-10,These 10 jobs have the largest and smallest pay gaps between men and women,cnbc.com
2018-04-10,Ray Dalio’s Rapidly Changing Views on China,wsj.com
2018-04-10,Trump administration issues rule further watering down Obamacare,reuters.com
2018-04-10,Bank of America to step away from clients that make military-style assault rifles for civilians,cnbc.com
2018-04-10,US transportation safety agency chairman and Tesla's Elon Musk discuss fatal 'autopilot' Tesla crash,cnbc.com
2018-04-10,We need social workers — not Facebook — to better understand patients' health,cnbc.com
2018-04-10,Laura Ingraham Blasts the Left’s ‘Plot to Silence Conservatives’ in Return to Fox News Show,fortune.com
2018-04-10,Research suggests female CEOs outearn their male peers—but it's not that simple,cnbc.com
2018-04-10,Theranos lays off most of its remaining workforce,cnbc.com
2018-04-10,Trump says he's 'very thankful' for Chinese President Xi's remarks on trade,cnbc.com
2018-04-10,Top 'Homeland Security' Advisor Bossert to Resign...,cnbc.com
2018-04-10,EMERGING MARKETS-Brazil stocks battered by election uncertainty,cnbc.com
2018-04-10,"China's Xi announces plans to open up China, including lowering tariffs on imported autos",cnbc.com
2018-04-10,Socially responsible investing is gaining in popularity. And it may help you make more money,cnbc.com
2018-04-10,"This is the biggest risk to the oil rally, says RBC's Helima Croft",cnbc.com
2018-04-10,"Invest in Russia at your own risk after US sanctions, strategist says",cnbc.com
2018-04-10,Google Is Celebrating 'Lawrence of Arabia' Actor Omar Sharif With a Doodle. Here's Why - Fortune,fortune.com
2018-04-11,All these wild swings in the stock market could mean it's bottoming soon and will rebound,cnbc.com
2018-04-11,JPMorgan Sued Over ‘Sky-High’ Fees for Cryptocurrency Purchases,fortune.com
2018-04-11,"Kremlin, on Trump Syria tweet, says 'We don't do Twitter diplomacy'",cnbc.com
2018-04-11,"Stocks to Watch: Facebook, Sprint, CVS, JetBlue, eBay, Analogic, Carnival, P&G, Devon, Fastenal",wsj.com
2018-04-11,So you’ve been waitlisted—here are 3 things you should do,cnbc.com
2018-04-11,You can now save $5 a month by bundling Spotify and Hulu,cnbc.com
2018-04-11,Saints QB Drew Brees sues after losing $9 million to what he calls 'a scam',cnbc.com
2018-04-11,Corruption Currents: U.S. Official Warns Banks Against Dealing With Blacklisted Russians,wsj.com
2018-04-11,Potential for big oil price spike grows after provocative missile strikes - CNBC,cnbc.com
2018-04-11,The markets are a bit more hopeful on the US-China trade spat,cnbc.com
2018-04-11,"This 43-year-old running for president in 2020 wants to give everyone $1,000 a month in free cash",cnbc.com
2018-04-11,Soylent Meal Replacement Drinks Are Coming to Walmart,fortune.com
2018-04-11,"7 ways to boost your success while working less, according to a 5-year study",cnbc.com
2018-04-11,"Fed minutes: 'All' members see higher GDP and inflation, and more rate hikes",cnbc.com
2018-04-11,Twins shut down slumping Astros behind Odorizzi,reuters.com
2018-04-11,"After China's massive drill, U.S. patrols disputed South China Sea",reuters.com
2018-04-11,Goldman Sachs asks in biotech research report: 'Is curing patients a sustainable business model?',cnbc.com
2018-04-11,Trump’s New Executive Order Will Make Welfare Recipients Work to Receive Benefits,fortune.com
2018-04-11,Trump Sends Warning to Russia | White House: Trump Has Power to Dismiss Mueller | How Active Are Senators on Facebook?,wsj.com
2018-04-11,Former House Speaker John Boehner joins marijuana company: 'My thinking on cannabis has evolved',cnbc.com
2018-04-11,Say hello to the No. 1 threat to your $11 million inheritance,cnbc.com
2018-04-11,Energy stocks are on the rebound as oil prices hit their highest since 2014,cnbc.com
2018-04-11,Barclays Exec: Bank Helped U.K. Identify Terror Networks,wsj.com
2018-04-11,Anglo American fined $21 mln for Brazil pipeline leaks,cnbc.com
2018-04-11,Tomorrow morning's trades: 4 buys,cnbc.com
2018-04-11,"UPDATE 1-Chicago aviation officer who dragged man from plane sues United, city - Reuters",reuters.com
2018-04-11,"Zuckerberg faced softball questions before Senate, says Kara Swisher",cnbc.com
2018-04-11,The Philippines Plans a Green ‘Smart City’ as an Antidote to Manila’s Traffic and Pollution,fortune.com
2018-04-11,"Zuckerberg Testimony, Chinese Openness, Lagarde Warning: CEO Daily for April 11, 2018",fortune.com
2018-04-11,Mulvaney pitches his revamp of consumer protection agency to Congress,cnbc.com
2018-04-11,$1 million may not last you—here's how to figure out how much you need to retire,cnbc.com
2018-04-11,Trump on Russia probe: 'No Collusion or Obstruction (other than I fight back)',cnbc.com
2018-04-11,Trump's lawyer Michael Cohen faces the real price of client loyalty,cnbc.com
2018-04-11,China's factory and consumer inflation in March slows in a sign of ebbing economic growth,cnbc.com
2018-04-11,US consumer prices post first drop in 10 months; core inflation firming - Reuters,reuters.com
2018-04-11,NEC Director Kudlow: China has been stealing the US's technology,cnbc.com
2018-04-11,Negotiations still best tool in U.S.-China trade row -Perdue,cnbc.com
2018-04-11,Saving for Retirement: How Auto-IRA Plans May Secure the Future,wsj.com
2018-04-11,"EMERGING MARKETS-Colombian peso gains on oil, Mideast tensions",cnbc.com
2018-04-11,Xi's speech on trade was 'very positive': Citi,cnbc.com
2018-04-11,"Brainstorm Health: Boehner Joins Marijuana Company, Alzheimer’s Gene Deletion, Doctor Pay Gap",fortune.com
2018-04-11,Fed: Investors taking market volatility 'in stride',cnbc.com
2018-04-11,Death toll from Indonesia tainted liquor rises to 82 - Reuters,reuters.com
2018-04-11,Mortgage refinances fall to lowest level in a decade amid lean and expensive spring housing market,cnbc.com
2018-04-11,"The Morning Risk Report: Striking Proper Balance Between Risk, Innovation",wsj.com
2018-04-11,32-year-old called up to the NBA after 10 seasons in the G League has first Lakers game tonight,cnbc.com
2018-04-11,Republicans can't seem to keep a House leader,cnbc.com
2018-04-11,Uber CEO's advice for his younger self: 'Get the hell out of investment banking',cnbc.com
2018-04-11,Amazing products made of trash: the resource of the future,cnbc.com
2018-04-11,Dow set to drop nearly 250 points after Trump tells Russia to get ready for missiles coming to Syria,cnbc.com
2018-04-11,Facebook CEO Mark Zuckerberg Wins Would-Be Congressional Grilling,fortune.com
2018-04-11,This Dow stock could be set for a breakout as ‘old tech’ offers shield against volatility,cnbc.com
2018-04-11,Tesla is the biggest short in the US stock market,cnbc.com
2018-04-11,"Cisco, Researchers Develop New Security Techniques to Thwart Quantum Attacks",wsj.com
2018-04-11,"Redstone likely to replace Moonves as head of CBS if no deal with Viacom, sources say",cnbc.com
2018-04-11,Trump issues threat after Moscow vows to shoot down missiles in Syria,cnbc.com
2018-04-11,A bullish trend is emerging beneath the surface of the market,cnbc.com
2018-04-11,Nasdaq To Delist Long Blockchain as Pivot From Tea Fizzles - MoneyBeat - WSJ,wsj.com
2018-04-11,"As oil surges, a death cross may be forming on the chart of energy stocks",cnbc.com
2018-04-11,This is how to get the biggest bang out of your tax refund,cnbc.com
2018-04-11,"Trump a neophyte on foreign policy, not doing US any good tweeting: Former diplomat Haass",cnbc.com
2018-04-11,"CFO Moves: Remington Outdoor, Sempra Energy",wsj.com
2018-04-11,"When US military has attacked in Middle East, it hasn't ended well for oil or energy stocks",cnbc.com
2018-04-11,Apple just made a key hire that could unravel the mystery of its content strategy,cnbc.com
2018-04-11,Ex-US ambassador warns Trump on Syria and Russia: 'This is not a video game',cnbc.com
2018-04-11,Watch: House Republicans address media after Speaker Paul Ryan announces retirement,cnbc.com
2018-04-11,Watch Mark Zuckerberg's second day of testimony before Congress,cnbc.com
2018-04-11,"Concern about Yemen really does potentially effect the oil market, says energy expert",cnbc.com
2018-04-11,Uber to add more transportation options in its app,reuters.com
2018-04-11,"Equal Pay, Michael Cohen, Theranos: Broadsheet April 11",fortune.com
2018-04-11,"31-year-old self-made millionaire: I spent $70,000 on mentorship in 6 months—and it was worth it",cnbc.com
2018-04-11,Congress grills Zuckerberg in second day on Capitol Hill: 'Why should we trust you?',cnbc.com
2018-04-11,"15 companies avoided $25 billion in taxes last year, says tax watchdog group",cnbc.com
2018-04-11,Cramer's lightning round: Buy Paychex's stock on a good quarter,cnbc.com
2018-04-11,"RPT-REFILE-Mexico awaits details of plan to bring auto engines to US, officials say - Reuters",reuters.com
2018-04-11,The Daily Shot: Inflation Could Be the Next Surprise to Rattle the Markets - Daily Shot - WSJ,wsj.com
2018-04-11,The Morning Ledger: Volkswagen's CEO Set to Be Replaced,wsj.com
2018-04-11,Some airlines are re-routing flights because of potential air strikes in Syria,cnbc.com
2018-04-11,"Gold, oil and Treasurys jump as Trump warns Russia missiles 'will be coming' at Syria",cnbc.com
2018-04-11,Paul Ryan's retirement increases the odds that President Trump will be impeached,cnbc.com
2018-04-11,Congressman set to question Zuckerberg admits to tech skills 'less than the average 12-year-old',cnbc.com
2018-04-11,FBI reportedly sought records of Trump 'Access Hollywood' tape in raid on lawyer Michael Cohen,cnbc.com
2018-04-11,Discussing JD.com's expansion plans in Southeast Asia,cnbc.com
2018-04-11,Zuckerberg says you control your Facebook info -- but it's much more complicated than he says,cnbc.com
2018-04-11,Corruption Currents: Zuckerberg Apologizes for Facebook Data Handling,wsj.com
2018-04-11,Airbus Has a Solution to 17-Hour Flight Hell: Beds in the Cargo Hold,fortune.com
2018-04-11,Dubai's DAMAC launches $400 mln five-year sukuk - Reuters,reuters.com
2018-04-11,Ruble hits lowest level since 2016 on sanctions sell-off - Reuters,reuters.com
2018-04-11,Yemen's Iran-backed Houthis say they have launched a drone attack on a Saudi Aramco facility,cnbc.com
2018-04-11,Trade war could have negative impact on exchange rates: ECB’s Nowotny,reuters.com
2018-04-11,"Brexit & Beyond:Brexit Looms and Eurostat Excludes U.K., Draghi Warns on Tariff Threat, Swiss Firm Become Casualty of Russian Sanctions",wsj.com
2018-04-11,Rouble fall crushing popular Russian local debt trade - Reuters,reuters.com
2018-04-11,Trump lawyer Cohen calls FBI agents 'courteous' and 'respectful' after raid,cnbc.com
2018-04-11,Discussing insurance solutions for the sharing economy,cnbc.com
2018-04-11,Reddit CEO Revamped Outdated Website From the IT Foundations,wsj.com
2018-04-11,The CBS-Viacom Merger Will Happen. Here’s Why,fortune.com
2018-04-11,"Mexico awaits details of plan to bring auto engines to U.S., officials",reuters.com
2018-04-11,"WSJ City PM: Round Two of Zuckerberg vs. Congress, Fed To Give Clues on Rates Path, Lagarde Against Protectionism",wsj.com
2018-04-11,China pledges to allow more foreign investment in financial sector by year-end,cnbc.com
2018-04-11,UPDATE 2-Argentina buys most U.S. soy in 20 years after drought cuts crop,cnbc.com
2018-04-11,"WSJ Wealth Adviser Briefing: Tax Code, Tesla, Retro Sneakers",wsj.com
2018-04-11,Brent crude oil jumps to more than 3-year high after Trump warns Russia on Syria strike,cnbc.com
2018-04-11,UPDATE 1-Dubai's DAMAC starts marketing dollar sukuk in 6 percent area - Reuters,reuters.com
2018-04-11,'Black Panther' box office to give big boost to Disney's bottom line: JP Morgan,cnbc.com
2018-04-11,House members will likely be more prepared to grill Mark Zuckerberg than the Senate was,cnbc.com
2018-04-11,Reddit takes down accounts suspected of ties to Russian propaganda,reuters.com
2018-04-11,CORRECTED-GRAINS-Soybeans climb on USDA data; wheat ends firm,cnbc.com
2018-04-11,Pentagon stops accepting F-35 jets from Lockheed over repair cost dispute: Report,cnbc.com
2018-04-11,China's PPI still likely to rise to 4% in the coming months: Economist,cnbc.com
2018-04-11,The City With the World’s Fastest Rising Property Rates? Berlin,fortune.com
2018-04-11,"WSJ City: Facebook’s Zuckerberg and Senators Face Off, Shanghai and London Exchanges to Be Linked - MoneyBeat - WSJ",wsj.com
2018-04-11,"Brexit Countdown, Eurostat Edition",wsj.com
2018-04-11,Why the EU Raided the London Offices of Rupert Murdoch’s Fox Networks,fortune.com
2018-04-11,Mark Zuckerberg to Congress: We're not a media company,cnbc.com
2018-04-11,New Data on Cryptocurrency Trading Underscores Japan as a Major Hub,fortune.com
2018-04-11,Mark Zuckerberg was ready to slam Apple if Congress asked him about Tim Cook's privacy comments,cnbc.com
2018-04-11,Top CEOs made over $40 million each last year,cnbc.com
2018-04-11,UK's Hammond warns of 'catastrophe' for Ireland if no EU deal: FAZ,reuters.com
2018-04-11,"The Rock is giving away HQ Trivia's biggest prize ever — $300,000",cnbc.com
2018-04-11,The Trump Administration Just Removed a Country from Its Travel Ban,fortune.com
2018-04-11,House Speaker Paul Ryan tells confidants he won't run for re-election: Report,cnbc.com
2018-04-11,"Goldman Sachs gets even more bullish on high-flyer Netflix, predicting big subscriber gains",cnbc.com
2018-04-11,Channel that anxiety to avoid making bad investment decisions,cnbc.com
2018-04-11,"Tesla targets November 2019 for start of Model Y production: Reuters, citing sources",cnbc.com
2018-04-11,Stocks haven’t seen this much volatility since the financial crisis,cnbc.com
2018-04-11,Paul Ryan explains why he decided to retire,cnbc.com
2018-04-11,Watch Out for Rising Oil Prices,wsj.com
2018-04-11,Real Time Economics: Inflation Focus | Fed Minutes | Deaths of Despair,wsj.com
2018-04-11,The 60/40 stock-bond weight rule needs to go on a crash diet,cnbc.com
2018-04-11,"House Speaker Paul Ryan is retiring, and his massive campaign war chest might soon be up for grabs",cnbc.com
2018-04-11,Defense stocks outperform when US takes military action in the Middle East,cnbc.com
2018-04-11,Australian consumer sentiment dipped in April,cnbc.com
2018-04-11,So you think you know your taxes: Take our quiz to find out,cnbc.com
2018-04-11,"Toys 'R' Us got $1 billion in bids for 85 percent of its Asian business, lawyer says",cnbc.com
2018-04-11,3 signs you're stuck in the wrong career,cnbc.com
2018-04-11,Energy Journal: Exxon Seeks New Deals With Qatar,wsj.com
2018-04-11,Online therapy start-up Talkspace hires a chief medical officer from UnitedHealth,cnbc.com
2018-04-11,Watch: White House briefs press after Trump tweets threat of strike on Syria,cnbc.com
2018-04-11,"Hedge-fund manager reportedly owes $1 billion, one of the biggest tax bills ever",cnbc.com
2018-04-11,Rumor: Buyback 'blackouts' mean weak stocks. Fact: Not really,cnbc.com
2018-04-11,Dubai's DAMAC updates price guidance for five-year dollar sukuk - Reuters,reuters.com
2018-04-11,Fed's Powell could sound more like Yellen if market turbulence gets too bad,cnbc.com
2018-04-11,Airlines warned about missile strikes over Mediterranean,cnbc.com
2018-04-11,Vietnam calls for tougher measures on cryptocurrency deals amid alleged scam,reuters.com
2018-04-11,Redstone weighs CBS-Viacom merger with or without Moonves,cnbc.com
2018-04-11,Mark Zuckerberg’s Second Day of Congressional Testimony: Here’s What To Expect from the House Hearing,fortune.com
2018-04-11,"Please Leave A Message (Wednesday Crossword, April 11)",wsj.com
2018-04-11,"Cramer assesses the damage in Facebook, Tesla and Amazon's stocks after scandals",cnbc.com
2018-04-11,Data Sheet—Mark Zuckerberg’s Natty Apparel and Other Takeaways From a Day on Capitol Hill,fortune.com
2018-04-11,"Brexit Looms and Eurostat Excludes U.K., Draghi Warns on Tariff Threat, Swiss Firm Become Casualty of Russian Sanctions",wsj.com
2018-04-11,Levi’s CFO Turns to Robots to Help Keep The Books,wsj.com
2018-04-11,Trump broke with national security procedure when he tweeted Syria threat – and contradicted himself,cnbc.com
2018-04-11,CORRECTION: Consumer price index slips 0.1% in March vs. a flat estimate,cnbc.com
2018-04-11,Portugal is set to break away from a 25-year long budget deficit,cnbc.com
2018-04-11,"If you put $1,000 in Facebook in 2012, here’s what you’d have now",cnbc.com
2018-04-11,"The fate of the oil rally could be in Trump’s hands, says RBC’s Helima Croft",cnbc.com
2018-04-11,Paul Ryan's retirement makes his seat a more realistic Democratic target in the midterms,cnbc.com
2018-04-11,The looming debt crisis will hurt these Americans the most,cnbc.com
2018-04-11,Russian envoy to Lebanon: Any US missiles fired at Syria will be shot down - Reuters,reuters.com
2018-04-11,Eurocontrol warns airlines of possible missile strikes into Syria,reuters.com
2018-04-11,Bank of America Will Stop Lending to Companies Making Assault-Style Guns - Fortune,fortune.com
2018-04-11,"The Chinese yuan could strengthen later this year, strategist says",cnbc.com
2018-04-11,RPT-ANALYSIS-Thai energy companies roll out expansions across Southeast Asia - Reuters,reuters.com
2018-04-11,Cramer: Trump has to play nice with China for stocks to climb,cnbc.com
2018-04-11,Gold hits highest level since August 2016 in wake of Trump's missile threat,cnbc.com
2018-04-11,5 spots for Gen Xers and younger boomers seeking a fresh start,cnbc.com
2018-04-11,The Morning Download: Tyson CTO Rewiring 83-Year-Old Food Giant,wsj.com
2018-04-11,Pope acknowledges his ‘serious mistakes’ in Chile sexual abuse crisis,reuters.com
2018-04-12,"These are the world’s most admired people, international survey reveals",cnbc.com
2018-04-12,Varsity Math Week 135,wsj.com
2018-04-12,PRO Talks: Internet analyst Colin Sebastian on why Facebook and Google are 'still palatable',cnbc.com
2018-04-12,The Morning Download: You Can Keep Your Data,wsj.com
2018-04-12,France says it has proof Syrian government conducted chemical weapons attack,cnbc.com
2018-04-12,"Bitcoin surges 17% in sudden move to above $8,000",cnbc.com
2018-04-12,Trump economic advisor Larry Kudlow: Tariffs might come before negotiations with China,cnbc.com
2018-04-12,California governor agrees to deploy 400 Guard troops but rules out immigration enforcement role,cnbc.com
2018-04-12,The 15 best US places for millennials where costs are low and jobs are plenty,cnbc.com
2018-04-12,"Here's what you need to know about Tomahawk missiles, which the US will likely launch at Syria",cnbc.com
2018-04-12,WeWork Is Diving Headfirst Into China With a Big New Buy - Fortune,fortune.com
2018-04-12,Sub-prime mortgages make a comeback—with a new name and soaring demand,cnbc.com
2018-04-12,"End of tax season clears way for bitcoin $25K by end of year, says Tom Lee",cnbc.com
2018-04-12,Ripple says its cryptocurrency XRP is not a security,cnbc.com
2018-04-12,Chinese consumers are looking for high-quality food products,cnbc.com
2018-04-12,"2018 will be a record-breaking year for US energy, says portfolio manager",cnbc.com
2018-04-12,EMERGING MARKETS-Weak retail figures keep a lid on Brazilian real,cnbc.com
2018-04-12,"Gold is taking back its crown from bitcoin as best defensive play, strategist says",cnbc.com
2018-04-12,What you should do before heading to your accountant this week,cnbc.com
2018-04-12,"Social media stocks to see further sell-off because of likely new data issues, fund manager says",cnbc.com
2018-04-12,"OPEC sees higher 2018 oil supply from rivals, stronger oil demand",cnbc.com
2018-04-12,"President looking to re-enter TPP negotiations, says Republican Senator Sasse",cnbc.com
2018-04-12,"Democrat Gains Would Help Trump’s 2020 Bid, Says Former Adviser",wsj.com
2018-04-12,Most important earnings season for big banks in years,cnbc.com
2018-04-12,Uber expands settlement with US FTC related to 2016 data breach,cnbc.com
2018-04-12,Top contenders to succeed Paul Ryan as House GOP leader load up for campaign finance slug fest,cnbc.com
2018-04-12,Bed Bath & Beyond needs to change its game plan or risk going down faster than expected: Analyst,cnbc.com
2018-04-12,Pork industry in a panic,cnbc.com
2018-04-12,"Trade battle resolved, Delta expects to fly CSeries jets by early 2019",cnbc.com
2018-04-12,Google is redesigning Gmail but it says updates are still at the early stages,cnbc.com
2018-04-12,Uber to up its background checks for drivers,cnbc.com
2018-04-12,UPDATE 1-Trump administration weighs high-ethanol fuel waiver to placate farmers,cnbc.com
2018-04-12,Spotify buys 'cover song' licensing firm to tackle copyright risks,reuters.com
2018-04-12,This is the most expensive zip code in the US — and it's not in California or New York,cnbc.com
2018-04-12,Top EU legal adviser: Keep ban on smokeless snus tobacco,cnbc.com
2018-04-12,Cramer's lightning round: My playbook for buying into Twitter's stock,cnbc.com
2018-04-12,Trump touts effect of his call with China's Xi on U.S. beef exports,cnbc.com
2018-04-12,"Delta earnings better than expected, despite rising costs",cnbc.com
2018-04-12,Trump administration weighs high-ethanol fuel waiver to placate farmers,cnbc.com
2018-04-12,"Crisis of the Week: Safety, Oversight Questions Dog Uber After Self-Driving Car Death",wsj.com
2018-04-12,"""Fast Money"" final trades: YNDX, SNAP and more",cnbc.com
2018-04-12,"As earnings season kicks off, one trader warns markets still on thin ice",cnbc.com
2018-04-12,U.S. House Republicans propose food stamp changes for Farm Bill,cnbc.com
2018-04-12,Trump touts effect of his call with China's Xi on US beef exports - Reuters,reuters.com
2018-04-12,"WSJ City: US Lawmakers Ramp Up Talk of Tech Regulation, Why Tensions Are Knocking Russian Assets",wsj.com
2018-04-12,Millennials will be bigger savers and bigger investors of tax cut windfall,cnbc.com
2018-04-12,"Before Thursday's rally, investor fear was the highest it's been all year",cnbc.com
2018-04-12,Ford will reportedly roll out new Lincoln models in China by 2022,cnbc.com
2018-04-12,New Zealand set to ban new offshore oil and gas drilling,cnbc.com
2018-04-12,Does your dog bite? This furry liability may not be fully covered under your homeowners insurance,cnbc.com
2018-04-12,UPDATE 1-U.S. House Republicans propose food stamp changes for Farm Bill,cnbc.com
2018-04-12,"Sears is closing its last store in Chicago, where the company was born",cnbc.com
2018-04-12,Spotify puts bank IPO paydays under fund manager scrutiny - Reuters,reuters.com
2018-04-12,"Trump tweets again on Syria, saying attack could be 'very soon or not so soon at all'",cnbc.com
2018-04-12,Larry Fink: Investors should always be in equities,cnbc.com
2018-04-12,Research shows this is how you make people think you are charismatic,cnbc.com
2018-04-12,The 10 best cities for job seekers in 2018,cnbc.com
2018-04-12,Cramer: My trust is selling Facebook—you just can't like the stock as much as you used to,cnbc.com
2018-04-12,Trump tells reporters NAFTA deal is 'pretty close',cnbc.com
2018-04-12,"The Morning Risk Report: Fighting Ransomware, Phishing With Awareness",wsj.com
2018-04-12,Tesla Blames Driver in Latest Fatal Model X Crash - Fortune,fortune.com
2018-04-12,What the traders bought today: 6 trades,cnbc.com
2018-04-12,"Bank earnings are coming, and they're going to be huge",cnbc.com
2018-04-12,Expect volatility in the oil markets ahead: Strategist,cnbc.com
2018-04-12,"This cryptocurrency tax mistake could cost you $250,000",cnbc.com
2018-04-12,"As royal wedding nears, brands benefit from ‘Meghan effect’",cnbc.com
2018-04-12,"Sending jobs abroad, raising prices: Business execs voice worries about the impact of tariffs",cnbc.com
2018-04-12,Larry Fink: I think there's a myth about rising interest rates,cnbc.com
2018-04-12,"How to start a business with less than $1,000",cnbc.com
2018-04-12,"UPDATE 1-Boeing-Embraer proposal brings tie-up closer, not imminent -sources",cnbc.com
2018-04-12,"Brexit & Beyond:U.K. Calls for EU to Recognize Its Regulation Post-Brexit, Investors Keep Eye on Eurozone Recovery, Brexit Hits Bankers in Their Wallets",wsj.com
2018-04-12,"Commodities tomorrow: Crude closes higher, holds $67",cnbc.com
2018-04-12,"New Boeing-Embraer proposal brings tie-up closer, not imminent -sources",cnbc.com
2018-04-12,Study Shows Big Benefits to Chinese Companies From Joint Ventures with U.S. Firms - Real Time Economics - WSJ,wsj.com
2018-04-12,Cramer: This is the most important earnings season for the big banks in years,cnbc.com
2018-04-12,4 ways to get your great ideas noticed by the C-suite,cnbc.com
2018-04-12,"Zuora jumps 50 percent in first day of trading, opening at $20",cnbc.com
2018-04-12,Thailand plans to increase coal use in power generation - minister - Reuters,reuters.com
2018-04-12,"NFL, MLB, NBA and NHL players unions want a say in sports gambling debate",cnbc.com
2018-04-12,A Cord Cutter's Life For Me: Replacing Cable With Internet TV - Fortune,fortune.com
2018-04-12,Wall Street veteran Byron Wien sees a 'terrific buying opportunity' once stocks retest February lows,cnbc.com
2018-04-12,How this 'Staten Island Hustle' star brought in 6 figures with a side hustle selling salad dressing,cnbc.com
2018-04-12,When Corporate Gobbledygook Is Good for Investors,wsj.com
2018-04-12,Bed Bath & Beyond shares crater on weak 2018 forecast,cnbc.com
2018-04-12,"Beijing says Xi speech wasn't a concession to US, it's ready to hit back at any escalation",cnbc.com
2018-04-12,"WSJ City PM: Brexit Chief Holds Back on Syria, Talks Down ‘No Deal’ Brexit; Former Trump Advisers Bullish on Second Term",wsj.com
2018-04-12,"This 22-year-old college student makes $10,000 a month off Amazon's Alexa",cnbc.com
2018-04-12,The Eyes | Consumer Prices on the March | The Facebook Monopoly,wsj.com
2018-04-12,"Bitcoin Prices Surge by Roughly $1,000 in Just 60 Minutes",fortune.com
2018-04-12,Later! (Thursday 12),wsj.com
2018-04-12,"The NTSB says it removed Tesla from crash investigation, while Tesla says it withdrew",cnbc.com
2018-04-12,Ex Facebook board member: I knew 20-year-old Mark Zuckerberg. He's not a bad person,cnbc.com
2018-04-12,President Trump addresses tensions with China,cnbc.com
2018-04-12,Data Sheet—A Cord Cutter’s Life For Me: Replacing Cable With Internet TV,fortune.com
2018-04-12,EU says Facebook’s apology ‘not enough’ as it announces personal data investigation,cnbc.com
2018-04-12,Paul Ryan Is Stepping Down. Here Are All the Republicans in Congress Not Seeking Re-Election,fortune.com
2018-04-12,Commentary: America’s Immigration Court System Is in Trouble,fortune.com
2018-04-12,"Google removes ‘Russia won the White House for you, Donald Trump’ billboard in censorship row",cnbc.com
2018-04-12,The 'nightmare is now yours': EPA whistleblower details allegations against Scott Pruitt,cnbc.com
2018-04-12,"GE Capital has 'zero equity value,' Bank of America says after deep dive analysis",cnbc.com
2018-04-12,Ping An Technology says artificial intelligence is 'absolutely critical' for the firm,cnbc.com
2018-04-12,US weekly jobless claims fall; import prices unchanged - Reuters,reuters.com
2018-04-12,Pope Says He Made ‘Grave Mistakes’ in Handling Accusations of Sex-Abuse Coverup in Chile,wsj.com
2018-04-12,There will be a 'fundamental need' to continue trade: ANZ CEO,cnbc.com
2018-04-12,"Oil price rally is about much more than just Syria crisis, analysts say",cnbc.com
2018-04-12,"Trump Tower doorman reportedly brokered $30,000 tabloid deal over salacious Trump paternity rumor",cnbc.com
2018-04-12,"WSJ Wealth Adviser Briefing: Trading Desks, China, Ellison",wsj.com
2018-04-12,"Stock market will try to get back down to business Friday with great earnings eclipsing Syria, trade worries",cnbc.com
2018-04-12,BlackRock earnings easily beat Wall Street expectations,cnbc.com
2018-04-12,"In Facebook Hearings, Lawmakers Ramp Up Talk of Regulation",wsj.com
2018-04-12,"Before you run out and splurge with your tax refund, take this financial check up",cnbc.com
2018-04-12,Steve Bannon is reportedly pushing a plan to thwart the Mueller investigation,cnbc.com
2018-04-12,Wall Street's bets against the tech sector reach their highest level in a year,cnbc.com
2018-04-12,Why Panera's former CEO wishes he fired more people,cnbc.com
2018-04-12,Goldman’s Blankfein: Brexit Proving Less Drastic than Expected,wsj.com
2018-04-12,Uber expands settlement with FTC related to cyberattack,reuters.com
2018-04-12,It’s a make-or-break week for the crude rally as it heads to multi-year highs,cnbc.com
2018-04-12,One-on-one with BlackRock's Larry Fink,cnbc.com
2018-04-12,Your credit score could get a big boost this month,cnbc.com
2018-04-12,"U.K. Calls for EU to Recognize Its Regulation Post-, Investors Keep Eye on Eurozone Recovery, Brexit Hits Bankers in Their Wallets",wsj.com
2018-04-12,Generation X — not millennials — is changing the nature of work,cnbc.com
2018-04-12,"Commodities are going wild and there's even more room to run, technician says",cnbc.com
2018-04-12,Mark Zuckerberg's Testimony Before Congress: The Highlights,wsj.com
2018-04-12,"A new, personalized vaccine is being tested to cure the deadliest cancers in America",cnbc.com
2018-04-12,"to Watch: GE, BlackRock, Delta, Bed Bath & Beyond, Amazon, Tesla, Walmart, Disney, Rite Aid, HP",wsj.com
2018-04-12,'Denuclearization' likely means different things to Trump and Kim Jong Un,cnbc.com
2018-04-12,Another national security official departs Trump White House as John Bolton cleans house,cnbc.com
2018-04-12,US-China trade tensions may be far from over,cnbc.com
2018-04-12,"Cities around the world should prepare for running out of water, experts say",cnbc.com
2018-04-12,"Gold may be hitting a wall, but one metals expert predicts another possible breakout",cnbc.com
2018-04-12,The CEO of a major Australian bank explains why he isn't worried about global trade disintegrating,cnbc.com
2018-04-12,Facebook has made more than $270 off my profile — I'd like to pay it back,cnbc.com
2018-04-12,What We Know So Far About the Mysterious E. Coli Outbreak That's Hit 7 States - Fortune,fortune.com
2018-04-12,"Missouri's Hawley, McCaskill's likely challenger, pushes GOP Gov. Greitens to resign amid sex scandal",cnbc.com
2018-04-12,Is the new Fed era the end of easy money?,cnbc.com
2018-04-12,CEO of world's largest money manager: Investors should be 100% in stocks,cnbc.com
2018-04-12,"Volkswagen supervisory board ousts CEO Matthias Müller, replaces with brand chief Herbert Diess",cnbc.com
2018-04-12,OPEC Says Its Oil Flows Fell in March—Energy Journal,wsj.com
2018-04-12,Regulatory scrutiny could end up helping Facebook: Analyst,cnbc.com
2018-04-12,Watch: CIA Director Mike Pompeo testifies in nomination hearing for secretary of State,cnbc.com
2018-04-12,Can't like Facebook as much as you used to,cnbc.com
2018-04-12,Ryan’s Replacement | Pompeo on the Hill | Senators May Shield - Washington,wsj.com
2018-04-12,BlackRock's Larry Fink on gun-free investments,cnbc.com
2018-04-12,Former JPMorgan trader reveals why he sees bitcoin bouncing back,cnbc.com
2018-04-12,The Morning Ledger: U.S. Trade Groups Lobby Against China Tariffs,wsj.com
2018-04-12,"Europeans ‘should learn to love Donald Trump,’ asset manager says",cnbc.com
2018-04-12,Watch: Trump gives speech on tax cuts as GOP pushes back plans to vote on 'phase 2',cnbc.com
2018-04-12,Oakmark fund manager talks his Q1 buys,cnbc.com
2018-04-12,This could be the year big investors such as endowments finally buy into cryptocurrencies,cnbc.com
2018-04-12,A blockchain CEO was told women can't make it as leaders. She now has millions in funding,cnbc.com
2018-04-12,Heinz Is Letting Customers Vote on the Release of a Mayonnaise-Ketchup Combo: Mayochup,fortune.com
2018-04-12,What’s next for oil?,cnbc.com
2018-04-12,Negotiations for Trump-Mueller interview collapsed after Cohen raid: NBC News,cnbc.com
2018-04-12,Nordstrom just opened a store only for men. Here's what it looks like inside,cnbc.com
2018-04-12,Disney launches ESPN+ streaming service with live sports and a show from Kobe Bryant,cnbc.com
2018-04-12,Former Trump Adviser Says President Is Justified in Firing Rosenstein,wsj.com
2018-04-12,Are Cheap or Expensive? No One Can Agree,wsj.com
2018-04-12,How to use your 2017 tax return to maximize your savings in 2018,cnbc.com
2018-04-12,How China's Xi Jinping is filling the 'global leadership vacuum' left by Trump,cnbc.com
2018-04-12,"The Wall Street Journal: China market opening separate from trade dispute, says Commerce Ministry spokesman",wsj.com
2018-04-12,Zuora prices IPO at $14 per share — valuing the company at $1.44 billion,cnbc.com
2018-04-12,Larry Fink: China is willing to have a conversation with US,cnbc.com
2018-04-12,New Zealand halts future oil and gas offshore exploration permits - Reuters,reuters.com
2018-04-12,"Bitcoin will hit $25,000 by the end of 2018, says noted crypto bull Tom Lee",cnbc.com
2018-04-12,A massive trove of rare-earth metals has been found in Japan,cnbc.com
2018-04-12,"A Silicon Valley house that burned two years ago is now on the market for $800,000",cnbc.com
2018-04-12,South Africa’s Market Is Mirroring China’s Stock Selloff,wsj.com
2018-04-12,"Facebook is a buy here, says Wall Street's 'dean of valuation'",cnbc.com
2018-04-12,Chemical weapons agency confirms British findings on Salisbury,cnbc.com
2018-04-12,President Trump says decision on Syria strikes coming 'fairly soon',cnbc.com
2018-04-12,Passenger ship with innovative tall sail to drastically cut carbon dioxide emissions,cnbc.com
2018-04-12,Facebook predicted exactly what's happening right now in its IPO filing six years ago,cnbc.com
2018-04-12,"A massive, 'semi-infinite' trove of rare-earth metals has been found in Japan",cnbc.com
2018-04-12,Cryptocurrency eos leaps past litecoin into fifth place by market cap,cnbc.com
2018-04-12,Jimmy Choo co-founder Tamara Mellon: 'I will be 90' when the pay gap closes,cnbc.com
2018-04-13,JP Morgan Chase to report earnings ahead of market open,cnbc.com
2018-04-13,"Cramer: If you haven't invested yet, wait for a better, less political entry point",cnbc.com
2018-04-13,"Wait for better, less political entry point to invest",cnbc.com
2018-04-13,Gmail is getting a 'confidential mode' that prevents users from forwarding,cnbc.com
2018-04-13,Signs Democratic Party’s Future Is Far From Settled,wsj.com
2018-04-13,"WSJ Wealth Adviser Briefing: Consumer Spending, VC, Cults",wsj.com
2018-04-13,"Stocks making the biggest moves premarket: JPM, QCOM, AVGO, NFLX, SBUX, GM, SPOT & more",cnbc.com
2018-04-13,Google Reportedly Drafts ‘Ethical Principles’ After Employee Fury Over Defense Department Projects,fortune.com
2018-04-13,President Trump plans to pardon former Cheney chief of staff Scooter Libby,cnbc.com
2018-04-13,"Bitcoin jumps above $8,000, bringing gains this week to more than 18%",cnbc.com
2018-04-13,Health-care companies are on a deal spree and aren't likely to stop anytime soon,cnbc.com
2018-04-13,'Bottom being put in place' in S&P 500: Wall Street analyst,cnbc.com
2018-04-13,No relief in sight: Housing affordability is weakening at the fastest pace in a quarter century,cnbc.com
2018-04-13,Absence of fiery Trump tweets helps stocks rise,cnbc.com
2018-04-13,Why this guy paid $75 to store bitcoin under his skin,cnbc.com
2018-04-13,"White House reportedly to increase trade pressure on China through new tariffs, investment barriers",cnbc.com
2018-04-13,Watch out for these scams when figuring out how to pay for college,cnbc.com
2018-04-13,Elon Musk: ‘I need to figure out how to be better….And then we can be better at meeting goals’,cnbc.com
2018-04-13,China Delays Deal Reviews as US Trade Frictions Build,wsj.com
2018-04-13,Consumer sentiment slips more than expected in April after hitting 14-year high,cnbc.com
2018-04-13,E-brokers and banks finally have something to cheer about: Volatility boosts trading,cnbc.com
2018-04-13,Commentary: Sweden Actually Protects its Residents’ Data. America Should Take Note.,fortune.com
2018-04-13,GM cuts several hundred jobs at Ohio plant as car sales continue to slide,cnbc.com
2018-04-13,Bitcoin can create some sticky tax situations—here's what experts say investors should do,cnbc.com
2018-04-13,Didn't get as much financial aid as you'd hoped? You can negotiate for more,cnbc.com
2018-04-13,Cramer's lightning round: Don't sell Valeant here—I believe in its CEO,cnbc.com
2018-04-13,Global Stocks Pare Gains After China Reports Trade Deficit,wsj.com
2018-04-13,China’s March aluminium exports rise to highest since June as tariff impact limited,reuters.com
2018-04-13,Retirement Insurance Products Are Disappearing. And That’s Dangerous.,wsj.com
2018-04-13,Facebook Is Starting To Copy More Features From Instagram,fortune.com
2018-04-13,These are the most hipster cities in the world,cnbc.com
2018-04-13,"Forget earnings. The banks need to see this before they’re a buy, says Piper Jaffray",cnbc.com
2018-04-13,Watch: White House briefs press following Trump tweets on Comey,cnbc.com
2018-04-13,Citigroup earnings Q1 2018,cnbc.com
2018-04-13,Nasdaq vice chairman: Here's the real way to create jobs and growth in the US,cnbc.com
2018-04-13,Older Firms Feeling ‘Outdated’ in Digital Era,wsj.com
2018-04-13,Tesla sending flawed parts from suppliers to machine shops for rework,cnbc.com
2018-04-13,"Pro-Trump fundraising group refuses to give back $500,000 contribution from Steve Wynn",cnbc.com
2018-04-13,When Biotech Gets Even Riskier,wsj.com
2018-04-13,Fed's Kashkari: We're not going to keep interest rates low to help the government run up debt,cnbc.com
2018-04-13,Here's why bank stocks are getting hit even after their earnings beat the Street,cnbc.com
2018-04-13,"Chinese investment in California wine region stalls, but tariffs aren't to blame",cnbc.com
2018-04-13,CVS MinuteClinics hires a new chief medical officer in the midst of buying Aetna,cnbc.com
2018-04-13,IEA:China-U.S. Trade Spat Could Spell Trouble for Oil—Energy Journal:,wsj.com
2018-04-13,Aruban Official Pleads Guilty to U.S. Charges in Bribery Probe - Risk & Compliance Journal. - WSJ,wsj.com
2018-04-13,Trust the bitcoin bounce?,cnbc.com
2018-04-13,UPDATE 1-U.S. to export pork to Argentina under new rules after 26 years,cnbc.com
2018-04-13,I tried a Windows tablet that runs on a Qualcomm smartphone processor — and boy did I miss Intel,cnbc.com
2018-04-13,Watchdog report: Ex-FBI deputy director misled investigators,cnbc.com
2018-04-13,Netflix could jump 10 percent on earnings. Here’s how one trader is playing the stock,cnbc.com
2018-04-13,"SoftBank is throwing huge amounts of money at fintech, but some companies are saying no thanks",cnbc.com
2018-04-13,Microsoft auditing partner KPMG's anti-piracy work in India after complaint: documents,reuters.com
2018-04-13,Cramer talks Trump: 'Absence of fiery tweets' clearly helps stocks rise,cnbc.com
2018-04-13,"Elon Musk admits humans are sometimes superior to robots, in a tweet about Tesla delays",cnbc.com
2018-04-13,"Trump Talks TPP, but Trade Partners Say, Not So Fast",wsj.com
2018-04-13,Odebrecht agrees to sell Sao Paulo towers to HSI -source,cnbc.com
2018-04-13,"Paulson, Ackman and Sequoia: The Investors Who Took a Beating on Valeant",wsj.com
2018-04-13,"The world is extremely dangerous, and it's only going to get worse: Cybersecurity expert Manny Medina",cnbc.com
2018-04-13,Goldman Sachs Says Facebook Unfairly Dragged Tech Stocks Down,fortune.com
2018-04-13,"U.S., France and Britain Unite Around Syria Strike Plans, ECB Worries About Trade and Euro, Goldman Chief Says Proving Less Drastic Than Expected",wsj.com
2018-04-13,The Daily Shot: Volatility Markets View Large Firms as Riskier Than Smaller Ones - Daily Shot - WSJ,wsj.com
2018-04-13,The bitcoin high: How cryptocurrencies are fueling America's opioid crisis,cnbc.com
2018-04-13,"Energy stocks are about to catch up to the crude rally in a big way, says market watcher",cnbc.com
2018-04-13,Human + Machine: The Impact of AI on Business Transformation,wsj.com
2018-04-13,WPP is reportedly preparing for the possibility of CEO Sorrell's departure,cnbc.com
2018-04-13,This apparel retailer is using its Madison Avenue store as a tech lab,cnbc.com
2018-04-13,"Russia Funds Draw Money, Despite Sanctions and Syria",wsj.com
2018-04-13,"Saudi oil giant Aramco may be more profitable than Apple, according to disputed financial leak",cnbc.com
2018-04-13,Citigroup slated to report earnings before the bell,cnbc.com
2018-04-13,It's judgement day for the rally with the big banks on deck for earnings,cnbc.com
2018-04-13,China's March exports unexpectedly fall 2.7 percent; rare trade deficit of $4.98 billion - Reuters,reuters.com
2018-04-13,Cramer Remix: Amazon is the stock to own when the president doesn’t tweet,cnbc.com
2018-04-13,FDA bans some pure caffeine powders and liquids that pack a potentially lethal punch,cnbc.com
2018-04-13,A cryptocurrency exchange lost $3 million — and thinks its security chief stole it,cnbc.com
2018-04-13,Geopolitical risk is increasingly priced into the oil market: Researcher,cnbc.com
2018-04-13,"Zuckerberg survived two days of grilling by Congress, but Facebook's troubles are not over yet",cnbc.com
2018-04-13,US will not cede leadership in Latin American region to 'authoritarian' nations: Wilbur Ross,cnbc.com
2018-04-13,Fed's Rosengren is optimistic on the economy but wary of trade risks,cnbc.com
2018-04-13,US job openings decline in February from record level,cnbc.com
2018-04-13,Apple could easily double its dividend and still just match other tech company payouts: Analyst,cnbc.com
2018-04-13,"Delta stock is cheap, buy now before it goes up: Wall Street analyst",cnbc.com
2018-04-13,Comey: I don't know whether to believe Trump's denials about Russian prostitutes,cnbc.com
2018-04-13,"Just five alcoholic drinks a week could shorten your life, study says",cnbc.com
2018-04-13,Comcast to include Netflix in cable bundles,cnbc.com
2018-04-13,"NBA baller season: Crowds, ratings, merch huge uptick...",cnbc.com
2018-04-13,"Tesla ships flawed parts to a local machine shop for fixes, and they're piled up outside",cnbc.com
2018-04-13,Former Speaker Boehner: Deficit will be 'number one issue' in six months,cnbc.com
2018-04-13,Longtime Paul Ryan associate is courting donors as he gears up to run for speaker's House seat,cnbc.com
2018-04-13,4 tech stocks you should buy while they're still cheap,cnbc.com
2018-04-13,Elon Musk tweets late at night Tesla will be profitable and cash flow positive in third quarter; shares rise,cnbc.com
2018-04-13,Uber's new safety advisory board chairman: I took position aware there'd be many interesting issues,cnbc.com
2018-04-13,Oil prices again vulnerable to 'super spikes' as geopolitics heat up and oil glut fades,cnbc.com
2018-04-13,The Morning Ledger: U.S. Pay Disclosure Rule Underscores Business Strategies,wsj.com
2018-04-13,Corruption Currents: Malta Unveils Anti-Money-Laundering Strategy,wsj.com
2018-04-13,"5 states where you only need to make about $40,000 to afford an average home",cnbc.com
2018-04-13,A top EU chief summons Facebook CEO Mark Zuckerberg to testify in front of lawmakers in person,cnbc.com
2018-04-13,A Lucky Friday 13 for Japan,wsj.com
2018-04-13,"Hundreds of Palestinians Injured, One Killed, in Clashes With Israel’s Military",wsj.com
2018-04-13,"Bourbon is a potential trade war target, but Asia and Europe have bailed out the drink in the past",cnbc.com
2018-04-13,Yahoo Japan to buy minority stake in cryptocurrency exchange,reuters.com
2018-04-13,These red flags on your tax return could trigger an audit,cnbc.com
2018-04-13,"Colorful Character (Crossword Contest, 13)",wsj.com
2018-04-13,"CFO Moves: Lennar, Cisco Systems",wsj.com
2018-04-13,"WSJ City PM: Big Banks Slide Despite Strong Earnings, What the US Can Learn from Europe on Tech Regulation",wsj.com
2018-04-13,Why the oil era might not be over yet,cnbc.com
2018-04-13,British Stocks are Having Their Moment in the Sun,wsj.com
2018-04-13,U.S. Sanctions Official to Leave Treasury Department,wsj.com
2018-04-13,Making trades ahead of earnings: 4 picks,cnbc.com
2018-04-13,Prosecutors slam Trump lawyer Cohen's request to get first access to docs seized in FBI raids,cnbc.com
2018-04-13,Cramer: Buy United Rentals over Caterpillar as US-China trade disputes loom,cnbc.com
2018-04-13,Buy United Rentals over Caterpillar,cnbc.com
2018-04-13,Real Time Economics: Trump Sees Trade Strategy Working | More Pressure on China | Record Streak for Jobless Claims,wsj.com
2018-04-13,India's Coinsecure exchange says $3 million worth of bitcoins stolen,reuters.com
2018-04-13,Wells Fargo faces $1 billion fine to settle loan abuses,reuters.com
2018-04-13,"In new book, fired FBI Director James Comey says Trump 'untethered to truth'",cnbc.com
2018-04-13,Trump Lawyer Michael Cohen Negotiated $1.6 Million Settlement for Top Republican Fundraiser,wsj.com
2018-04-13,"The bitcoin bounce may have legs: Crypto bull makes the case for a run back up to $10,000",cnbc.com
2018-04-13,Mylan seeks deal for Merck's consumer products unit,cnbc.com
2018-04-13,Postmates says it has added $1.2 billion to the economy since 2017,cnbc.com
2018-04-13,Chile's Catholic Church calls for 'drastic solution' following abuse scandal,reuters.com
2018-04-13,Government Lifeline Isn’t Saving India’s State-Run Banks,wsj.com
2018-04-13,Study: Men overestimate their intelligence in science class. Women sell themselves short,cnbc.com
2018-04-13,Comcast Begins Including Netflix in Cable Bundles,fortune.com
2018-04-13,"Bitcoin is a bubble and a perfect example of ‘faddish human behavior,’ says Robert Shiller",cnbc.com
2018-04-13,"Ex NFL player Martellus Bennett's biggest splurge is books — he has 3,500 of them",cnbc.com
2018-04-13,Oil $100?,cnbc.com
2018-04-13,"After-hours buzz: AVGO, NTRS & FTV",cnbc.com
2018-04-13,"People will forget about data privacy issues soon — at least, that's what ad experts say",cnbc.com
2018-04-13,"Do You Like That Stock, or Do You Just Love its Ticker?",wsj.com
2018-04-13,"Tech investor Tim Draper predicts bitcoin will reach $250,000 by 2022",cnbc.com
2018-04-13,A cryptocurrency exchange lost $3 million — and thinks its security chief stole it,cnbc.com
2018-04-13,Trump lawyer brokered $1.6 million settlement for top GOP fundraiser and ex-Playboy model: WSJ,cnbc.com
2018-04-13,"GDPR regulations give software play Talend's business a boost, says CEO",cnbc.com
2018-04-13,"Latest SpaceX valuation shows ‘an unlimited amount of funding’ available in private markets, Equidate says",cnbc.com
2018-04-13,Here's what happens if you don't pay your taxes,cnbc.com
2018-04-13,This simple budget can help you save more without sacrificing your lifestyle,cnbc.com
2018-04-13,"Volkswagen’s new CEO will take the company to ‘the next level,’ analysts say",cnbc.com
2018-04-13,This is what ‘Truth or Dare’ star Tyler Posey splurged on with his first big paycheck,cnbc.com
2018-04-13,Marijuana Use Is More Common Among Employees With These Jobs,fortune.com
2018-04-13,Entrepreneur earning $1 million a year: ‘It's never enough’,cnbc.com
2018-04-13,Facebook will kill it this quarter as Zuckerberg aims to show Wall Street who's boss: Strategist,cnbc.com
2018-04-13,A former Microsoft employee is using AI to track herds of connected cows,cnbc.com
2018-04-13,Trump misses opportunity to curb China's growing global influence by skipping Summit of the Americas,cnbc.com
2018-04-13,JPMorgan Reports Record Earnings on Big Trading Gains,wsj.com
2018-04-13,Yahoo Japan to buy minority stake in a cryptocurrency exchange,cnbc.com
2018-04-13,"Kevin O'Leary spends $3,000 a year on haircuts — here's why",cnbc.com
2018-04-13,"Stocks to Watch: JPMorgan Chase, Citigroup, Wells Fargo, Broadcom, Qualcomm, Amazon, Tesla, Netflix",wsj.com
2018-04-13,"Cautious Bank of Korea holds rates, cuts inflation outlook",reuters.com
2018-04-13,The Morning Risk Report: Sanctions on Russia Touch Lenders,wsj.com
2018-04-13,An ominous start to an earning season that was supposed to save this bull market,cnbc.com
2018-04-13,Russian billionaire sells 49% stake in Brooklyn Nets basketball team to Alibaba co-founder,cnbc.com
2018-04-13,Trump strikes deal with Colorado Senator on legalized marijuana: report,cnbc.com
2018-04-13,Arista slumps 9 percent on concern that big tech companies may be moving some business elsewhere,cnbc.com
2018-04-13,Italy's Open Fiber enlists banks for $8 billion broadband rollout,reuters.com
2018-04-13,President Trump reconsiders TPP,cnbc.com
2018-04-13,"Starbucks downgraded on concerns about craft coffee competition, customer loyalty",cnbc.com
2018-04-13,Wall Street may not be betting the right way on these stocks: Credit Suisse,cnbc.com
2018-04-13,"Brexit & Beyond: U.S., France and Britain Unite Around Syria Strike Plans, ECB Worries About Trade and Euro, Goldman Chief Says Brexit Proving Less Drastic Than Expected",wsj.com
2018-04-13,These are the 2 major banks to put your money: Technician,cnbc.com
2018-04-13,"Saudi Crown Prince woos Amazon, Lockheed and others to build a tech hub",cnbc.com
2018-04-13,Netflix shares rise after Deutsche Bank upgrades to buy: 'Catch Netflix if you can',cnbc.com
2018-04-13,White House Explains Trump’s Reversal on TPP,fortune.com
2018-04-13,Zillow shares plunge 9 percent on the company's plan to start flipping homes,cnbc.com
2018-04-13,Wells Fargo shares rise after earnings top Wall Street estimates,cnbc.com
2018-04-13,Australian businesses air concerns as China strain threatens trade fair,reuters.com
2018-04-13,Reuters.com: BRIEF-Blackstone To Acquire Center For Autism And Related Disorders,reuters.com
2018-04-13,What Your CEO Is Reading: Disruption and Work; Steampunk VR,wsj.com
2018-04-13,"WSJ City: U.S. Plans to Escalate Trade Pressure on China, LSE Names Goldman Banker CEO",wsj.com
2018-04-13,The Morning Download: Defense Department’s Massive Cloud Contract Creates a Storm,wsj.com
2018-04-13,Here are the biggest revelations about Trump from James Comey’s tell-all book,cnbc.com
2018-04-13,Post office rate hike could cost Amazon up to $1.8 billion more per year: Credit Suisse,cnbc.com
2018-04-13,How much you'd have made if you bought a home in these cities 20 years ago,cnbc.com
2018-04-13,President Trump calls ex-FBI Director Comey an 'untruthful slime ball' who 'should be prosecuted',cnbc.com
2018-04-13,Hardly anyone is paying taxes on their bitcoin gains as filing deadline nears,cnbc.com
2018-04-13,Mark Mobius: Asian nations' tough talk on TPP reentry by US is a bluff,cnbc.com
2018-04-13,Oklahoma Teachers Declare End to Nine-Day Strike,wsj.com
2018-04-13,China’s Trade Surplus With U.S. Soars,wsj.com
2018-04-13,Major oil agency is unconvinced that Syria tensions will propel prices higher,cnbc.com
2018-04-13,"Threat of Western strikes hangs over Syria, U.S., France assail Assad at U.N.",reuters.com
2018-04-13,"If you work at this Hawaii farm for 2 years, it helps pay for your college",cnbc.com
2018-04-13,'A ridiculous reversal': Top Democrats who sided with Trump on trade slam TPP move,cnbc.com
2018-04-13,Trump lawyer Michael Cohen asking federal judge to suppress information found in FBI raid,cnbc.com
2018-04-13,Cramer: Buy United Rentals over Caterpillar as US-China trade disputes loom,cnbc.com
2018-04-13,Beaten Dow stock GE could do something very unusual when it reports earnings next week,cnbc.com
2018-04-14,A Divided Syria Reacts Wearily to Airstrikes From US and Allies,wsj.com
2018-04-14,"'Very, very good' earnings season risks being overshadowed by trade, politics in week ahead",cnbc.com
2018-04-14,"CNBC tested Google's new 'smart' doorbell and lock, and here's what they're like",cnbc.com
2018-04-14,"If Syria uses toxic gas again, U.S. 'locked and loaded': U.N. envoy Haley",reuters.com
2018-04-14,Deals and discounts to help soothe frenzied filers on Tax Day,cnbc.com
2018-04-14,"Jason Wu, Michelle Obama's favorite designer, wants to expand in Asia",cnbc.com
2018-04-14,How to fix your iPhone screen,cnbc.com
2018-04-14,Iran Guards warn of fallout for US of Syria attacks - Fars,reuters.com
2018-04-14,Cramer's lightning round: I think FMC is bottoming and ready to come back,cnbc.com
2018-04-14,Reddit co-founder thought he was 'the hardest-working person' before he met Serena Williams,cnbc.com
2018-04-14,It’s Business as Usual for Syria’s Assad After U.S.-Led Attacks,fortune.com
2018-04-14,Want to keep your waitstaff? Send them back to school.,cnbc.com
2018-04-14,"Trump might have given Syrian and Russian forces too much time to prepare for a strike, experts say",cnbc.com
2018-04-14,Germany closing in on deal to buy first weapons-capable drone,cnbc.com
2018-04-14,Cramer vets under-the-radar cybersecurity plays like ForeScout,cnbc.com
2018-04-14,Comey said disclosure of Clinton email probe was to prevent her from being seen as 'illegitimate',cnbc.com
2018-04-14,"Disorderly Conduct (Saturday Crossword, April 14)",wsj.com
2018-04-14,The NBA is booming with a winning formula of shorter games and 'rock star' players: Rockets owner,cnbc.com
2018-04-14,How Daymond John went from selling hats on the street to starting a multi-million dollar business,cnbc.com
2018-04-14,Cramer's game plan: Washington headwinds could overwhelm earnings,cnbc.com
2018-04-14,"Jack-in-the-Boxes (Saturday Puzzle, April 14)",wsj.com
2018-04-14,Russia issues ominous warning of 'consequences' for US-led strike on Syria,cnbc.com
2018-04-14,South Africa's anti-apartheid heroine Winnie Mandela laid to rest,reuters.com
2018-04-14,Cramer's game plan: Washington headwinds could overwhelm earnings,cnbc.com
2018-04-14,"Syrian army vows to press war, rebels say strikes not enough",cnbc.com
2018-04-14,GoFundMe's CEO explains his 'insane' idea to stop charging US personal fundraising campaigns,cnbc.com
2018-04-14,"Cramer Remix: Weekend jitters, not earnings, drove down JP Morgan and Citigroup",cnbc.com
2018-04-14,Uber's CEO: ‘We are absolutely committed to self-driving cars’,cnbc.com
2018-04-14,Hundreds of Flights Disrupted as Spring Storm Blankets Midwest,fortune.com
2018-04-14,Corruption Currents: Backpage Co-Founder Released; CEO Pleads Guilty,wsj.com
2018-04-14,"Trump Says Strikes Aimed at Ending Syria's Use of Chemical Weapons, Sending Message to Russia and Iran",wsj.com
2018-04-14,Facebook CEO Zuckerberg's 2017 pay rose 54 percent to $8.9 million,reuters.com
2018-04-14,White House releases US assessment of suspected chemical attack in Syria. Read it here,cnbc.com
2018-04-14,Wells Fargo 'not completely out of the woods' but stock can move higher: Bank analyst,cnbc.com
2018-04-14,"Russia calls for UN meeting on Syria, mulls supplies of S-300 systems",cnbc.com
2018-04-14,"There are 6,000 dogs 'working' at Amazon and they get access to these cool perks",cnbc.com
2018-04-14,“Only in America” (Are Lawmakers this Clueless about China),fortune.com
2018-04-14,14th,wsj.com
2018-04-14,General Electric restates 2016 and 2017 earnings,cnbc.com
2018-04-14,Facebook spent close to $9 million last year on security and private jets for Zuckerberg,cnbc.com
2018-04-14,"US, allies responsible for regional fallout of Syria raids: Iran - Reuters",reuters.com
2018-04-14,"MSU President Offered Secret Settlement in Nassar Sex-Abuse Suit, Woman Says",wsj.com
2018-04-14,Minimum wages for these workers haven't gone up since 1996: Here's why that's a problem,cnbc.com
2018-04-15,"Trump calls James Comey 'slippery' and 'WORST FBI Director in history, by far!'",cnbc.com
2018-04-15,"Central America quietly emerges as a vacationer's paradise, and an alternative to the Caribbean",cnbc.com
2018-04-15,The Wall Street Journal: SEC investigating Guggenheim’s asset-management unit,wsj.com
2018-04-15,Former First Lady Barbara Bush Is In Failing Health and Will Seek ‘Comfort Care’,fortune.com
2018-04-15,Syria's Assad tells Russian lawmakers Western strikes were act of aggression,cnbc.com
2018-04-15,The 2018 Kia Stinger GT1 is unbelievably good,cnbc.com
2018-04-15,"Trump approval declines, and Democrats have big enthusiasm edge over GOP for midterms: NBC/WSJ poll",cnbc.com
2018-04-15,U.S. to Impose New Sanctions on Russia After Syria Chemical Attack,fortune.com
2018-04-15,Western Hemisphere Leaders Say They Won’t Recognize Venezuelan Elections,wsj.com
2018-04-15,"BRIEF-Jiangsu Hagong Intelligent Back To Blakc In 2017, Fund To Invest In Robotics Firm",reuters.com
2018-04-15,Stormy Daniels will be in court for hearing on Trump's lawyer Michael Cohen,cnbc.com
2018-04-15,Israel's Partner in collaboration deal with Amazon Prime Video,reuters.com
2018-04-15,"A solid earnings season won't be enough to avert another correction, economist Robert Shiller says",cnbc.com
2018-04-15,Ag experts troubled by GOP Senate candidates' tariff talk,cnbc.com
2018-04-15,WPP CEO Martin Sorrell Resigns From Ad Empire Amid Allegations of Misconduct,fortune.com
2018-04-15,7 valuable tax tips for last-minute filers,cnbc.com
2018-04-15,Trump defends ‘mission accomplished’ after strike on Syria,cnbc.com
2018-04-15,Starbucks CEO Apologizes for ‘Reprehensible’ Arrest of Black Men at Philadelphia Store,fortune.com
2018-04-15,BeyoncĂŠ Became the First Black Woman to Headline Coachella,fortune.com
2018-04-15,Allies keep Syria options open as Britain says no strikes planned,reuters.com
2018-04-15,"After Intense Criticism, RSA Tech Conference Adds More Women to Top Speaking Slots",fortune.com
2018-04-15,Drugstores are making it easier to empty your medicine cabinet,cnbc.com
2018-04-15,The Rock’s Rampage Storms to No. 1 at Box Office,fortune.com
2018-04-15,Facebook fuels broad privacy debate by tracking non-users,reuters.com
2018-04-15,Why the former CFO of Google joined a Canadian VC firm after two years traveling the world,cnbc.com
2018-04-15,Renowned Gay Rights Lawyer Self-Immolates in Protest of Climate Policy,fortune.com
2018-04-15,"More snow, rain and winds to blast parts of U.S.",reuters.com
2018-04-15,Nintendo’s New Patent Describes A Joyfully Weird Multi-Touchscreen Game System,fortune.com
2018-04-15,Trump bashes Comey as 'slippery' ahead of book release,reuters.com
2018-04-16,UPDATE 1-First Irish beef exports to China approved - minister,cnbc.com
2018-04-16,"If oil hits $80, there's a lot more at play than airstrikes in Syria",cnbc.com
2018-04-16,Toyota to launch 'talking' vehicles in United States in 2021,cnbc.com
2018-04-16,Corruption Currents: Fight vs. Graft Topped Americas Summit,wsj.com
2018-04-16,"UK data finds Apple, Conde Nast and Ryanair among companies with the biggest gender pay gaps",cnbc.com
2018-04-16,Fed No Longer Worries About Deflation | Currency Market Jitters | Idaho’s Growing Pains,wsj.com
2018-04-16,Arianna Huffington: 'It's not just for women and African-Americans to solve the problem of diversity',cnbc.com
2018-04-16,"Stocks to Watch: Bank of America, Facebook, GM, Tropicana, Goldman Sachs, Macy’s, Starbucks, M&T",wsj.com
2018-04-16,J&J Baby Powder litigation takes new focus with asbestos claims,reuters.com
2018-04-16,Here Are the Highlights From James Comey’s First Interview Since Trump Ousted Him as FBI Director,fortune.com
2018-04-16,Earnings expectations in key markets are 'too high': Strategist,cnbc.com
2018-04-16,"Tax Collecting (Monday Crossword, April 16)",wsj.com
2018-04-16,Bitcoin exchange Coinbase buys Earn.com for a reported $100M and adds key executive,cnbc.com
2018-04-16,"Paul Ryan could get a pension of $84,930—here's how that compares to most people",cnbc.com
2018-04-16,Tomorrow is Tax Day. Here's how to deal if you still haven't filed,cnbc.com
2018-04-16,Russia starts blocking Telegram messenger: regulator,reuters.com
2018-04-16,American Express to end its Plenti frequent shopper program,cnbc.com
2018-04-16,"Blockchain to disrupt Swiss hold on global bank system, Moody's says",cnbc.com
2018-04-16,Storms unleash tornadoes in the East and record snow in Midwest,cnbc.com
2018-04-16,Trump's lawyer Michael Cohen refuses to identify clients as courtroom faceoff looms,cnbc.com
2018-04-16,Luxembourg leads the trillion-dollar race to become the Silicon Valley of asteroid mining,cnbc.com
2018-04-16,Oil and gas lobby comes out against a coal utility's bailout: 'Let the market work',cnbc.com
2018-04-16,East Coast sees major floods in spring storm,cnbc.com
2018-04-16,Democratic congressman on Syria: 'We cannot let chemical attacks go unanswered',cnbc.com
2018-04-16,Kroger sweetens employee benefits as it moves to ramp up hiring,cnbc.com
2018-04-16,European markets edge lower as political issues take center stage; WPP falls over 5% - CNBC,cnbc.com
2018-04-16,German software giant SAP predicts new business in Middle East — and credits Saudi Arabia,cnbc.com
2018-04-16,Bank blowout: Big bank earnings should propel the financials from worst to first,cnbc.com
2018-04-16,Why this hot Hollywood divorce trend may not be for you,cnbc.com
2018-04-16,These 10 states do the best job of teaching kids about money,cnbc.com
2018-04-16,Starbucks manager who called police on two black men has left the company,cnbc.com
2018-04-16,Charts point to trouble for financials as bank earnings are underway,cnbc.com
2018-04-16,How to land a job at Tesla,cnbc.com
2018-04-16,"Don’t play into the hype. Netflix is not a buy at these levels, says market watcher",cnbc.com
2018-04-16,Apple planned to release a gold iPhone X but it may have been scrapped,cnbc.com
2018-04-16,"Egyptian billionaire Naguib Sawiris on Syria: 'All in all, I am for this strike'",cnbc.com
2018-04-16,U.K. to Dig Into Who Owns London Property,wsj.com
2018-04-16,Syria strikes could strengthen Trump's hand in North Korea talks,cnbc.com
2018-04-16,There may be a way for India to achieve double-digit economic growth,cnbc.com
2018-04-16,Putin slams Syria airstrike but Russia's response is expected to be muted,cnbc.com
2018-04-16,Gen. Wesley Clark: Syria airstrikes were ‘masterfully done.’ Here’s what needs to happen now,cnbc.com
2018-04-16,America's most popular investment vehicle has its work cut out for it this year,cnbc.com
2018-04-16,The Morning Risk Report: Clean Water Act Cases Companies Should Monitor,wsj.com
2018-04-16,British facial verification tech firm secures U.S. border contract,reuters.com
2018-04-16,"Oil prices are likely to collapse later this year, Barclays forecasts",cnbc.com
2018-04-16,Many are saying we are at 'peak earnings.' Here's why we are not,cnbc.com
2018-04-16,"Trump accuses China of currency devaluation in tweet, days after Treasury declines to label as manipulator",cnbc.com
2018-04-16,How the 76ers went from the bottom to championship contenders in just two years,cnbc.com
2018-04-16,Singapore seeks feedback on proposal to allow Airbnb-style rentals,reuters.com
2018-04-16,Bitcoin traders are banking on a big rebound once tax day passes,cnbc.com
2018-04-16,"Citi raises oil price forecast due to concern about possible loss of Iran, Venezuela supply",cnbc.com
2018-04-16,Netflix shows it still has plenty of growth left in the U.S.,cnbc.com
2018-04-16,World's richest self-made woman shares 3 pieces of advice for success,cnbc.com
2018-04-16,"Wall Street, big business backing Mitt Romney’s Senate bid as GOP seeks stronger leadership in Congress",cnbc.com
2018-04-16,Bull is limping but still moving forward: Strategist,cnbc.com
2018-04-16,UK pubs group JD Wetherspoon drops social media in protest,reuters.com
2018-04-16,Don't overlook this extra Tax Day task if you're self-employed,cnbc.com
2018-04-16,"EPA chief Scott Pruitt's $43,000 secure phone booth violated spending laws, government watchdog says",cnbc.com
2018-04-16,A password manager can help you share less with tech giants like Facebook — here's how to use one,cnbc.com
2018-04-16,WPP embarks on new journey without Sorrell at the helm,reuters.com
2018-04-16,Vivendi 'awful' investor in Telecom Italia: Italian minister to paper,reuters.com
2018-04-16,Allegiant Travel shares tumble after '60 Minutes' questions airline’s safety practices,cnbc.com
2018-04-16,Trump to nominate economist Richard Clarida as Fed vice chair,cnbc.com
2018-04-16,James Comey Explains Why President Trump Shouldn’t Be Impeached in ABC Interview,fortune.com
2018-04-16,James Comey’s New Book Is Already Outpacing Michael Wolff’s ‘Fire and Fury’—By At Least One Measure,fortune.com
2018-04-16,The Bar Gotten High for Earnings Rallies,wsj.com
2018-04-16,"GE books $4.2 bln charge, restates earnings as expected",cnbc.com
2018-04-16,"If Trump axes Rosenstein, here's who could be asked to fire special counsel Robert Mueller",cnbc.com
2018-04-16,"June Summit Will Test EU, U.K.’s May to Defend Syria Strikes, A Moment in the Sun for British Stocks",wsj.com
2018-04-16,3 ways to get the most out of your credit card rewards,cnbc.com
2018-04-16,Tellurian’s CEO Has Got Some Gas to Sell You—Energy Journal,wsj.com
2018-04-16,Trump lawyer Michael Cohen appears in court with porn star Stormy Daniels watching,cnbc.com
2018-04-16,"Any GE rebound is nothing more than a ‘dead cat bounce,’ market watcher says",cnbc.com
2018-04-16,This former rowing coach is using electric car tech to make motoroboats nearly silent,cnbc.com
2018-04-16,"WSJ City PM: Why Sorrell’s Exit Could Work for WPP, Tax Change Helps Bank of America’s Bottom Line",wsj.com
2018-04-16,How a 34-year-old turned $200 into a company he sold for over $10 million in a matter of months,cnbc.com
2018-04-16,More Americans think taxes are 'about right' than think they're 'too high',cnbc.com
2018-04-16,Capital Journal: President Trump vs. James Comey | The Latest on Syria | Replacing Paul Ryan,wsj.com
2018-04-16,"Putin phones Iran, threatens 'chaos' in world order if Syria gets attacked again",cnbc.com
2018-04-16,Slovak: Slovak protesters demand more resignations over corruption neglect,reuters.com
2018-04-16,Mark Cuban: This is 'the best investment you can make',cnbc.com
2018-04-16,"Britain's WPP, investors adjust to life without Sorrell",cnbc.com
2018-04-16,Markets bounce back after Syria airstrikes,cnbc.com
2018-04-16,T-Mobile fined $40 million over failing calls and false ringtones in rural areas,cnbc.com
2018-04-16,Why the Supreme Court should not reverse internet sales tax law,cnbc.com
2018-04-16,Here's the real winner in the Trump Comey ‘war of words’,cnbc.com
2018-04-16,IBM's blockchain team is led by women. Here's why it's a big deal for Silicon Valley,cnbc.com
2018-04-16,Broker Tullett Prebon’s Head of Alternatives to Leave - MoneyBeat - WSJ,wsj.com
2018-04-16,The world is scrambling now that China is refusing to be a trash dumping ground,cnbc.com
2018-04-16,The Morning Ledger: U.S. Banks Get Reprieve on Accounting Rule,wsj.com
2018-04-16,Tell us what you think: What will move markets most in the coming days?,cnbc.com
2018-04-16,"Brexit & Beyond:June Summit Will Test EU, U.K.’s May to Defend Syria Strikes, A Moment in the Sun for British Stocks - MoneyBeat - WSJ",wsj.com
2018-04-16,McDonald's downgraded because last year's sales success is not the 'norm',cnbc.com
2018-04-16,Carl Icahn sells Tropicana casinos in $1.85 billion deal,cnbc.com
2018-04-16,Airstrikes won't stop Syria's use of chemical weapons: Middle East expert,cnbc.com
2018-04-16,"Costco upgraded by Wells Fargo, predicts special dividend soon",cnbc.com
2018-04-16,Tech start-up Uptake makes 'big' acquisition in race to digitize the industrial industry,cnbc.com
2018-04-16,The Morning Download: Companies Should Beware Public’s Rising Anxiety Over Data,wsj.com
2018-04-16,Democrats are outraising Republicans in key House races,cnbc.com
2018-04-16,Turkey’s currency is tanking and President Erdogan is keeping it down,cnbc.com
2018-04-16,"Amazon has shelved a plan to sell drugs to hospitals, and insiders say there are two reasons why",cnbc.com
2018-04-16,SpaceX is about to launch a NASA satellite designed to discover thousands of planets,cnbc.com
2018-04-16,Watch: Trump meets with small business owners in Florida to promote tax cuts,cnbc.com
2018-04-16,"Delete Facebook, Drink More Beer - MoneyBeat - WSJ",wsj.com
2018-04-16,Russia stocks open lower after US vows further sanctions; Rusal tanks 14%,cnbc.com
2018-04-16,A Quiet Beginning for 2018 FCPA Enforcement,wsj.com
2018-04-16,Trading Netflix After Earnings: 3 plays,cnbc.com
2018-04-16,Drug distributor and drugstore stocks rally after Amazon shelves plan to sell to hospitals,cnbc.com
2018-04-16,"US, Britain blame Russia for global cyber attack",reuters.com
2018-04-16,"President Trump says job growth is booming under his watch, but it has slowed down – so far",cnbc.com
2018-04-16,No turnaround for Apple in China due to smartphone ‘saturation’: UBS,cnbc.com
2018-04-16,EstĂŠe Lauder Adds 2 Women CEOs to Its Board As It Nears Gender Parity,fortune.com
2018-04-16,US bans American companies from selling to Chinese phone maker ZTE,cnbc.com
2018-04-16,Watch Vice President Mike Pence speak on space policy at the 34th Space Symposium,cnbc.com
2018-04-16,"WSJ Wealth Adviser Briefing: Investment Bankers, Tesla, Ixelles",wsj.com
2018-04-16,Here's what the Street expects from Bank of America earnings,cnbc.com
2018-04-16,China’s Ports Have Iron Ore in Quantity—but How’s the Quality?,wsj.com
2018-04-16,US reportedly weighs retaliation against China for restrictions on tech companies,cnbc.com
2018-04-16,The Morning Ledger: U.S. Companies Turn to Teens Amid Labor Shortage,wsj.com
2018-04-16,Aluminum prices surge to highest level since 2011 as US sanctions on Russia take out big producer,cnbc.com
2018-04-16,Germany's problem with China goes well beyond trade issues,cnbc.com
2018-04-16,Syria: Macron convinced Trump to keep troops in the country,cnbc.com
2018-04-16,"WSJ City: Martin Sorrell’s Tough Choice, Currency Volatility Spooks Investors, UK Stock Market Becomes a Haven",wsj.com
2018-04-17,"It’s Tax Day 2018, And Republicans Aren’t Complaining About High Taxes - Real Time Economics - WSJ",wsj.com
2018-04-17,Struggling California Republicans are eager for a comeback – and Kevin McCarthy is in prime position to lead it,cnbc.com
2018-04-17,Vivendi defends its strategy for Telecom Italia,reuters.com
2018-04-17,"WSJ Wealth Adviser Briefing: Happy Tax Day, Disappearing Annuities, Man Bronzer",wsj.com
2018-04-17,Thailand taps tourists to fight human trafficking and keep the country smiling - Reuters,reuters.com
2018-04-17,There's a National Donor Organ Shortage. Overdose Victims Could Help Change That,fortune.com
2018-04-17,"What’s The Point? (Tuesday Crossword, April 17)",wsj.com
2018-04-17,"AMD and Caterpillar are among the stocks that could be big earnings season winners, according to Wall Street analysts",cnbc.com
2018-04-17,Real Time Economics: Trade Tensions Escalate (Again) | China’s Economy Advances | Employers Turn to Teens,wsj.com
2018-04-17,Supreme Court restricts deportations of immigrant felons,reuters.com
2018-04-17,Billionaire banking heir Matthew Mellon dies at 54,cnbc.com
2018-04-17,EU Commission proposes making fingerprints mandatory in ID cards,reuters.com
2018-04-17,Facebook Hearings Illuminate Future of Business and Data Privacy,wsj.com
2018-04-17,"GRAINS-Wheat firms after falling for four days, improved U.S. weather caps gains",cnbc.com
2018-04-17,Nike's VP of diversity leaves amid efforts to reform workplace culture,cnbc.com
2018-04-17,Blue Harbour's Robbins: Value investing will make a comeback,cnbc.com
2018-04-17,Roku jumps more than 5 percent after announcing it will offer ESPN+,cnbc.com
2018-04-17,Anyone can see when you send money to friends with Venmo — here's how to make it private,cnbc.com
2018-04-17,Tesla pauses Model 3 production for several days,cnbc.com
2018-04-17,The Morning Download: The Corporate Network Becomes the Cyber Battlefield,wsj.com
2018-04-17,U.S.-based cryptocurrency exchange Kraken quits Japan: Bloomberg,reuters.com
2018-04-17,Starbucks CEO meets with two men arrested in Philadelphia,cnbc.com
2018-04-17,Cramer's lightning round: Take a long-term view on Spotify,cnbc.com
2018-04-17,You Can Get Freebies for Tax Day 2018. Here Are 12 of the Best Deals and Discounts,fortune.com
2018-04-17,U.S. Executives Boost Appetite for Deals Following Tax Reform,wsj.com
2018-04-17,United's first-quarter profit tops Wall Street estimates,cnbc.com
2018-04-17,IRS tax payment site down...,cnbc.com
2018-04-17,"Stormy Daniels offers $100,000 reward for identifying 'thug' who allegedly threatened her over Trump tryst",cnbc.com
2018-04-17,"WSJ City: WPP Looks to Fill the Gap, Netflix Beats Expectations, US Looks to New Front in Trade Spat",wsj.com
2018-04-17,"Goldman Sachs earnings beat the Street, equities trading surges 38%",cnbc.com
2018-04-17,"Paxton, Mariners edge Astros",reuters.com
2018-04-17,"Brexit & Beyond: EU Support Grows for New Iran Sanctions, West Warns of Russian Cyberattacks, U.K. Jobless Lowest Since 1975",wsj.com
2018-04-17,"Stocks making the biggest moves premarket: UNH, JNJ, GS, NFLX, ROKU, DIS & more",cnbc.com
2018-04-17,The Daily Shot: More Americans Over 45 Are Switching Jobs - Daily Shot - WSJ,wsj.com
2018-04-17,"Bitcoin weathers tax day, and one trader thinks a bounce is ahead",cnbc.com
2018-04-17,"After-hours buzz: NFLX, ROKU, CE & WTFC",cnbc.com
2018-04-17,EU Pursues Consensus on More Sanctions Against Iran to Salvage Nuclear Deal—Energy Journal,wsj.com
2018-04-17,"Trump campaign paid lawyer $93,000 to warn Steve Bannon, Michael Wolff over ‘Fire and Fury’",cnbc.com
2018-04-17,Tesla production pause adds to Model 3 concerns,reuters.com
2018-04-17,Farm state senators tell EPA to stop giving big oil refiners a pass on biofuels rules,cnbc.com
2018-04-17,"Uber executive plays down deal prospects in Brazil, citing scale",cnbc.com
2018-04-17,Middle-Market Private Companies Post Slower Earnings Growth,wsj.com
2018-04-17,"STARBUCKS closing 8,000+ stores for racial-bias education day...",cnbc.com
2018-04-17,Mega-developer gives his picks for biggest growth opportunities in Abu Dhabi,cnbc.com
2018-04-17,"EU Support Grows New Iran Sanctions, West Warns of Russian Cyberattacks, U.K. Jobless Lowest Since 1975",wsj.com
2018-04-17,BRIEF-Adobe says is acquiring Sayspring Inc- Blog,reuters.com
2018-04-17,Pound Hits Post-Brexit High as Dollar Falls,wsj.com
2018-04-17,When the Hacker Threatening Business Operations Is a Well-Armed Nation State,wsj.com
2018-04-17,The space industry is growing. Here are two areas to consider for your portfolio: Investor,cnbc.com
2018-04-17,Casagrande set to take over as CEO of Sao Paulo's Cesp -source,cnbc.com
2018-04-17,Cash Is Burning a Hole in Companies’ Pockets - MoneyBeat - WSJ,wsj.com
2018-04-17,Goldman Sachs just posted the best equities trading results in 3 years as the bank profits from this roller coaster market,cnbc.com
2018-04-17,"GRAINS-Wheat firms after sharp drop, soybeans and corn also firm",cnbc.com
2018-04-17,Stock Indexes Poised to Close Above Key Technical Level - MoneyBeat - WSJ,wsj.com
2018-04-17,Paul Ryan denies working with Trump drove his decision to retire: 'I'm grateful' for his election,cnbc.com
2018-04-17,Southwest flight makes emergency landing in Philadelphia after engine damaged,cnbc.com
2018-04-17,Cambridge Analytica planned to issue digital currency: sources,reuters.com
2018-04-17,"Stocks to Watch: Goldman Sachs, Netflix, Amazon, Tesla, Microsoft, Roku, UnitedHealth, J&J, Walmart - MoneyBeat - WSJ",wsj.com
2018-04-17,"Sanctions batter Rusal's overseas supply chain, restructuring seen",reuters.com
2018-04-17,Do you want really your ex-spouse to get your inheritance? It's time to update beneficiaries,cnbc.com
2018-04-17,Hedge Fund Breakfast of Champions,wsj.com
2018-04-17,Former Microsoft CEO Steve Ballmer holds 'shareholder meeting' for taxpayers,cnbc.com
2018-04-17,Capital Journal: Superpower Conflict? | Clinton’s Sinking Popularity | Hannity Tied to Trump’s Lawyer,wsj.com
2018-04-17,30-year-old rapper Kendrick Lamar just made history by scoring a Pulitzer Prize for his album 'Damn',cnbc.com
2018-04-17,Here’s why Big Blue could break out on its earnings this week: Trader,cnbc.com
2018-04-17,"Russia blocks Google, Amazon IP addresses in bid to ban Telegram",reuters.com
2018-04-17,"GOP tax cuts have gotten less popular with voters, new NBC/WSJ poll says",cnbc.com
2018-04-17,Thai telco True defends security measures after user data breach,reuters.com
2018-04-17,"Chart shows transports are about to power higher, Oppenheimer says",cnbc.com
2018-04-17,Cramer Remix: Get used to this weekly market-moving routine,cnbc.com
2018-04-17,Yamada: This one chart shows crude has more room to run,cnbc.com
2018-04-17,U.S. Bars Another Albanian Official Over Corruption Allegations,wsj.com
2018-04-17,China tariffs spark shake-up of global soybean trade flows,cnbc.com
2018-04-17,Germany can mediate with Russia over Syria: Foreign Minister Maas,reuters.com
2018-04-17,Cramer: The proxy fight in Newell Brands has very limited upside,cnbc.com
2018-04-17,Tammy Duckworth Is Poised to Be the First Senator to Bring Her Newborn Baby to the Senate Floor,fortune.com
2018-04-17,Treasury Secretary Mnuchin says online tax filers will get extension after IRS payment website outage: AP,cnbc.com
2018-04-17,Bitcoin to rally with Tax Day pressure eliminated: Wall Street bull Tom Lee,cnbc.com
2018-04-17,Asian stocks set for muted open amid fading geopolitical fears,cnbc.com
2018-04-17,Facebook must face a class action lawsuit over its facial recognition process,cnbc.com
2018-04-17,"From sneakers to the Dow's biggest loser: Skechers, General Electric may see big moves on earnings",cnbc.com
2018-04-17,Don't even think about putting these expenses on your credit card,cnbc.com
2018-04-17,A look at the development of China's shale gas industry,cnbc.com
2018-04-17,"Microsoft keeps cozying up to former rival Linux, and will now use it to secure web-connected gadgets",cnbc.com
2018-04-17,Treasury Secretary Mnuchin: Our long-term 3% growth outlook will pay for the tax cuts,cnbc.com
2018-04-17,Top retail analyst reveals his playbook for the China 'wildcard' as retailer optimism grows,cnbc.com
2018-04-17,There’s a National Donor Organ Shortage. Overdose Victims Could Help Change That,fortune.com
2018-04-17,"UPDATE 3-Brazil's Eletropaulo shares soar as Enel, Iberdrola vie for control",cnbc.com
2018-04-17,Fed speakers and earnings from Goldman Sachs and others could influence Tuesday's market,cnbc.com
2018-04-17,Walmart to roll out redesigned website next month,cnbc.com
2018-04-17,Goldman Sachs Profit Jumped 26% in First Quarter,wsj.com
2018-04-17,"Republican in tight Arizona race expected to get $75,000 boost from fundraiser featuring Paul Ryan",cnbc.com
2018-04-17,Start-up health insurer led by former UnitedHealthcare CEO off to a good start,cnbc.com
2018-04-17,"Earnings distract markets from geopolitical threats, but not forever, says strategist",cnbc.com
2018-04-17,Media watchdogs slam Fox News host Sean Hannity for not disclosing Michael Cohen relationship,cnbc.com
2018-04-17,Scientists Accidentally Created a ‘Mutant Enzyme’ That Could Solve The World’s Plastic Nightmare,fortune.com
2018-04-17,"Here are some hidden tax benefits for seniors, caregivers",cnbc.com
2018-04-17,ABB to provide electric vehicle chargers across the U.S.,reuters.com
2018-04-17,"Corporate America is 'doing so darn good,' says Jim Cramer",cnbc.com
2018-04-17,"WSJ City PM: Goldman Catches Earnings Wave, Global Growth Set for Seven-Year High",wsj.com
2018-04-18,"Snap stock too expensive and not growing fast enough, so pass",cnbc.com
2018-04-18,Goldman CEO supports Trump's effort to 'even out' US-China trade,cnbc.com
2018-04-18,The FANG Trade Doesn’t Need Facebook,wsj.com
2018-04-18,Iceland: Bitcoin heist suspect has likely fled to Sweden,cnbc.com
2018-04-18,Trump Appears to Have Changed His Mind About TPP—Again,fortune.com
2018-04-18,How to download a copy of everything Microsoft knows about you,cnbc.com
2018-04-18,Total Makes a Power Move—Energy Journal,wsj.com
2018-04-18,Trump calls sketch released by porn actress Stormy Daniels 'a total con job',cnbc.com
2018-04-18,Buying banks after earnings: 4 trades,cnbc.com
2018-04-18,"""Fast Money"" final trades: TWTR, SNAP and more",cnbc.com
2018-04-18,The way bank stocks are behaving on earnings is making me nervous about the financials,cnbc.com
2018-04-18,"A new satellite project to livestream the Earth says it's backed by SoftBank, Airbus and Bill Gates",cnbc.com
2018-04-18,"Investors are ignoring one of the biggest risks to the market, strategist says",cnbc.com
2018-04-18,Skip Elon Musk's 'production hell.' There's an easier way to invest in the cars of the future,cnbc.com
2018-04-18,Cramer recalls his own two crash landings in airplanes after Southwest's tragic engine failure,cnbc.com
2018-04-18,"CFO Moves: Och-Ziff Capital Management, Sanofi",wsj.com
2018-04-18,"The Morning Ledger: Companies Set to Spend on Higher Dividends, Share Buybacks",wsj.com
2018-04-18,California's occupational safety agency starts probe on Tesla,reuters.com
2018-04-18,$3 gasoline is coming soon as demand jumps and crude oil prices rise,cnbc.com
2018-04-18,"Forget bitcoin, this trader says now's the time to buy bitcoin cash",cnbc.com
2018-04-18,Here’s why Twitter could soar double digits on its earnings: Trader,cnbc.com
2018-04-18,"Inflation is the 'mother of all risks' to the market now, Deutsche Bank says",cnbc.com
2018-04-18,UPDATE 3-Brazil lifts embargo on some BRF plants ahead of potential EU ban,cnbc.com
2018-04-18,Time Warner CEO Jeff Bewkes says during AT&T antitrust trial that critics' claims make 'no sense',cnbc.com
2018-04-18,GOP mega-donors pile money into Iowa race as House candidate falters,cnbc.com
2018-04-18,"Carl Icahn has taken a 'medium'-sized stake in VMware, sources say",cnbc.com
2018-04-18,"IBM sinks, with the stock on pace for its worst day since 2014",cnbc.com
2018-04-18,U.S. Senate favors undoing consumer bureau's auto guidance,cnbc.com
2018-04-18,This tech exec's big career regret has to do with golf,cnbc.com
2018-04-18,Chain CEO Adam Ludwin Talks Cryptocurrencies and Counterculture,fortune.com
2018-04-18,"UPDATE 1-Strong China Q1 GDP growth supported by construction, manufacturing, hi-tech",cnbc.com
2018-04-18,HHS secretary back in hospital for bowel condition,cnbc.com
2018-04-18,Microsoft exec turned founder: 6 things you need to know before working at a start-up,cnbc.com
2018-04-18,General Motors names new Cadillac president amid pivotal XT4 launch,cnbc.com
2018-04-18,Top strategist: Curb your market enthusiasm,cnbc.com
2018-04-18,Former First Lady Barbara Bush Dies at 92,fortune.com
2018-04-18,Venture capital firm co-founder: I wanted to 'solve my own personal pain point',cnbc.com
2018-04-18,New York is investigating cryptocurrency exchanges. What you need to know,cnbc.com
2018-04-18,Political fear can boost defense stocks like Boeing,cnbc.com
2018-04-18,New York Fed chief Dudley sees two risks ahead for interest rate policy,cnbc.com
2018-04-18,Cramer: I'm disappointed by the last 24 hours of corporate earnings,cnbc.com
2018-04-18,Trump contradicts himself over Comey firing,cnbc.com
2018-04-18,"Tesla battery production is the real bottleneck, not Model 3 production",cnbc.com
2018-04-18,"In singer Prince's death, Minnesota prosecutor decides whether to file charges",reuters.com
2018-04-18,Why Facebook Is Suddenly Courting Conservatives,fortune.com
2018-04-18,"Blue Origin’s new rocket engine will be able to launch ‘100 full missions,’ CEO says",cnbc.com
2018-04-18,Real Time Economics: China Opens Up | Global Growth Powers Ahead | U.S. Home Builders Step Back,wsj.com
2018-04-18,"Germany Pushes Back Against Russia Europe and U.S. to Share Data, Setback ECB",wsj.com
2018-04-18,Castro's successor seen as unlikely to bring sweeping change to Cuba,reuters.com
2018-04-18,First quarter earnings will be GE's moment of truth: Former GE insider,cnbc.com
2018-04-18,This Ukrainian Mac product has a cult following — and could hint at Apple's future,cnbc.com
2018-04-18,Many Happy Returns After Tax Day - MoneyBeat - WSJ,wsj.com
2018-04-18,Astros ride McCullers' arm past Mariners,reuters.com
2018-04-18,"Facebook Is Giving You New Privacy Options, But It’s Clear What It Wants You to Choose",fortune.com
2018-04-18,Stocks trying for a third straight day of gains,cnbc.com
2018-04-18,Cramer says Snap's stock is too expensive and not growing fast enough—pass for now,cnbc.com
2018-04-18,"Explainer: Ant Financial's $150 billion valuation, and the big recent bump-up",reuters.com
2018-04-18,Retailer Primark’s Profit Margin to Recover on Weaker Dollar,wsj.com
2018-04-18,UPDATE 1-Amazon launches new app feature targeting international shoppers,cnbc.com
2018-04-18,Morgan Stanley: Next 3 months for Tesla are the 'most critical' in 6 years and it could go either way,cnbc.com
2018-04-18,Workhorse engine that exploded on Southwest flight had caught regulators' attention before,cnbc.com
2018-04-18,Pharma bro Martin Shkreli is denied minimum security camp and sent to federal prison in New Jersey,cnbc.com
2018-04-18,You can now buy products directly inside Snapchat,cnbc.com
2018-04-18,Capital Journal: Pompeo Met North Korea’s Kim | Tax Day Pushed Back to Today | Trump and Abe Mingle - Washington Wire - WSJ,wsj.com
2018-04-18,The entire island of Puerto Rico is without power after blackout,cnbc.com
2018-04-18,Americans uncertain whether the new tax code will be good or bad for them,cnbc.com
2018-04-18,You’re Not Alone: President Trump Has Filed For His Own Tax Extension,fortune.com
2018-04-18,"After-hours buzz: IBM, ISRG, UAL & more",cnbc.com
2018-04-18,Top retail analyst's playbook for the China 'wildcard',cnbc.com
2018-04-18,What Passengers Saw: Southwest Airline’s Deadly Midair Emergency,wsj.com
2018-04-18,What to do if you don't have a summer internship yet,cnbc.com
2018-04-18,"If NAFTA deal isn't reached quickly, 'nothing's going to happen': Kentucky gov.",cnbc.com
2018-04-18,ZTE Penalty Shows Peril of Lying to U.S.,wsj.com
2018-04-18,Kentucky accuses J&J of contributing to opioid epidemic,cnbc.com
2018-04-18,Weapons system that has North Korea spooked just got another $200 million from the Pentagon,cnbc.com
2018-04-18,U.S. Accuses Syrian Network of Trafficking People to Border,wsj.com
2018-04-18,Air Force is applying Facebook's retired 'move fast and break things' mantra to its space programs,cnbc.com
2018-04-18,Chinese automakers' shares take hits after Beijing says it will open its car market,cnbc.com
2018-04-18,The charts aren’t ruling out a return to triple-digit oil prices: Yamada,cnbc.com
2018-04-18,The amount of retail space closing in 2018 is on pace to break a record,cnbc.com
2018-04-18,Saudi Arabia brings back movie theaters — and 'staggering' demand is expected,cnbc.com
2018-04-18,UPDATE 3-Venezuela arrests two Chevron executives amid oil purge,cnbc.com
2018-04-18,"As the senior population grows, aging is becoming a major investing theme",cnbc.com
2018-04-18,Barbara Bush was much more than 'everybody's grandmother',cnbc.com
2018-04-18,The top 10 most expensive places to buy a home in the US,cnbc.com
2018-04-18,Facebook makes changes to comply with a strict new EU privacy law — and US users will see them too,cnbc.com
2018-04-18,United Airlines is inspecting engine type that exploded on Southwest flight,cnbc.com
2018-04-18,Stanley’s ‘Engines’ Power Up,wsj.com
2018-04-18,Cramer: Netflix's meteoric rise is helping the rest of FANG,cnbc.com
2018-04-18,Your next coworker soon may be an avatar humanoid robot,cnbc.com
2018-04-18,Top retail analyst reveals his playbook for the China 'wildcard' as retailer optimism grows,cnbc.com
2018-04-18,New York’s Attorney General Wants to Know What the Winklevoss Twins Are Doing to Protect Cryptocurrency Customers,fortune.com
2018-04-18,"China is getting better at fracking, the technology that sparked the US natural gas boom",cnbc.com
2018-04-18,"Barbara Bush, Kimba Wood, Stormy Daniels: Broadsheet April 18",fortune.com
2018-04-18,Cramer says Snap's stock is too expensive and not growing fast enough—pass for now,cnbc.com
2018-04-18,Trump lawyer Cohen suggests 4 names for 'special master' to review seized files in criminal probe,cnbc.com
2018-04-18,"WSJ Wealth Adviser Briefing: Taxes, Scholarships, Depression",wsj.com
2018-04-18,"Elon Musk reportedly raises Tesla Model 3 goal, rips inefficient contractors in internal email",cnbc.com
2018-04-18,How to stop your iPhone from sending you texts and calls while you're driving,cnbc.com
2018-04-18,Time Warner CEO says merger with AT&T needed to compete with internet titans,reuters.com
2018-04-18,Trump says legislation needed after Supreme Court ruling on immigrant felons,cnbc.com
2018-04-18,The Morning Download: Ageing IT Systems Tax the IRS,wsj.com
2018-04-18,"Barbara Bush, former first lady and first mother, dead at 92",cnbc.com
2018-04-18,"CNBC Interview with Abu Dhabi Financial Group's CEO, Jassim ... - CNBC",cnbc.com
2018-04-18,Cramer's charts show political worries can boost top defense stocks like Boeing,cnbc.com
2018-04-18,"WSJ City PM: Stanley Stands Out With 40% Profit Jump, Why Investors Are Seeking Out Dividends",wsj.com
2018-04-18,"WSJ City: Hedge Fund Giant Feels the Fee Squeeze, How Fast Can the Global Economy Go?",wsj.com
2018-04-18,"Forget India as a consumer market, here’s what Delhi wants to sell you",cnbc.com
2018-04-18,Facebook brings back its controversial facial recognition feature to Europe after closing it in 2012,cnbc.com
2018-04-18,"Upcoming Federal Reserve decisions will be good for equities, J.P. Morgan Asset Management says",cnbc.com
2018-04-18,Dick Durbin and other senators urge FDA to take action on Juul e-cigarettes,cnbc.com
2018-04-18,Student activist David Hogg calls for boycott of Vanguard and BlackRock over gunmaker ownership,cnbc.com
2018-04-18,"UPDATE 2-Brazil lifts embargo on some BRF plants, shares rise",cnbc.com
2018-04-18,EBay shares jump after a 'double upgrade' from Morgan Stanley,cnbc.com
2018-04-18,"Stocks making the biggest moves premarket: MS, TXT, IBM, UAL, CSX, LUV, AMZN & more",cnbc.com
2018-04-18,"Apple remains an 'uninspired investment,' prepare for earnings miss: Analyst",cnbc.com
2018-04-18,Bon-Ton is preparing to liquidate. Here’s a map of all its stores,cnbc.com
2018-04-18,South Korean government says would consider peace treaty with North Korea after denuclearization,cnbc.com
2018-04-18,SEC issues subpoena to cryptocurrency company Riot Blockchain,cnbc.com
2018-04-18,Morgan Stanley shares surge after reporting record revenue for the first-quarter,cnbc.com
2018-04-18,India vows to fix cash crunch as ATMs run empty — again,cnbc.com
2018-04-18,"Your credit score may have just jumped, here's why",cnbc.com
2018-04-18,Facebook researchers built a device that turns sounds into vibrations on your skin,cnbc.com
2018-04-18,​Chinese Companies Head Back to the Bond Market,wsj.com
2018-04-18,"Bitcoin tax day rally is apparently not happening as price drops below $8,000",cnbc.com
2018-04-18,"Since 1880, Global Government Debts Have Rarely Been So High - Real Time Economics - WSJ",wsj.com
2018-04-18,7 top scams thieves are using to snatch your cash,cnbc.com
2018-04-18,British PM May dealt embarrassing Brexit defeat in parliament's upper house,reuters.com
2018-04-18,Cramer Remix: Why Netflix is the best-performing stock of 2018 in the S&P 500,cnbc.com
2018-04-18,Cramer's charts show political worries can boost top defense stocks like Boeing,cnbc.com
2018-04-18,OPEC's new price hawk Saudi Arabia seeks oil as high as $100,cnbc.com
2018-04-18,"Brexit & Beyond:Germany Pushes Back Against Russia Sanctions, Europe and U.S. to Share Data, Setback for ECB - MoneyBeat - WSJ",wsj.com
2018-04-18,Starbucks is closing for an afternoon in May and it could cost them millions,cnbc.com
2018-04-18,"Elon Musk’s 6 productivity rules, including walk out of meetings that waste your time",cnbc.com
2018-04-18,China's ZTE may lose Android license as US problems build,cnbc.com
2018-04-18,Bill Ackman says Newell made 'deal with the devil' in Icahn agreement,cnbc.com
2018-04-18,"The so-called smart money has started to sell at the end of the trading day, a bad sign for this bull",cnbc.com
2018-04-18,"Stocks to Watch: Morgan Stanley, IBM, United, Southwest, Tesla, Best Buy, Amazon, Facebook, Nike",wsj.com
2018-04-18,U.S. stock futures rise as first quarter earnings off to strong start,reuters.com
2018-04-18,British pubs are disappearing. Here's why,cnbc.com
2018-04-18,"Russia blocks Google, Amazon IP addresses in bid to ban Telegram",cnbc.com
2018-04-18,CIOs Face Growing Challenges of User Data Governance,wsj.com
2018-04-18,"Mike Pompeo, Trump's secretary of state pick, met with Kim Jong Un",cnbc.com
2018-04-18,Passengers fail to wear oxygen masks properly aboard emergency Southwest flight,cnbc.com
2018-04-18,"Cross the Line (Wednesday Crossword, April 18)",wsj.com
2018-04-18,Netflix's rise helping the rest of FANG,cnbc.com
2018-04-18,Cramer: Netflix's meteoric rise is helping the rest of FANG,cnbc.com
2018-04-18,GOP Sen. Bob Corker will not campaign against the Democrat running for his seat,cnbc.com
2018-04-18,Cramer Remix: Why Netflix is the best-performing stock of 2018 in the S&P 500,cnbc.com
2018-04-18,"Ditch steel stocks as the industry nears 'the end of the line' despite Trump's efforts, says UBS",cnbc.com
2018-04-18,American Express to report first-quarter earnings after the market close,cnbc.com
2018-04-18,Fed: U.S. economic growth on track despite tariff concerns,cnbc.com
2018-04-18,Fake Starbucks coupons circulate online promising free coffee for black customers,cnbc.com
2018-04-18,"US growth rate won’t be enough to control the deficit, economist warns",cnbc.com
2018-04-18,Former rivals Amazon and Best Buy join forces to sell smart TVs,cnbc.com
2018-04-18,"These charts suggest Twitter could fly higher, technical analyst says",cnbc.com
2018-04-18,Crude tops $68 for first time in more than three years...,cnbc.com
2018-04-18,We're at beginning stages of new bull market: Investment expert,cnbc.com
2018-04-18,The New Battle Between Cities and Ride Sharing Apps Is About Motorized Scooters,fortune.com
2018-04-18,"Trump dismisses TPP, but may have missed opportunity in China trade skirmish",cnbc.com
2018-04-18,"For CEOs in crisis, Starbucks offers an 'instructive playbook'",cnbc.com
2018-04-18,New-car shoppers: Brace yourselves for higher costs,cnbc.com
2018-04-18,IRS Offers One-Day Tax Filing Extension After Online Snafu,fortune.com
2018-04-18,Goldman and Stanley Investors Fret Over Capital Returns,wsj.com
2018-04-18,Cramer's lightning round: Don't buy Dr. Pepper until after its merger,cnbc.com
2018-04-18,Cramer's lightning round: Don't buy Dr. Pepper until after its merger,cnbc.com
2018-04-18,'Staten Island Hustle' stars want to save you 15% on your electric bills with this 'energy box',cnbc.com
2018-04-18,Opposition mounting to CIA Director Mike Pompeo's bid to become Secretary of State,cnbc.com
2018-04-18,Southwest's tragic engine failure shows need for 'deeper' look at entire oversight: Ex-NTSB chair,cnbc.com
2018-04-18,A billionaire hedge fund manager and the Fed chair runner-up are investing in a new cryptocurrency,cnbc.com
2018-04-18,"Tesla CEO Elon Musk’s New Model 3 Target: 6,000 Per Week By End of June",fortune.com
2018-04-18,The Epidemic of Loneliness–and How to Combat It,wsj.com
2018-04-18,"Trading volume is way down, but there might be some simple explanations",cnbc.com
2018-04-18,Warren Buffett eats the same thing for breakfast every day and it never costs more than $3.17,cnbc.com
2018-04-18,San Diego County votes to challenge California's 'sanctuary state' law,cnbc.com
2018-04-18,The 10 best U.S. suburbs for retirement,cnbc.com
2018-04-18,Goldman CEO Blankfein explains his itchy Twitter finger,cnbc.com
2018-04-18,GOP Sen. Bob Corker: Republicans in the Senate who are not 'conflicted' about Trump are 'comatose',cnbc.com
2018-04-18,California workplace safety agency opens probe into Tesla,cnbc.com
2018-04-18,Facebook's future growth market may be outside the US to overcome speed bumps,cnbc.com
2018-04-18,An entrepreneur won a lunch with Warren Buffett. Now he's looking to beat him with cryptocurrency,cnbc.com
2018-04-19,Analysts worry Apple iPhone sales are even worse than they thought,cnbc.com
2018-04-19,Watch SpaceX launch NASA's planet hunting satellite on a Falcon 9 rocket,cnbc.com
2018-04-19,"Global trade has an issue with trust, IMF's Lagarde says",cnbc.com
2018-04-19,Office sexual harassment policies lag behind the #MeToo movement,cnbc.com
2018-04-19,Criminal charges recommended for fired FBI official Andrew McCabe,cnbc.com
2018-04-19,FDA commissioner to drug middlemen: You're part of the problem,cnbc.com
2018-04-19,"Hip hop culture comes under scrutiny in China, but some of it gets a pass",cnbc.com
2018-04-19,Facebook Is Moving Into the Processor-Making Business,fortune.com
2018-04-19,Takeda in talks with Shire after $61 billion bid rejected,cnbc.com
2018-04-19,New York AG Schneiderman asks to close loophole that could let Trump pardons block state charges,cnbc.com
2018-04-19,"At the last minute, AT&T withdraws the planned IPO of its Vrio unit",cnbc.com
2018-04-19,Simple meal planning strategy will help you save money and reduce waste,cnbc.com
2018-04-19,Tony Podesta’s Downfall | Pompeo Courts Democrats | Trump’s ‘Bright Path’ for North Korea,wsj.com
2018-04-19,"As interest rates rise, investors can't decide whether the bond market move is cause for confidence or concern",cnbc.com
2018-04-19,31-year-old self-made millionaire reveals the simple formula to his success,cnbc.com
2018-04-19,Trump says unless North Korea summit 'fruitful' he'll pull out,cnbc.com
2018-04-19,IRS Grapples With Decades-Old Computer Systems - CIO Journal. - WSJ,wsj.com
2018-04-19,Lockheed Martin just got one step closer to handing hypersonic weapons to the US Air Force,cnbc.com
2018-04-19,Trump's lawyer Michael Cohen drops libel suit against Buzzfeed and Fusion GPS over salacious dossier,cnbc.com
2018-04-19,'Shark Tank' star Kevin O'Leary has an unusual splurge: $120 luxury underwear,cnbc.com
2018-04-19,A partner at Alphabet's GV venture arm says Silicon Valley is 'losing touch with reality',cnbc.com
2018-04-19,Miguel Diaz-Canel replaces Raul Castro as Cuba's president,cnbc.com
2018-04-19,GOP’s Corker: Believe Trump's threat to leave the Iran nuclear deal next month unless it's changed,cnbc.com
2018-04-19,"Amid the big energy rally, here’s why Schlumberger may be a buy ahead of earnings",cnbc.com
2018-04-19,How doctors in the US prescribe opioids — four charts,cnbc.com
2018-04-19,Trump's ex-campaign chief Manafort to seek dismissal of charges,cnbc.com
2018-04-19,Bitcoin: Mt. Gox Villain Mark Karpeles's Surprise Redemption,fortune.com
2018-04-19,"There are good reasons to put money in emerging markets — despite higher rates, says bond strategist",cnbc.com
2018-04-19,Sleep Number shares tank after sales fall more than expected on competition from online sellers,cnbc.com
2018-04-19,Death of former Trump adviser's father labeled suspicious,cnbc.com
2018-04-19,"Small-cap stocks are quietly outperforming, and the run may continue — for now",cnbc.com
2018-04-19,No Bed of Roses at Sleep Number,wsj.com
2018-04-19,"Bitcoin is flashing a rare buy signal, crypto hedge fund manager says",cnbc.com
2018-04-19,"More House seats are open than in at least a dozen years, but it's no slam dunk for Democrats",cnbc.com
2018-04-19,Snap-On shares soar on strong earnings,cnbc.com
2018-04-19,"What's behind the big commodities rally, and why it could be just getting started",cnbc.com
2018-04-19,These ex-SpaceX engineers are helping scientists find cures for genetic diseases,cnbc.com
2018-04-19,"Adyen, a payments firm with clients such as Netflix and Uber, is eyeing an IPO after record revenues",cnbc.com
2018-04-19,Many people are not prepared for this $280K retirement expense,cnbc.com
2018-04-19,Nestle and Unilever are finding it hard to raise the prices they charge retailers,cnbc.com
2018-04-19,"EPA Chief Scott Pruitt's aides and security agents spent $45,000 on trip to Australia",cnbc.com
2018-04-19,Watch: Trump and Japan's Abe speak after revelation of Pompeo meeting with Kim Jong Un,cnbc.com
2018-04-19,Shares of aluminum producer Alcoa jump almost 4% after earnings beat,cnbc.com
2018-04-19,"Apple celebrates Earth Day by debuting Daisy, the recycling robot",cnbc.com
2018-04-19,Alpha males hurt alpha: Hedge fund managers with high testosterone underperform,cnbc.com
2018-04-19,Does Socially-Responsible Investment Pay Off?,wsj.com
2018-04-19,"Global debt is at historic highs and governments should start cutting levels now, the IMF says",cnbc.com
2018-04-19,Cole goes 7 strong innings as Astros top Mariners,reuters.com
2018-04-19,Here’s how news jingles are created,cnbc.com
2018-04-19,Ex-Playboy model is released from deal barring her from discussing alleged affair with Trump,cnbc.com
2018-04-19,Home prices just took the biggest jump in four years,cnbc.com
2018-04-19,Obama writes piece for TIME magazine praising Parkland students,cnbc.com
2018-04-19,"EMERGING MARKETS-Mexico peso drops 2 pct on technical correction, political jitters",cnbc.com
2018-04-19,"WSJ Wealth Adviser Briefing: Dividends, Dark Pools, Chat Apps",wsj.com
2018-04-19,Trump says he will campaign for Marsha Blackburn in Senate race — after Bob Corker says he won't,cnbc.com
2018-04-19,"If you put $1,000 in Amazon 10 years ago, here’s how much you’d have now",cnbc.com
2018-04-19,China says it's ready to deal with any fallout from trade row with US,cnbc.com
2018-04-19,What to do if you missed both tax deadlines,cnbc.com
2018-04-19,Stocks in the Philippines Are the Worst. Literally.,wsj.com
2018-04-19,23andMe is asking users to share health conditions and review treatments,cnbc.com
2018-04-19,"One of the men arrested at a Philly Starbucks: This is not a 'black people thing, it's a people thing'",cnbc.com
2018-04-19,Better than a beach photo: Christie spends $85K on portrait,cnbc.com
2018-04-19,Kentucky Gov. Matt Bevin slams state AG's lawsuit against J&J: 'These are political moves',cnbc.com
2018-04-19,Facebook is changing terms to minimize the number of users covered by new EU privacy law,cnbc.com
2018-04-19,EXCLUSIVE-Brazil's Petrobras near deal with China's CNPC to swap refinery investment for oil,cnbc.com
2018-04-19,"UPDATE 1-Fox chose Disney over Comcast on regulatory, stock fears -filing",cnbc.com
2018-04-19,"Mexico's top court sides with America Movil, says Telmex can charge rivals",reuters.com
2018-04-19,‘Avengers: Infinity War’ Is Set to Smash This Movie’s Box Office Record,fortune.com
2018-04-19,Ernst & Young partner files sexual harassment claim against firm after alleging 2015 groping,cnbc.com
2018-04-19,"No, the Michael Cohen investigation probably isn't 'the beginning of the end' of Trump's presidency",cnbc.com
2018-04-19,Trump and Japan's Abe agree to intensify trade talks,cnbc.com
2018-04-19,"Nation's largest teachers union, frustrated with gun-makers' response to shootings, turn to pension managers",cnbc.com
2018-04-19,"Blackstone earnings drop 20 percent, hurt by the equity market slump",cnbc.com
2018-04-19,North Korea has a new budget and it's full of fiscal hijinks,cnbc.com
2018-04-19,Brexit & Beyond:EU Drafts Peace Offer to U.S. Over Tariffs,wsj.com
2018-04-19,Goldman Sachs executive says it's 'too early to fear a full-on global meltdown' in stocks,cnbc.com
2018-04-19,How More Than a Billion People Got Access to Financial Services in Less Than a Decade,wsj.com
2018-04-19,"The market's January high looks within reach, and traders fear the Great Rally Killer",cnbc.com
2018-04-19,"A trade hangover has kept markets from pricing in explosive earnings, market watcher says",cnbc.com
2018-04-19,Stock Sales in a Volatile Quarter Push a U.S. Bank Up Asian League Tables,wsj.com
2018-04-19,Investor Bill Gurley seems to have gotten over his hard year with Uber,cnbc.com
2018-04-19,Legendary inventor Dean Kamen jumpstarts human organ manufacturing in the US,cnbc.com
2018-04-19,"Netflix is catching up to Disney, and one strategist says its gains aren’t done yet",cnbc.com
2018-04-19,South Africa's new president is lifting investor sentiment: Central bank chief,cnbc.com
2018-04-19,Allergan will not bid for Shire: Sources,cnbc.com
2018-04-19,Warren Buffett's partner Charlie Munger: Avoid these 5 things that ‘guarantee’ a life of misery,cnbc.com
2018-04-19,EU commissioner warns on trade: Protectionism threatens global growth,cnbc.com
2018-04-19,The top 10 most common habits of high achievers,cnbc.com
2018-04-19,Jeff Bezos reveals Amazon has 100 million Prime members in letter to shareholders,cnbc.com
2018-04-19,F1 motor racing pivots to a new 'entertainment brand' following US takeover,cnbc.com
2018-04-19,How student loans are stopping millennials from buying houses,cnbc.com
2018-04-19,"Saudi Arabia could be 'fantastically changed' even if only half of its reforms happen, investor says",cnbc.com
2018-04-19,Investigators are probing fractures in a blade in Southwest engine failure,cnbc.com
2018-04-19,U.K. Probes ‘Suspected Corruption’ at Defense Contractor,wsj.com
2018-04-19,"Bezos and Amazon, having already destroyed so much, may finally kill off Powerpoint",cnbc.com
2018-04-19,How to create custom responses for Alexa on your Amazon Echo,cnbc.com
2018-04-19,Jeff Bezos is 'particularly proud' of this Amazon employee benefit,cnbc.com
2018-04-19,Why Procter & Gamble Is Buying Merck KGaA’s Consumer Health Unit in a Whopper of a Deal,fortune.com
2018-04-19,"Corruption Currents: Malta is Protecting Slain Journalist’s Killer, Widower Says - Risk & Compliance Journal. - WSJ",wsj.com
2018-04-19,Three men convicted in Kansas plot to bomb Somali refugees,cnbc.com
2018-04-19,"This part of the stock market is riding high as most companies struggle under trade war tensions, other worries",cnbc.com
2018-04-19,EU Drafts Peace Offer to U.S. Over Tariffs,wsj.com
2018-04-19,British lawmakers to interview Cambridge academic Kogan over Facebook data,reuters.com
2018-04-19,"Oil's 'artificial' surge to multi-year highs could spark a new crisis, economist warns",cnbc.com
2018-04-19,Amazon's 100 million Prime members will help it become the No. 1 apparel retailer in the US,cnbc.com
2018-04-19,Philip Morris on track for worst day in a decade as iQOS growth in Japan 'plateaus',cnbc.com
2018-04-19,The Morning Ledger: Consumer-Goods Companies Struggle to Raise Prices,wsj.com
2018-04-19,"European Investment Bank, AfDB back new Nigerian lender",cnbc.com
2018-04-19,"The Morning Download: IRS Systems Contain ‘50s-Era Code, GAO Official Says",wsj.com
2018-04-19,The surprising reason Jeff Bezos loves bad reviews from ‘divinely discontent’ Amazon customers,cnbc.com
2018-04-19,Procter & Gamble beats estimates on the top and bottom lines,cnbc.com
2018-04-19,"Clorox shares drop 5% after Morgan Stanley downgrades, says consumers shifting to smaller brands",cnbc.com
2018-04-19,California agency is probing Tesla for occupational safety,cnbc.com
2018-04-19,Investors Should Keep an Eye Out for Tariff Impacts,wsj.com
2018-04-19,BRIEF-Fortis Healthcare Says Received Unsolicited Non-Binding Expression Of Interest From Radiant Life Care,reuters.com
2018-04-19,How legal weed reached a tipping point in time for 4.20,cnbc.com
2018-04-19,'They're still here': Trump is mum on whether he thinks firing Rosenstein or Mueller is worth the risk,cnbc.com
2018-04-19,Shares of suppliers to Apple drop after an iPhone chip partner predicts ‘weak demand’ for smartphones,cnbc.com
2018-04-19,Comcast and Independence Health to partner on new health care platform,cnbc.com
2018-04-19,Hyperloop wants to bring its futuristic people-mover to the Middle East — and it wants to do it soon,cnbc.com
2018-04-19,FAA to require tests on engine type that exploded during Southwest flight,cnbc.com
2018-04-19,Business leaders explain why they love Amazon CEO Jeff Bezos' annual letter so much,cnbc.com
2018-04-19,"US weekly jobless claims fell, indicating continued job growth after a slowdown in March",cnbc.com
2018-04-19,Zuckerberg should look to Starbucks CEO Kevin Johnson on how to handle a crisis: Management guru,cnbc.com
2018-04-19,"Stocks to Watch: Amazon, Qualcomm, Netflix, American Express, Alcoa, P&G, Wynn, Philip Morris",wsj.com
2018-04-19,Amazon courts Pentagon with marketing blitz ahead of cloud contract decision,cnbc.com
2018-04-19,JP Morgan reportedly had to oust a security chief backed by Palantir after executives found out he was spying on them,cnbc.com
2018-04-19,Varsity Math Week 136,wsj.com
2018-04-19,Jay-Z and Saudi royalty backed this 29-year-old to build a billion-dollar private jet app,cnbc.com
2018-04-19,Stocks in Asia poised for slim gains after Wall Street rises on earnings,cnbc.com
2018-04-19,Why General Electric is the only earnings report that matters right now,cnbc.com
2018-04-19,FAA orders fan blade inspections after Southwest Air jet engine explosion,cnbc.com
2018-04-19,'Fearless Girl' moving to NYSE after spending a year staring down 'Charging Bull',cnbc.com
2018-04-19,The meatless 'Impossible Burger' makes its first foray outside the US,cnbc.com
2018-04-19,British Pest Control Firm Rentokil Initial Seeks U.S. Targets,wsj.com
2018-04-19,Growth in Banks’ ROEs Gets Boost From New Tax Law,wsj.com
2018-04-19,"John Kasich's allies are reaching out to GOP mega donors, seeing if they’d back him in a run against Trump",cnbc.com
2018-04-19,Trump's divisive pick to run NASA wins narrow confirmation,cnbc.com
2018-04-19,"Property Lines (Thursday Crossword, April 19)",wsj.com
2018-04-19,Real Time Economics: What Are Yield Curves Telling Us? | Trade Tensions Simmer | Companies Struggle to Raise Prices,wsj.com
2018-04-19,Beware of this common piece of investing advice,cnbc.com
2018-04-19,"WSJ City: EU Plans Trump Trade Bargain, Amazon Scales Up",wsj.com
2018-04-19,"UPDATE 1-European Investment Bank, AfDB back new Nigerian lender",cnbc.com
2018-04-19,Walmart eases its dress code as labor market tightens,cnbc.com
2018-04-19,"Southwest engine failure couldn't 'have happened at a worse time for GE,' former GE vice chair says",cnbc.com
2018-04-19,"WSJ City PM: Shire Faces Bidding Battle After £42 Billion Takeda Offer, What’s Next for the Saudi-Russia Oil Pact?",wsj.com
2018-04-19,"Apple, Nvidia shares fall after a key Asian chip partner gives weak guidance",cnbc.com
2018-04-19,"Facebook's facial recognition technology may not meet strict new EU data rules, a top watchdog says",cnbc.com
2018-04-19,Kraken cryptocurrency exchange says it will not comply with New York inquiry,cnbc.com
2018-04-19,What happens when you don't pay off your credit card balance in full,cnbc.com
2018-04-19,AT&T CEO argues missing one technology cycle 'will make you sick for a very long time',cnbc.com
2018-04-19,"Amazon will pay up to $12,000 for employees to study these 4 fields",cnbc.com
2018-04-19,Bipartisan group in Congress joins fight to repeal tax on college endowments,cnbc.com
2018-04-19,Jeff Bezos really wants low-income consumers to subscribe to Amazon Prime,wsj.com
2018-04-19,U.S. official calls on Myanmar to free journalists,reuters.com
2018-04-19,UPDATE 3-Mexico bans government business with Odebrecht for 2-1/2 years,cnbc.com
2018-04-19,"Oil hits highest level since November 2014, and one trader says rally's just starting",cnbc.com
2018-04-19,"10-year yields could surge beyond 4% this year, predicts market watcher",cnbc.com
2018-04-19,Father-in-law of Trump lawyer Cohen reportedly loaned millions to Chicago cab mogul mentioned in warrants,cnbc.com
2018-04-19,Takeda in talks with Shire after $61 billion bid rejected,cnbc.com
2018-04-19,"Southwest Airlines Explosion Survivors 'Will Likely Have Claims,' Lawyer Says - Fortune",fortune.com
2018-04-19,"75% of the ultra-rich forecast a US recession in the next two years, survey finds",cnbc.com
2018-04-19,Cannabis-derived drug clears hurdle on way to FDA approval,cnbc.com
2018-04-19,A global chipmaking giant is blaming a slump in bitcoin mining for its lowered outlook,cnbc.com
2018-04-19,"Facebook Really Wants to Bring Back Its Face-Scanning Tech in Europe. Problem Is, It Might Be Illegal.",fortune.com
2018-04-19,Retailers need both online and physical presence to survive: former Macy's CEO,cnbc.com
2018-04-19,"Bitcoin 'miners' are losing money at any price below $8,600: Morgan Stanley",cnbc.com
2018-04-19,Nestle confirms outlook as volume growth picks up,reuters.com
2018-04-19,"Stocks making the biggest moves premarket: PG, BX, BBT, BK, FOXA, LUV, QCOM & more",cnbc.com
2018-04-19,"CEO of Botox competitor: 'With scale,' we think we'll have the same margins as the market leader",cnbc.com
2018-04-19,U.S. Shale Juggernaut Contends With a New Obstacle—Energy Journal,wsj.com
2018-04-19,"EXCLUSIVE-China nears first Americas refining capacity as CNPC, Petrobras talks mature -sources",cnbc.com
2018-04-19,"Trump market finds echoes in Reagan's bull market run, says technician Acampora",cnbc.com
2018-04-19,Chip-wreck: 7 trades,cnbc.com
2018-04-19,"After-hours buzz: AXP, SNBR, AA & more",cnbc.com
2018-04-19,California will get 400 National Guard troops to combat criminal activity under new agreement,cnbc.com
2018-04-19,"Energy has been challenging for private equity, says Jeff Eaton",cnbc.com
2018-04-20,"One of the best high-yield stocks, and one to avoid, according to this analyst",cnbc.com
2018-04-20,The Morning Download: Home Depot CIO Expands Staff as Tech Plays Bigger Role in Business,wsj.com
2018-04-20,SEC Conflict Rules Draw Criticism,wsj.com
2018-04-20,SEC charges a third founder of Floyd Mayweather-backed cryptocurrency with fraud,cnbc.com
2018-04-20,Two moms created a solution for the 'fragmented' children's apparel market,cnbc.com
2018-04-20,Britain says would strongly support Zimbabwe's re-entry to Commonwealth,reuters.com
2018-04-20,"I just started a business with less than $1,000 and I have no idea what I’m doing",cnbc.com
2018-04-20,Trump fumed at former adviser Flynn over delayed return call to Russia's Putin,cnbc.com
2018-04-20,"In historic ruling, court says Italian state negotiated with mafia",reuters.com
2018-04-20,Russia says Trump invited Putin to US during phone call,cnbc.com
2018-04-20,Just ask Goldman and P&G: Wall Street doesn't care about your good earnings right now,cnbc.com
2018-04-20,How to use social media to advance your career in 4 simple steps,cnbc.com
2018-04-20,Fed's Kashkari: Bond market is 'yellow light flashing' about a possible recession,cnbc.com
2018-04-20,Trump slaps OPEC for manipulating prices and his tweet wasn't just about higher gas prices,cnbc.com
2018-04-20,"US mall owner's CEO is about to retire, sparking deal speculation",cnbc.com
2018-04-20,"Steel Tariffs Likely to Lead to U.S. Job Losses, Fed Economists Find",wsj.com
2018-04-20,Kushner Cos. is subpoenaed by the feds following a report the company filed dozens of false documents,cnbc.com
2018-04-20,"Sweden, Mongolia, Pyongyang and more: Where a Trump-Kim summit could take place",cnbc.com
2018-04-20,Teachers union dumps Wells Fargo mortgage promotion for members over bank's gun-industry ties,cnbc.com
2018-04-20,"Don't listen to the noise — it's not 'mission accomplished' just yet, Saudi oil minister says",cnbc.com
2018-04-20,"CFO Moves: Bloomsbury Publishing, Debenhams",wsj.com
2018-04-20,"Southwest offers apology, compensation to passengers",cnbc.com
2018-04-20,Herbalife prepared a 'secret dossier' on Bill Ackman as it geared up for fight with activist,cnbc.com
2018-04-20,"Home Depot Plans Biggest Tech Hiring Push in Its History, Led By CIO -",wsj.com
2018-04-20,"What Your CEO Is Reading: Amazon’s Obsession With High Standards, Memos",wsj.com
2018-04-20,Alphabet is making three big changes in how it reports earnings on Monday,cnbc.com
2018-04-20,All Eyes on OPEC Meeting in Jeddah—Energy Journal,wsj.com
2018-04-20,Trump says OPEC is keeping oil prices 'artificially very high' and that 'will not be accepted',cnbc.com
2018-04-20,Judge will rule later on request by Trump and Cohen to delay Stormy Daniels 'hush-money' lawsuit,cnbc.com
2018-04-20,What consumers need to know about the Wells Fargo settlement,cnbc.com
2018-04-20,Macron’s Lonely Road,wsj.com
2018-04-20,U.S.-China Trade Tensions: What Business Leaders Say,wsj.com
2018-04-20,"UPDATE 3-EU bans 20 Brazilian meat plants, hits 35 pct of exports",cnbc.com
2018-04-20,Customer Experience Is the Key Competitive Differentiator in the Digital Age,wsj.com
2018-04-20,Survey of millionaires finds more than half expect to reach 100,cnbc.com
2018-04-20,"GRAINS-Wheat edges lower, set to finish the week up nearly 4 percent",cnbc.com
2018-04-20,Trump campaign rips Democrats' Russian collusion claim: 'This is a sham lawsuit',cnbc.com
2018-04-20,Goldman’s Unconvincing Defense of Active Fund Managers - MoneyBeat - WSJ,wsj.com
2018-04-20,Cramer Remix: The trade war with China has shifted to tech,cnbc.com
2018-04-20,Cramer points to 'China's ultimate weapon' in the trade war: Boycotts,cnbc.com
2018-04-20,"For the Future of Live Streaming, Look at China, Says iflix's Grove",wsj.com
2018-04-20,"Odebrecht struggles to get loans, as bond deadline looms -sources",cnbc.com
2018-04-20,"US STOCKS-Wall St falls on investor nerves about tech, interest rates",reuters.com
2018-04-20,"Stocks to Watch: Apple, GE, Honeywell, Wells Fargo, Mattel, Pinnacle, Waste Management, Schlumberger",wsj.com
2018-04-20,"Bummer, man: Legal marijuana sales come in lower than expected as California celebrates 4/20",cnbc.com
2018-04-20,AT&T CEO wraps testimony in antitrust trial,cnbc.com
2018-04-20,General Electric reportedly discussing sale of rail unit to Wabtec,cnbc.com
2018-04-20,What To Know About the Latest Statewide Teacher Strike—This One in Arizona,fortune.com
2018-04-20,Fed governor Brainard: Rising trade tensions are a 'material uncertainty' to the economic outlook,cnbc.com
2018-04-20,How Janice Bryant Howroyd turned a $900 loan from her mom into a billion-dollar business,cnbc.com
2018-04-20,Real Time Economics: Oil Prices Climb | Trade Fight Causes Collateral Damage | Larry Kudlow Steps Into the Spotlight,wsj.com
2018-04-20,A Trump Win on China Tariffs Could Aid Auto Plants in U.S. —Just Not American Ones,wsj.com
2018-04-20,"WSJ City: Barclays CEO Fined but Keeps Job, Don’t Worry About a Recession (Yet)",wsj.com
2018-04-20,"WSJ Wealth Adviser Briefing: Retirement, Cryptocurrency, Weird LA Museums",wsj.com
2018-04-20,How this former Hillary Clinton staffer wants to help you feel less stressed at work,cnbc.com
2018-04-20,China aims to boost chipmakers as a trade war with the US looms,cnbc.com
2018-04-20,"The Morning Ledger: Trade Spat Affects U.S., Chinese Tech Companies",wsj.com
2018-04-20,"Apple's iPhone X will be killed off this year, analyst says",cnbc.com
2018-04-20,Man linked to 9/11 attacks on US is captured in Syria,cnbc.com
2018-04-20,See you in Q3: Many wealthy investors already resigned to no stock market gain this quarter,cnbc.com
2018-04-20,Gun safety advocates push legislation in states as Parkland fervor fades in DC,cnbc.com
2018-04-20,Fine for Barclays CEO likely less than $2 million: Sources,cnbc.com
2018-04-20,"Cramer tracks the 'very close' race to $1 trillion between Apple, Amazon, Alphabet and Microsoft",cnbc.com
2018-04-20,"Rockets hit airport in Libya's capital, damaging passenger jet",reuters.com
2018-04-20,Manufacturer of the Southwest plane's engine that exploded is about to recommend more inspections,cnbc.com
2018-04-20,Bank of America downgrades Procter & Gamble on 'longer lasting' challenges,cnbc.com
2018-04-20,Do Index Funds Cost 100 Times As Much As You Think? - MoneyBeat - WSJ,wsj.com
2018-04-20,"'Gradual' pace of rate hikes likely to hold for years, Fed's Williams says",cnbc.com
2018-04-20,Justice Department watchdog investigating leaked Comey memos over classified information: WSJ,cnbc.com
2018-04-20,The Weekend Reader: Three Must-Reads,wsj.com
2018-04-20,Cramer: A trade war with China produces a lot of losers and not enough winners,cnbc.com
2018-04-20,Pot a buzzkill for beer sales,cnbc.com
2018-04-20,These are the 5 fastest growing restaurants in America,cnbc.com
2018-04-20,Russia is opposed to 'sanction-swapping' with the US — but is prepared to defend itself,cnbc.com
2018-04-20,"WSJ City PM: Oil Bulls in Focus as Trump Weighs In, Takeda Sweetens Proposal for Shire, Looking for a Home for Russian Aluminium",wsj.com
2018-04-20,"This presidential hopeful will give away $1,000 a month to demonstrate the benefit of cash handouts",cnbc.com
2018-04-20,Russia says it might not stay committed to the OPEC oil deal until the end,cnbc.com
2018-04-20,Bank Trading Desks Are On a Roll,wsj.com
2018-04-20,Analyst who nailed Twitter's sell-off two years ago just upgraded the stock to buy,cnbc.com
2018-04-20,Comey memo: Trump complained about Flynn's 'judgment issues',cnbc.com
2018-04-20,"Bull market is 'big and real,' says analyst. 'We're not anywhere near euphoria'",cnbc.com
2018-04-20,"Forget $100 oil. $75 is probably the ceiling this year, says Oman’s oil minister",cnbc.com
2018-04-20,Investing in companies looking at energy sustainability,cnbc.com
2018-04-20,Facebook to roll out political ad feature in time for German state vote,reuters.com
2018-04-20,This is what Mark Cuban splurged on after he became a millionaire,cnbc.com
2018-04-20,TSMC shares tumble after full-year revenue estimate cut,reuters.com
2018-04-20,"Porsche's head of powertrain development arrested, source says",cnbc.com
2018-04-20,Rudy Giuliani is joining President Trump's personal legal team for the Mueller probe,cnbc.com
2018-04-20,Bitcoin Mining May Be Even Less Economically Viable Than We Thought,fortune.com
2018-04-20,Brexit & Beyond:Macron’s Lonely Road,wsj.com
2018-04-20,China's largest smartphone maker is working on an A.I. that can read human emotions,cnbc.com
2018-04-20,Oil falls after Trump goes after OPEC in a tweet,cnbc.com
2018-04-20,"You could make $70,000 out of college with a degree in marijuana studies",cnbc.com
2018-04-20,"The best budget-friendly summer vacations, according to US News & World Report",cnbc.com
2018-04-20,PwC had cleared Facebook's privacy practices in leak period,reuters.com
2018-04-20,North Korea is now connected to South Korea with a direct hotline,cnbc.com
2018-04-20,US executives eye deals in Brazil and Mexico after the region's economic rebound,cnbc.com
2018-04-20,Kushner Cos. reportedly subpoenaed in investigation of its tenant records,cnbc.com
2018-04-20,China's pharmaceutical industry is poised for major growth,cnbc.com
2018-04-20,‘Extremely Unfair.’ China’s ZTE Is Furious Over a Ban on Buying U.S. Tech for Seven Years,fortune.com
2018-04-20,"Apple isn't going to trash the iPhone X, and it wasn't a failure",cnbc.com
2018-04-20,Unemployment and financial distress may lead to school shootings,cnbc.com
2018-04-20,China envoy says China will retaliate if U.S. insists on trade war: Xinhua,reuters.com
2018-04-20,Pinnacle Foods shares surge after activist investor Jana takes 9.1% stake,cnbc.com
2018-04-20,"There’s an ‘interesting phenomenon’ happening with crude, and it could be sending a signal to bonds",cnbc.com
2018-04-20,Trade war 'extremely dangerous' for global economy: JP Morgan's Jacob Frenkel,cnbc.com
2018-04-20,"Call Of The Wild (Crossword Contest, April 20)",wsj.com
2018-04-20,Xerox and Fujifilm said to be in 'active talks' about renegotiating deal,cnbc.com
2018-04-20,General Electric earnings are coming — here's what the Street expects,cnbc.com
2018-04-20,‘This Was an Operational Error.’ Deutsche Bank Accidentally Transferred $35 Billion It Didn’t Owe,fortune.com
2018-04-20,Here Are Comey’s Memos | The GOP Leadership Battle ‘Happy Warrior’ Larry Kudlow,wsj.com
2018-04-20,"Renault-Nissan-Mitsubishi Merger an Option, Carlos Ghosn Says",wsj.com
2018-04-20,"Risks to the global economy will begin materializing in 3 years 'at the latest,' says UBS chairman",cnbc.com
2018-04-20,"Stocks making the biggest moves premarket: GE, HON, RF, WFC, MAT, SKX & more",cnbc.com
2018-04-20,Energy Stocks Are Getting Pricey (Again),wsj.com
2018-04-20,Wells Fargo to pay $1 billion in regulatory settlement over abuses in its auto and mortgage loan units,cnbc.com
2018-04-20,"China's ZTE slams U.S. ban on sales as unfair, vows to safeguard interests",reuters.com
2018-04-20,U.S.-China Trade Tensions: What Business Leaders Think,wsj.com
2018-04-20,Judge to hear arguments about delaying the Stormy Daniels case,cnbc.com
2018-04-21,Why this NFL player is moving back in with his parents in the off-season,cnbc.com
2018-04-21,Justice Department demands info from all four major US wireless carriers in probe of alleged collusion,cnbc.com
2018-04-21,"As North Korea Vows to Halt Nuclear Testing, Trump Hails ‘Big Progress’",fortune.com
2018-04-21,"The best summer vacation destinations in America, according to US News & World Report",cnbc.com
2018-04-21,Is Apple’s iPhone X a Disappointment or Not?,fortune.com
2018-04-21,FAA issues 'emergency' order for airlines to inspect fan blades on engine type that exploded on Southwest flight,cnbc.com
2018-04-21,Corruption Currents: U.K. Refuses Raids in Money-Laundering Probe,wsj.com
2018-04-21,European agency orders expanded Boeing 737 engine checks after accidents,reuters.com
2018-04-21,Here's why export tariffs have some small business owners on edge,cnbc.com
2018-04-21,"North Korea says it will stop nuclear tests, abolish test site: KCNA",reuters.com
2018-04-21,Here’s what it would theoretically cost to operate 'Westworld',cnbc.com
2018-04-21,21st,wsj.com
2018-04-21,"An ‘Overwhelmed’ Postal Worker Didn’t Deliver 17,000 Pieces of Mail",fortune.com
2018-04-21,11 absurdly fast and quick high-performance SUVs,cnbc.com
2018-04-21,"Escape Room (Saturday Puzzle, April 21)",wsj.com
2018-04-21,Sessions reportedly told White House that he might leave if Rosenstein is fired,cnbc.com
2018-04-21,"Before HQ Trivia, struggling comedian Scott Rogowsky lived with his parents",cnbc.com
2018-04-21,Why tech companies are racing each other to make their own custom A.I. chips,cnbc.com
2018-04-21,North Korea spent last year perfecting its missile arsenal and it's not clear Kim will give that up,cnbc.com
2018-04-21,Accountants Confident in U.S. Economic Outlook,wsj.com
2018-04-21,"Top VC deals: Elon Musk backs The Boring Company, Tiger gets into cannabis",cnbc.com
2018-04-21,A sweeping Democratic lawsuit is just the latest in a string of legal battles trailing Trump,cnbc.com
2018-04-21,"Inside Baseball (Saturday Crossword, April 21)",wsj.com
2018-04-21,Cramer Remix: The most eagerly anticipated report of the year,cnbc.com
2018-04-22,Why President Trump Is Pardoning Boxer Jack Johnson 71 Years After His Death,fortune.com
2018-04-22,Macron taps into U.S. Marines lore with tree sapling gift to Trump,reuters.com
2018-04-22,Trump's travel ban faces U.S. Supreme Court showdown,reuters.com
2018-04-22,World’s oldest person dies in Japan at age of 117,cnbc.com
2018-04-22,"Malaysia says will look into bot activity on Twitter, upon complaints",reuters.com
2018-04-22,"In bumpy road to confirmation, Pompeo faces committee vote",cnbc.com
2018-04-22,Nine of the most impressive off-road trucks and SUVs,cnbc.com
2018-04-22,Facebook Accused of Ignoring Government Warnings Before Mob Violence in Sri Lanka,fortune.com
2018-04-22,World Bank shareholders back $13 billion capital increase,cnbc.com
2018-04-22,Trump says North Korea agreed to denuclearize. It hasn’t.,cnbc.com
2018-04-22,"Surging Treasury yields are here to stay, and will undercut stock gains, a market veteran predicts",cnbc.com
2018-04-23,Stronger U.S. Dollar Halts Oil’s Rise—Energy Journal,wsj.com
2018-04-23,"China opposes all forms of protectionism, its commerce minister says",cnbc.com
2018-04-23,"'The United States would be better off when Bill Ackman is gone' — Behind the investor's epic battle with Herbalife, Icahn",cnbc.com
2018-04-23,UBS delivers earnings beat with a boost from its investment banking unit,cnbc.com
2018-04-23,How to Best Reap the Health Benefits of Volunteer Work,wsj.com
2018-04-23,"Stocks to Watch: Apple, Amazon, AT&T, Sears, Wynn, Hasbro, Newell, Kimberly-Clark, Southwest, Alcoa - MoneyBeat - WSJ",wsj.com
2018-04-23,Macron Has Best Chance to Temper ‘America First’,wsj.com
2018-04-23,The Cost of a Cocktail Is on the Rise,fortune.com
2018-04-23,China's Didi Chuxing launches ride service in Mexico,reuters.com
2018-04-23,Real Time Economics: Are States Unprepared for the Next Recession? | Oil Prices Bubble | Amazon’s Pay,wsj.com
2018-04-23,Average price of US gas jumps 9 cents to $2.83 a gallon,cnbc.com
2018-04-23,Rival groups from Somalia's army fight at former UAE training facility,reuters.com
2018-04-23,"Van hits at least 8 people in Toronto, Canadian police say",cnbc.com
2018-04-23,Michael Bloomberg Is Footing $4.5 Million of the U.S.’s Paris Agreement Bill,fortune.com
2018-04-23,Why Women Fear They Will Run Out of Money - The Experts - WSJ,wsj.com
2018-04-23,Cat Rock Capital’s Alex Captain on why he sees big upside in his online delivery investment,cnbc.com
2018-04-23,Here are the stock picks from the rising hedge fund stars at Sohn,cnbc.com
2018-04-23,"Russia, China to obstruct U.S. attempt to sabotage Iran nuclear deal: TASS",reuters.com
2018-04-23,Need STEM Teachers? Look to Older Adults,wsj.com
2018-04-23,The Best Account to Tap for an Annuity Purchase,wsj.com
2018-04-23,"Caterpillar shares rise after Citi upgrades, citing a construction rebound in China",cnbc.com
2018-04-23,How China and the U.S. Both Come Out Winners in Boost to World Bank - Real Time Economics - WSJ,wsj.com
2018-04-23,There’s something about this Amazon chart that makes Piper Jaffray nervous ahead of earnings,cnbc.com
2018-04-23,Halliburton revenue jumps 34%,cnbc.com
2018-04-23,"WSJ Wealth Adviser Briefing: Bond Rout, Swiss Franc, Gene Simmons",wsj.com
2018-04-23,Your Next Home Could Be 3D-Printed,fortune.com
2018-04-23,Retirement Communities Lure Boomers With Eco-Friendly Message,wsj.com
2018-04-23,Trump’s Secretary of State Picks Have Faced Unusual Scrutiny - Washington Wire - WSJ,wsj.com
2018-04-23,"The Trump stock market looks a lot like Reagan's, and that may not be a good thing",cnbc.com
2018-04-23,"Chinese Hackers Targeted Japanese Defense Firms for North Korean Secrets, Experts Say",fortune.com
2018-04-23,Tax bill will slash by half the number of homeowners claiming the mortgage deduction,cnbc.com
2018-04-23,Apple could head toward bear market as it faces more than just iPhone worries,cnbc.com
2018-04-23,"Stocks making the biggest moves premarket: HAS, HSIC, KMB, MDR, WYNN, LULU, VZ & more",cnbc.com
2018-04-23,Consumer staples the worst performing sector this year,cnbc.com
2018-04-23,"This 36-year-old makes over $150,000 'playing with guitars' for just 5 hours a day",cnbc.com
2018-04-23,Goldman Sachs makes first hire in cryptocurrency markets unit,cnbc.com
2018-04-23,World stocks stumble as US Treasury yields near 3%,cnbc.com
2018-04-23,"Humana, PE firms to buy hospice operator Curo Health for $1.4 billion",cnbc.com
2018-04-23,"Old Navy to open 60 stores this year, driving Gap's growth",cnbc.com
2018-04-23,Exclusive: China's Lishen plans first European sales office for electric vehicle batteries - source,reuters.com
2018-04-23,Oil Near $70 Is a Good Thing Right Now - MoneyBeat - WSJ,wsj.com
2018-04-23,California Treasurer Calls for Wells Fargo CEO Removal Amid ‘Laundry List of Misdeeds’,wsj.com
2018-04-23,The Morning Download: U.S.-China Trade War Begins to Take Toll on Google,wsj.com
2018-04-23,The Morning Ledger: Volkswagen Prepares First U.S. Bond Sale After Emissions Scandal,wsj.com
2018-04-23,IRAs for millennials,cnbc.com
2018-04-23,Brexit & Beyond: Macron Has Best Chance to Temper ‘America First’ - MoneyBeat - WSJ,wsj.com
2018-04-23,Tax Changes Mean Mortgage-Interest Deduction Finds Fewer Takers - Real Time Economics - WSJ,wsj.com
2018-04-23,"WSJ City PM: Fun Already Fading for Banks, Dollar Still Top Dog Despite Others’ Efforts - MoneyBeat - WSJ",wsj.com
2018-04-23,GM Korea May Have Avoided Bankruptcy at the Last Minute,fortune.com
2018-04-23,Senior Houthi official killed in coalition air raid last week: Houthi report - Reuters,reuters.com
2018-04-23,"CFO Moves: Tate & Lyle, Celanese",wsj.com
2018-04-23,UAE inflation continues easing in March after tax boost - Reuters,reuters.com
2018-04-23,Consumer Finance Expert Has Had ‘Enough’ of Facebook’s Fake Ads And Is Finally Suing,fortune.com
2018-04-23,Investor and former Facebook employee Chamath Palihapitiya would not sell Facebook over data flap,cnbc.com
2018-04-23,US gas and electric utility CenterPoint Energy to buy rival Vectren in $6 billion deal,cnbc.com
2018-04-23,Mexico dismisses Trump threat to tie NAFTA to migration policy...,reuters.com
2018-04-23,JetBlue is planning to sell seats on semi-private flights,cnbc.com
2018-04-23,What to expect from big tech earnings,cnbc.com
2018-04-23,"Tuning In (Monday Crossword, April 23)",wsj.com
2018-04-23,"WSJ City: UBS Posts a Profit Rise, Traders Worry About Liquidity, Why the Flattening Yield Curve Isn’t Just the Fed’s Problem",wsj.com
2018-04-23,"Goldman upgrades Merck, calls it one of the firm's favorite stocks because of Keytruda lung cancer breakthrough",cnbc.com
2018-04-23,Cryptocurrency firm Coinbase suspends Wikileaks' bitcoin account,cnbc.com
2018-04-23,This easy step works for lowering credit card fees,cnbc.com
2018-04-23,Pizza Hut aims to put its stamp on the NFL starting with the 2018 draft,cnbc.com
2018-04-24,"Stocks to rally 15% as strong earnings erase market fears, $398B asset manager predicts",cnbc.com
2018-04-24,Corruption Currents: French Billionaire Questioned in Africa Bribery Probe,wsj.com
2018-04-24,UPDATE 2-FDA cracks down on sales of Juul tobacco products to minors,cnbc.com
2018-04-24,Voom expects Mexico City chopper taxi service app to take off,cnbc.com
2018-04-24,Rising Rates: 4 names to buy,cnbc.com
2018-04-24,"The Morning Ledger: CFOs Turn to Divestments to Narrow Focus, Drive Growth",wsj.com
2018-04-24,UPDATE 1-FDA cracks down on sales of Juul tobacco products to minors,cnbc.com
2018-04-25,Boeing already makes billions selling airplanes – now it expects to make billions more fixing them,cnbc.com
2018-04-25,LendingClub plunges after FTC charges the online lender of 'deceiving customers',cnbc.com
2018-04-25,The Outlook for M,wsj.com
2018-04-25,"WSJ City: Credit Suisse Beats Expectations, Takeda-Shire Deal Inches Closer",wsj.com
2018-04-25,Roadblocks Mount for VA Pick | Trump Signals Interest in New Iran Nuclear Deal | GOP Holds Arizona Seat,wsj.com
2018-04-25,NFL owners reportedly feared Trump's wrath over kneeling protests during national anthem,cnbc.com
2018-04-25,The millionaire who buried treasure in the Rockies can get 100 emails a day—here's what they say,cnbc.com
2018-04-25,The first drone warship just joined the Navy and now nearly every element of it is classified,cnbc.com
2018-04-25,Shire says willing to recommend Takeda's $64 billion offer to shareholders,cnbc.com
2018-04-25,Microsoft Becomes Second Most Valuable Company For First Time Since 2015,fortune.com
2018-04-25,"After sorghum spat, U.S.-China trade fears halt soybean imports",cnbc.com
2018-04-25,Why it's in Trump’s best interests to release all of the JFK assassination files now,cnbc.com
2018-04-25,"EMERGING MARKETS-Mexico peso rebounds, Brazil real's slump deepens",cnbc.com
2018-04-25,These autonomous sailing drones help researchers forecast extreme weather,cnbc.com
2018-04-25,Your Favorite Cheap Wine May Be Getting More Expensive,fortune.com
2018-04-25,"Stocks making the biggest moves premarket: BA, CMCSA, TWTR, ANTM, VIAB & more",cnbc.com
2018-04-25,This is why millennial men want a spouse who earns more than they do,cnbc.com
2018-04-25,New York Times Names First Woman CIO as Tech Drives Massive Changes,wsj.com
2018-04-25,"The Morning Download: IRS, Struggling to Update IT Systems, Brings in a CIO -",wsj.com
2018-04-25,Cramer says Alphabet's recent declines are a buying opportunity,cnbc.com
2018-04-25,Credit Suisse analyst explains why she likes the Saudi stock market,cnbc.com
2018-04-25,Dollar's rise crushes doubters after Trump dials back on trade threats,cnbc.com
2018-04-25,Maker of popular Juul e-cigarette says it wants to help stop teens from using its products,cnbc.com
2018-04-25,This is how desperate Americans are for a raise,cnbc.com
2018-04-25,Simmons' two homers lead Angels in slugfest with Astros,reuters.com
2018-04-25,The No. 1 interview question this tech executive asks before hiring a candidate,cnbc.com
2018-04-25,How to Survive the New Gmail,wsj.com
2018-04-25,Apple investors should be on edge as more chip firms warn about weak smartphone sales,cnbc.com
2018-04-25,"WSJ City PM: Why Twitter Whipsawed, Comcast Bids £22 Billion for Sky, What to Expect from Facebook - MoneyBeat - WSJ",wsj.com
2018-04-25,"Trump made dairy access a big issue, but NAFTA 2.0 may bring only 'marginal' concessions from Canada",cnbc.com
2018-04-25,US pecan growers are using the potential trade war to sell more nuts,cnbc.com
2018-04-25,These are the cities where the biggest midterm campaign donations are coming from,cnbc.com
2018-04-25,"New grad job outlook: Higher salaries, fewer offers",cnbc.com
2018-04-25,Watch: White House briefs press as Trump administration defends travel ban in court,cnbc.com
2018-04-25,"So Long, Hong Kong: Chinese Investors Sell Stocks at Record Pace",wsj.com
2018-04-25,Bill Miller says path of least resistance for market from here is higher,cnbc.com
2018-04-25,"Facebook reports increase in daily users in North America, rebounding from drop late last year",cnbc.com
2018-04-25,"Avoid this high-dividend stock that just got hit with a ‘double whammy,’ market watcher says",cnbc.com
2018-04-25,U.S. DoJ probing Huawei for possible Iran sanctions violations: WSJ,reuters.com
2018-04-25,What Trump gets right about China and trade,cnbc.com
2018-04-25,This simple form can keep you from overpaying for medical care,cnbc.com
2018-04-25,Canada Seeks to Widen AML Compliance Net,wsj.com
2018-04-25,AMD stock jumps after chipmaker's earnings top estimates,cnbc.com
2018-04-25,Asian Bond Markets Barely Blink After U.S. Treasury Yields Hit 3%,wsj.com
2018-04-25,"As Bitcoin Boomed, A Crypto Billionaire Decided Sequoia Capital Was Lowballing His Exchange. Now the VC Is Suing",fortune.com
2018-04-25,FOCUS-GM banks on low-cost vehicles in Brazil as auto sales rise,cnbc.com
2018-04-25,New Worry for Stock Investors: Are Corporate Earnings Peaking?,wsj.com
2018-04-25,Here's the other dangerous weapon any deal with North Korea must address,cnbc.com
2018-04-25,Gemini increases cryptocurrency trading oversight with Nasdaq's technology,reuters.com
2018-04-25,"Stocks to Watch: Boeing, Twitter, Comcast, Wynn, Texas Instruments, Northrop Grumman, Anthem",wsj.com
2018-04-25,"CFO Moves: Beiersdorf, Jabil",wsj.com
2018-04-25,Visa to report earnings after the bell,cnbc.com
2018-04-25,Philippines to allow cryptocurrency operators in economic zone,reuters.com
2018-04-25,ECB Contemplates Rate Move As Storm Clouds Gather,wsj.com
2018-04-25,Snapchat Is Redesigning Its Redesign,fortune.com
2018-04-25,GameEffective raises $11 million for its workforce performance platform,reuters.com
2018-04-25,"Real Time Economics: Yields Up, Stocks Down | Trump Sending Trade Delegation to Beijing | Got A2 Milk?",wsj.com
2018-04-25,"The midterm elections could send the Dow tumbling this year, history shows",cnbc.com
2018-04-25,Why You Should Care That the 10-Year Treasury Yield Just Reached 3%,fortune.com
2018-04-25,BRIEF-BAIC Motor Corp Places 420 Mln New H-Shares To Raise HK$3265.91 Mln - Reuters,reuters.com
2018-04-25,Trump’s Shifting Iran Rhetoric Jolts Oil Market—Energy Journal,wsj.com
2018-04-25,The GOP frontrunner in the race for Paul Ryan's House seat just raised a ton of cash in his first week on the trail,cnbc.com
2018-04-25,Melissa McCarthy is Hollywood's 3rd highest-paid actress—here's how she negotiated her way up,cnbc.com
2018-04-25,Q&A: How an Economist Unlocked Hidden Truths About School Choice,wsj.com
2018-04-25,Volkswagen Brings Sense of Touch to Virtual Reality,wsj.com
2018-04-25,There's an idea brewing in the market that is 'very frightening': Jim Paulsen,cnbc.com
2018-04-25,Nearly $100B has been wiped off FANG this week. Here’s how to trade it,cnbc.com
2018-04-25,Hillary Clinton fundraiser loses Port Authority post after video of her cursing out cops goes viral,cnbc.com
2018-04-25,Trump's bank watchdog bought financial stocks up until taking office,cnbc.com
2018-04-25,"Before Melissa McCarthy made it big, she had less than $5 in her bank account",cnbc.com
2018-04-25,Brexit & Beyond: ECB Contemplates Rate Move As Storm Clouds Gather,wsj.com
2018-04-25,This Sleepy IPO Market Could Have a Big Year,wsj.com
2018-04-25,"Twitter stands to benefit from tighter regulation of personal info, says former CEO Dick Costolo",cnbc.com
2018-04-25,"Alexa, Raise My Kids",wsj.com
2018-04-25,"'Black Swan' author Nassim Taleb has 'never, ever borrowed a penny'",cnbc.com
2018-04-25,"Your first trade for Wednesday, April 25",cnbc.com
2018-04-25,"There's finally some good news on opiates, and it could mean a boost for the jobs picture",cnbc.com
2018-04-25,The personality traits of people who live to 100,cnbc.com
2018-04-25,Acadia shares plunge on report FDA is re-examining its drug,cnbc.com
2018-04-25,Advice for Women in Finance: 'Just Be Yourself',wsj.com
2018-04-25,The Morning Risk Report: First Winner Under U.S. Bribery Policy,wsj.com
2018-04-25,Fibria Celulose: 1Q Earnings Snapshot,cnbc.com
2018-04-25,'We are both dragon energy': Kanye West and Trump rekindle their bromance on Twitter,cnbc.com
2018-04-25,"Stocks to rally 15 percent as strong earnings zap market fears, Federated's Phil Orlando predicts",cnbc.com
2018-04-25,Companies are complaining they can't find enough truck drivers to ship their stuff because of Amazon,cnbc.com
2018-04-25,FOCUS-GM banks on Chinese vehicle family to boost Brazil sales,cnbc.com
2018-04-25,IRS Tech Overhaul Bill Sets Out ‘Enhanced’ CIO Role,wsj.com
2018-04-25,Chipotle Mexican Grill to report first-quarter earnings after the bell. Here's what to expect,cnbc.com
2018-04-25,U.S. to Offer Guidance on Tax Break for Patents,wsj.com
2018-04-25,LendEDU CEO says survey spokesman was a fake,cnbc.com
2018-04-25,This strange divergence could roil currency markets,cnbc.com
2018-04-25,New Snap smart glasses are reportedly coming this week — despite a $40 million write-down last time,cnbc.com
2018-04-25,UPDATE 2-BAT boosts vaping investment again as competition heats up,cnbc.com
2018-04-25,YouTube is finally giving parents control over what children watch on its 'Kids' app,cnbc.com
2018-04-25,Boeing plans to build 767s faster as air freight market rebounds,cnbc.com
2018-04-25,An employee called a co-worker by the wrong gender pronoun—then received a death threat,cnbc.com
2018-04-25,General Electric faces protests from workers and shareholders at annual meeting,cnbc.com
2018-04-25,The 10-year Treasury yield has hit the 3% level — here’s what that means,cnbc.com
2018-04-25,Micro-investing lets you build wealth a few dollars at a time,cnbc.com
2018-04-25,Facebook reports earnings after the bell for the first time since Cambridge Analytica scandal,cnbc.com
2018-04-25,"Against #MeToo Backdrop, Top Female Dealmakers Sound Off",wsj.com
2018-04-25,Your local post office could become a bank if this bill passes,cnbc.com
2018-04-25,Gmail’s Big Redesign Is Rolling Out Now. Here’s What to Look For.,fortune.com
2018-04-25,China's Xiaomi promises to cap hardware income margin ahead of IPO,reuters.com
2018-04-25,"WSJ Wealth Adviser Briefing: 3%, Dollar King, Living in a Van",wsj.com
2018-04-25,Jeremy Siegel makes sense of why strong earnings are not driving stocks higher (like they should),cnbc.com
2018-04-25,The Morning Ledger: U.S. Companies Under Pressure to Put More Women on Boards,wsj.com
2018-04-25,"Sure Think (Wednesday Crossword, April 25)",wsj.com
2018-04-25,"You could save up to $1,961 on summer travel — here’s how",cnbc.com
2018-04-25,Facebook exec: We won't remove offensive posts if users are clear about the context,cnbc.com
2018-04-25,"Jay Leno takes a 200 mph spin in the nearly $120,000 Chevrolet Corvette ZR1",cnbc.com
2018-04-25,Bill Gates used to memorize the license plates of Microsoft employees to keep tabs on them,cnbc.com
2018-04-25,Death of the earnings beat: Investors don't care that companies are blowing away Wall Street's estimates,cnbc.com
2018-04-25,Kohl's CEO Kevin Mansell is 'much more positive' about 2018 as he prepares to step down,cnbc.com
2018-04-25,Apple CEO Tim Cook Is Meeting With President Trump Over the Brewing U.S.-China Trade War,fortune.com
2018-04-25,Judge orders hearing in Michael Cohen case as she mulls appointing watchdog for Trump files,cnbc.com
2018-04-25,Telefonica Brasil: 1Q Earnings Snapshot,cnbc.com
2018-04-26,Here’s how much an estate plan should actually cost to prepare,cnbc.com
2018-04-26,"No More Service Tarantulas, But …",wsj.com
2018-04-26,"Stocks still have further to drop but S&P will rally to 2,850 by year-end: Piper Jaffray",cnbc.com
2018-04-26,"A shift to safety trades could burn investors, PNC's Jeff Mills warns",cnbc.com
2018-04-26,The Switch Is Nintendo’s Biggest Hit in Years. Now a New CEO Is Replacing the One Who Launched It,fortune.com
2018-04-26,Owning Is the New Renting: Homeownership Trends Upward as U.S. Loses Renter Households - Real Time Economics - WSJ,wsj.com
2018-04-26,"WSJ City PM: Draghi Wants Context on the Slowdown, Weighing Up Barclays and Deutsche, EU Slams Fake News",wsj.com
2018-04-26,Allegiant Air: Bookings return to near normal after '60 Minutes' report criticized safety record,cnbc.com
2018-04-26,"North, South Korea leaders to meet at border for summit",cnbc.com
2018-04-26,"Twin-Speak (Thursday Crossword, April 26)",wsj.com
2018-04-26,Gasoline Builds off West Africa as Nigeria Secures Supplies Before 2019 Vote,reuters.com
2018-04-26,Watch CNBC's full interview with Qualcomm CEO Steve Mollenkopf,cnbc.com
2018-04-26,VA Nominee Withdraws | Pruitt to Face Grilling | Travel Ban Poised to Survive - Washington Wire - WSJ,wsj.com
2018-04-26,U.S. Lifts Sanctions on Colombian Soccer Team - Risk & Compliance Journal. - WSJ,wsj.com
2018-04-26,Cramer: Don't panic over the rising 10-year Treasury yield,cnbc.com
2018-04-26,"Chip stocks surge after earnings beats. Buyer beware, says market watcher",cnbc.com
2018-04-26,Short-seller Jim Chanos says Elon Musk 'may be misleading investors',cnbc.com
2018-04-26,The big earnings trade: 4 picks,cnbc.com
2018-04-26,Real Time Economics: Check-In On the U.S. Economy | U.S.-China Chilling Effect | Prepare to Pay More for Your Next TV,wsj.com
2018-04-26,Asia set to open mixed following some gains on Wall Street,cnbc.com
2018-04-26,US durable goods orders rise 2.6% in March,cnbc.com
2018-04-26,The Morning Download: New York Times CIO Lived Shift from Mainframes to Serverless Computing,wsj.com
2018-04-26,"Stocks to Watch: Facebook, Qualcomm, AT&T, Ford, GM, Chipotle, Visa, eBay, Amazon, PayPal, Southwest - MoneyBeat - WSJ",wsj.com
2018-04-26,"American Express closer to breaking into elusive Chinese market, report says",cnbc.com
2018-04-26,Republican John Kasich met privately with billionaire Ron Burkle as he considers 2020 run for president,cnbc.com
2018-04-26,Brent Climbs Back Toward $75 a Barrel—Energy Journal,wsj.com
2018-04-26,ECB Seeks Clarity on Economy Before Next Move,wsj.com
2018-04-26,Oportun: Using Technology to Help Low-Income Workers Build Credit,wsj.com
2018-04-26,Uber to update 'bug bounty' policies after 2016 data breach: executive,reuters.com
2018-04-26,"After-hours buzz: FB, T, CMG & more",cnbc.com
2018-04-26,"Sheryl Sandberg delivered a brilliant, defiant defense of Facebook’s business",cnbc.com
2018-04-26,Why one streaming service is looking to take a local approach,cnbc.com
2018-04-26,"U.N. rights chief visits protest-hit Ethiopian region, meets dissidents",reuters.com
2018-04-26,UPDATE 1-Brazil prosecutors say Windows 10 settings violate local laws,cnbc.com
2018-04-26,Fewer High-School Grads Enrolled in College Last Year - Real Time Economics - WSJ,wsj.com
2018-04-26,Autobots Roll Out! - transforming robot unveiled in Japan,reuters.com
2018-04-26,Square to buy Weebly for $365 million,cnbc.com
2018-04-26,ECB set to hold steady this week amid slower growth,cnbc.com
2018-04-26,Senate confirms CIA director Mike Pompeo to be secretary of State,cnbc.com
2018-04-26,Myanmar activists urge president to release jailed Reuters journalists,reuters.com
2018-04-26,Trump VA pick Ronny Jackson denies wrecking a car after new allegations emerge,cnbc.com
2018-04-26,Labor Department is investigating Wells Fargo's 401(k) unit: WSJ,cnbc.com
2018-04-26,Altria: 1Q Earnings Snapshot,cnbc.com
2018-04-26,Why Hollywood hates stars and only wants superheroes,cnbc.com
2018-04-26,Here's your chance to see inside a Japanese pod hotel,cnbc.com
2018-04-26,Treasury Yield Gains Could Spell Yuan Pain,wsj.com
2018-04-26,"Without mentioning his buddy Trump by name, France's Macron just tore into the US president's policies",cnbc.com
2018-04-26,"Bitcoin is back below $9K, but one trader sees a rally ahead",cnbc.com
2018-04-26,Analyst cuts profit forecasts for Apple due to ‘materially weaker’ iPhone demand,cnbc.com
2018-04-26,"Denmark’s Ørsted “Ready” for Projects in the U.S., Taiwan, CFO Says",wsj.com
2018-04-26,Hope: A Credit Union on a Mission in the Mississippi Delta,wsj.com
2018-04-26,Remember When Stocks Were Unstoppable? - MoneyBeat - WSJ,wsj.com
2018-04-26,Propel: An App That Makes Checking Food-Stamp Balances Easier,wsj.com
2018-04-26,A failed US-North Korea summit could increase the risk of armed conflict,cnbc.com
2018-04-26,White House VA Nominee Withdraws...,cnbc.com
2018-04-26,Facebook's cash hoard has more than doubled in two years,cnbc.com
2018-04-26,"Stocks to win ‘tug-of-war’ with rising rates, but market bull cautions a 'regime shift' is here",cnbc.com
2018-04-26,Sailing-Ainslie's America's Cup bid gets $153 mln INEOS backing - Reuters,reuters.com
2018-04-26,Brazil prosecutors say Windows 10 settings violate local laws,cnbc.com
2018-04-26,Varsity Math Week 137,wsj.com
2018-04-26,The Morning Ledger: Beijing Ready to Respond if U.S. Curbs Chinese Investments,wsj.com
2018-04-26,"WSJ City: Deutsche Bank Announces Major Overhaul, Barclays Posts Loss, Investors Eye ECB",wsj.com
2018-04-26,Dealpolitik: Governance Headache for Viacom and CBS - MoneyBeat - WSJ,wsj.com
2018-04-26,Senate committee backs bill to protect special counsel Mueller in bipartisan vote,cnbc.com
2018-04-26,Flir Systems Settles U.S. Export-Controls Case,wsj.com
2018-04-26,"WSJ Wealth Adviser Briefing: Board Diversity, Bank Complaints, Southwest Disaster Plan",wsj.com
2018-04-26,Trump says hands-off approach to Justice Department could change,cnbc.com
2018-04-26,Revolut becomes Britain's first digital bank unicorn,reuters.com
2018-04-26,Subway to close 500 restaurants across the U.S.,cnbc.com
2018-04-26,Cyber security firm Avast targets $4.5 billion valuation in IPO,reuters.com
2018-04-26,"Get used to the 10-year yield at 3 percent, it's sticking around, says analyst",cnbc.com
2018-04-26,Brexit & Beyond: ECB Seeks Clarity on Economy Before Next Move,wsj.com
2018-04-26,"Stocks making the biggest moves premarket: GM, UPS, LUV, DNKN, PEP, DHI, HSY & more",cnbc.com
2018-04-27,"UPDATE 2-Embraer posts loss on weak deliveries, write-downs",cnbc.com
2018-04-27,"The Moon-Kim summit is historic, but denuclearization may not be on the agenda",cnbc.com
2018-04-27,Trump Moves Closer to Abandoning Iran Nuclear Deal—Energy Journal,wsj.com
2018-04-27,Senate kills effort to prevent racial discrimination in the auto loan market,cnbc.com
2018-04-27,The Morning Download: Cloud Computing Bets Pays Off in Post-Data Center World,wsj.com
2018-04-27,Here Are Apple’s Tips for Buying a Router Optimized for iPhone and Macs,fortune.com
2018-04-27,Trump says of Comey: 'He's either very sick or very dumb',cnbc.com
2018-04-27,"Ubuntu Release Focused on Multi-Cloud Environments, Artificial Intelligence",wsj.com
2018-04-27,"CFO Moves: Papa John’s, The New York Times",wsj.com
2018-04-27,Building a Framework for the Safe Management of Digital Identities and Data,wsj.com
2018-04-27,The Morning Risk Report: Huawei Looks to Avoid ZTE’s Fate,wsj.com
2018-04-27,Homeownership Trends Upward as U.S. Loses Renter Households | realtor.com®,wsj.com
2018-04-27,"This airline will pay you $4,000 a month to travel the world for free with your BFF",cnbc.com
2018-04-27,Payment stocks charge up,cnbc.com
2018-04-27,What Your CEO Is Reading: Fasting for Productivity; Creativity Through Alcohol,wsj.com
2018-04-27,Norfolk Southern Uses Analytics to Keep Trains on Track,wsj.com
2018-04-27,From Phonographs to Spotify: A Brief History of the Music Industry,wsj.com
2018-04-27,"Fortune.com: Brainstorm Health: Autism Rates Rise, Genetic Depression Risk, Bill Gates Flu Vaccine",fortune.com
2018-04-27,Ahead of earnings: 4 trades,cnbc.com
2018-04-27,Hong Kong is stuck playing catch-up in the global 'smart city' rush,cnbc.com
2018-04-27,An impossible dream? Democrats try to connect with Trump voters,cnbc.com
2018-04-27,"WSJ City PM: Reasons to Look Again at RBS, UK and Eurozone Data Raises Growth Questions, Koreas Agree to Pursue Peace Deal",wsj.com
2018-04-27,5G could change the video game industry forever,cnbc.com
2018-04-27,How marketing built Lego into the world’s favorite toy brand,cnbc.com
2018-04-27,Expedia shares rocket higher by 11% on first-quarter jump in bookings,cnbc.com
2018-04-27,First-Quarter U.S. Growth – At A Glance - Briefly - WSJ,wsj.com
2018-04-27,US Attorney General Sessions says Mueller probe has taken on a 'life of its own',cnbc.com
2018-04-27,Potemkin summit: How the 'historic' Korean meeting fell short,cnbc.com
2018-04-27,Value Should Do Better. But When Is Anybody’s Guess,wsj.com
2018-04-27,Real Time Economics: Merkel’s Last-Ditch Pitch to Trump | Europe’s Economic Soft Patch | U.S. Homeownership Rebounding,wsj.com
2018-04-27,Whistleblowers Hope for an Ally at IRS,wsj.com
2018-04-27,"Fortune.com: The CDC Says Autism Rates Are Rising in US Children. No, It's Not Because of Vaccines.",fortune.com
2018-04-27,"China's Baidu beats forecasts as it sidesteps censors, boosts ad sales",cnbc.com
2018-04-27,Photos of the historic summit between North Korea and South Korea,cnbc.com
2018-04-27,"The innovative future of freight, part one",cnbc.com
2018-04-27,Korea leaders release joint statement declaring the war is over,cnbc.com
2018-04-27,Tester Lands in Trump’s Crosshairs,wsj.com
2018-04-27,Germany's Merkel next to visit Trump on a mission of 'damage limitation',cnbc.com
2018-04-27,"USTR criticizes 36 nations over IP protection, scrutinizes Canada",reuters.com
2018-04-27,Toronto Stock Exchange down; Trading halted...,cnbc.com
2018-04-27,Browns select QB Baker Mayfield as its No. 1 NFL draft pick,cnbc.com
2018-04-27,"Merkel, in Washington, Hopes to Dodge Trade Conflict",wsj.com
2018-04-27,US considers tightening grip on China ties to technology giants,cnbc.com
2018-04-27,Stocks and Scandals: Is the Malaysia Malaise Over?,wsj.com
2018-04-27,"It's possible — but difficult — to halve shipping emissions, official says",cnbc.com
2018-04-27,"Time to ditch growth stocks for value stocks, portfolio manager says",cnbc.com
2018-04-27,להשתיק את דפנה,reuters.com
2018-04-27,"Let’s Split The Last One (Crossword Contest, April 27)",wsj.com
2018-04-27,Software company Smartsheet spikes in IPO,cnbc.com
2018-04-27,Nintendo teams up with Cygames to boost smartphone gaming,reuters.com
2018-04-27,GDP: 2.3%...,cnbc.com
2018-04-27,Watch Steve Jobs passionately defend his commitment to Apple in 1997,cnbc.com
2018-04-27,"In this market, peak happiness gives way to a series of trade-offs for stocks",cnbc.com
2018-04-27,"The innovative future of freight, part three",cnbc.com
2018-04-27,Amazon CEO Jeff Bezos: Focusing on the present is no way to run a business,cnbc.com
2018-04-27,Embraer: 1Q Earnings Snapshot,cnbc.com
2018-04-27,"WSJ City: Last-Ditch Effort to Dodge Trans-Atlantic Trade Fight, How to Spot the Next Crisis - MoneyBeat - WSJ",wsj.com
2018-04-27,"If Bill Gates were in college today, here's what he'd study",cnbc.com
2018-04-27,Former NFL stars share their money secrets for this year's draft picks,cnbc.com
2018-04-27,The Weekend Reader: Three Must-Reads,wsj.com
2018-04-27,Tom Brokaw denies sexual misconduct claim by an ex-NBC reporter,cnbc.com
2018-04-27,"Brexit & Beyond: Merkel, in Washington, Hopes Conflict",wsj.com
2018-04-27,Most U.S. Firms ‘Not Ready’ for Data Privacy Rules,wsj.com
2018-04-27,"Stocks to Watch: Amazon, Microsoft, Intel, Starbucks, Exxon, Chevron, Expedia, Square, Rockwell Collins",wsj.com
2018-04-27,"The Morning Ledger: Merkel in Last-Ditch Effort to Dodge Trade Fight Between U.S., EU",wsj.com
2018-04-27,"Oil dips, but concerns persist about Iran supplies",cnbc.com
2018-04-27,Insurance Industry Could Take Hit on BEAT Provision,wsj.com
2018-04-27,Tesla's board against proposal to require independent chairman,reuters.com
2018-04-27,Armies of bots are still gathering social media info even as platforms tighten privacy rules,cnbc.com
2018-04-27,"The innovative future of freight, part two",cnbc.com
2018-04-27,"Smiling and holding hands, leaders of the two Koreas meet at a historic summit",cnbc.com
2018-04-27,Trump declares in tweet: 'KOREAN WAR TO END',cnbc.com
2018-04-27,Greece is back in the spotlight as its crucial bailout deadline approaches,cnbc.com
2018-04-27,Gold is still in a 'bear super-cycle' and it's got five more years of pain to go: Wells Fargo,cnbc.com
2018-04-27,Starbucks CEO says Philadelphia arrests did not hurt sales in March,cnbc.com
2018-04-27,The best athletes share 4 traits. They have nothing to do with sports,cnbc.com
2018-04-27,Why the US should 'get out of the way' and let Koreans make their own nuclear deal,cnbc.com
2018-04-27,Use of DNA in serial killer probe sparks privacy concerns,cnbc.com
2018-04-27,"Vicente Fox pummels President Trump: 'Apologize to Mexico, to Mexicans'",cnbc.com
2018-04-27,Migrant ‘caravan’ gathers on US-Mexico border,cnbc.com
2018-04-27,"House intel panel releases final report on Russian election interference, marking end of its politically charged probe",cnbc.com
2018-04-27,NBC Anchor Tom Brokaw Accused of Sexual Misconduct by Two Women,fortune.com
2018-04-27,Health-care execs and investors have a love-hate relationship with Amazon,cnbc.com
2018-04-27,Amazon Closes in on Title of Largest U.S. Company - MoneyBeat - WSJ,wsj.com
2018-04-27,"25 surprising jobs where you can earn more than $100,000 a year",cnbc.com
2018-04-27,Kiss frontman Paul Stanley reveals plans for 'major' tour to start next year,cnbc.com
2018-04-27,Asia set to open higher after strong earnings help Wall Street,cnbc.com
2018-04-27,"Amazon will become the first trillion dollar company in the next 12 months, Macquarie predicts after 'blowout' earnings",cnbc.com
2018-04-27,An impossible dream? Democrats try to connect with Trump voters,reuters.com
2018-04-27,"Stocks making the biggest moves premarket: CL, MCO, SNE, AMZN, MSFT, INTC, SBUX & more",cnbc.com
2018-04-27,Chinese telecom giants Huawei and ZTE face market pressures amid US scrutiny,cnbc.com
2018-04-27,How Does a Tight Labor Market Drive Up Prices You Pay? Just Visit Your Local Hair Salon,wsj.com
2018-04-27,RBS delivers profit beat ahead of impending DOJ fine,cnbc.com
2018-04-27,"WSJ Wealth Adviser Briefing: Bank Stocks, Friendly Facebook, Sandra Bernhard",wsj.com
2018-04-27,Watch: Trump and German Chancellor Angela Merkel hold joint press conference,cnbc.com
2018-04-27,"U.S. Companies Love That Weak Dollar, For Now",wsj.com
2018-04-27,Why investors are cheering Amazon's long-term bets more than Alphabet's,cnbc.com
2018-04-27,"Fortune.com: Autism Rates Are Increasing Among U.S. Children, CDC Report Finds",fortune.com
2018-04-27,Prepare to Plonk Down for Plonk,wsj.com
2018-04-27,British royals William and Kate name their baby Prince Louis Arthur Charles,cnbc.com
2018-04-27,China orders local governments to ease burden on renewable power firms,reuters.com
2018-04-27,Boeing nears deal to buy aerospace parts company KLX,cnbc.com
2018-04-27,Exxon Mobil shares fall 1% as earnings fall short of expectations,cnbc.com
2018-04-28,28th,wsj.com
2018-04-28,"Rows Garden (Saturday Puzzle, April 28)",wsj.com
2018-04-28,"Apple earnings are a highlight in action-packed week that includes Fed meeting, jobs report",cnbc.com
2018-04-28,'Staten Island Hustle' star's Herbidore aims to keep marijuana fresh,cnbc.com
2018-04-28,Cramer Remix: Microsoft and Intel could rule the world again,cnbc.com
2018-04-28,Russia's prime minister: I back criminalizing observance of US sanctions,cnbc.com
2018-04-28,Apple’s AirPort Dies as iTunes Reaches a Milestone,fortune.com
2018-04-28,Judge agrees to delay Stormy Daniels' lawsuit against Trump,cnbc.com
2018-04-28,Cramer's game plan: This market lacks clarity. Here's how to manage,cnbc.com
2018-04-28,"Eco-friendly tourism is becoming a movement, and more vacationers are buying into the concept",cnbc.com
2018-04-28,"U.S., China trade tensions a pressing concern for Southeast Asia - Singapore PM",reuters.com
2018-04-28,Cramer: Apple has the most to lose from a trade war,cnbc.com
2018-04-28,A former hacker reveals what he’s learned about cybersecurity,cnbc.com
2018-04-28,A California man boasts of having the most incredible collection of vintage Apple products,cnbc.com
2018-04-28,India's central bank lifts key restriction on foreign investors in bond market,cnbc.com
2018-04-28,Seattle Moves to Wipe Out 2 Decades Of Marijuana Possession Convictions,fortune.com
2018-04-28,EU digital tax on corporate turnover faces uphill road,reuters.com
2018-04-28,"French minister pushes for exemption from US tariffs, saying EU shouldn't be caught in a trade war",cnbc.com
2018-04-28,"Despite Attempts to Fix the Data, First-Quarter GDP May Still Mislead",wsj.com
2018-04-28,"A Little Off the Top (Saturday Crossword, April 28)",wsj.com
2018-04-28,"How to come up with the $280,000 you need to cover health care in retirement",cnbc.com
2018-04-28,Machine Learning at Scale Remains Elusive for Many Firms,wsj.com
2018-04-28,'Staten Island Hustle' star: This one trick can help you network like a pro,cnbc.com
2018-04-28,This earnings season is 'about as good as it gets': J.P. Morgan's David Kelly,cnbc.com
2018-04-28,Bob Dylan Is Making His Own Whiskey and it’s Out Next Month,fortune.com
2018-04-29,Trump threatens govt. shutdown in Sept if no funding for wall,reuters.com
2018-04-29,Global elites to hash out #MeToo sexual misconduct issues at Milken Conference,reuters.com
2018-04-29,Canadian exchange operator TMX blames hardware failure for outage,reuters.com
2018-04-29,Burning Man Founder Larry Harvey Dies at 70,fortune.com
2018-04-29,Is the Michelle Wolf White House Correspondents’ Dinner Backlash All About Gender?,fortune.com
2018-04-29,"Britain, France and Germany agree support for Iran nuclear deal",reuters.com
2018-04-29,Weinstein 'believes he will be forgiven' by Hollywood: Piers Morgan,reuters.com
2018-04-29,Meet the 'special master' who will play a key role in the case of Trump lawyer Michael Cohen,cnbc.com
2018-04-29,"McCullers shines as Astros blank A's, 11-0",reuters.com
2018-04-29,"A veteran investor changes his tune on tech stocks, saying fundamentals are 'as good as I’ve seen'",cnbc.com
2018-04-29,A Fortnite by Any Other Name,wsj.com
2018-04-29,German regulator may require cable operators to open networks to third parties - FAZ,reuters.com
2018-04-30,"Tesla’s down 25% from its high, and charts point to more pain",cnbc.com
2018-04-30,‘Not Many Years Away:’ Richard Branson Just Set a Timetable for Human Transport Via Hyperloop,fortune.com
2018-04-30,"Trump sounds optimistic on North Korea talks, but still stresses: 'We'll see what happens'",cnbc.com
2018-04-30,Consumer lending is a big part of Goldman Sachs heir apparent's plan to grow revenue,cnbc.com
2018-04-30,"Energy stocks are about to have their best month in three years, and the run could continue",cnbc.com
2018-04-30,The Morning Ledger: Executives Strike Deals Amid Technological Disruption,wsj.com
2018-04-30,"Still humming, strong economy puts popular credit-risk investing strategies ... at risk",cnbc.com
2018-04-30,"A $600,000 mistake taught Jon Taffer of 'Bar Rescue' a key lesson about success",cnbc.com
2018-04-30,Why more volatility in the yuan is 'not necessarily' negative: Economist,cnbc.com
2018-04-30,"Sotomayor to have shoulder surgery Tuesday, Supreme Court says",cnbc.com
2018-04-30,T-Mobile and Sprint have a long history of insulting each other — check out these harsh exchanges,cnbc.com
2018-04-30,Computer engineers now make up a quarter of Goldman Sachs' workforce,cnbc.com
2018-04-30,China's April manufacturing PMI was 'not as bad as expected': CIO,cnbc.com
2018-04-30,"Wall Street raises the bar for Amazon after blowout quarter, but some aren’t buying the hype",cnbc.com
2018-04-30,US Justice Department charges Panasonic unit with anti-bribery law violations,cnbc.com
2018-04-30,"CFO Moves: Fred’s, Statoil, Aegion",wsj.com
2018-04-30,'How Long Do I Have Left?' Algorithm Accurately Predicting Lifespans...,wsj.com
2018-04-30,Walmart Is Selling All of Its U.K. Grocery Stores,fortune.com
2018-04-30,Trump is going to a social event hosted by pro-Trump super PAC America First Action,cnbc.com
2018-04-30,"MIDEAST STOCKS-Blue chips send Dubai, Saudi higher; other markets down - Reuters",reuters.com
2018-04-30,How Gaby Dunn found that being 'Bad with Money' can be good for your career,cnbc.com
2018-04-30,There’s More Than One Part of the Yield Curve Getting Flatter,wsj.com
2018-04-30,‘A Man of Tremendous Decency and Integrity:’ Female Journalists Defend Tom Brokaw Amid Sexual Misconduct Allegations,fortune.com
2018-04-30,What to buy on a weak tape: 4 trades,cnbc.com
2018-04-30,"The Fed is about to get more aggressive, and 'collateral damage' may ensue",cnbc.com
2018-04-30,"Alibaba's Joe Tsai: We're looking long-term, beyond 'trade war blip'",cnbc.com
2018-04-30,US wants 4-year phase-in for higher NAFTA auto content thresholds,cnbc.com
2018-04-30,Watch CNBC's full interview with Freeport LNG CEO Michael Smith,cnbc.com
2018-04-30,SEC Wants Boards’ Views on Contested Shareholder Proposals,wsj.com
2018-04-30,'Avengers: Infinity War' sets the stage for a strong summer at the box office: ComScore,cnbc.com
2018-04-30,ANALYSIS-Brazil ethanol sales to Japan to sputter as Tokyo woos Trump,cnbc.com
2018-04-30,EMERGING MARKETS-Latin American equities follow Wall St higher amid light trading,cnbc.com
2018-04-30,Commodities tomorrow: Crude hits multi-year high on Netanyahu speech,cnbc.com
2018-04-30,Maine group to use grant to explore Japanese scallop farming,cnbc.com
2018-04-30,Why Jack Dorsey Makes Less Than 0.0001 Times What His Typical Employee Earns,wsj.com
2018-04-30,A look at equity flows in and out of China,cnbc.com
2018-04-30,"China's HNA isn't buying Scaramucci's SkyBridge, after all: Report",cnbc.com
2018-04-30,Here's why the Dollar Menu is working so well for McDonald's,cnbc.com
2018-04-30,Here's what Richard Branson's daughter learned from interning at her dad's company,cnbc.com
2018-04-30,France Seized the Domain France.com from Its Long-Time Owner. Now He’s Suing,fortune.com
2018-04-30,Broadcom says weak wireless chip demand to hurt revenue forecast,reuters.com
2018-04-30,Jeff Bezos says this is how he plans to spend the bulk of his fortune,cnbc.com
2018-04-30,"Netanyahu: Iran had secret 'Project Amad' to design, produce and test warheads",cnbc.com
2018-04-30,Real Time Economics: A Crucial Week for Trade | Antitrust Test | King Dollar Returns - Real Time Economics - WSJ,wsj.com
2018-04-30,Boeing hungry for more deals to boost high-margin services unit,cnbc.com
2018-04-30,The set designer behind 'Hamilton' shares the secret to his creativity,cnbc.com
2018-04-30,"Investors look to Apple's cash, services as iPhone sales seen stalling",reuters.com
2018-04-30,U.S. Cautious on North Korea | Pompeo Rails Against Iran | AT&T-Time Warner Closing Arguments - Washington Wire - WSJ,wsj.com
2018-04-30,Watch: Trump holds joint press conference with Nigerian president,cnbc.com
2018-04-30,Apple Will Probably Report Bad iPhone X News Tuesday. Here’s How Tim Cook May Try to Fix the Problem,fortune.com
2018-04-30,Square shares drop after short seller Citron calls bitcoin strategy 'nonsense',cnbc.com
2018-04-30,"National parks are still a bargain, despite fee hike",cnbc.com
2018-04-30,"Asda and Sainsbury's deal is an 'Amazon protection program,' investment manager says",cnbc.com
2018-04-30,Caution rules after last week's 'feel good' Korean summit: Researcher,cnbc.com
2018-04-30,Jeff Bezos' 'two pizza rule' can help you hold more productive meetings,cnbc.com
2018-04-30,CEO of billion-dollar Zuora reveals a key management lesson he learned the hard way,cnbc.com
2018-04-30,Study finds that picking the wrong college can make you depressed—here’s why,cnbc.com
2018-04-30,"The timing of the U.S.-China trade war is 'very ironic,' says Alibaba co-founder",cnbc.com
2018-04-30,"CDC will cut director's hefty $375,000 salary",cnbc.com
2018-04-30,Brexit & Beyond: New Cliff Edge Worries Post-Brexit,wsj.com
2018-04-30,"WSJ City: Sainsbury’s and Asda Agree Merger, Rudd’s Resignation Upsets U.K. Cabinet’s Brexit Balance",wsj.com
2018-04-30,JP Morgan upgrades New York Times Co as it thrives under ‘Trump Bump’ news cycle,cnbc.com
2018-04-30,"Metals maker Arconic slashes forecasts, shares slide",cnbc.com
2018-04-30,Philippines’ Duterte declares permanent ban on workers going to Kuwait after abuse and murder cases,cnbc.com
2018-04-30,"WSJ Wealth Adviser Briefing: Tech Stocks, Wells Fargo 401(k) Probe, Permanent Vacation - MoneyBeat - WSJ",wsj.com
2018-04-30,A look at India and China's border tensions,cnbc.com
2018-04-30,"Stocks to Watch: Sprint, Walmart, Marathon, Chipotle, Disney, McDonald’s - MoneyBeat - WSJ",wsj.com
2018-04-30,"Stocks making the biggest moves premarket: S, TMUS, WMT, DCT, PLD, WPP, WFC, NYT & more",cnbc.com
2018-04-30,"Do And Clue (Monday Crossword, April 30)",wsj.com
2018-04-30,Porn star Stormy Daniels files new defamation lawsuit against President Trump over tweet,cnbc.com
2018-04-30,The impact of possible new regulations on tech start-ups,cnbc.com
2018-04-30,The Morning Download: Artificial Intelligence Transforms the Sales Process - CIO Journal. - WSJ,wsj.com
2018-04-30,First one-handed player drafted into the NFL shares the motto that kept him from quitting,cnbc.com
2018-04-30,The GOP is preparing to use Ronny Jackson's failed VA nomination to hammer Jon Tester this fall,cnbc.com
2018-04-30,"How to time your day for peak performance, based on your chronotype",cnbc.com
2018-04-30,Twitter shares spike after Disney announces it will make shows specifically for the platform,cnbc.com
2018-04-30,The Trump administration has found a new way to crack down on legal weed,cnbc.com
2018-04-30,Why investors may not want to 'sell in May' this year,cnbc.com
2018-04-30,France seized France.com from a man who owned it for 20 years — so he's suing his country,cnbc.com
2018-04-30,Chico's shares jump as apparel retailer announces plans to sell on Amazon.com,cnbc.com
2018-04-30,New Cliff Edge Worries Post-Brexit - Real,wsj.com
2018-04-30,Marathon Petroleum to Purchase Andeavor—Energy Journal,wsj.com
2018-04-30,The Korean summit was 'a step in the right direction': Analyst,cnbc.com
2018-04-30,"WSJ City PM: Trump Tariff Deadline Sets Up Nail Biter for Allies, Why Walmart’s Checking Out of the UK",wsj.com
2018-04-30,Former Exxon executive calls on oil industry to clean up its climate act,cnbc.com
2018-04-30,Twitter Sold Data Access to the Researcher at the Center of Facebook’s Cambridge Analytica Scandal,fortune.com
2018-04-30,"Apple shares jump on optimism for a big boost to buyback, dividend program",cnbc.com
2018-04-30,"Sprint, T-Mobile shares dive despite blockbuster merger announcement",cnbc.com
2018-04-30,Why Hong Kong is 'leading a race to the bottom': ACGA,cnbc.com
2018-04-30,Investors Are Still Hot For Cocoa - MoneyBeat - WSJ,wsj.com
2018-04-30,"JC Penney taps Lionel Richie for new brand, as more retailers team with celebrities to drive sales",cnbc.com
2018-04-30,"Honda's forecasts are typically cautious, says researcher",cnbc.com
2018-04-30,"Netanyahu teases 'significant development' on Iran nuclear deal, sending oil prices higher",cnbc.com
2018-04-30,Why the Tree Emmanuel Macron Gifted to Trump Disappeared From the White House Lawn,fortune.com
2018-04-30,Financial Stocks Lead Gains in Asia,wsj.com
2018-04-30,North Korea's aim is to get sanctions lifted: IMA Asia,cnbc.com
2018-04-30,The 8 highest-paying Fiverr side hustles,cnbc.com
2018-04-30,Data Sheet—Why Big Tech Will Dominate Policy Debates for Decades,fortune.com
2018-04-30,An obscure 2017 telecom deal explains why T-Mobile and Sprint had to merge,cnbc.com
2018-04-30,What Government Inspectors Can Learn From ‘Moneyball’,wsj.com
2018-04-30,Choose these college majors if you want to be financially successful,cnbc.com
2018-04-30,Here's how to tap your home equity safely,cnbc.com
2018-05-01,That fortune will be lost if you don't update estate plan to include cryptocurrency assets,cnbc.com
2018-05-01,'A competitor will be removed' from the market if Sprint and T-Mobile are allowed to merge: Analyst,cnbc.com
2018-05-01,CMS' Verma: It’s time health care caught up to other industries to aid consumers,cnbc.com
2018-05-01,This Kevin O'Leary backed 28-year-old brings in 6 figures a year selling potatoes through the mail,cnbc.com
2018-05-01,Small business workers saw their wages grow at the strongest rate in 2 years: Survey,cnbc.com
2018-05-01,Cramer: T-Mobile's John Legere could be the ticket to Sprint merger approval,cnbc.com
2018-05-01,The Morning Risk Report: U.K. to Target Scottish Firms in Money-Laundering Crackdown,wsj.com
2018-05-01,"Hasbro is said to acquire Power Rangers, other franchises from Saban",cnbc.com
2018-05-01,"Apple is testing a key level ahead of earnings, and it could signal more pain for the stock",cnbc.com
2018-05-01,Volatile Stock Market Rolls Into the ‘Sell in May’ Stretch - MoneyBeat - WSJ,wsj.com
2018-05-01,The Modern Cell Carrier: How We Got Here,wsj.com
2018-05-01,"Small-business optimism stays near record, 53% say conditions look good: CNBC/SurveyMonkey",cnbc.com
2018-05-01,How I Empower the Introverts on My Staff,wsj.com
2018-05-01,"Marathon-Andeavor merger checks the boxes where it counts: Texas, Mexico and the high seas",cnbc.com
2018-05-01,Watch Steve Jobs defend his commitment to Apple on CNBC in 1997,cnbc.com
2018-05-01,"'Sell in May and go away' doesn't apply this year, market bull Tony Dwyer says",cnbc.com
2018-05-01,Trump calls leak of Mueller questions 'disgraceful',cnbc.com
2018-05-01,Sugar Low: Commodity Plummets on Surplus,wsj.com
2018-05-01,U.S. jury convicts former Autonomy executive of fraud over HP deal,reuters.com
2018-05-01,Trump looks set to scrap Iran's nuclear deal — and this is where it'll hurt the most,cnbc.com
2018-05-01,"Stocks to Watch: Apple, Boeing, Pfizer, Hasbro, Tapestry - MoneyBeat - WSJ",wsj.com
2018-05-01,"Twitter doubles down on original shows with NBCUniversal, Disney, Viacom and more",cnbc.com
2018-05-01,"The Morning Ledger: Trump Postpones Tariff Decision for EU, Other U.S. Allies",wsj.com
2018-05-01,Apple sold 52.2 million iPhones during the quarter,cnbc.com
2018-05-01,Cloud Revenues See Sharper Gains - CIO Journal. - WSJ,wsj.com
2018-05-01,Buy Roku shares because it's the dominant leader in streaming video players: KeyBanc,cnbc.com
2018-05-01,Oculus Go: VR Made Easy (and Cheap),wsj.com
2018-05-01,Bond markets will have a bad case of 'indigestion' as Fed preps for more hikes,cnbc.com
2018-05-01,Commodities tomorrow: Choppy oil trade till Iran deal figured out,cnbc.com
2018-05-01,Storage plan for spent fuel adds to US nuclear debate,cnbc.com
2018-05-01,The Morning Download: Cloud Giants Experience Even Faster Growth Rates,wsj.com
2018-05-01,"Stocks making the biggest moves premarket: MRK, PFE, AAPL, UAA, FB, BA & more",cnbc.com
2018-05-01,"Cramer: Mergers, value and earnings surprises are sending stocks higher—but they may not be enough",cnbc.com
2018-05-01,U.S. Allies Worry About Trump’s Next Trade Move,wsj.com
2018-05-01,"Loved Ones (Tuesday Crossword, May 1)",wsj.com
2018-05-01,Facebook Extends Push Into Enterprise Market,wsj.com
2018-05-01,"Under Armour picks up momentum overseas, sending shares higher",cnbc.com
2018-05-01,"WSJ City: Trump Gives Allies Time on Trade, Why Investors Have it Wrong on Risk",wsj.com
2018-05-01,"Kate Spade disappoints, sending Tapestry shares lower",cnbc.com
2018-05-01,Pfizer's quarterly profit rises 14%,cnbc.com
2018-05-01,5 ways to travel the world for nearly free,cnbc.com
2018-05-01,President Trump Has Delayed a Decision on Steel Tariffs as Negotiations Continue,fortune.com
2018-05-01,"GRAINS-Corn falls from 9-mth high, planting delays cap losses",cnbc.com
2018-05-01,"After-hours buzz: CGNX, AKAM & more",cnbc.com
2018-05-01,Retire to these overseas destinations to make the most of your nest egg,cnbc.com
2018-05-01,"A $14,000 cholesterol drug gets a price cut as Regeneron, Sanofi strike deal with Express Scripts",cnbc.com
2018-05-01,Meet the man who 'invented' the #hashtag,cnbc.com
2018-05-01,Manufacturing activity continues to decline in April; construction spending stumbles in March,cnbc.com
2018-05-01,Facebook to allow users to clear browsing history,reuters.com
2018-05-01,U.K. to Mandate Public Company Registers in Overseas Territories,wsj.com
2018-05-01,Treasury Secretary Mnuchin: 'No question' Trump sanctions brought North Korea to negotiating table,cnbc.com
2018-05-01,Real Time Economics: Is Inflation Peaking? | Tariff Reprieve | Italian Uncertainty - Real Time Economics - WSJ,wsj.com
2018-05-01,"Detroit sheds financial oversight. 'They've earned their way out of it,' says Michigan governor",cnbc.com
2018-05-01,"Netanyahu told Trump about Iran claims in March, senior official says",reuters.com
2018-05-01,BP Reports Strong 1Q Profit—Energy Journal,wsj.com
2018-05-01,"Australia, Japan mixed in early trade as many Asian markets shut for holiday",cnbc.com
2018-05-01,The Damaging Shortcuts Entrepreneurs Take When Raising Money,wsj.com
2018-05-01,"WSJ Wealth Adviser Briefing: Bank Deposits, Debt, Hiking Croatia",wsj.com
2018-05-01,How one trader is playing the Nasdaq ahead of Apple earnings,cnbc.com
2018-05-01,Tomorrow's jobs require impressing a bot with quick thinking,reuters.com
2018-05-01,Deutsche Telekom Expects Debt Repayment If T-Mobile Buys Sprint - CFO Journal. - WSJ,wsj.com
2018-05-01,"Watch: Pelicans crash a California graduation, and 1 lands on the red carpet",cnbc.com
2018-05-01,Cramer Remix: The world has turned on this sector,cnbc.com
2018-05-01,Brexit & Beyond: U.S. Allies Worry About Trump’s Next Trade Move,wsj.com
2018-05-01,Facebook privacy scandal won’t slow Main Street retailers' social ad spend,cnbc.com
2018-05-01,"Facebook smart speakers may come to international markets first, will include 'M' smart assistant",cnbc.com
2018-05-01,Disney is launching a digital food channel called Disney Eats,cnbc.com
2018-05-01,The states with the highest and lowest credit card balances,cnbc.com
2018-05-01,"Why trade wars can be ‘fantastically disruptive,’ the IMF’s historian warns",cnbc.com
2018-05-01,"WSJ City PM: Barclays Begins Search for New Chairman, EU Concerns Linger Despite Extra Time on Tariffs, Ether Faces Scrutiny",wsj.com
2018-05-01,EMERGING MARKETS-Latin American equities mixed amid light trading,cnbc.com
2018-05-01,"Food, photos and music: These top millennial stocks could see huge moves on earnings this week",cnbc.com
2018-05-01,"Apple shares to rally more than 30% the next 12 months because of its high margins, valuable brand: Analyst",cnbc.com
2018-05-01,Saving in an IRA has its rewards — and risks — for these high-income earners,cnbc.com
2018-05-01,"These charts show Apple is ripe for an earnings breakout, technician says",cnbc.com
2018-05-01,US extends tariff exemptions for European Union and other allies,cnbc.com
2018-05-02,Here's what every major Wall Street analyst had to say about Apple's earnings,cnbc.com
2018-05-02,Here's one wedding gift Meghan Markle won't want: A bigger tax bill,cnbc.com
2018-05-02,At least five dead in crash of Puerto Rican Air National Guard cargo plane,cnbc.com
2018-05-02,Podcast: Blockchain as Lie Detector,wsj.com
2018-05-02,"BRIEF-Thomson Reuters Provides Information Related To Future Financial Reporting, Outlook - Reuters",reuters.com
2018-05-02,The Amazon effect could potentially leave all Americans neighborless,cnbc.com
2018-05-02,"WSJ Wealth Adviser Briefing: Catchy Tickers, Gun Purchase Monitoring, Diet Vodka",wsj.com
2018-05-02,"Investors should not be worried by dip in iPhone sales, says BTIG analyst",cnbc.com
2018-05-02,Guggenheim investment chief sees stocks rising 20% more before a recession-fueled sell-off,cnbc.com
2018-05-02,Brexit & Beyond: Eurozone Economy Stumbles in First Quarter,wsj.com
2018-05-02,"UPDATE 1-EU proposes to cut farm subsidies, France says unacceptable",cnbc.com
2018-05-02,"Ellen DeGeneres grew up poor but says, 'You shouldn't live your life in fear of money'",cnbc.com
2018-05-02,Google launches its competitor to Amazon's Alexa Fund to beef up its smart assistant,cnbc.com
2018-05-02,"Apple beats expectations, quelling sales worries",cnbc.com
2018-05-02,Corporate buybacks on a roll,cnbc.com
2018-05-02,Stocks mixed as all eyes look to Fed,cnbc.com
2018-05-02,Pro-Brexit lawmakers pressure British PM May over customs plan,reuters.com
2018-05-02,Find out why 'white boxing' is real estate's hot new trend,cnbc.com
2018-05-02,User growth sinks and hits Snap shares,cnbc.com
2018-05-02,Watch: Trump speaks at National Teacher of the Year reception,cnbc.com
2018-05-02,"Climate Change May Deeply Wound Long-Term U.S. Growth, Richmond Fed Paper Finds",wsj.com
2018-05-02,The analysts were wrong: The iPhone X is still the most popular iPhone,cnbc.com
2018-05-02,A major Chinese manufacturing indicator is expected to show a growth slowdown,cnbc.com
2018-05-02,Apollo Global approaches Xerox about possible acquisition: sources,cnbc.com
2018-05-02,Mixed Messages on Wall Street,wsj.com
2018-05-02,Dollar hits new high for the year and this chart says rally could keep going,cnbc.com
2018-05-02,Amazon plans more Prime perks at Whole Foods says sources,cnbc.com
2018-05-02,"WSJ City PM: Why Central Banks’ Sway Over Markets Is Here to Stay, the Still Lucrative iPhone, What to Expect from the Fed",wsj.com
2018-05-02,Technology companies are driving a capital spending surge,cnbc.com
2018-05-02,"As the dollar soars, emerging markets could be running into trouble, trader warns",cnbc.com
2018-05-02,Top Wharton professor Adam Grant: How you can find meaning in your work life,cnbc.com
2018-05-02,"Dr. Oz: We need to make life-saving health tech for everyone, not just for rich people",cnbc.com
2018-05-02,Everything went backwards at Snap and they are in the penalty box: Fmr. Yahoo COO,cnbc.com
2018-05-02,Tesla sued by truck start-up which alleges that its design patent was violated,cnbc.com
2018-05-02,Yum Brands to report earnings before the opening bell. Here's what to expect,cnbc.com
2018-05-02,UPS weighs strategy to deliver bulky goods to boost growth,cnbc.com
2018-05-02,"The dollar is surging into overbought territory, warns chart watcher. Here’s what it means",cnbc.com
2018-05-02,App redesign haunts Snap as investors flee stock,reuters.com
2018-05-02,"Market correction of 30-40% could be coming soon, investment guru Mark Mobius warns",cnbc.com
2018-05-02,"Bond market will suffer some 'indigestion' as Fed prepares to charge, market watcher says",cnbc.com
2018-05-02,Trump confidant Roger Stone pleads for money to help him sue his enemies,cnbc.com
2018-05-02,The Morning Download: Facebook Aims for Tighter Integration with the Enterprise,wsj.com
2018-05-02,Companies Grapple With AI’s Opaque Decision-Making Process,wsj.com
2018-05-02,"EU reduces farm aid to cut costs, France says unacceptable",cnbc.com
2018-05-02,Tech earnings trades: 5 buys,cnbc.com
2018-05-02,U.S. considering restrictions on Chinese telecoms companies: WSJ,reuters.com
2018-05-02,Real Time Economics: Europe stumbles | Share Buybacks |Trade Deadlines - Real Time Economics - WSJ,wsj.com
2018-05-02,Apple proved that it is no longer just an iPhone company,cnbc.com
2018-05-02,How Trump Unites and Divides the Parties - Washington Wire - WSJ,wsj.com
2018-05-02,"Earnings are blockbuster, but markets aren’t listening. Here’s why",cnbc.com
2018-05-02,Here's what changed in the new Fed statement,cnbc.com
2018-05-02,Arizona Teachers May Finally End Their Week-Long Statewide Strike,fortune.com
2018-05-02,Asian stocks poised for slight gains as dollar advances,cnbc.com
2018-05-02,Amazon is reportedly offering discounts to retailers for using its payment service,cnbc.com
2018-05-02,Watch Elon Musk promise back in 2006 that SpaceX will be the top rocket company,cnbc.com
2018-05-02,Most Popular ETF Bet in April: Short-Term Debt,wsj.com
2018-05-02,"Trump threatens to 'get involved' with Justice Department over 'rigged system' on Russia, Clinton",cnbc.com
2018-05-02,"Cryptocurrencies heading for a 90 percent correction in 'mass market wipe out,' investment bank warns",cnbc.com
2018-05-02,Apple Has Already Built Its Next Big Business,fortune.com
2018-05-02,May's latest Brexit headache - a customs deal with the EU - Reuters,reuters.com
2018-05-02,Commodities tomorrow: Crude up in spite of bearish inventory report,cnbc.com
2018-05-02,"Even without a rate hike, the Fed's stance on inflation means more bad news for borrowers",cnbc.com
2018-05-02,"Ford expands safety recall to nearly 100,000 Transit vans in North America",cnbc.com
2018-05-02,"Calamos says US economy will be just fine as rising rates, deregulation benefit banking sector",cnbc.com
2018-05-02,"GOP Sen. Bob Corker: If things work out with North Korea, Trump deserves the Nobel Peace Prize",cnbc.com
2018-05-02,Bill Gates: Make time to read this type of book,cnbc.com
2018-05-02,Emerging Markets Are Under Threat - MoneyBeat - WSJ,wsj.com
2018-05-02,Peppa Pig Is Reportedly the Latest Target of China’s Internet Censorship Efforts,fortune.com
2018-05-02,Here's why the old ‘Sell in May’ adage is really a no-brainer this year,cnbc.com
2018-05-02,The Morning Risk Report: Panasonic Case Highlights Limits to Due Diligence,wsj.com
2018-05-02,"Amazon plans more Prime perks at Whole Foods, and it will change the industry",cnbc.com
2018-05-02,U.N. experts say Congo obstructs probe of U.N. monitors' killings: note,reuters.com
2018-05-02,China's top economic advisor to meet with Trump's team,cnbc.com
2018-05-02,Sellers are increasingly stripping out luxury homes instead of tricking them out,cnbc.com
2018-05-02,Oprah gave ex-NFL star Ricky Williams the best advice he ever got — and anyone can follow it,cnbc.com
2018-05-02,"Cramer: The selling has gone too far, especially after Trump's tax cuts",cnbc.com
2018-05-02,Hulu surpasses 20 million US subscribers,cnbc.com
2018-05-02,What this WWE billionaire learned from bankruptcy,cnbc.com
2018-05-02,Sprint names Michel Combes as CEO and Marcelo Claure as executive chairman,cnbc.com
2018-05-02,Parsing the Fed: How the May Statement Changed From March - Real Time Economics - WSJ,wsj.com
2018-05-02,"""Fast Money"" final trades: C, SNAP and more",cnbc.com
2018-05-02,The Morning Ledger: U.S. Companies Squeezed by Rising Commodity Prices,wsj.com
2018-05-02,Amazon gallops into the Kentucky Derby,cnbc.com
2018-05-02,"WSJ City: Trump’s Trade Agenda Brings Heightened Tensions, Apple Flexes Its Financial Muscles",wsj.com
2018-05-02,Cramer: Snap's conference call was like SNL parody,cnbc.com
2018-05-02,Fed holds rates steady but points to higher inflation,cnbc.com
2018-05-02,Cramer reflects on Apple earnings after speaking with CEO Tim Cook,cnbc.com
2018-05-02,A Tight Rein on Finances Helps Bosch Keep Up with Rivals - CFO Journal. - WSJ,wsj.com
2018-05-02,"Stocks to Watch: Apple, T-Mobile, Mastercard, Snap, CVS, Mondelez, Xerox, Gilead, Clorox, Allstate, Coors - MoneyBeat - WSJ",wsj.com
2018-05-02,BEIJING INSTALLS MISSILE SYSTEMS IN S. CHINA SEA...,cnbc.com
2018-05-02,4 life goals Americans are putting off because they can’t pay their debt,cnbc.com
2018-05-02,Clean energy sector swings Republican with U.S. campaign donations,reuters.com
2018-05-02,Google leadership coach: The best way to attract high-performing employees doesn't cost a dime,cnbc.com
2018-05-02,"Stocks making the biggest moves premarket: CVS, CLX, EL, GRMN, YUM, ADP & more",cnbc.com
2018-05-02,Apple CEO Tim Cook takes a victory lap as China revenue rockets,cnbc.com
2018-05-02,"UPDATE 2-U.S. cuts off Brazil tariff talks, adopts steel import quotas",cnbc.com
2018-05-02,Super-rich paying extra for stripped down real estate,cnbc.com
2018-05-02,An old Wall Street money manager with $500 billion is moving to Nashville from Manhattan to save money,cnbc.com
2018-05-02,"CFO Moves: MetLife, Honeywell International, Lloyd’s of London",wsj.com
2018-05-02,United Will Soon Allow Some Cats and Dogs Back Into Its Cargo Holds. Here Are the New Rules.,fortune.com
2018-05-02,Irish High Court refuses Facebook bid to delay privacy case referral,reuters.com
2018-05-02,"Apple's definitely become a subscription company, says Jim Cramer",cnbc.com
2018-05-02,The best credit card for international travel,cnbc.com
2018-05-02,‘SpongeBob’ and ‘Frozen’ Are Among the Highest-Grossing 2018 Tony Nominees,fortune.com
2018-05-02,Tyson Foods nearly doubles investor money in three years: CEO,cnbc.com
2018-05-02,Unhappy Soccer Fans No Good for Gambling Group,wsj.com
2018-05-02,Four of the world's largest automakers want to bring the 'blockchain' to your car,cnbc.com
2018-05-02,These retirees may see their Medicare costs rise by more than 200 percent,cnbc.com
2018-05-02,Credit Suisse: Investors are worrying too much and are going to miss out on big market upside ahead,cnbc.com
2018-05-02,Cambridge Analytica is shutting down,cnbc.com
2018-05-02,Tesla is parked in a bear market ahead of earnings. These are the levels to watch out for,cnbc.com
2018-05-02,"Tesla burns through $6,500 every minute. This is the guy trying to rein in the cash crisis",cnbc.com
2018-05-02,"Companies hire 204,000 more workers in April despite signs of tightening job market: ADP",cnbc.com
2018-05-02,"'It's going to change our lives,' financial advisor says about blockchain",cnbc.com
2018-05-02,Cramer: Snap's earnings call was like a 'Saturday Night Live' parody,cnbc.com
2018-05-02,Australia: UPDATE 2-Australia’s CBA ordered to boost capital until governance failings fixed,reuters.com
2018-05-02,Apple Analysts Offer Mea Culpas After iPhone Sales Hold Up - Fortune,fortune.com
2018-05-02,Eurozone Economy Stumbles in First Quarter,wsj.com
2018-05-02,Spain's Basque region militant group ETA announces it has ‘completely dissolved’,cnbc.com
2018-05-02,Eletrobras reaches initial settlement in US class action case - Reuters,reuters.com
2018-05-02,US officials head to China for bilateral trade talks,cnbc.com
2018-05-02,Banks See Crude Prices Rising This Year—Energy Journal,wsj.com
2018-05-02,Investors Exit U.S. Equity Funds for Third Straight Month,wsj.com
2018-05-02,"Key Figures (Wednesday Crossword, May 2)",wsj.com
2018-05-02,Verizon's Oath is 'doubling down' on Amazon's cloud,cnbc.com
2018-05-02,Macy's acquires New York concept shop Story,cnbc.com
2018-05-02,AllianceBernstein’s Highway Men To Live Large in Nashville,wsj.com
2018-05-02,Southwest plane with a cracked window diverts to Cleveland,cnbc.com
2018-05-02,"Brazil drought hits second-corn, dry spell persists",cnbc.com
2018-05-02,Trump replacing Ty Cobb with Clinton impeachment lawyer Emmet Flood: NYT,cnbc.com
2018-05-02,Think You’re Too Old to Found a Startup? Think Again,wsj.com
2018-05-02,China Iron-Ore Futures Open to Outside World,wsj.com
2018-05-02,Verizon's Oath signs distribution deal with Samsung,reuters.com
2018-05-02,EMERGING MARKETS-Brazil's Bovespa falls almost 1.5 pct; major stocks weigh,cnbc.com
2018-05-02,Square drops 6 percent after issuing a disappointing forecast,cnbc.com
2018-05-02,The 'stakes are clearly high' for U.S.-China trade talks: Expert,cnbc.com
2018-05-03,"Nvidia upgraded at Barclays, sees 20 percent surge in next 12 months",cnbc.com
2018-05-03,"Clients like Facebook, Amazon push for fully solar-powered data centers: Dominion Energy CEO",cnbc.com
2018-05-03,Cramer defends Elon Musk's crazy call: Every CEO would love to go off like that,cnbc.com
2018-05-03,The fate of future Fed hikes could linger in Friday’s jobs report,cnbc.com
2018-05-03,Federal investigators wiretapped phone lines of Trump lawyer: NBC,reuters.com
2018-05-03,Online wedding planner Zola raises $100 million in a new round of funding,cnbc.com
2018-05-03,Giuliani’s interview with Hannity was more strategic than you think. But here's where he fumbled,cnbc.com
2018-05-03,Apple's razor-razorblade model could be huge,cnbc.com
2018-05-03,Giuliani's comments on hush money paid to Stormy Daniels raise some interesting legal questions,cnbc.com
2018-05-03,3 easy ways to stay highly productive while you're traveling,cnbc.com
2018-05-03,April job growth expected to be strong and unemployment could hit a new generational low,cnbc.com
2018-05-03,Ex-Volkswagen CEO Winterkorn charged in US over diesel scandal,cnbc.com
2018-05-03,"Stocks will 'power through' slump, new records are coming, Credit Suisse's Jonathan Golub predicts",cnbc.com
2018-05-03,Cramer's lightning round: Danaher is one of my favorite charitable trust holdings,cnbc.com
2018-05-03,CFOs Confident About U.S. Fundamentals But Fear Protectionism - CFO Journal. - WSJ,wsj.com
2018-05-03,Spurned Tesla Analysts Aren’t Pleased With ‘Bizarre’ Earnings Call,wsj.com
2018-05-03,Caterpillar shares fall after Bank of America downgrade,cnbc.com
2018-05-03,Investors Bet on a Faster Fed - MoneyBeat - WSJ,wsj.com
2018-05-03,Brexit & Beyond: France and Germany at Loggerheads Over Trump Tariff Plan,wsj.com
2018-05-03,Cramer Remix: Apple could have just signaled that Trump will make a trade deal with China,cnbc.com
2018-05-03,Cramer: You'll miss out if you ignore these giant stock buybacks,cnbc.com
2018-05-03,Tesla promises profits in the second half of this year — if it can meet Model 3 production goals,cnbc.com
2018-05-03,How Trump's China tariffs could hit the rest of Asia,cnbc.com
2018-05-03,Facebook's Oculus backs VR game to help teens kick e-cigarette habit,cnbc.com
2018-05-03,AXA’s investment arm takes companies to task over diversity,cnbc.com
2018-05-03,"Oil prices fall on rising US crude inventories, record production",cnbc.com
2018-05-03,"Here's what every major Wall Street analyst had to say about Tesla's results, Musk's peculiar call",cnbc.com
2018-05-03,How AI Will Increase the Supply of Oil and Gas—and Reduce Costs,wsj.com
2018-05-03,"Stocks to Watch: Tesla, Spotify, Blue Apron, Sprint, Apple, AIG, MetLife, Kraft Heinz, Square, KKR, Fitbit",wsj.com
2018-05-03,4 things that saved Facebook from Cambridge Analytica,cnbc.com
2018-05-03,More businesses are mellowing out over hiring marijuana smokers due to labor shortage,cnbc.com
2018-05-03,"FMC sees strong outlook for lithium demand, prices",cnbc.com
2018-05-03,President Trump's trade shakeup hasn't delivered the 'better deal' he promised,cnbc.com
2018-05-03,These tiny homes offer a breathtaking retreat for nature lovers who want to escape the modern world,cnbc.com
2018-05-03,Carson Block shares his new 'future of short-selling' strategy,cnbc.com
2018-05-03,"""Fast Money"" final trades: SNAP, SPOT and more",cnbc.com
2018-05-03,At least one injured in Nashville mall shooting,cnbc.com
2018-05-03,Short-seller Chris Brown says wireless charging company Energous is ‘worthless’,cnbc.com
2018-05-03,"WSJ City PM: Europe’s Inflation Wait, Commodities’ Dollar Headache, Betting on a Faster Fed",wsj.com
2018-05-03,Notion of getting deal done in China is ‘unrealistic’ says expert,cnbc.com
2018-05-03,"Get ready for a 'golden age' for short-sellers with market volatility, corporate fraud exposed, says hedge fund manager",cnbc.com
2018-05-03,The top city to start a small business in America,cnbc.com
2018-05-03,Cramer pinpoints the 4 things that saved Facebook from its Cambridge Analytica scandal,cnbc.com
2018-05-03,Corruption Currents: Trump Asserts ‘Absolute Immunity’ in Emoluments Lawsuit,wsj.com
2018-05-03,Oil demand (and prices) set to drop dramatically as new technologies take hold,cnbc.com
2018-05-03,This Social Security strategy can help protect you against identity theft,cnbc.com
2018-05-03,Amazon halts plan for an office tower in Seattle over a proposed tax on top businesses,cnbc.com
2018-05-03,"UPDATE 3-U.S. cuts off Brazil tariff talks, adopts steel import quotas",cnbc.com
2018-05-03,"Your first trade for Thursday, May 3",cnbc.com
2018-05-03,Pill expiration dates can have wiggle room if stored right,cnbc.com
2018-05-03,Twitter says it found a password bug and that you should change yours,cnbc.com
2018-05-03,Cramer applauds Apple's emerging razor-razorblade model: This could be 'huge',cnbc.com
2018-05-03,"Problems Near, Far Ram Hong Kong Stocks",wsj.com
2018-05-03,Oil Prices Steady as Deadline on Iran Nuclear Deal Nears—Energy Journal,wsj.com
2018-05-03,Crisis of the Week: Fatal Flight Creates Turbulence at Southwest Airlines,wsj.com
2018-05-03,"Trump: Reimbursement for porn star hush money was paid to Cohen through a 'retainer,' not from the campaign",cnbc.com
2018-05-03,Positions on Asian currencies pull back on resurgent dollar: Reuters poll,reuters.com
2018-05-03,Tesla set to drop the day after controversial earnings call,cnbc.com
2018-05-03,'Next generation' flaws found on computer processors: magazine,reuters.com
2018-05-03,Jobless claims rise modestly; Americans receiving unemployment aid lowest since 1973,cnbc.com
2018-05-03,Ignore these giant stock buybacks and you'll miss out,cnbc.com
2018-05-03,"Gold prices regain some ground, but technician warns they have further to fall",cnbc.com
2018-05-03,Spotify is on pace for its worst day since going public after first earnings report,cnbc.com
2018-05-03,Here are highlights of Elon Musk's strange Tesla earnings call: 'They're killing me',cnbc.com
2018-05-03,U.S. safety agency says 'did not assess' Tesla Autopilot effectiveness,reuters.com
2018-05-03,"WSJ City: Tesla Burns Through Cash, U.S. Weighs Curbs on China Telecom Firms",wsj.com
2018-05-03,EMERGING MARKETS-Argentine peso hits new lows as central bank fails to calm markets,cnbc.com
2018-05-03,Retail leads planned job cuts in 2018 while technology bounces back,cnbc.com
2018-05-03,Trump’s New Lawyer Has Unique Résumé - Washington Wire - WSJ,wsj.com
2018-05-03,Down In Front! (Thursday May 3),wsj.com
2018-05-03,Euro zone economy slows as expected in first quarter,reuters.com
2018-05-03,Baby boomers are getting 'hands on' with their own 'bespoke' funerals,cnbc.com
2018-05-03,"In U.S. Gulf, robots, drones take on dangerous offshore oil work",reuters.com
2018-05-03,The Morning Ledger: U.S. Weighs Curbs on Chinese Telecom Firms,wsj.com
2018-05-03,Real Time Economics: The Fed | Chinese Trade Politics | Jobs Guarantee - Real Time Economics - WSJ,wsj.com
2018-05-03,4 reasons crypto still isn’t mainstream,cnbc.com
2018-05-03,A big trade deal 'unlikely to happen' with Trump's team in China: Former government official,cnbc.com
2018-05-03,The surprising story behind Trader Joe's 19 cent bananas,cnbc.com
2018-05-03,"FMC CORP SAYS NEARLY 60% OF AGRICULTURE BUSINESS EBITDA EXPECTED IN FIRST HALF 2018, REVERSING PATTERN IN PREVIOUS YEARS - CEO",cnbc.com
2018-05-03,Ethiopia to take a stake in Sudan's main sea gateway port - Reuters,reuters.com
2018-05-03,"Rudy Giuliani says Trump's son-in-law Jared Kushner is 'disposable,' warns Mueller on probing Ivanka",cnbc.com
2018-05-03,The Morning Download: AI Has Some Explaining to Do,wsj.com
2018-05-03,KKR shares jumps 10% after private equity firm announces structuring change,cnbc.com
2018-05-03,"Forget passive investing, put your money into the likes of avocados, says asset manager",cnbc.com
2018-05-03,Mueller focusing sharply on ties between Roger Stone and former Trump campaign official Rick Gates: Sources,cnbc.com
2018-05-03,US trade deficit drops for the first time in 7 months as exports hit a record high,cnbc.com
2018-05-03,"10% of Adidas products in Asia are fakes, CEO says",cnbc.com
2018-05-03,"WSJ Wealth Adviser Briefing: Bitcoin, Portfolio Tweaks, Big Gulps",wsj.com
2018-05-03,5 Things to Watch in the April Jobs Report - Real Time Economics - WSJ,wsj.com
2018-05-03,Iran foreign minister says the country will not renegotiate its nuclear deal,cnbc.com
2018-05-03,"US trade team arrives in Beijing for talks, and China media are cautious",cnbc.com
2018-05-03,France and Germany at Loggerheads Over Trump Tariff Plan,wsj.com
2018-05-03,Subway CEO to retire 3 years after taking over from brother,cnbc.com
2018-05-03,"Musk’s behavior during Tesla's earnings call is ‘not a good sign,’ says Herb Greenberg",cnbc.com
2018-05-03,"Born in a dishwasher drawer, an Italian spin on currency mining",reuters.com
2018-05-03,US worker productivity rises slightly in the fourth quarter as wage growth accelerates,cnbc.com
2018-05-03,"Agriculture is a good niche sector, says investor",cnbc.com
2018-05-03,Activision Blizzard reports 15.7 percent rise in adjusted revenue,reuters.com
2018-05-03,"After a year of Macron, start-up hum grows at Paris's Station F",reuters.com
2018-05-03,United Airlines recruits former White House press secretary Earnest as communications chief,cnbc.com
2018-05-04,Europe's largest bank is expected to announce more growth for its earnings,cnbc.com
2018-05-04,The five most important takeaways from today's jobs report,cnbc.com
2018-05-04,"Your first trade for Friday, May 4",cnbc.com
2018-05-04,President Xi says Marxism still 'totally correct' for China,cnbc.com
2018-05-04,US reportedly lays down a list of trade demands to China,cnbc.com
2018-05-04,Ex-VW CEO Winterkorn Charged by U.S. in Diesel-Cheating Case,fortune.com
2018-05-04,The Morning Ledger: U.S. Companies Report Best Earnings for Years After Corporate Tax Overhaul - CFO Journal. - WSJ,wsj.com
2018-05-04,Prince William and Kate had to list their jobs on Prince Louis' birth certificate,cnbc.com
2018-05-04,U.S. Dealmaking Surges in First Three Months of 2018,wsj.com
2018-05-04,Twitter Warns 336 Million Users to Change Their Passwords After Leaving Them Vulnerable to Hackers,fortune.com
2018-05-04,The Weekend Reader: Three Must-Reads,wsj.com
2018-05-04,Hawaiian volcanic eruption forces residents to flee their homes,cnbc.com
2018-05-04,"Rudy Giuliani walks back statements about porn star hush money, Comey firing",cnbc.com
2018-05-04,"GRAINS-Wheat, corn hit multimonth highs; soy stages late rally",cnbc.com
2018-05-04,"After a run to 3 percent, looks like the 10-year Treasury yield has topped out, trader says",cnbc.com
2018-05-04,Cramer: Warren Buffett sees the value of Apple differently than most Wall Street analysts,cnbc.com
2018-05-04,Real Time Economics: U.S.’ China Trade Demands | Europe’s Trump Problem | Jobs Day,wsj.com
2018-05-04,Growth in China's services sector increased in April,cnbc.com
2018-05-04,Beijing reportedly set to launch $47 billion investment fund for chipmaking,cnbc.com
2018-05-04,Del Taco looks beyond the after-party crowd to feed professional night owls,cnbc.com
2018-05-04,Iowa governor says she’ll sign six-week abortion ban into law,cnbc.com
2018-05-04,Longtime bull Jeremy Siegel: Market is facing two big uncertainties this year,cnbc.com
2018-05-04,Google broke up a Vietnamese con scheme after an employee was scammed buying a Bluetooth headset,cnbc.com
2018-05-04,Warren Buffett says Berkshire Hathaway has sold completely out of IBM,cnbc.com
2018-05-04,The surprising way millionaire author Mary Higgins Clark spent her first big paycheck,cnbc.com
2018-05-04,"Mario Gabelli is betting big on sports, likes MGM on possible sports betting legalization",cnbc.com
2018-05-04,"Enrollment for the NIH’s Landmark ‘All of Us’ Genetic, Precision Medicine Project Begins This Weekend",fortune.com
2018-05-04,Cryptocurrencies and blockchain are becoming a hot trend in the job market,cnbc.com
2018-05-04,Solid jobs report is just enough for traders to retake the market narrative,cnbc.com
2018-05-04,These are the 10 best big cities for starting a business in the US,cnbc.com
2018-05-04,Trump Gambit Stuns Staff | U.S. Hands China a Lengthy List of Demands | Seib: First Challenge for the Trump-Kim Summit - Washington Wire - WSJ,wsj.com
2018-05-04,Former Facebook director Don Graham defends Mark Zuckerberg,cnbc.com
2018-05-04,"Perfect Position (Crossword Contest, May 4)",wsj.com
2018-05-04,"The Iran nuclear deal is doomed — and it could ‘propel’ oil prices skywards, analysts say",cnbc.com
2018-05-04,Newell to sell Waddington to Carlyle's Novolex for $2.3 billion,cnbc.com
2018-05-04,"As Trump's tariffs bite, small US manufacturers begin to tap the brakes",cnbc.com
2018-05-04,Here are the high-paying jobs going empty right now,cnbc.com
2018-05-04,Here's where the jobs are — in one chart,cnbc.com
2018-05-04,Druckenmiller-backed crypto start-up looks to solve bitcoin's volatility problem,cnbc.com
2018-05-04,Asia’s top finance officials name their biggest fears,cnbc.com
2018-05-04,The Morning Download: GitHub Strategy Chief Says It’s Time for Tech to Offer Users New Deal,wsj.com
2018-05-04,Walmart reportedly triumphs over Amazon with approval of $15 billion deal for majority stake in Flipkart,cnbc.com
2018-05-04,EMERGING MARKETS-Argentina peso tumbles again despite cenbank moves,cnbc.com
2018-05-04,Workers seek partner to buy and operate aging Peru smelter,cnbc.com
2018-05-04,This guy will help get you into Harvard Business School — if you donate to charity,cnbc.com
2018-05-04,Southwest accident: Federal investigators find impact in shape of engine cover where window blew,cnbc.com
2018-05-04,Printing body parts in hospital shows 3D tech's growing reach,reuters.com
2018-05-04,"Secretary DeVos, Walmart heirs and other investors reportedly lost over $600 million on Theranos",cnbc.com
2018-05-04,"College decisions made luxe: For $57,000, you can travel to campuses on a private jet",cnbc.com
2018-05-04,Nike CEO apologizes to employees for workplace culture after months of turmoil,cnbc.com
2018-05-04,"WSJ City: HSBC Sees Profit Fall and Launches $2 Billion Buyback, The New Route to Success for US Firms - MoneyBeat - WSJ",wsj.com
2018-05-04,Lackluster Hong Kong Debut May Bode Ill for Coming Tech IPOs,wsj.com
2018-05-04,"Pelosi on the Campaign Trail | Jobless Rate Falls to 3.9% | U.S., China Trade Talks Show Scant Progress - Washington Wire - WSJ",wsj.com
2018-05-04,One simple trick could help you dodge a credit card late fee,cnbc.com
2018-05-04,"CFO Moves: National Grid, Capgemini",wsj.com
2018-05-04,"Cramer Remix: Elon Musk’s conference call was his best, ever",cnbc.com
2018-05-04,Blackberry CEO: This safety plan would 'defeat the purpose' of self-driving cars,cnbc.com
2018-05-04,5 Questions for Warren Buffett Ahead of the Annual Meeting,wsj.com
2018-05-04,"WSJ Wealth Adviser Briefing: Gloria Steinem, Crowdfunding, Sweat Pants",wsj.com
2018-05-04,"Watch Warren Buffett’s full interview on his bold Apple investment, the iPhone X and GE",cnbc.com
2018-05-04,What to do if you're not Warren Buffett and buying more stocks doesn't look so great,cnbc.com
2018-05-04,"Immigrants are afraid of President Trump's crackdown, making it harder to prosecute crimes, ACLU report says",cnbc.com
2018-05-04,April Jobs Report – The Numbers - Briefly - WSJ,wsj.com
2018-05-04,The value of what Buffett once called 'financial weapons of mass destruction' is plunging,cnbc.com
2018-05-04,How much it actually costs to attend the top 17 colleges in the US,cnbc.com
2018-05-04,Activist investor calls for Otis Elevator owner United Technologies to split into three,cnbc.com
2018-05-04,Nestle is reportedly close to deal with Starbucks on its grocery business,cnbc.com
2018-05-04,Mitch McConnell's allies punch back after GOP Senate candidate's racially charged attack ad,cnbc.com
2018-05-04,"Carl Icahn's refinery investment has rebounded by $1.4 billion, boosted by Trump energy policy",cnbc.com
2018-05-04,Make sure this key ingredient is part of your retirement,cnbc.com
2018-05-04,These 5 travel apps will save you money,cnbc.com
2018-05-04,The Apple Watch has a secret weapon that helps it dominate the market,cnbc.com
2018-05-04,Investors Beware The Falling Unemployment Rate,wsj.com
2018-05-04,Shake Shack shares rocket higher on strong earnings beat that puts to rest expansion fears,cnbc.com
2018-05-04,Mixed Picture for British Prime Minister After Local Elections,wsj.com
2018-05-04,Tim Cook says he's 'thrilled' that Buffett is a 'major investor' in Apple,cnbc.com
2018-05-04,"WSJ City PM: Why a 3.9% US Jobless Rate Is a Big Deal, How the Dollar Dominated a Week in Markets",wsj.com
2018-05-04,China denies US accusation of lasers pointed at planes in Djibouti,cnbc.com
2018-05-04,"Elon Musk defends his strange conference call performance, says analysts were trying to 'justify their Tesla short thesis'",cnbc.com
2018-05-04,"Amid Blockchain Hype, Few Deployments, Limited Interest, Survey Finds",wsj.com
2018-05-04,"Warren Buffett’s Berkshire Hathaway Just Bought Another 75 Million Apple Shares, Report Says",fortune.com
2018-05-04,Varsity Math Week 138,wsj.com
2018-05-04,"After-hours buzz: CBS, SHAK, P & more",cnbc.com
2018-05-04,Emerging-Market Bonds Continue to Bleed—Except for China,wsj.com
2018-05-04,Watch: Trump addresses members of the NRA,cnbc.com
2018-05-04,Cboe’s ‘Best Quarter Ever’ Doesn’t Impress Investors,wsj.com
2018-05-04,Trump's Responses to the Stormy Daniels Allegations,wsj.com
2018-05-04,Energy Journal: Dollar Surge Disrupts Bullish Mood in Oil Markets,wsj.com
2018-05-04,How to make sure your summer vacation won't wreck your finances,cnbc.com
2018-05-04,The April Jobs Report in 12 Charts,wsj.com
2018-05-04,Brexit & Beyond: Mixed Picture for British Prime Minister After Local Elections,wsj.com
2018-05-04,Top crypto exchange Coinbase prepares for a monster increase in trading,cnbc.com
2018-05-04,"As the Dow soars, technician names Apple, and two others as stocks to watch",cnbc.com
2018-05-04,Trump reportedly asked the Pentagon to consider a US troop reduction in South Korea,cnbc.com
2018-05-04,"Brazil conducts massive graft raids, targets $1 bln laundering ring",cnbc.com
2018-05-04,The Free Trips Your Financial Adviser Takes Could Cost You,wsj.com
2018-05-04,Market volatility is not over: Wall Street strategist,cnbc.com
2018-05-04,The Wall Street Journal: Argentina’s third central-bank hike in eight days puts key lending rate at 40%,wsj.com
2018-05-04,"Stocks to Watch: CBS, Twitter, Tesla, Nike, Berkshire, Newell, Activision Blizzard, Celgene, Pandora, GoPro",wsj.com
2018-05-04,Keep People’s Health Data Private—Without Hurting Research,wsj.com
2018-05-04,Higher demand for quick delivery is creating a boom in jobs,cnbc.com
2018-05-04,What Your CEO Is Reading: Hacking Back; Agile at Scale; Virtual Assistant Etiquette,wsj.com
2018-05-04,The 401(k) dilemma: Keep the plan at your old employer or roll it over to an IRA,cnbc.com
2018-05-04,J.P. Morgan Files Patent for Blockchain-Powered Payments,fortune.com
2018-05-04,Judge questions Mueller's powers in Manafort case...,reuters.com
2018-05-04,"After next few rate hikes, Fed needs to be 'very, very careful:' Dallas Fed's Kaplan",cnbc.com
2018-05-04,"Semis just snapped a winning streak, and that could be flashing a warning for the rest of the market",cnbc.com
2018-05-04,"Free to play, expensive to love: 'Fortnite' changes video game business",reuters.com
2018-05-04,UPDATE 1-Brazil's CPFL eyes Eletrobras distributors on sale -sources,cnbc.com
2018-05-04,"Historically low unemployment looks great, but April's jobs report carries a warning",cnbc.com
2018-05-04,Here's a look inside the extravagant party YouTube held for advertisers,cnbc.com
2018-05-04,The Original ‘Star Wars’ Was Forced on Theater Owners Who Wanted This Film Instead,fortune.com
2018-05-04,What 3.9% Unemployment Tells Us About the Economy,wsj.com
2018-05-04,Nuclear deal a challenge for Rouhani as Iran hardliners close in,reuters.com
2018-05-04,Openness in global trade is 'very critical' to worldwide growth: Indonesian minister,cnbc.com
2018-05-04,"Tinker, tailor, robot maker: In China, trade war threat casts long shadow",reuters.com
2018-05-04,Warren Buffett's winning investing strategy can be applied to any purchase,cnbc.com
2018-05-04,"For Disney stock to soar, it has to convince Wall Street it's actually a service",cnbc.com
2018-05-04,Judge in Manafort case accuses special counsel Mueller of gunning for Trump's 'impeachment or prosecution',cnbc.com
2018-05-04,How to Get Customer Feedback Without Asking the Customer,wsj.com
2018-05-04,"Jobs report will be a big deal, but China could be what moves stocks Friday",cnbc.com
2018-05-04,Asia markets to keep an eye on US-China trade talks after a mixed close on Wall Street,cnbc.com
2018-05-04,Warren Buffett says he is not looking to buy General Electric,cnbc.com
2018-05-04,Tanzania bloggers win temporary court order against state crackdown,reuters.com
2018-05-04,Mnuchin says having good conversations in China,cnbc.com
2018-05-04,Warren Buffett: US economic growth is stronger than the 2% or so average since the financial crisis,cnbc.com
2018-05-04,"A different side of Warren Buffett, told by those whose lives he has changed",cnbc.com
2018-05-05,EMERGING MARKETS-Argentine peso rebounds following dramatic rate hike,cnbc.com
2018-05-05,Trump Lawyer Michael Cohen Went to a Uniquely Awful Law School,fortune.com
2018-05-05,Cramer's game plan: This China-led strength could continue thanks to earnings,cnbc.com
2018-05-05,Bitcoin is rallying — and can no longer be dismissed: Brian Kelly,cnbc.com
2018-05-05,"Fresh off a key acquisition, Axon CEO touts benefits of body camera tech for police",cnbc.com
2018-05-05,China state media strikes positive note after trade talks with U.S.,reuters.com
2018-05-05,"Protests staged for gun control, gun rights outside NRA meeting",reuters.com
2018-05-05,Here Are 5 Things to Watch For at the 2018 Berkshire Hathaway Shareholder Meeting,fortune.com
2018-05-05,Cole fans 16 in one-hitter against Diamondbacks,reuters.com
2018-05-05,Buffett targets CEO for Berkshire-Amazon-JPMorgan healthcare venture soon,reuters.com
2018-05-05,Cramer reviews Berkshire Hathaway's top 5 stock positions,cnbc.com
2018-05-05,Warren Buffett's Berkshire Hathaway Swings to a Rare Loss - Wall Street Journal,wsj.com
2018-05-05,Berkshire shareholders go to Omaha to get as much Buffett and Munger as they can,cnbc.com
2018-05-05,Here’s How to Watch Warren Buffett’s 2018 Berkshire Hathaway Shareholder Meeting,fortune.com
2018-05-05,"Tennis, Anyone? (Saturday Crossword, May 5)",wsj.com
2018-05-05,"Warren Buffett: Data breaches are in 'uncharted territory. It’s going to get worse, not better'",cnbc.com
2018-05-05,May 5th,wsj.com
2018-05-05,Met Gala By the Numbers: Quantifying Fashion’s Big Night Out,fortune.com
2018-05-05,"Acrostic (Saturday Puzzle, May 5)",wsj.com
2018-05-06,The Robots that Milk Cows,wsj.com
2018-05-06,GOP tries to avoid West Virginia primary debacle as it aims to take down vulnerable Democrat Manchin,cnbc.com
2018-05-06,"Trump's gun comments 'not worthy of the president of the world’s greatest superpower,' France says",cnbc.com
2018-05-06,"Berkshire Hathaway, Amazon and JPMorgan Are Close to Hiring a CEO for Their Healthcare Venture",fortune.com
2018-05-06,The U.S. Navy Just Revived Its Cold War-Era Atlantic Fleet to Counter Russian Aggression,fortune.com
2018-05-06,Nvidia CEO: My mom taught me English a 'random 10 words at a time' before we emigrated from Taiwan,cnbc.com
2018-05-06,Warren Buffett Vs. Elon Musk: Who’s Better at Selling Candy? - MoneyBeat - WSJ,wsj.com
2018-05-06,This Guy’s Formula Has Picked the Last Four Kentucky Derby Winners. Here’s What It Says for the 2018 Derby,fortune.com
2018-05-06,Gold can get to 5 year highs if it can clear one technical hurdle: Bank of America,cnbc.com
2018-05-06,Long distance donors shaping House primary races as Tuesday voting nears,cnbc.com
2018-05-06,5 Takeaways From Warren Buffett at Berkshire’s Annual Meeting,wsj.com
2018-05-06,Fait Chrysler Just Ended a Major Era for the Jeep Wrangler,fortune.com
2018-05-07,Longtime analyst Dick Bove is now an investor in what he calls a 'golden age of banking',cnbc.com
2018-05-07,Jay-Z lawyers: SEC probe has become a ‘celebrity hunt’,cnbc.com
2018-05-07,Globalization is an 'irreversible process': SBI Chairman,cnbc.com
2018-05-07,The Capital Spending Boom is Mostly About Tech - MoneyBeat - WSJ,wsj.com
2018-05-07,Pentagon pushes to add foreign investment curbs to defense bill,cnbc.com
2018-05-07,Real Time Economics: Oil Hits New Highs | Economy’s Goldilocks Moment | Is Anyone Still Looking for a Job?,wsj.com
2018-05-07,Major automakers urge Trump not to freeze fuel economy targets,cnbc.com
2018-05-07,Warren Buffett on bitcoin: It doesn't produce anything except more buyers looking to sell,cnbc.com
2018-05-07,"Q&A: Bill Clinton’s Economist Sees Similarities to 2000, But Worries About Differences - Real Time Economics - WSJ",wsj.com
2018-05-07,Warren Buffett believes this is 'the most important thing' to find in a business,cnbc.com
2018-05-07,"That Smarts! (Monday Crossword, May 7)",wsj.com
2018-05-07,China is trying play 'a longer game' with the US on trade: Control Risks,cnbc.com
2018-05-07,Microchip does not confirm reports on China approval of Microsemi bid,reuters.com
2018-05-07,Weight Gain Season for Felines,wsj.com
2018-05-07,Warren Buffett: Wells Fargo was slow to stop bad behavior but it's a good business,cnbc.com
2018-05-07,"How Texas, Once an Economic Drag, Became the Nation’s Fastest-Growing Economy - Real Time Economics - WSJ",wsj.com
2018-05-07,Ping An Good Doctor's shares slide below IPO price on valuation worries,reuters.com
2018-05-07,A 66-Year-Old Woman’s Brain Implant Was Shut Off By a Lightning Strike,fortune.com
2018-05-07,Protests Outside NRA Convention Pull Focus to School Gun Violence,wsj.com
2018-05-07,Explainer - Why is the US moving its embassy to Jerusalem? - Reuters,reuters.com
2018-05-07,"Warren Buffett: $10,000 invested in an index fund when I bought my first stock in 1942 would be worth $51 million today",cnbc.com
2018-05-07,Conoco moves to take over Venezuelan PDVSA's Caribbean assets,cnbc.com
2018-05-07,"Stocks to Watch: Berkshire, Starbucks, Apple, Mondelez, Wells Fargo, Nvidia, Exxon, Blackstone - MoneyBeat - WSJ",wsj.com
2018-05-07,"Trump push for conservative judges intensifies, to Democrats' dismay",reuters.com
2018-05-07,The Morning Download: CIOs Say Blockchain Adoption Barely Registers,wsj.com
2018-05-07,"ESPN gives Disney edge with live television, LA Times' Battaglio says - CNBC",cnbc.com
2018-05-07,The Morning Ledger: Warren Buffett’s Lieutenants Are Increasingly Running Berkshire,wsj.com
2018-05-07,"WSJ Wealth Adviser Briefing: Taxes, Mooch, Wine",wsj.com
2018-05-07,"Jeff Bezos: You can have a job or a career, but if you have this you've 'hit the jackpot'",cnbc.com
2018-05-07,US's first drug priced at more than $1 million may be on the horizon,cnbc.com
2018-05-07,"US hits 3 Venezuelans, 20 companies, with sanctions",cnbc.com
2018-05-07,Rudy Giuliani Says Michael Cohen May Have Paid Other Women on Trump’s Behalf,fortune.com
2018-05-07,Jay Leno learned this life lesson from a pair of mystery underwear he found working at McDonald's,cnbc.com
2018-05-07,"Majority owners explore sale of Nascar, sources say",cnbc.com
2018-05-07,"'I'm starting to turn more positive on stocks,' bounce likely weeks away: Wells Fargo's Harvey",cnbc.com
2018-05-07,Corruption Currents: Iran Downplays Impact of Any New Sanctions,wsj.com
2018-05-07,Charlie Munger: I wish Berkshire had bought Apple even more aggressively,cnbc.com
2018-05-07,How Retirees Can Reduce Their Marginal Tax Rates,wsj.com
2018-05-07,Texas company recalls nearly 25 tons of smoked sausage items,cnbc.com
2018-05-07,"This week marks a new era for Apple, venture capitalist Gene Munster says",cnbc.com
2018-05-07,"Launch of bitcoin futures dragged down prices, Fed paper shows",cnbc.com
2018-05-07,Nestle Enters Into a $7.2 Billion Coffee Alliance with Starbucks,fortune.com
2018-05-07,Americans Should Be More Financially Literate. But What Does That Mean?,wsj.com
2018-05-07,A Record Number of Women Are Running for Governor in the 2018 Elections,fortune.com
2018-05-07,"In Omaha, preparing for change at Berkshire Hathaway",reuters.com
2018-05-07,Police Tested Facial Recognition at a Major Sporting Event. The Results Were Disastrous,fortune.com
2018-05-07,Aldar Properties to acquire assets from Abu Dhabi's TDIC - Reuters,reuters.com
2018-05-07,Carl Icahn sells stake in AIG: Forbes,cnbc.com
2018-05-07,China's bond market has been a 'standout performer' in 2018: UBS,cnbc.com
2018-05-07,"Mueller May Go Dark for Midterms | Congress Returns to Haspel Hearing, Farm Bill | Debate Emerges on U.S. Presence in South Korea - Washington Wire - WSJ",wsj.com
2018-05-07,Trump says he'll announce his decision on Iran nuclear deal on Tuesday afternoon,cnbc.com
2018-05-07,"Russia restricts pig, pork imports from Hungary due to disease",cnbc.com
2018-05-07,"Goldman adds McDonald’s to conviction list, sees a buying opportunity",cnbc.com
2018-05-07,White House says China trade talks to continue in Washington next week,cnbc.com
2018-05-07,Brazil court tells Microsoft to ease data-sharing opt-out,cnbc.com
2018-05-07,Apple to infinity and beyond? Why the tech giant could soon blow past $1 trillion market cap,cnbc.com
2018-05-07,Jitters Iran Deal Boosts Crude Prices—Energy Journal,wsj.com
2018-05-07,The Warren Buffett-Elon Musk Feud Isn’t Over Yet,wsj.com
2018-05-07,Israeli firm that spied on Harvey Weinstein sex accusers targeted Obama officials over Iran deal,cnbc.com
2018-05-07,Warren Buffett’s New Target: Rule That Cut $6.2 Billion From Berkshire Earnings,wsj.com
2018-05-07,Check out what was on display at Berkshire Hathaway's annual meeting,cnbc.com
2018-05-08,Apple Is Leading the Market Once Again - MoneyBeat - WSJ,wsj.com
2018-05-08,raceAhead: How to Have A Conversation With Someone Who Hates You,fortune.com
2018-05-08,"The Morning Download: H&M, on Losing Streak, Turns to AI for Growth",wsj.com
2018-05-08,European Firms Plot Strategy Ahead of Trump Iran Decision,wsj.com
2018-05-08,MuleSoft Founder Connects with Salesforce in Massive Acquisition,wsj.com
2018-05-08,Donald Trump: The U.S. Will Withdraw From the Iran Nuclear Deal,fortune.com
2018-05-08,Brexit & Beyond: European Firms Plot Strategy Ahead of Trump Iran Decision,wsj.com
2018-05-08,Here’s What a Paid Version of Facebook Might Look Like,fortune.com
2018-05-08,"Brainstorm Health: Takeda Scores Shire, Valeant Name Change, Walmart Opioids Plan",fortune.com
2018-05-08,"WSJ Wealth Adviser Briefing: Buffett, Midterm Elections, Justify",wsj.com
2018-05-08,"Sweater Lopping (Tuesday Crossword, 8)",wsj.com
2018-05-08,Welcome to the New Fortune.com,fortune.com
2018-05-08,"Retail attempts another recovery, but this one looks a little different, trader says",cnbc.com
2018-05-08,Top cop at scandal-plagued Port Authority retires after exposure of police escort for Rush Limbaugh,cnbc.com
2018-05-08,Chelsea Handler Says It Was Women—Not Men—Who Didn’t Want Her to Succeed,fortune.com
2018-05-08,BRIEF-Tabula Rasa Healthcare Q1 Adjusted Non-GAAP Earnings Per Share $0.10,reuters.com
2018-05-08,University Fined for Misplacing Small Amount of Weapons-Grade Plutonium,fortune.com
2018-05-08,ThoughtSpot Raises $145 Million to Expand AI-Driven Analytics Platform,wsj.com
2018-05-08,Oil Rebounds as President Trump Withdraws From Iran Nuclear Deal,fortune.com
2018-05-08,Civil Rights Groups Are Suing Ben Carson and HUD Over Fair Housing Rule,fortune.com
2018-05-08,"WSJ City PM: Investors, Multinationals and Allies Await Trump’s Iran Decision; the Silver Lining of a Global Trade Slowdown",wsj.com
2018-05-08,UPDATE 1-Brazil's Magazine Luiza reports strong profit as e-commerce takes off,cnbc.com
2018-05-08,UPDATE 1-Brazil homebuilder MRV to boost housing starts after hitting profit estimates,cnbc.com
2018-05-08,Cramer: Warren Buffett's aversion to iPhones might've been what kept him out of Amazon and Alphabet,cnbc.com
2018-05-08,Trade surplus swells...,cnbc.com
2018-05-08,Armenia protest leader Pashinyan elected as prime minister,reuters.com
2018-05-08,Corruption Currents: Ex-Chinese Official Gets Life for Bribery - Risk & Compliance Journal. - WSJ,wsj.com
2018-05-08,Michelle Williams Was ‘Shattered’ When She Found Out Her Pay Was 1% of Mark Wahlberg’s,fortune.com
2018-05-08,"5G To Boost Cloud, Reduce Physical Infrastructure Spend, ONUG Says - CIO Journal. - WSJ",wsj.com
2018-05-08,Russia's Megafon cuts stake in Mail.ru to form digital venture,reuters.com
2018-05-08,"Cramer commends Estee Lauder's CEO, advises buying beauty stock despite its poor performance",cnbc.com
2018-05-08,Election Caution Hits Malaysian Stocks,wsj.com
2018-05-08,Real Time Economics: The Fed’s Emerging-Market Fallout | Oil and Politics Don’t Mix | Why Are Americans Working Longer?,wsj.com
2018-05-08,Why restaurants are the new battlefield for fintech firms First Data and Square,cnbc.com
2018-05-08,5 Things to Know About the NRA’s New President Oliver North,fortune.com
2018-05-08,Takeda Finally Inks a Deal to Buy Shire in One of the Biggest Pharma Takeovers Ever,fortune.com
2018-05-08,"Higher U.S. Steel Prices Hurt, Help Schaeffler - CFO Journal. - WSJ",wsj.com
2018-05-08,"Comcast plans to make an all-cash bid for Fox if AT&T-Time Warner is approved, sources say",cnbc.com
2018-05-08,UK government defeated again over Brexit as Lords vote to remain in EU agencies,reuters.com
2018-05-08,Argentina's peso bounces on report country is negotiating IMF loan,cnbc.com
2018-05-08,"WSJ City: Takeda Agrees Deal for Shire, Oil Market Could Be Blindsided by Iran Deal",wsj.com
2018-05-08,Cramer Remix: Spotify delivered on earnings—here’s why investors dropped it anyway,cnbc.com
2018-05-08,Activist investor ValueAct takes $1.2 billion stake in Citigroup: WSJ,cnbc.com
2018-05-08,Citigroup Shares Jump Nearly 4% After Investor ValueAct Reveals Stake - MoneyBeat - WSJ,wsj.com
2018-05-08,Why West Virginia Has Tuesday’s Wildest Primary,wsj.com
2018-05-08,The Morning Ledger: Companies Weigh Iran Interests As Trump Readies Decision,wsj.com
2018-05-08,BRIEF-Alnylam Reports Preclinical Data Demonstrating Central Nervous System Delivery Of RNAi Therapeutics - Reuters,reuters.com
2018-05-08,High summertime gasoline prices could spare Iran from immediate oil sanctions,cnbc.com
2018-05-08,A Valeant Rebranding,wsj.com
2018-05-08,What You Should Know About the Iran Nuclear Deal,fortune.com
2018-05-08,New York Attorney General Eric Schneiderman to resign Tuesday following physical abuse allegations,cnbc.com
2018-05-08,Why Pedestrian Deaths Soared 46% in the U.S.,fortune.com
2018-05-08,RPT-UPDATE 1-Brazil homebuilder MRV to boost housing starts after hitting profit estimates,cnbc.com
2018-05-08,"Stocks to Watch: Citigroup, 21st Century Fox, Disney, Amazon, Snap, Valeant, Macy’s, Dish, Dean Foods - MoneyBeat - WSJ",wsj.com
2018-05-08,"20% of Americans Say Their Next Car Will Be Electric, Survey Says",fortune.com
2018-05-08,CFO Moves: Snap,wsj.com
2018-05-08,Why It’s a Good Time to Look for a Job - Real Time Economics - WSJ,wsj.com
2018-05-08,Kohl’s Decided to Accept Amazon Returns in Its Stores. What Happened Next Could Affect the Future of Retail,fortune.com
2018-05-08,"Profit up at Brazil's Petrobras on oil prices, asset sales",cnbc.com
2018-05-08,"The world will have a global cryptocurrency, but it won't be bitcoin, says ex-Goldman president Gary Cohn",cnbc.com
2018-05-08,Britain's upper house of parliament votes in favor of staying in EU's single market,reuters.com
2018-05-08,Four women accuse New York attorney general of physical abuse,cnbc.com
2018-05-08,Crude Hangs in the Balance as Investors Await Iran Deal Decision—Energy Journal,wsj.com
2018-05-09,Jobs Site Glassdoor Is Sold to Recruit Holdings for $1.2 Billion,fortune.com
2018-05-09,Walmart’s $16 Billion Flipkart Deal Just Created 2 New Billionaires,fortune.com
2018-05-09,Some 2 million diesel owners could join class action against VW in Germany,reuters.com
2018-05-09,Real Economics: Any Sign of Inflation? | Oil Prices Rise as U.S. Drops Iran Deal | Americans to Employers: I Quit,wsj.com
2018-05-09,President Trump Threatens to Take Away Press Credentials Over ‘Fake News’,fortune.com
2018-05-09,"Trump’s Iran Deal Exit Halts Historic, $40 Billion Boeing, Airbus Deals",fortune.com
2018-05-09,'Atlanta' Director Hiro Murai Dissects a Scene From 'Teddy Perkins',wsj.com
2018-05-09,HQ Trivia Is Going to Let You See Your Friends’ Answers to Questions,fortune.com
2018-05-09,Data Sheet—Why Bots Are a Big Part of the Future of Work,fortune.com
2018-05-09,"First Things (Wednesday Crossword, 9)",wsj.com
2018-05-09,Ex-Facebook exec: Burgeoning data privacy laws will cause massive revaluation of internet companies,cnbc.com
2018-05-09,NBC News Probe Absolves Network Executives in Matt Lauer Scandal,fortune.com
2018-05-09,Trump Pivots From Iran to North Korea,wsj.com
2018-05-09,Sturm Ruger shareholders approve proposal for gun-maker to report on risks of its business,cnbc.com
2018-05-09,Why Is Apple Interested in a Special U.S. Drone Program?,fortune.com
2018-05-09,Vector: 1Q Earnings Snapshot,cnbc.com
2018-05-09,Telecom Tycoon John Malone Is Scaling Back His European Empire,fortune.com
2018-05-09,Corruption Currents: World Reacts to U.S. Iran Deal Pullout,wsj.com
2018-05-09,Cramer: Disney's movie 'hit machine' delivers the best consumer product aside from Apple,cnbc.com
2018-05-09,DOJ Targets ‘Duplicative Penalties’ Through Increased Coordination,wsj.com
2018-05-09,Gasoline prices jump to highest since Hurricane Harvey after Trump's Iran deal exit,cnbc.com
2018-05-09,ServiceNow Has Plans for Huge Revenue Growth,fortune.com
2018-05-09,"WSJ City PM: Europe Seeks to Preserve Iran Pact Benefits, Oil Buyers Put In a Bind, Vodafone Deal Leaves $12.7 Billion Question for Malone",wsj.com
2018-05-09,Ambev: 1Q Earnings Snapshot,cnbc.com
2018-05-09,Iranian Business Leaders React to Trump’s Withdrawal from the Iran Nuclear Deal,fortune.com
2018-05-09,The likely agenda for today's trilateral summit in Tokyo,cnbc.com
2018-05-09,Chipotle Is Using Technology to Speed Up Burrito Production,fortune.com
2018-05-09,Chip stock Micron to rally nearly 35 percent on ‘exceptional’ cloud computing demand: Morgan Stanley,cnbc.com
2018-05-09,Why This Venture Capitalist Has a Gen Z Mentor,fortune.com
2018-05-09,Qualcomm sets new $10 billion buyback plan,reuters.com
2018-05-09,"Tencent's WeDoctor closes fund-raising round, valued at $5.5 billion",reuters.com
2018-05-09,"Your first trade for Wednesday, May 9",cnbc.com
2018-05-09,"Term Sheet — Wednesday, May 9",fortune.com
2018-05-09,Top AI Thinkers: Human-Machine Collaboration Is Here,wsj.com
2018-05-09,Comcast prepares to bid on Fox in mid-June: sources,cnbc.com
2018-05-09,The US withdrawal from the JCPOA was 'the right decision': Economist,cnbc.com
2018-05-09,"Stocks to Watch: Walmart, Facebook, Disney, EA, ConocoPhillips, Papa John’s, ADT, TripAdvisor - MoneyBeat - WSJ",wsj.com
2018-05-09,"Bitcoin could flop like VHS competitor Betamax, tech investor Glenn Hutchins says",cnbc.com
2018-05-09,Sears Deepens Amazon Partnership With Tire Installations,fortune.com
2018-05-09,Elder Financial Fraud Worse Than Thought...,wsj.com
2018-05-09,"AT&T paid Trump lawyer Michael Cohen up to $600,000 for insights into the president's thoughts: Source",cnbc.com
2018-05-09,"Unfortunately for Investors, Australian Banks Are Getting Interesting",wsj.com
2018-05-09,"The dollar is giving these stocks a boost, and some expect the run to continue",cnbc.com
2018-05-09,This New Airline Seat Will Clean Itself and Destroy Germs,fortune.com
2018-05-09,Dish Network Profit Boosted By New Accounting Rules,wsj.com
2018-05-09,"USA Taekwondo, Eric Schneiderman’s Replacement, Nike Shakeup: Broadsheet May 9",fortune.com
2018-05-09,South African provincial premier steps down after protests,reuters.com
2018-05-09,"Seeking Insights into Rare Diseases, Pfizer Scales AI Analytics Platform - CIO Journal. - WSJ",wsj.com
2018-05-09,Oracle to Launch Internet ‘Weather Map’,wsj.com
2018-05-09,Survey: Chipotle Still in Taco Hell,wsj.com
2018-05-09,"How a Supreme Court Decision This Spring Could Cut Union Rolls by 726,000 - Real Time Economics - WSJ",wsj.com
2018-05-09,"WSJ Wealth Adviser Briefing: College Summer Melt, Blockchain, Jorts",wsj.com
2018-05-09,Democratic donors are pushing former Massachusetts Gov. Deval Patrick to run for president in 2020,cnbc.com
2018-05-09,A Single Set of Rockefeller Porcelain Just Sold for $1.8 Million at Auction,fortune.com
2018-05-09,Billionaire Ray Dalio shares a simple 5-step formula for new graduates (or anyone) to succeed,cnbc.com
2018-05-09,The Morning Download: AI Startup ThoughtSpot Raises $145 Million,wsj.com
2018-05-09,Gunman Fires Inside Brussels Midi Train Station During Rush-Hour Commute,fortune.com
2018-05-09,Rapper Dr. Dre Loses Three-Year Trademark Battle Against Gynecologist Dr. Drai,fortune.com
2018-05-09,GOP congressmen have a rough night in primary elections,cnbc.com
2018-05-09,Shareholders Force Gun Company to Prepare Report on the Risks of Selling Guns,fortune.com
2018-05-09,Yankees and Red Sox to play in England as Major League Baseball announces historic London deal,cnbc.com
2018-05-09,"WSJ City: Trump’s Gamble on Iran, Vodafone to Create European Telecoms Giant",wsj.com
2018-05-09,This chart shows financial stocks are prime for a breakout,cnbc.com
2018-05-09,raceAhead: The Congressional Black Caucus Visits Silicon Valley,fortune.com
2018-05-09,Brexit & Beyond:Europe Faces Tall Task to Preserve Iran Deal - MoneyBeat - WSJ,wsj.com
2018-05-09,Mormon Church Cuts Ties With Boy Scouts Following Recently-Announced Changes,fortune.com
2018-05-09,How China’s Laser Attacks on the U.S. Military Could Cause a Serious Conflict,fortune.com
2018-05-09,Why Disney Can Thank ‘Black Panther’ for a Great Second Quarter,fortune.com
2018-05-09,Investors Sour on International Stock Funds,wsj.com
2018-05-09,Pizza Hut Expands Beer Delivery Experiment,fortune.com
2018-05-09,Asia poised for steady open after Trump announces plan to withdraw from Iran deal,cnbc.com
2018-05-09,The Morning Ledger: CEO Pay Hits New Postrecession High,wsj.com
2018-05-09,Sears shares jump as much as 22% on Amazon tire deal,cnbc.com
2018-05-09,The Euro Slide Feels Like Déjà Vu - MoneyBeat - WSJ,wsj.com
2018-05-09,Why It Makes Sense For Facebook to Move Into the Brave New World of Blockchain,fortune.com
2018-05-09,"Why Reddit, Pornhub, and Many Other Websites Are Going on ‘Red Alert’ for Net Neutrality",fortune.com
2018-05-09,Congo Declares Ebola Outbreak After 17 People Die From Virus,fortune.com
2018-05-09,How Will U.S. Sanctions Against Iran Play Out This Time?—Energy Journal,wsj.com
2018-05-09,Satire: Allen Iverson Tired of Being Promised as Solution to World’s Problems,fortune.com
2018-05-10,"With Trump's infrastructure plan on ice, Republicans have no major legislative agenda this year",cnbc.com
2018-05-10,"WSJ City: RBS Agrees $4.9 Billion U.S. Settlement, Investors Await BOE’s Interest Rate Plan - MoneyBeat - WSJ",wsj.com
2018-05-10,"Term Sheet — Thursday, May 10",fortune.com
2018-05-10,Thousands of Sexist AI Bots Could Be Coming. Here’s How We Can Stop Them.,fortune.com
2018-05-10,"Sorry, This Oil Route Is Closed Due to a Collapse in the Iran Deal—Energy Journal",wsj.com
2018-05-10,Consumer Inflation Pressures Are Still Modest,wsj.com
2018-05-10,That $1.2 Million Payment to Trump’s Lawyer Wasn’t Even a Drop in the Bucket for Novartis,fortune.com
2018-05-10,"Stocks making the biggest moves premarket: BKNG, FOXA, ROKU, F, GM, RBS, AMZN, V & more",cnbc.com
2018-05-10,Amazon is building a 'health & wellness’ team within Alexa as it aims to upend health care,cnbc.com
2018-05-10,Peace in North Korea Could Cost $2 Trillion If History Is a Guide,fortune.com
2018-05-10,Apple reportedly plans to offer new credit card with Goldman Sachs,cnbc.com
2018-05-10,Overdose 101: New York inmates trained to use opioid antidote kit,reuters.com
2018-05-10,Roku set to rocket higher after earnings show strong ad revenue,cnbc.com
2018-05-10,UPDATE 2-China set to trim 2018/19 soybean imports as trade row boosts prices,cnbc.com
2018-05-10,"Bahrain can be like the Hong Kong of the Middle East, commerce minister says",cnbc.com
2018-05-10,‘A Milestone Moment.’ Why RBS Is So Happy to Pay the U.S. a $4.9 Billion Fine,fortune.com
2018-05-10,‘Akin to a Dictatorship.’ Huge Pension Fund Calls on Mark Zuckerberg to Drop Facebook’s Dual-Class Share System,fortune.com
2018-05-10,The Morning Download: AI Is Only as Good as the Data You Feed It,wsj.com
2018-05-10,Oil traders and insurers are the latest weapons in UN efforts to enforce North Korea sanctions,cnbc.com
2018-05-10,"Splitsville (Thursday Crossword, May 10)",wsj.com
2018-05-10,Tinder-owner Match is a buy because threat from Facebook is not ‘material’: UBS,cnbc.com
2018-05-10,How restructuring Facebook lets Mark Zuckerberg make one of his favorite business moves,cnbc.com
2018-05-10,Varsity Math Week 139,wsj.com
2018-05-10,Wells Fargo reportedly pocketed fire and police department pension fund fee rebates,cnbc.com
2018-05-10,Aston Martin Targets Ferrari With Ultra-Luxury Lagonda Electric SUV,fortune.com
2018-05-10,"Embraer breakup complications are delaying its deal with Boeing, sources say",cnbc.com
2018-05-10,Israel launches one of its heaviest strikes in Syria since civil war began,cnbc.com
2018-05-10,Automakers Make Tons of Cash on Cheap Cars by Adding Luxury Features,fortune.com
2018-05-10,‘This Is a Special Night.’ North Korea Talks Yield First Major Diplomatic Coup for Trump,fortune.com
2018-05-10,"New Zealand's central bank governor strikes dovish tone, keeps rates on hold",cnbc.com
2018-05-10,Mahathir's shock Malaysian election win raises populist economics specter,reuters.com
2018-05-10,Spotify Removes R. Kelly From Its Playlists Due to New Hate Conduct Policy,fortune.com
2018-05-10,"Kodak’s Not-Quite ICO to Launch May 21, As the SEC Cracks Down",fortune.com
2018-05-10,USDA predicts record soybean exports despite China trade dispute,cnbc.com
2018-05-10,"WSJ City PM: Bank of England Holds Fire for Now, Economists Predict a 2020 Recession, Why RBS Is Investible Again - MoneyBeat - WSJ",wsj.com
2018-05-10,Ford will halt all production of its popular F-Series pickup,cnbc.com
2018-05-10,"Kevin O'Leary paid $2,800 for this denim jacket because of a lesson he learned from his savvy mom",cnbc.com
2018-05-10,Novartis CEO tells employees 'we made a mistake' in making deal with Trump lawyer Michael Cohen,cnbc.com
2018-05-10,FCC says 'net neutrality' rules will end in June,reuters.com
2018-05-10,Corruption Currents: Companies Under Scrutiny for Cohen Payments,wsj.com
2018-05-10,"AI, ZTE, RBS and BT: CEO Daily for May 10, 2018",fortune.com
2018-05-10,Creditors lead effort to sell Brazil's Odebrecht rail unit-sources,cnbc.com
2018-05-10,Argentina’s currency debacle puts its president in a tough spot as old wounds re-open,cnbc.com
2018-05-10,Facebook to launch news verification service in Brazil,cnbc.com
2018-05-10,Cuba Could Offer Hope for Investors in Iran,wsj.com
2018-05-10,"Creditors lead the efforts to sell Brazil's Odebrecht rail unit, sources say",cnbc.com
2018-05-10,Ford Promotes Jeff Lemmer to Chief Information Officer,wsj.com
2018-05-10,UPDATE 2-Creditors lead efforts to sell Brazil's Odebrecht rail unit- sources,cnbc.com
2018-05-10,You can sell your life insurance policy to an investor for a lump-sum payment,cnbc.com
2018-05-10,Artificial intelligence could help diagnose a deadly heart condition,cnbc.com
2018-05-10,"GRAINS-Wheat, soybeans, corn lower ahead of monthly USDA reports",cnbc.com
2018-05-10,"Matt Lauer, Rose McGowan, Visa: Broadsheet May 10",fortune.com
2018-05-10,Boeing's Middle East president says it will 'follow the lead' of the US government on Iran,cnbc.com
2018-05-10,Michael Cohen's lawyers say report alleging payments had 'numerous inaccurate statements',cnbc.com
2018-05-10,The Morning Ledger: Why Ford’s Bet on China Has Yet to Pay Off,wsj.com
2018-05-10,Trump returns to his campaign roots to take swings at Senate Democrats,cnbc.com
2018-05-10,Bahrain's oil minister warns of a potential 'supply crunch' following an investment slowdown,cnbc.com
2018-05-10,John Chambers: There are not enough American unicorns,cnbc.com
2018-05-10,The path forward for energy stocks is 'still to be seen': Portfolio Manager,cnbc.com
2018-05-10,Cyber security firm Avast down 3 percent in London debut,reuters.com
2018-05-10,AXA Equitable Holdings starts trading under $20,cnbc.com
2018-05-10,Disney's virtual reality jacket can make you feel buff without hitting the gym,cnbc.com
2018-05-10,The shocking Malaysian election result could hit Chinese investments,cnbc.com
2018-05-10,"Commerce Secretary Ross: We're trying to get China to buy more US goods, 'gaps' remain in talks",cnbc.com
2018-05-10,GRAINS-Wheat edges higher but gains muted ahead of USDA report,cnbc.com
2018-05-10,5 Questions With North Korea Expert Victor Cha - Washington Wire - WSJ,wsj.com
2018-05-10,Dropbox set to report first earnings after the bell,cnbc.com
2018-05-10,Brexit & Beyond: A Question for the EU That Can No Longer Be Ducked,wsj.com
2018-05-10,Take a look around Huawei's headquarters in China,cnbc.com
2018-05-10,FCC says net neutrality rules will end in June,cnbc.com
2018-05-10,"Ant Financial nears $10 billion equity raise, sources tell CNBC",cnbc.com
2018-05-10,"RPT-UPDATE 1-Creditors lead the efforts to sell Brazil's Odebrecht rail unit, sources say",cnbc.com
2018-05-10,AXA Equitable CEO on IPO,cnbc.com
2018-05-10,Bill Gates struggled to quit this bad habit to make sure Microsoft was a success,cnbc.com
2018-05-10,UPDATE 3-Creditors lead efforts to sell Brazil's Odebrecht rail unit -sources,cnbc.com
2018-05-10,Why Boeing and Airbus Stand to Lose Billions of Dollars Due to New Iran Sanctions,fortune.com
2018-05-10,Secretary of State Pompeo to press allies to pressure Iran to renegotiate: US officials,cnbc.com
2018-05-10,"Trump’s trade war rhetoric is mere ‘propaganda,’ says CEO of Chinese private equity fund",cnbc.com
2018-05-10,raceAhead: Making Mother’s Day More Inclusive,fortune.com
2018-05-10,How to send money with Gmail from your iPhone,cnbc.com
2018-05-10,"Investors are missing perspective, says strategist",cnbc.com
2018-05-10,"Malaysia's Mahathir, 92, is set to return to power after a historic election win",cnbc.com
2018-05-10,A Question for the EU That Can No Longer Be Ducked,wsj.com
2018-05-10,Daring missile strike by Iran signals it could become more aggressive and do everything it can to skirt US sanctions,cnbc.com
2018-05-10,European markets open mixed ahead of BOE rate decision,cnbc.com
2018-05-10,US weekly jobless claims hover near 48-year low,cnbc.com
2018-05-10,"Oil prices risk spiking to $100 next year, Bank of America analysts say",cnbc.com
2018-05-10,"Bitcoin could soar as high as $64,000 next year, investment research firm Fundstrat predicts",cnbc.com
2018-05-10,Apple Planned to Build a $1 Billion Green Data Center in Ireland. Then 3 Years of Delays Killed It,fortune.com
2018-05-10,Nurse charged in death of former Trump advisor HR McMaster's father,cnbc.com
2018-05-10,"Stocks to Watch: Tesla, Ford, Fox, Booking Holdings, Qualcomm, Nvidia, Roku, Wells Fargo, L Brands - MoneyBeat - WSJ",wsj.com
2018-05-10,De Beers tracks diamonds through supply chain using blockchain,reuters.com
2018-05-10,"Meet Cullinan, the First Rolls-Royce SUV",fortune.com
2018-05-10,AT&T: Mueller contacted us...,reuters.com
2018-05-10,US consumer prices rebound modestly in April,cnbc.com
2018-05-10,Undetectable Commands for Apple’s Siri and Amazon’s Alexa Raise Serious Security Risks,fortune.com
2018-05-10,"Everything's awesome again, so is it all clear to buy stocks?",cnbc.com
2018-05-10,Donald Trump to Meet With North Korea’s Kim Jong Un on June 12 in Singapore,fortune.com
2018-05-10,Benioff: MuleSoft Purchase ‘Critical’ to Salesforce Strategy - CIO Journal. - WSJ,wsj.com
2018-05-10,FCC Announces When Net Neutrality Will Cease to Exist,fortune.com
2018-05-10,How tech CEO Pony Ma became the richest man in China,cnbc.com
2018-05-10,Big Brewers Take a Hit to the Gut as Americans Move Away From Beer,fortune.com
2018-05-10,North Korea airline plans new China charter flights amid diplomatic thaw,cnbc.com
2018-05-10,Real Time Economics: China’s Shopping List | Rising Costs Squeeze Businesses | California Insists On Solar,wsj.com
2018-05-10,Laughing All the Way to New Zealand’s Central Bank,wsj.com
2018-05-10,"WSJ Wealth Adviser Briefing: Insider Trading, New Broker Rules, Kanye Tweets - MoneyBeat - WSJ",wsj.com
2018-05-10,Legendary Hong Kong tycoon Li Ka-shing hands corporate reins to son,cnbc.com
2018-05-10,US sanctions Iran currency network after Trump pulls out of nuclear deal,cnbc.com
2018-05-10,Senator John McCain says he opposes Trump's CIA nominee,cnbc.com
2018-05-10,"Japan's Panasonic sees 11.7 percent profit increase, in line with estimates",reuters.com
2018-05-10,Trump welcomes back Americans freed by North Korea,cnbc.com
2018-05-10,"Robinhood overthrows E-trade in user numbers, announces $5.6 billion valuation",cnbc.com
2018-05-10,The Top 5 Tech Products Moms Want for Mother’s Day,fortune.com
2018-05-10,Safe to buy stocks again? 9 trades,cnbc.com
2018-05-10,Comcast is said to include $2.5 billion break-up fee in Fox bid,cnbc.com
2018-05-11,Cramer: Investors are waking up to the 'terribly inefficient' oil market,cnbc.com
2018-05-11,"Asian shares look set for gains, tracking Wall Street's rally",cnbc.com
2018-05-11,Emerging-Market Troubles May Not Be Over - MoneyBeat - WSJ,wsj.com
2018-05-11,Fan Favorite ‘Brooklyn Nine-Nine’ May Have Suitors After Its Cancellation by Fox,fortune.com
2018-05-11,"Cramer: Facebook, Amazon and Apple's quarters kickstarted this market rally",cnbc.com
2018-05-11,Elon Musk has big plans for the new Falcon 9 rocket that SpaceX just launched successfully,cnbc.com
2018-05-11,Come Let’s Bid on Rockefeller Candlesticks - MoneyBeat - WSJ,wsj.com
2018-05-11,How China is working hard to be less reliant on US farmers,cnbc.com
2018-05-11,Consumer sentiment holds steady in May as Americans anticipate Fed rate hikes,cnbc.com
2018-05-11,The Morning Ledger: Europe Readies For Battle Over Data Privacy,wsj.com
2018-05-11,Faltering Chinese soybean demand dents Brazil's chances of trade war bonanza,cnbc.com
2018-05-11,"JP Morgan upgrades Verizon, says hefty dividend and 5G plans will boost shares",cnbc.com
2018-05-11,AT&T CEO Says Hiring Michael Cohen Was a “Big Mistake.” But Its Merger With Time Warner Isn’t in Any Worse Shape.,fortune.com
2018-05-11,Ex-HHS secretary: Trump's push for higher drug prices abroad won't lead to lower US costs,cnbc.com
2018-05-11,"Michael Cohen gets headlines, but another Trump associate makes his mark lobbying for the likes of Alphabet and Tesla",cnbc.com
2018-05-11,"WSJ City PM: How Iranian Oil Squeeze Could Upset OPEC Deal, Barclays CEO Fined, Silverlake’s £2.2 Billion Property Play",wsj.com
2018-05-11,"Jeff Bezos on AI: Autonomous weapons are ‘genuinely scary,’ robots won’t put us all out of work",cnbc.com
2018-05-11,"So That’s Your Game (Crossword Contest, May 11)",wsj.com
2018-05-11,Trump to sit down with major automakers to discuss fuel efficiency standards,cnbc.com
2018-05-11,Investors waking to 'terribly inefficient' oil market,cnbc.com
2018-05-11,"Nvidia stock slides on concerns about crypto, and now it’s nearing a key level",cnbc.com
2018-05-11,Energy Journal: Iran Deal Collapse Is Messing Up the Oil Order,wsj.com
2018-05-11,UPDATE 2-Embraer breakup complications are delaying its deal with Boeing -sources,cnbc.com
2018-05-11,AT&T's Michael Cohen payment underscores the importance of the Time Warner acquisition verdict,cnbc.com
2018-05-11,Europe Bristles at Quota Comeback,wsj.com
2018-05-11,Metals Investors Had Nowhere to Hide in Volatility Surge,wsj.com
2018-05-11,GOP Sen. Pat Toomey: President Trump doesn't have the authority to exit NAFTA,cnbc.com
2018-05-11,Cramer: Investors are waking up to the 'terribly inefficient' oil market,cnbc.com
2018-05-11,"Stocks making the biggest moves premarket: NVDA, DBX, YELP, NWSA, TRI, RDFN & more",cnbc.com
2018-05-11,"GameStop CEO resigns after three months, shares drop",cnbc.com
2018-05-11,Nafta’s Deadline | The Next Recession | American Goods Held Up at Chinese Ports,wsj.com
2018-05-11,Brexit & Beyond: Europe Bristles at Quota Comeback,wsj.com
2018-05-11,Get ready for $100 a barrel oil and the conflict it represents,cnbc.com
2018-05-11,Apple made more profit in three-months than Amazon has generated during its lifetime,cnbc.com
2018-05-11,Low risk of rollback in Chinese investment in Malaysia: Researcher,cnbc.com
2018-05-11,EMERGING MARKETS-Argentina's peso slides again; central bank intervenes,cnbc.com
2018-05-11,How 2 'Shark Tank' entrepreneurs transformed a class project idea into a national retail success,cnbc.com
2018-05-11,Corruption Currents: AT&T CEO Admits Cohen Payment a ‘Big Mistake’,wsj.com
2018-05-11,IBM Thinks Blockchain Will Solve Facebook’s Data Problems,fortune.com
2018-05-11,Intel and Amazon are crushing it this year. Here’s how much better it could get,cnbc.com
2018-05-11,Walmart's $16 billion deal for Flipkart a sign US companies are looking to India for deals,cnbc.com
2018-05-11,Trump to propose Medicare drug plans share some manufacturer rebates with patients,cnbc.com
2018-05-11,Sabesp: 1Q Earnings Snapshot,cnbc.com
2018-05-11,"Bank of Canada, TMX say blockchain feasible for securities settlement",reuters.com
2018-05-11,"Positive prospects for biotech giants Biogen, Celgene, Gilead and Regeneron",cnbc.com
2018-05-11,"Apple is almost a $1 trillion company, but watch out for Amazon",reuters.com
2018-05-11,Mercedes Wants to Borrow Money From You. Should You Bite?,wsj.com
2018-05-11,Nvidia Stock Falls From All-time High on Cryptocurrency Fears,fortune.com
2018-05-11,"Stocks to Watch: Dropbox, Nvidia, Alphabet, Facebook, Verizon, Yelp, Symantec, Trade Desk - MoneyBeat - WSJ",wsj.com
2018-05-11,"Cramer's lightning round: Unfortunately, now is the time to own defense stocks",cnbc.com
2018-05-11,"Russia Remains Chief Sanctions Risk for Companies, Banks",wsj.com
2018-05-11,"Chipmaker Nvidia sees fewer crypto miners, more gamers in future",cnbc.com
2018-05-11,"Final Trade: EWZ, XRX & more",cnbc.com
2018-05-11,Trump to Unveil Plan to Curb Drug Prices - Washington Wire - WSJ,wsj.com
2018-05-11,Wall Street still loves Nvidia despite chipmaker’s prediction of plunging crypto-mining sales,cnbc.com
2018-05-11,US and Chinese officials to meet in Washington on Friday to discuss trade dispute: US official,cnbc.com
2018-05-11,"Symantec loses a third of its value after news of internal audit, on pace for worst day in 17 years",cnbc.com
2018-05-11,"UPDATE 5-Ryan sets May 17 deadline for NAFTA deal, Mexico sees time running short",cnbc.com
2018-05-11,"The 10 cities with the most jobs for recent college grads, according to LinkedIn",cnbc.com
2018-05-11,"Markets haven’t fully discounted risks from rising oil prices, says Ron Insana",cnbc.com
2018-05-11,"We're trading off vouchers for small business connections with Groupon Plus, Groupon CEO says",cnbc.com
2018-05-11,"St. Louis Fed's Bullard says rates already near neutral, no more raises needed",cnbc.com
2018-05-11,"Gasoline prices could see summer spike, with prices at 4-year highs and record demand",cnbc.com
2018-05-11,Abu Dhabi Global Market launches overseas in Beijing,cnbc.com
2018-05-11,"Our new drug could drastically change hemophilia patients' lives, BioMarin CEO says",cnbc.com
2018-05-11,"WSJ City: US Moves to Cut Iran from World Economy, Buybacks Support Jittery Stock Market",wsj.com
2018-05-11,State Street’s ‘Fearless’ Advocacy for Board Diversity,wsj.com
2018-05-11,White House aide mocked a 'dying' Sen. John McCain,cnbc.com
2018-05-11,Panasonic executives reportedly cautious about future Tesla commitments,cnbc.com
2018-05-11,Facebook is reportedly 'very serious' about launching its own cryptocurrency,cnbc.com
2018-05-11,AT&T CEO says hiring Trump lawyer Michael Cohen was a 'big mistake',cnbc.com
2018-05-11,BRF: 1Q Earnings Snapshot,cnbc.com
2018-05-11,The Morning Download: AI Takes National Stage With White House Meeting,wsj.com
2018-05-11,The Promise and Current State of Blockchain,wsj.com
2018-05-11,"Malaysian's Mahathir says king is willing to pardon Anwar, paving way for him to become PM",cnbc.com
2018-05-11,Rupert Murdoch's News Corp posts 6% rise in quarterly revenue,cnbc.com
2018-05-11,WSJ's Financial Inclusion Challenge Winner: Hope Credit Union,wsj.com
2018-05-11,China to boost soybean production,cnbc.com
2018-05-11,Get ready 'cause the market's heading higher: PNC Financials Strategist,cnbc.com
2018-05-11,What Your CEO Is Reading: Killer AI; Kansans Not In Kansas Anymore; AI Alchemy,wsj.com
2018-05-11,Fundstrat technician sees a big breakout for bitcoin in the charts,cnbc.com
2018-05-11,"Bitcoin drops to 3-week low, other cryptos plunge after prosecutors raid largest Korean exchange",cnbc.com
2018-05-11,"Cramer's lightning round: Unfortunately, now is the time to own defense stocks",cnbc.com
2018-05-11,"As the broad market rallies, Dow stock Exxon could be the ultimate catch-up trade",cnbc.com
2018-05-11,"WSJ Wealth Adviser Briefing: CEO Pay, MetLife Pensions, Overworked Parents",wsj.com
2018-05-11,For Medicare enrollees Trump's drug price proposal can’t come soon enough,cnbc.com
2018-05-11,RPT-Faltering Chinese soybean demand dents Brazil's chances of trade war bonanza,cnbc.com
2018-05-11,"CFO Moves: Discovery, Mosaic",wsj.com
2018-05-11,Ex-Israeli PM Ehud Barak: Iran suspects that Trump may be looking for an excuse to strike its nuclear assets,cnbc.com
2018-05-11,Cramer Remix: The one thing that’s keeping the market from tanking,cnbc.com
2018-05-11,Your credit score may have just jumped. Here's why,cnbc.com
2018-05-11,"Wall Street is underestimating how strong this tech rally really is, strategist says",cnbc.com
2018-05-11,Alphabet is considering investing in Flipkart alongside Walmart -- insiders explain why,cnbc.com
2018-05-11,Sarah Jessica Parker on the #MeToo #TimesUp Movement,wsj.com
2018-05-11,"Facebook, Amazon & Apple kickstarted this rally",cnbc.com
2018-05-11,The Gender Pay Gap Is a Lot Bigger You Think,wsj.com
2018-05-11,Homeland Security chief Kirstjen Nielsen was close to resigning after Trump 'lit into her',cnbc.com
2018-05-11,Bank of America Confronts AI’s ‘Black Box’ With Fraud Detection Effort,wsj.com
2018-05-11,"Cramer vets biotech giants Biogen, Celgene, Gilead and Regeneron for positive prospects",cnbc.com
2018-05-11,White House: AT&T's payments to Trump lawyer Michael Cohen 'the definition of draining the swamp',cnbc.com
2018-05-12,Google sister company Verily is working on a device to collect blood using tiny needles and magnets,cnbc.com
2018-05-12,Cramer's game plan: Strong consumer spending could drive upside surprises,cnbc.com
2018-05-12,"Top analytics company grew its market opportunity 'fivefold' using the cloud, CEO says",cnbc.com
2018-05-12,"We've barely scratched the surface of our data opportunity, says CEO of huge logistics REIT",cnbc.com
2018-05-12,Cramer's lightning round: Sell Priceline parent on pricing pressure,cnbc.com
2018-05-12,Cramer: Forget Nvidia's slowing crypto franchise—this best-in-show stock is a buy,cnbc.com
2018-05-12,"In an interplanetary first, NASA to fly a helicopter on Mars",reuters.com
2018-05-12,4 Mother's Day gifts that will last all year round,cnbc.com
2018-05-12,Cramer compares Michael Kors and Molson Coors and picks the better stock,cnbc.com
2018-05-12,Cramer's lightning round: Sell Priceline parent on pricing pressure,cnbc.com
2018-05-12,Why the Best Leaders Give Their Power Away,fortune.com
2018-05-12,Michael Kors vs. Molson Coors: The better stock,cnbc.com
2018-05-12,Nvidia: Best-in-show stock a buy,cnbc.com
2018-05-12,Walmart may launch IPO for India's Flipkart in as early as four years,cnbc.com
2018-05-12,Cramer's game plan: Strong consumer spending could drive upside surprises,cnbc.com
2018-05-12,"GOP senator: There are no bad actors in the drug industry, just horrible incentives",cnbc.com
2018-05-12,Cramer compares Michael Kors and Molson Coors and picks the better stock,cnbc.com
2018-05-12,12th,wsj.com
2018-05-12,Iraqis start voting in first election since defeating Islamic State,cnbc.com
2018-05-12,EMERGING MARKETS-Argentina peso hits record low; central bank intervenes,cnbc.com
2018-05-12,Cramer: Forget Nvidia's slowing crypto franchise—this best-in-show stock is a buy,cnbc.com
2018-05-12,"Seven Sages (Saturday Puzzle, May 12)",wsj.com
2018-05-12,Strong consumer spending could drive upside surprises,cnbc.com
2018-05-12,Apple Eyes Drones as 6.5-Inch iPhone Comes Into Focus,fortune.com
2018-05-12,"Putting Mother First (Saturday Crossword, May 12)",wsj.com
2018-05-13,‘Avengers: Infinity War’ Wins Mother’s Day Weekend Box Office,fortune.com
2018-05-13,What the Michael Cohen scandal reveals about corporate lobbying in the age of Trump,cnbc.com
2018-05-13,UAE energy minister says OPEC not targeting a certain oil price,cnbc.com
2018-05-13,Top Republican says White House should condemn aid who mocked McCain,reuters.com
2018-05-13,"Odebrecht, nucleus of mega-graft scandal, tries to go clean",cnbc.com
2018-05-13,Tesla board is facing shareholder scrutiny -- here's why,cnbc.com
2018-05-13,"Trump Says He’s Working With Xi Jinping to Get ZTE ‘Back Into Business, Fast’",fortune.com
2018-05-13,Tim Cook’s Duke Commencement Speech Emphasizes Tech Privacy,fortune.com
2018-05-13,"Bullish investors have a lock on the oil market, putting $100 a barrel in play, market veteran says",cnbc.com
2018-05-14,Iran Could Benefit From the Brewing U.S.-Europe Nuclear Deal Dispute,fortune.com
2018-05-14,Waymo tells police how to break into and disable its self-driving cars,cnbc.com
2018-05-14,Robotics transforming industries from warehousing to agriculture,cnbc.com
2018-05-14,Gaming Stocks Jump After Supreme Court Ruling,wsj.com
2018-05-14,American tech companies have up to $150 billion at stake in the China-US trade fight,cnbc.com
2018-05-14,Trump’s Lifeline to China | U.S. Readies Sanctions on Europeans | Gasoline Heads Toward $3,wsj.com
2018-05-14,"Having trouble finding this market's path, says strategist",cnbc.com
2018-05-14,Deadly protests erupt over the US Embassy move to Jerusalem,cnbc.com
2018-05-14,Economists rethink oil prices and the economy,cnbc.com
2018-05-14,Tesla registers Shanghai electric car firm ahead of ownership rule change,reuters.com
2018-05-14,"Share and Share Alike (Monday Crossword, May 14)",wsj.com
2018-05-14,US inflation taking a back seat to wages: TS Lombard,cnbc.com
2018-05-14,Goldman: Something strange is happening with the US economy that could cause interest rates to jump,cnbc.com
2018-05-14,China set to deliver world's largest amphibious aircraft by 2022: Chinese state media,cnbc.com
2018-05-14,Cramer on Apple CEO Tim Cook's privacy pitch,cnbc.com
2018-05-14,Tesla Model S hits truck in Utah,cnbc.com
2018-05-14,Netflix mapped connections between what people watch to help scope out new shows,cnbc.com
2018-05-14,Saving ZTE Isn’t Just About Chinese Jobs. Americans Firms Also Have a Lot to Lose,fortune.com
2018-05-14,This is the breakout move that will take Apple to $1 trillion,cnbc.com
2018-05-14,China may remove tariffs on agricultural products in exchange for relief for ZTE,cnbc.com
2018-05-14,"Investors can learn some lessons from pro athletes’ financial foul-ups, says former NBA player",cnbc.com
2018-05-14,Dow rises more than 100 points,cnbc.com
2018-05-14,US Supreme Court rules for New Jersey in state's fight to legalize sports betting,cnbc.com
2018-05-14,The Morning Download: Explores Ethics of AI,wsj.com
2018-05-14,OPEC’s Oil Production Crept Up Last Month—Energy Journal - MoneyBeat - WSJ,wsj.com
2018-05-14,Elon Musk Is Restructuring Management at Tesla,fortune.com
2018-05-14,"Facebook just entered a 'death cross,' which could signal a failed relief rally: Piper Jaffray",cnbc.com
2018-05-14,Uber Rival Didi Secures Autonomous Vehicle Testing Permit For California,fortune.com
2018-05-14,These states pay women much less than men,cnbc.com
2018-05-14,Aurora to buy MedReleaf for $2.5 billion in pot mega-merger,cnbc.com
2018-05-14,UPS shares to rise 25% from automation and price increases: Analyst,cnbc.com
2018-05-14,UPDATE 1-South Africa's Astral Foods H1 profit jumps more than five fold - Reuters,reuters.com
2018-05-14,"WSJ Wealth Adviser Briefing: Cupcakes, Slack, Rockefeller Art",wsj.com
2018-05-14,Goldman: These 7 growth stocks — including Amazon — should rally even in a flattish market,cnbc.com
2018-05-14,ZTE employees in China cheer Trump tweet,reuters.com
2018-05-14,Energy posting longest weekly win streak since September 2017,cnbc.com
2018-05-14,Dutch government to phase out use of Kaspersky anti-virus software,reuters.com
2018-05-14,Firms not changing behavior based on trade fears: Fed's Mester,cnbc.com
2018-05-14,Puerto Rico bondholders pitch deal that could resolve a big dispute in island's debt restructuring,cnbc.com
2018-05-14,"China's Leshi warns of severe cash crunch, possible loss of key unit's control",reuters.com
2018-05-14,Don’t Count on This Earnings Bonanza Lasting - MoneyBeat - WSJ,wsj.com
2018-05-14,CBS sues controlling shareholder National Amusements over proposed Viacom deal,cnbc.com
2018-05-14,Corruption Currents: Can Europe Save Nuclear Deal With Iran? - Risk & Compliance Journal. - WSJ,wsj.com
2018-05-14,Fed's Mester reiterates support for gradual US rate increases,cnbc.com
2018-05-14,"WSJ City: Italy’s Anti-Establishment Parties Agree Government Program, Trump Offers Lifeline to Sanctioned Chinese Firm ZTE",wsj.com
2018-05-14,Discussing President Trump's 'transactional approach',cnbc.com
2018-05-14,Electrified roads: Swedish project could slash cost of electric vehicles,reuters.com
2018-05-14,raceAhead: John McCain is Dying And It Matters,fortune.com
2018-05-14,Political Upstarts Reach Pact to Govern Italy,wsj.com
2018-05-14,Fundamentals-driven flows will continue to steer the market: Economist,cnbc.com
2018-05-14,"WSJ City PM: Goldman and Tesla Plan Senior Shake-Ups, Bulls Favour US Over Europe",wsj.com
2018-05-14,The Morning Risk Report: Barclays Case Highlights Challenge for Boards - Risk & Compliance Journal. - WSJ,wsj.com
2018-05-14,"Stocks making the biggest moves premarket: XRX, F, WMT, JPM, HSBC, GOOGL & more",cnbc.com
2018-05-14,The Morning Ledger: U.S. Executives to Speak Out Against China Tariffs,wsj.com
2018-05-14,"Stocks set to rally at the open, giving Dow a shot at extending 7-day win streak",cnbc.com
2018-05-14,Catalonia parliament elects Quim Torra as new regional leader,reuters.com
2018-05-14,Commerce chief Ross: 'Strong personal relationship' between Trump and Xi key to trade talks,cnbc.com
2018-05-14,"WHO says 19 dead, 39 infected so far in Congo Ebola outbreak",cnbc.com
2018-05-14,"Stocks to Watch: Tesla, Alphabet, Xerox, Sears, Qualcomm, NXP, Walmart, JPMorgan, Ford, HP - MoneyBeat - WSJ",wsj.com
2018-05-14,Rare Rolex known as 'The Unicorn' sells for $5.9 million,cnbc.com
2018-05-14,Rubio says Trump's reversal on ZTE is a national security risk,cnbc.com
2018-05-14,Tariffs to take a toll on retail,cnbc.com
2018-05-14,The bond market is doing something it hasn’t done since 2007 — and could be signaling a recession,cnbc.com
2018-05-14,Xerox abandons planned deal with Fujifilm in a victory for activist investors Icahn and Deason,cnbc.com
2018-05-14,"Giants QB Eli Manning on trial, accused of conspiring to sell bogus 'game-used' helmets",cnbc.com
2018-05-14,Money is flowing into passively managed bond funds,cnbc.com
2018-05-14,Conoco has seized Venezuela PDVSA products from the Isla refinery: Curacao,cnbc.com
2018-05-14,Chinese official: Trade war is not a solution,cnbc.com
2018-05-14,Billionaire Ron Baron: We're going to make '20 times our money' in Tesla,cnbc.com
2018-05-14,"Male Movie Stars Should Take a Pay Cut If They’re Serious About Gender Equality, Salma Hayek Says",fortune.com
2018-05-14,Facebook suspends 200 apps in an investigation of apps that had access to large quantities of user data,cnbc.com
2018-05-14,Southwest Airlines Flight Experiences ‘Pressurization’ Issue Before Landing in Dallas,fortune.com
2018-05-14,This Pharma Deal Was a Round Trip,wsj.com
2018-05-14,"Amazon Alexa Is Coming to TiVo’s Bolt, Roamio, and Premiere DVRs",fortune.com
2018-05-14,Brexit & Beyond: Political Upstarts Reach Pact to Govern Italy,wsj.com
2018-05-14,UPDATE 1-Tesla executive Schwall joins Alphabet's Waymo,cnbc.com
2018-05-14,Are Ether Futures Next?,wsj.com
2018-05-14,Peace talks ignite land buying frenzy along South Korea's fortified border,cnbc.com
2018-05-14,Chinese insurers turn shadow lenders for higher returns,reuters.com
2018-05-14,How Trump Can Get Our China Trade Policy Back on Track,fortune.com
2018-05-14,U.S. Opens Embassy in Jerusalem | Cohen’s Mixed Consulting Results | Behind Trump’s Attitudes on North Korea and Iran - Washington Wire - WSJ,wsj.com
2018-05-15,Primaries: What to Watch | The Situation in the Middle East | China Trade Talks | Nafta Hurdles - Washington Wire - WSJ,wsj.com
2018-05-15,"EMERGING MARKETS-Mexico peso weakens on NAFTA, Argentine peso hits new low",cnbc.com
2018-05-15,"10-year at 7-year highs a 'call to action,' says Wells Fargo",cnbc.com
2018-05-15,What’s Polarizing China’s Bond Market?,wsj.com
2018-05-15,Modigliani painting fetches more than $157 million at auction,cnbc.com
2018-05-15,"Amazon's US sales to match Walmart's within three years, JP Morgan predicts",cnbc.com
2018-05-15,GRAINS-U.S. wheat futures fall as crops improve; soy weak; corn firm,cnbc.com
2018-05-15,"Gold just hit its lowest level of the year, and it's about to get worse",cnbc.com
2018-05-15,The Morning Risk Report: Companies Look for Nontraditional Directors,wsj.com
2018-05-15,Brazil's real continues its slump amid election uncertainty,cnbc.com
2018-05-15,Europe’s Largest Economy Cools Sharply,wsj.com
2018-05-15,North Korea reportedly cancels scheduled meeting with South Korea because of US military exercises,cnbc.com
2018-05-15,FedEx CIO Says Blockchain a ‘Game Changer’ for Supply Chain Visibility,wsj.com
2018-05-15,UPDATE 1-Stake sale helps lift UAE's Aldar Properties first-quarter profit - Reuters,reuters.com
2018-05-15,China to inspect 84 Brazil meatpacking plants for export clearance,cnbc.com
2018-05-15,"WSJ Wealth Adviser Briefing: Nest Eggs, Notes, $275 Jeans",wsj.com
2018-05-15,Uber will not require sexual assault victims to sign confidentiality deals,reuters.com
2018-05-15,Keyless Cars Can Have Deadly Consequences,fortune.com
2018-05-15,US and China are still 'very far apart' on trade: US ambassador,cnbc.com
2018-05-15,Two surgeons in China developing a method to transplant a human head,cnbc.com
2018-05-15,Brexit & Beyond: Europe’s Largest Economy Cools Sharply,wsj.com
2018-05-15,"Bull market on borrowed time, hedge fund manager Dan Niles warns",cnbc.com
2018-05-15,Cybersecurity Whistleblowers Are Growing Corporate Challenge,wsj.com
2018-05-15,Virtual Food Is Coming to a Menu Near You,fortune.com
2018-05-15,Negotiations are a 'healthy way' to address differences: Chinese vice foreign minister,cnbc.com
2018-05-15,North Korea Suspends Talks With South Over U.S. Military Drills,fortune.com
2018-05-15,"Tesla is 'moving in a good direction' with shutdown, says Venture capitalist Gene Munster",cnbc.com
2018-05-15,"WSJ City: U.S. and China Discussing ZTE and Agriculture Deal, Lies, Damn Lies and Inflation",wsj.com
2018-05-15,Cramer: 3 reasons why this market rally should be taken seriously,cnbc.com
2018-05-15,Coinbase Launches ‘Prime’ Service in Push to Lure Big Institutional Investors,fortune.com
2018-05-15,"Seattle backs new tax on largest companies, including Amazon",cnbc.com
2018-05-15,Discussing the challenges of denuclearizing North Korea,cnbc.com
2018-05-15,Tabasco Whiskey Is Coming. Are Your Tastebuds Ready?,fortune.com
2018-05-15,"Companies Find Value in Combining Compliance, Sustainability",wsj.com
2018-05-15,This strategist says a US-China trade war is unlikely,cnbc.com
2018-05-15,Apple’s Self-Driving Car Permits Outnumber Waymo’s and Tesla’s,fortune.com
2018-05-15,This CIO says policy changes in Malaysia will take time,cnbc.com
2018-05-15,Cuomo: Finger Lakes trash incinerator should be rejected,cnbc.com
2018-05-15,"Solid economy may not stay that way, says financial advisor. Here's how to protect your portfolio",cnbc.com
2018-05-15,Where Graduates Move After College - Wall Street Journal,wsj.com
2018-05-15,Stocks to buy on a down day: 5 trades,cnbc.com
2018-05-15,4 Reasons Why Morgan Stanley Slashed Tesla’s Price Target By 23%,fortune.com
2018-05-15,Rising rates could be problematic because the typical money manager working today has never dealt with them before,cnbc.com
2018-05-15,Tesla is shutting down Model 3 production for six more days,cnbc.com
2018-05-15,Lyft Follows Uber in Ending Forced Arbitration For Sexual Harassment Claims,fortune.com
2018-05-15,U.K. Braces for Rise in Serious Organized Crime,wsj.com
2018-05-15,EMERGING MARKETS-LatAm currencies extend selloff as U.S. bond yields spike,cnbc.com
2018-05-15,RWE first-quarter operating profit falls by 13 percent on weaker wholesale prices,cnbc.com
2018-05-15,The stupidity and greed of the market herd will hopefully keep me in business for the next 30 years,cnbc.com
2018-05-15,Investors Remain Skittish Despite Stock Rally,wsj.com
2018-05-15,Groups sue to stop Iowa's 'fetal heartbeat' abortion ban,reuters.com
2018-05-15,"WSJ City PM: US Companies Ramp Up Capex, Skittish Investors Remain Bullish, Why High CEO Pay Is Money for Nothing",wsj.com
2018-05-15,Billionaire hedge fund manager David Tepper reportedly close to finalizing deal for Carolina Panthers at record price,cnbc.com
2018-05-15,Cramer: Shake Shack shares are too expensive right now,cnbc.com
2018-05-15,Amazon and Fidelity Labs Collaborated on a Virtual Reality Financial Agent,fortune.com
2018-05-15,From Moscow to Zurich: Kaspersky Is Moving Customer Data Away from Russian Spies’ Reach,fortune.com
2018-05-15,"Caesars in 'best' position for sports betting, able to set up 'very quickly': CEO",cnbc.com
2018-05-15,Manufacturers See Blockchain Tracking 3-D-Printed Parts Through Supply Chains - CIO Journal. - WSJ,wsj.com
2018-05-15,"UPDATE 1-U.S., Japan to 'move rapidly' on trade deal - Hagerty",cnbc.com
2018-05-15,"Trump due to file financial disclosure, big question is mention of porn star Daniels hush money",cnbc.com
2018-05-15,"Friendly Embraces (Tuesday Crossword, May 15)",wsj.com
2018-05-15,Report: Google Employees Resigning Over Controversial Pentagon Contract,fortune.com
2018-05-15,Lava threatens Hawaii exit routes and could spur more evacuations,cnbc.com
2018-05-15,Middle East tensions weigh on oil markets,cnbc.com
2018-05-15,"Oracle vs Google, Tesla Decisions, Gap Gaffe: CEO Daily for May 15, 2018",fortune.com
2018-05-15,The ZTE situation is 'very special': Jefferies,cnbc.com
2018-05-15,Has EPA’s Pruitt Finally Gone Too Far?,wsj.com
2018-05-15,Toys 'R' Us to sell Geoffrey the Giraffe ... and sex-toys-r-us.com,cnbc.com
2018-05-15,Half of Americans can't pass this quiz on Social Security retirement benefits,cnbc.com
2018-05-15,Suzy Welch: Here's a clever little secret to managing your manager,cnbc.com
2018-05-15,Former JPMorgan head of blockchain announces new start-up,cnbc.com
2018-05-15,The Morning Download: FedEx CIO Says Blockchain Poised to Remake Corporate Logistics,wsj.com
2018-05-15,Business Investment Soars | Trump Nears a Deal With Job Switchers Get the Biggest Raises,wsj.com
2018-05-15,The one area of the market that may be secretly wishing for inflation: retail,cnbc.com
2018-05-15,Gap Has Apologized to China for a T-Shirt Featuring an ‘Incomplete’ Map. What Was It Missing?,fortune.com
2018-05-15,"Samsung in talks with ZTE, others to supply mobile processor chips: executive",reuters.com
2018-05-15,UPDATE 1-Bunge files to list Brazilian sugar and ethanol business,cnbc.com
2018-05-15,Rising Crude Prices Tempt Shale Oil Producers to Branch Out—Energy Journal,wsj.com
2018-05-15,raceAhead: Amazon Adopts ‘The Rooney Rule’,fortune.com
2018-05-15,Here’s What Tim Cook Wants Donald Trump to Know About Trade With China,fortune.com
2018-05-15,The Morning Ledger: Automation Frees Up Workers For More Creative Tasks,wsj.com
2018-05-15,Fired-Up Coal Rivals Oil’s Rise,wsj.com
2018-05-15,North Korea proposes inter-Korea talks on May 16: South Korean ministry,cnbc.com
2018-05-15,NBA star Amar'e Stoudemire shares his best advice for the young,cnbc.com
2018-05-15,SAS introduces high-speed Wi-Fi on flights to keep up with competitors,reuters.com
2018-05-15,Warren Buffett on Amazon’s cloud success: 'You do not want to give Jeff Bezos a 7-year head start',cnbc.com
2018-05-15,Goldman Sachs-backed start-up Circle introducing a crypto version of the US dollar,cnbc.com
2018-05-15,Are U.S. Consumers Finally Going Shopping With Their Tax Savings?,wsj.com
2018-05-15,This list of the 10 best cities to start your career doesn't include New York or Los Angeles,cnbc.com
2018-05-15,"Trump picks brother-in-law of Senate GOP leader McConnell, Transportation secretary Chao to run pension agency",cnbc.com
2018-05-16,"Trump's financial disclosure report released, says president 'fully reimbursed' MIchael Cohen",cnbc.com
2018-05-16,"Startups (Wednesday Crossword, May 16)",wsj.com
2018-05-16,Joins Whistleblower Suits Against Opioid Maker,wsj.com
2018-05-16,Michigan State Reaches Settlement With 332 Larry Nassar Victims,fortune.com
2018-05-16,How Much Contestants on ‘Survivor’ and Other Reality Shows Earn,fortune.com
2018-05-16,"Japan's economy shrinks in first quarter, ends 2-year run of growth - Reuters",reuters.com
2018-05-16,Weekly mortgage applications fall 2.7% even before rates spike,cnbc.com
2018-05-16,Cramer calls on investors to listen to Home Depot's conference call after earnings miss,cnbc.com
2018-05-16,"WSJ Wealth Adviser Briefing: Blockchain, Rising Dollar, Fake Ferrari",wsj.com
2018-05-16,Bain Capital Ventures Hires Sarah Smith As Firm’s First Female Partner,fortune.com
2018-05-16,"Brazilian coffee state boosts irrigation, adds crops after drought",cnbc.com
2018-05-16,US state attorneys general sue Purdue Pharma over opioid epidemic,cnbc.com
2018-05-16,Brexit & Beyond: ‘Rules of Origin’ Pose Challenge to Post-Brexit Trade - MoneyBeat - WSJ,wsj.com
2018-05-16,"Stocks making the biggest moves premarket: JNJ, SBUX, MMM, CHDN, ABAX, ROKU & more",cnbc.com
2018-05-16,Suicide Became the Second Leading Cause of Death for Young People in 2016. We Don’t Know Why,fortune.com
2018-05-16,White House trade adviser Navarro not expected to be one of the principal officials at China talks,cnbc.com
2018-05-16,GDPR: What Is It and How Might It Affect You?,wsj.com
2018-05-16,Trump Faulted for Failing to Disclose Payment to Stormy Daniels,fortune.com
2018-05-16,A striking stat about Wall Street’s ‘fear gauge’ sums up the new era of volatility,cnbc.com
2018-05-16,raceAhead: Happy Anniversary RaceAhead,fortune.com
2018-05-16,Elon Musk Hints That SpaceX and The Boring Company Could Be Working Together on a Transportation System,fortune.com
2018-05-16,"EMERGING MARKETS-Argentine peso, stocks recover after Lebac note auction",cnbc.com
2018-05-16,CORRECTED-GRAINS-Corn hits 6-day high as forecast rain expected to delay sowing,cnbc.com
2018-05-16,"The Morning Download: Blockchain, 3-D Printing May Converge in Supply Chain",wsj.com
2018-05-16,"North Carolina Teachers Strike, Demanding Higher Pay and Better Funding",fortune.com
2018-05-16,"US manufacturing output rises, while past months were revised lower",cnbc.com
2018-05-16,U.S. grain handler Bartlett to merge with logistics firm,cnbc.com
2018-05-16,"City PM: Italian Assets Under Pressure, Europe’s Earnings Growth Slows, Who’s Next in Emerging Turmoil?",wsj.com
2018-05-16,Cramer's lightning round: Take a pass on Bristol-Myers Squibb shares for now,cnbc.com
2018-05-16,Kentucky Derby firm Churchill Downs teams up with Golden Nugget to enter NJ sports betting and online gaming,cnbc.com
2018-05-16,Treasury Yields Hit Fresh Highs | Nafta Deadline Looms | The Economics of Taylor Swift and Ticket Scalpers,wsj.com
2018-05-16,"Nassar sex abuse victims, university reach $500 million settlement: attorneys",reuters.com
2018-05-16,David Einhorn's Greenlight takes on stakes in Office Depot and Abercrombie,cnbc.com
2018-05-16,Georgia Governor’s Race: 2018 Candidate Michael Williams Is Campaigning on a ‘Deportation Bus Tour’,fortune.com
2018-05-16,"Oil dips on signs of ample supply despite OPEC cuts, Iran sanctions",cnbc.com
2018-05-16,"WSJ City: North Korea Warns on US Summit, MPs Float ‘Big Four’ Breakup",wsj.com
2018-05-16,Novartis Is on a Journey,wsj.com
2018-05-16,"Stocks to Watch: Macy’s, Nordstrom, Disney, Amazon, Tesla, Fox, Oracle, AMD, Micron, Monsanto, Helios - MoneyBeat - WSJ",wsj.com
2018-05-16,The Vatican Has Bad News For Nuns Active on Twitter,fortune.com
2018-05-16,"The Morning Risk Report: Combining Compliance, Sustainability Aids Businesses",wsj.com
2018-05-16,Altuve's 3-run double lifts Astros over Angels,reuters.com
2018-05-16,"Bitcoiners Take New York, but Wall Street Resists The Lure - MoneyBeat - WSJ",wsj.com
2018-05-16,The Supreme Court Killed a Prohibition on Sports Betting. Now Let the Mergers Begin,fortune.com
2018-05-16,"Watch ‘The Breakdown,’ Fortune’s Live News Show",fortune.com
2018-05-16,Remembering When Tom Wolfe Nailed Silicon Valley,fortune.com
2018-05-16,China's Didi axes social features from carpooling service after passenger murder,reuters.com
2018-05-16,Amazon Echo Dot Kids Edition Review: Fun for the Whole Family,fortune.com
2018-05-16,CIA Nominee Gina Haspel Poised to be Confirmed - Washington Wire - WSJ,wsj.com
2018-05-16,‘Full Frontal’s Samantha Bee Lures Advertisers With HQ-Style Mobile Game on Midterm Elections,fortune.com
2018-05-16,"Nvidia is one of few stocks in the market I’m interested in being long right now, says trader",cnbc.com
2018-05-16,Chinese Bank Unit to Pay Over Money-Laundering Compliance -,wsj.com
2018-05-16,The Airbnb of Cars Expands Into Equipment and Perks,fortune.com
2018-05-16,GRAINS-Corn hits 6-day high as rains delay sowing,cnbc.com
2018-05-16,"‘Wolf of Wall Street’ Jordan Belfort Isn’t Paying Debts, Prosecutors Say",fortune.com
2018-05-16,Home Depot Shrugs Off Winter Blues,wsj.com
2018-05-16,Watch embattled EPA chief Scott Pruitt testify before the US Senate,cnbc.com
2018-05-16,"Investors are going to buy bitcoin whether advisors like it or not, says financial pundit",cnbc.com
2018-05-16,The biggest risk to the bond market is not 3 percent yields: Wells Fargo,cnbc.com
2018-05-16,Senate Votes to Halt the Repeal of Net Neutrality Rules,fortune.com
2018-05-16,Here are the stocks the top-performing hedge funds are buying — including Chipotle,cnbc.com
2018-05-16,JP Morgan Tests Blockchain’s Capital Markets Potential - CIO Journal. - WSJ,wsj.com
2018-05-16,German prosecutors probing hack of energy firm last year,reuters.com
2018-05-16,Ramadan and Eid al-Fitr Decorations? Party City Is Discovering American Muslims’ Purchasing Power,fortune.com
2018-05-16,Corruption Currents: Will Pursue EU Sanctions After WTO Rules for Boeing,wsj.com
2018-05-16,EU heads discuss bold or fold strategy towards Trump tariffs,reuters.com
2018-05-16,Energy Journal: American Shoppers Shrug Off High Gas Prices,wsj.com
2018-05-16,Air France-KLM Thinks Having 3(!) CEOs Is a Great Idea,fortune.com
2018-05-16,Is This Area Atop Apple’s Short List of Second Campus Choices?,fortune.com
2018-05-16,U.S. judges weigh fate of program protecting young immigrants,reuters.com
2018-05-16,Germany’s Merck Breaks Down Currency Impact,wsj.com
2018-05-16,HPE and Nokia Want to Let You Sell Your Own Data on the Blockchain,fortune.com
2018-05-16,"David Letterman, Uber, Twitter: Broadsheet May 16",fortune.com
2018-05-16,Online fashion brand Lulus raises $120 million,cnbc.com
2018-05-16,"Brainstorm Health: Teen Suicide Attempt Spike, IQVIA Accuracy, Novartis Cohen Fallout",fortune.com
2018-05-16,Apple CEO Tim Cook Says Apple Music Has Over 50 Million Users,fortune.com
2018-05-16,‘Rules of Origin’ Pose Challenge to Post-Brexit Trade,wsj.com
2018-05-16,Amazon Prime Members Are Getting New Discounts at Whole Foods,fortune.com
2018-05-16,Here's everything you need to know about earnings from Macy's,cnbc.com
2018-05-16,Bill Ackman reveals size of United Technologies stake,cnbc.com
2018-05-16,Amazon Is Getting Closer to Picking a Site for HQ2,fortune.com
2018-05-16,Cryptocurrency Exchange Circle Valued at Nearly $3 Billion After Poloniex Deal,fortune.com
2018-05-16,Trump backs two successful US Senate nominees in primaries,cnbc.com
2018-05-16,Cramer: Disney's chart just flashed the scariest pattern in the book—but the stock could still go up,cnbc.com
2018-05-16,Cramer calls on investors to give Home Depot the benefit of the doubt after earnings miss,cnbc.com
2018-05-16,TRUMP: WE'LL SEE IF STILL ON...,cnbc.com
2018-05-16,Amazon Alexa Coders Can Now Use 8 Different Voices in Their Skills,fortune.com
2018-05-16,UPDATE 1-U.S. grain exporter Bartlett to merge with logistics firm,cnbc.com
2018-05-16,Trading the Time Warner Deal: 3 buys,cnbc.com
2018-05-16,YouTube Red’s New Web Series ‘Cobra Kai’ Tops the Streaming Charts Ahead of Netflix and Hulu,fortune.com
2018-05-16,"As Tesla hits the skids, one market watcher sees a ‘line in the sand’ for investors",cnbc.com
2018-05-16,Iran asks Chinese oil buyers to maintain imports after US sanctions,cnbc.com
2018-05-16,‘Serial’ Subject Will Be Focus of HBO Docuseries ‘The Case Against Adnan Syed’,fortune.com
2018-05-16,"Stocks could shed half their value next year, hedge fund manager Dan Niles warns",cnbc.com
2018-05-16,2 Cheesecake Factory Employees Are Out After Trump Hat Remarks,fortune.com
2018-05-16,‘Monster’ Black Hole Is Discovered That Consumes Mass Equivalent of the Sun Every 2 Days,fortune.com
2018-05-16,Financial Conditions Are Starting to Get Tighter - MoneyBeat - WSJ,wsj.com
2018-05-16,The Japanese Whisky Shortage Is Getting Serious,fortune.com
2018-05-17,Can Democrats Make Net Neutrality a Voting Issue?,wsj.com
2018-05-17,To Read New GDPR Privacy Policies You'll Need a Football Field,wsj.com
2018-05-17,Prince Harry and Meghan Markle don’t want wedding gifts—here's what they're asking for instead,cnbc.com
2018-05-17,Leading indicators up for sixth straight month,cnbc.com
2018-05-17,Roche says has had no contact with Trump lawyer Cohen,cnbc.com
2018-05-17,The last two times Walmart shares did this the stock saw a huge rally,cnbc.com
2018-05-17,How investors can close corporate America's gender gap—and see serious returns,cnbc.com
2018-05-17,Read All Those New Privacy Policies? Get a Football Field,wsj.com
2018-05-17,UPDATE 2-U.S. grain exporter Bartlett to merge with logistics firm,cnbc.com
2018-05-17,YouTube to launch new music streaming service on May 22,cnbc.com
2018-05-17,Oil Breaks Through $80 as Firms Exit Iran Due to U.S. Sanctions —Energy Journal,wsj.com
2018-05-17,Here's the food Prince Harry and Meghan Markle will be serving at their royal wedding,cnbc.com
2018-05-17,Staples-owner Sycamore offers to buy workplace wholesaler Essendant,cnbc.com
2018-05-17,Grocery Delivery Wars: Kroger Is Fending Off Amazon’s Whole Foods With a New Service of Its Own,fortune.com
2018-05-17,"Stocks to Watch: Walmart, Cisco Systems, Ford, Alphabet, Microsoft, Amazon, J.C. Penney, Blue Apron - MoneyBeat - WSJ",wsj.com
2018-05-17,Microsoft urges appeals court to limit sovereign immunity at PTAB - Reuters,reuters.com
2018-05-17,CBS shares plunge after judge says Redstone can challenge voting control plan,cnbc.com
2018-05-17,Big Four Auditors Face New U.K. Calls To Break Apart,wsj.com
2018-05-17,"This $150,000 Prius features a Dodge Hellcat engine",cnbc.com
2018-05-17,Baby Booms and Strong Economies Usually Go Hand-in Hand. So Why Did U.S. Fertility Just Hit a Record Low?,fortune.com
2018-05-17,"WSJ Wealth Adviser Briefing: Halfbacks, Hedge Fund Charity, Reclining Nude",wsj.com
2018-05-17,"$2.5B portfolio manager sees inflation as inconvenient truth, predicts major shift in stocks",cnbc.com
2018-05-17,Varsity Math Week 140,wsj.com
2018-05-17,China hawk Peter Navarro is not involved in Trump team's trade meetings with Chinese officials,cnbc.com
2018-05-17,"Multiple people hurt after school bus, dump truck crash",cnbc.com
2018-05-17,"Israeli-born Gene Simmons of Kiss backs Trump on US embassy move, and calls out the pope on border wall",cnbc.com
2018-05-17,"WSJ City: Why Markets Aren’t In Meltdown Over Italy, Small Caps Point to U.S. Economy Outperforming",wsj.com
2018-05-17,"WSJ City PM: Don’t Expect a Rally on Strong Earnings, Europe Faces Fresh Battle, Brent Passes $80",wsj.com
2018-05-17,"U.S., China launch trade talks to avert tariff war, economic damage",reuters.com
2018-05-17,Real Time Economics: The Great American Baby Bust | Standing Firm on China? | Manufacturing’s Productivity Problem,wsj.com
2018-05-17,Trump suggests China may be influencing North Korea,cnbc.com
2018-05-17,"Bitcoin's down this week, but one trader is hitting the buy button",cnbc.com
2018-05-17,"Coca-Cola upgraded by Barclays on turnaround plan focusing on smaller packaging, lower calories",cnbc.com
2018-05-17,Bill Gates tells Harvard students how he overcame his fears to make Microsoft a success,cnbc.com
2018-05-17,The Morning Download: JP Morgan Tests Blockchain Use in Capital Markets - CIO Journal. - WSJ,wsj.com
2018-05-17,AMAT earnings: 4 trades,cnbc.com
2018-05-17,Gold is getting hammered as the dollar soars. Here’s what that means,cnbc.com
2018-05-17,Time runs out for Congress to overturn payday lending rule,cnbc.com
2018-05-17,"Jeff Bezos: ‘If you cannot afford to be misunderstood, don't do anything new or innovative’",cnbc.com
2018-05-17,"Blockchain Adoption Now Hinges on Standards and Rules, Hyperledger Chief Says - CIO Journal. - WSJ",wsj.com
2018-05-17,"US, China launch trade talks to avert tariff war, economic damage",cnbc.com
2018-05-17,Cramer's lightning round: Don't buy Apple suppliers right now,cnbc.com
2018-05-17,Fear casts shadow over Burundi vote on extending president's rule,reuters.com
2018-05-17,How Seattle's New Tax to Fight Homelessness Could Ruin its Economy - Fortune,fortune.com
2018-05-17,United Airlines CFO Levy resigns. Airline starts search for replacement,cnbc.com
2018-05-17,"The bond breakdown is about to get worse, says trader. Here’s how to play it",cnbc.com
2018-05-17,Trump's divisive CIA director pick Gina Haspel has the votes to get confirmed,cnbc.com
2018-05-17,Commodities tomorrow: Crude flat on the day,cnbc.com
2018-05-17,ANALYSIS-Brazil's wealthy farm belt backs Trump-like presidential candidate,cnbc.com
2018-05-17,Read All Those New Privacy Policies? Get a Football Field - Wall Street Journal,wsj.com
2018-05-17,Cramer explains how Micron and Macy's stocks sparked a rally,cnbc.com
2018-05-17,Brexit & Beyond: Investors Incredulous Over Italy’s Coalition Draft - Real Time Brussels - WSJ,wsj.com
2018-05-17,35-year-old self-made millionaire: ‘School makes you really stupid’ when starting a business,cnbc.com
2018-05-17,10 highly successful people who wake up before 6 a.m.,cnbc.com
2018-05-17,"Prescription Rates Drive Opioid Crisis More Than Economic Woes, Study Finds",wsj.com
2018-05-17,An Ozone-Destroying Chemical Was Banned in 1987. Now Someone Is Producing It Again and Scientists Don’t Know Who,fortune.com
2018-05-17,UBS Fights Harry the Otter for Soccer Prediction Crown,wsj.com
2018-05-17,Lawsuit Seeks to Better Integrate New Jersey Schools,wsj.com
2018-05-17,CORRECTED-(OFFICIAL)-U.S. grain exporter Bartlett to merge with logistics firm,cnbc.com
2018-05-17,The number of 401(k) plan millionaires hits a new high,cnbc.com
2018-05-17,Corruption Currents: Turkish Banker Sentenced in Sanctions Case,wsj.com
2018-05-17,The 10 cities with the most billionaires,cnbc.com
2018-05-17,"Trump says as far as he knows, North Korea summit is still on track",cnbc.com
2018-05-17,PayPal is buying payments start-up iZettle for $2.2 billion ahead of IPO,cnbc.com
2018-05-17,7 signs you could end up a millionaire,cnbc.com
2018-05-17,YouTube's music ambitions might actually work this time,cnbc.com
2018-05-17,"Argentina’s Economy Is Near Crisis. Will a Bailout Be Big Enough, Fast Enough? - Real Time Economics - WSJ",wsj.com
2018-05-17,U.S. aid chief calls on Myanmar to end violence against Rohingya,reuters.com
2018-05-17,Hong Kong Monetary Authority intervenes as its dollar weakens,cnbc.com
2018-05-17,Malaysia to introduce sales and service tax after scrapping GST,cnbc.com
2018-05-17,Corruption Currents: Malaysia Raids Home of Ex-PM in 1MDB Probe,wsj.com
2018-05-17,Benghazi's displaced: a litmus test for Libya,reuters.com
2018-05-17,EU ready to discuss cars with Trump to avert trade war,reuters.com
2018-05-17,Spanx founder Sara Blakely says sticking with this daily habit is how she gets her best ideas,cnbc.com
2018-05-17,Companies Find Savings in Issuing Floating-Rate Bonds,wsj.com
2018-05-17,How airplane cabins got to be so cramped,cnbc.com
2018-05-17,Sailing-Brazil's Grael charts new waters for women in ocean race - Reuters,reuters.com
2018-05-17,Brexit & Beyond: Investors Incredulous Over Italy’s Coalition Draft,wsj.com
2018-05-17,"After US embassy makes controversial move to Jerusalem, more countries follow its lead",cnbc.com
2018-05-17,Pluralsight spikes in debut on Nasdaq,cnbc.com
2018-05-17,"Top proxy adviser ISS recommends Facebook investors withhold support from 5 directors, including CEO Zuckerberg",cnbc.com
2018-05-17,'Shark Tank' star Kevin O'Leary: New York lawyer whose racist rant went viral is 'an idiot',cnbc.com
2018-05-17,BJ's Wholesale files for IPO in shifting US retail landscape,cnbc.com
2018-05-17,The real reason why so many people are working 'side hustles',cnbc.com
2018-05-17,UPDATE 1-USTR reviews Thai pork trade as U.S. producers slam market access,cnbc.com
2018-05-17,FDA approves first nonopioid drug to ease withdrawal symptoms,cnbc.com
2018-05-17,EMERGING MARKETS-Argentine stocks climb after Lebac note auction,cnbc.com
2018-05-17,Cobra Clutch Slam for WWE Investors,wsj.com
2018-05-17,Verlander shuts out Angels,reuters.com
2018-05-17,How to write a check,cnbc.com
2018-05-17,South Korea wants to be mediator to North Korea and US: Official,cnbc.com
2018-05-17,GRAINS-Wheat rises for 3rd session on U.S. dryness; soybeans rebound,cnbc.com
2018-05-17,"Springing For Drinks (Thursday Crossword, May 17)",wsj.com
2018-05-17,"Energy stocks just broke through a key level and could keep rising, according to the charts",cnbc.com
2018-05-17,FDA says harvest season over for E. coli-linked romaine lettuce,cnbc.com
2018-05-17,The Dollar Rally Has Its Skeptics - MoneyBeat - WSJ,wsj.com
2018-05-17,GDPR Heralds More Transparency in Managing Employee Data,wsj.com
2018-05-17,"Hawaii volcano erupts from summit, shooting plume of ash",cnbc.com
2018-05-17,"CFO Moves: Houzz, MetLife, SEC",wsj.com
2018-05-17,CBS and Viacom better off with other suitors than a forced marriage: Analyst,cnbc.com
2018-05-17,Takeda CEO prescribes surgical R&D cuts after $62 billion Shire deal,reuters.com
2018-05-17,"When earnings look this great, it's actually a really bad time to invest in stocks",cnbc.com
2018-05-18,34 Chilean bishops offer resignation to Pope over abuse scandal,cnbc.com
2018-05-18,"Hasbro has trademarked the smell of Play-Doh, and your childhood",cnbc.com
2018-05-18,"Sun Spots (Saturday Crossword, May 19) - WSJ Puzzles - WSJ",wsj.com
2018-05-18,Vietnam trade ministry says formally launched investigation into Uber-Grab merger,cnbc.com
2018-05-18,Amazon’s growing India business alone is likely worth more than Macy's,cnbc.com
2018-05-18,Glencore Slumps After Report of Potential U.K. Bribery Probe,wsj.com
2018-05-18,FDA approves Amgen drug for prevention of migraines - Reuters,reuters.com
2018-05-18,How to keep your divorce from sabotaging your children's college education,cnbc.com
2018-05-18,Why PayPal bought a European start-up with IPO plans for $2.2 billion,cnbc.com
2018-05-18,Watch: Trump addresses criminal justice at Prison Reform Summit,cnbc.com
2018-05-18,Which Jobs Are Workers Most Willing to Move For? These Ones - Real Time Economics - WSJ,wsj.com
2018-05-18,"Proponent of ""grain OPEC"" returns to Russian government",cnbc.com
2018-05-18,Improving the Odds of Success for Corporate Transformations - CIO Journal. - WSJ,wsj.com
2018-05-18,WSJ's John Carreyrou: Reporting on Theranos and Elizabeth Holmes,wsj.com
2018-05-18,"Larry Haverty: In battle between ownership and management, ownership wins",cnbc.com
2018-05-18,Dirty Japanese Data,wsj.com
2018-05-18,Farmers worldwide struggle with rising fuel costs,cnbc.com
2018-05-18,EXCLUSIVE-Korea's Mirae puts towers up for sale as Sao Paulo market heats up,cnbc.com
2018-05-18,UPDATE 1-Brazil weighs fuels tax cut as truckers threaten strike,cnbc.com
2018-05-18,China denies $200 billion package to cut US trade deficit,cnbc.com
2018-05-18,Grammy-winning Fugees founder bringing blockchain to your smartphone,cnbc.com
2018-05-18,A Trump Official Said China Offered a $200 Billion Cut to Its U.S. Trade Surplus. China’s Not So Sure,fortune.com
2018-05-18,Herb-infused coconut milk Rebbl raises $20 million from Cavu Venture Partners,cnbc.com
2018-05-18,"What's for dinner? In the edible tableware era, the answer is your plate",cnbc.com
2018-05-18,BRIEF-US FDA Approved Aimovig For Preventive Treatment Of Migraine In Adult - Reuters,reuters.com
2018-05-18,EXCLUSIVE-MIRAE ASSET GLOBAL INVESTMENTS PUTS TWO SAO PAULO TOWERS WORTH NEARLY $300 MLN UP FOR SALE -SOURCES,cnbc.com
2018-05-18,Italy on Collision Course With Europe,wsj.com
2018-05-18,Cramer fears Fed raising rates too quickly will halt a 'red hot' economy,cnbc.com
2018-05-18,"Buses collide in Lincoln Tunnel, injuring at least 32",cnbc.com
2018-05-18,FDA approves new Amgen drug for prevention of migraines,cnbc.com
2018-05-18,EMERGING MARKETS-Brazil real slumps despite intervention amid emerging market selloff,cnbc.com
2018-05-18,Footage of New Kilauea Volcano Eruptions,wsj.com
2018-05-18,In pictures: A history of royal weddings,cnbc.com
2018-05-18,CEO of cannabis company says legal weed could result in fewer opioid prescriptions in the US,cnbc.com
2018-05-18,Putin favours status quo with new government lineup,cnbc.com
2018-05-18,What Your CEO Is Reading: Kissinger on AI; Cyber Goes Analog; Failing Analytics - CIO Journal. - WSJ,wsj.com
2018-05-18,RPT-Farmers worldwide struggle with rising fuel costs,cnbc.com
2018-05-18,Drawing the Future of Transportation With Flying Cars,wsj.com
2018-05-18,Cambridge Analytica files for bankruptcy in US following Facebook debacle,cnbc.com
2018-05-18,China denies $200 billion package to cut US trade deficit,cnbc.com
2018-05-18,Correction: Indoor Farms story,cnbc.com
2018-05-18,Brexit & Beyond: Italy on Collision Course With Europe,wsj.com
2018-05-18,China's reported offer to slash trade deficit with US is about politics: Insead academic,cnbc.com
2018-05-18,Royal Wedding: How Will Meghan Markle Adapt to Life in Britain’s Monarchy?,wsj.com
2018-05-18,"WSJ Wealth Adviser Briefing: Credit-Card Boom, Tech Titans, Top Frequent-Flier Programs",wsj.com
2018-05-18,Cuba says Boeing 737 crashed after taking off from Havana airport,reuters.com
2018-05-18,Media mogul says Les Moonves will stay at CBS,cnbc.com
2018-05-18,"The Morning Download: Blockchain Consolidation Phase Close at Hand, Hyperledger Chief Says",wsj.com
2018-05-18,"CFO Moves: United, Blue Apron, Ferrari, Dunelm",wsj.com
2018-05-18,Some U.S. House Republicans see progress on 'Dreamer' immigration deal,reuters.com
2018-05-18,Racist Rant by New York Lawyer Tanks His Law Firm’s Yelp Rating,fortune.com
2018-05-18,"WSJ City: Italy’s Upstarts Set Collision Course With Europe, Cryptocurrency Firms Explore Bank Licenses",wsj.com
2018-05-18,Police: Man arrested after firing shots at Trump golf club,cnbc.com
2018-05-18,MTV Pauses Production of ‘Catfish’ Over Sexual Misconduct Allegations,fortune.com
2018-05-18,Cramer's lightning round: Buy banks stocks like JP Morgan,cnbc.com
2018-05-18,Bill Gates: Trump asked me the difference between HIV and HPV,cnbc.com
2018-05-18,"AMD, Nvidia shares jump after Cowen says shares to soar on new growth markets",cnbc.com
2018-05-18,Bill Gates Says President Trump Is Very Confused About the Difference Between HIV and HPV,fortune.com
2018-05-18,"Brazil: Brazil’s Hypera in talks for leniency deal, could pay $540 mln fine -paper",reuters.com
2018-05-18,House fails to pass farm bill amid Republican rebellion over immigration,cnbc.com
2018-05-18,Why Asian companies could be at risk: IMA Asia,cnbc.com
2018-05-18,UPDATE 2-U.S. House defeats farm bill sugar amendment amid Republican immigration spat,cnbc.com
2018-05-18,Cannabis CEO: Legal weed could mean fewer prescriptions for opioids in the US,cnbc.com
2018-05-18,Kevin McCarthy reportedly thinks an immigration deal is the 'No. 1 way' to deter GOP midterm voters,cnbc.com
2018-05-18,"Europe must keep trying to work with Trump, WEF president says",cnbc.com
2018-05-18,"Energy stocks are on their longest winning streak in 12 years, and there's more room to run",cnbc.com
2018-05-18,Campbell Soup CEO Denise Morrison retires abruptly,cnbc.com
2018-05-18,PayPal’s $2.2 Billion Payments Acquisition Is Its Latest Swipe at Square,fortune.com
2018-05-18,"Won't make investment moves on trade war talk, says CIO",cnbc.com
2018-05-18,Copper Is Sending a Bearish Signal,wsj.com
2018-05-18,Factbox: Composition of Russia's new government - Reuters,reuters.com
2018-05-18,"WSJ City: Saudis Discuss Oil Price Concerns, PayPal Snaps Up iZettle, Hundreds of Crypto Offerings Show Signs of Fraud",wsj.com
2018-05-18,Dealpolitik: CBS Directors Play a Subtle Game in Viacom Battle,wsj.com
2018-05-18,EU leaders say the bloc is open to trade talks with the US administration,cnbc.com
2018-05-18,The Powerball jackpot is above $300 million. Think twice before buying tickets with co-workers,cnbc.com
2018-05-18,Cramer Remix: The one stock heading higher in the consumer packaged goods space,cnbc.com
2018-05-18,Commerce Secretary Ross' claim that tariffs wouldn't hurt Campbell's Soup just blew up,cnbc.com
2018-05-18,Will Freedom Caucus Force Immigration Vote?,wsj.com
2018-05-18,"CBS vs National Amusements is the beginning of the end for dual-share company ownership, says former NBC CEO",cnbc.com
2018-05-18,Nordstrom shares drop 7% on weaker-than-expected sales growth,cnbc.com
2018-05-18,J.C. Penney Aims to Trim Growing Inventory at Comparable Stores,wsj.com
2018-05-18,New Pentagon Video Details Recovery of U.S. Soldier in Niger,wsj.com
2018-05-18,Sheriff says there are multiple casualties in Texas school shooting,cnbc.com
2018-05-18,"A trade war is no longer 'worst case scenario,' says China Beige Book CEO",cnbc.com
2018-05-18,Square set to open lower the day after PayPal-iZettle merger announcement,cnbc.com
2018-05-18,"BRIEF-Novartis, Amgen Announce FDA Approval Of Aimovig Treatment For Migraine Prevention - Reuters",reuters.com
2018-05-18,Prince Charles to walk Meghan down the aisle at royal wedding,cnbc.com
2018-05-18,"BRIEF-Amgen Says FDA Approves Aimovig, A Treatment For Migraine Prevention - Reuters",reuters.com
2018-05-18,Trinseo CEO: We’re unaffected by China trade issues because we make everything locally,cnbc.com
2018-05-18,"Bonds are way oversold at this point, market watcher says. Here’s what that means",cnbc.com
2018-05-18,Real Time Economics: U.S.-China Tensions Easing? | ‘Nowhere Near’ a Nafta Deal | Mortgage Rates Hit 7-Year High - Real Time Economics - WSJ,wsj.com
2018-05-18,"Spotify subscribers to double to 150 million by 2020, Raymond James predicts",cnbc.com
2018-05-18,Johnson & Johnson scraps Alzheimer's drug trials on safety concerns,cnbc.com
2018-05-18,"If it's America First, then Europe will respond in kind, German minister says",cnbc.com
2018-05-18,5 brands of champagnes the royals buy that you can afford too (with bottles under $50),cnbc.com
2018-05-18,"Stocks to Watch: PayPal, Square, CBS, Mattel, Apple, Spotify, Campbell Soup, Deere, Nordstrom, AmTrust - MoneyBeat - WSJ",wsj.com
2018-05-18,When Your Investing Robot Has a Mind of Its Own,wsj.com
2018-05-18,"Covestro Wants To Make A Deal, But Lacks An Obvious Target",wsj.com
2018-05-18,Legal weed could mean fewer opioid prescriptions: Cannabis CEO,cnbc.com
2018-05-18,"US birth rates hit record low and diaper, baby bottle companies are feeling the pinch",cnbc.com
2018-05-18,Nuclear Conundrums and Oil Headaches Dominate World Agenda—Energy Journal,wsj.com
2018-05-18,UN council mulls calling for Palestinian protection force - Reuters,reuters.com
2018-05-19,"Hatchlings (Saturday Puzzle, May 19)",wsj.com
2018-05-19,Boeing's foldable wingtip for new 777s gets approval,cnbc.com
2018-05-19,"THE UNITED STATES AND CHINA HAVE AGREED TO ""MEANINGFUL INCREASES"" IN U.S. AGRICULTURE AND ENERGY EXPORTS - WHITE HOUSE STATEMENT",cnbc.com
2018-05-19,19th,wsj.com
2018-05-19,"Floating Pacific island with its own government, cryptocurrency and 300 houses is in the works",cnbc.com
2018-05-19,"UPDATE 1-U.S., China agree to increased trade cooperation",cnbc.com
2018-05-19,Ten Killed in Texas School Shooting,wsj.com
2018-05-19,CNBC: ‘Microsoft’s CTO says to ignore this common piece of career advice’,cnbc.com
2018-05-20,"Netflix’s DVD business is still alive and profitable, by a small margin",cnbc.com
2018-05-20,"Tips from pro gamers on mastering Fortnite, the hottest game on the internet",cnbc.com
2018-05-20,Why growth may be the Fed’s Achilles' heel on its path to higher rates,cnbc.com
2018-05-20,"U.S. Won’t Impose Tariffs on China After Trade Talks, Mnuchin Says",fortune.com
2018-05-20,"Cougar kills 1 mountain biker, injures 2nd near Seattle",cnbc.com
2018-05-20,How to record the screen on your Mac,cnbc.com
2018-05-21,raceAhead: An Unapologetically Black Royal Wedding,fortune.com
2018-05-21,"Stocks to Watch: GE, Qualcomm, Facebook, Starbucks, United Technologies, Tesla, Snap - MoneyBeat - WSJ",wsj.com
2018-05-21,Trump negotiation tactics on trade are 'still playing out': OCBC,cnbc.com
2018-05-21,See the Age of Every Company in the Fortune 500,fortune.com
2018-05-21,Meghan Markle’s Wedding to Prince Harry Beat Prince William and Kate Middleton’s on American TVs,fortune.com
2018-05-21,"WSJ Wealth Adviser Briefing: Argentina, Crypto, Summer Beer",wsj.com
2018-05-21,"One Shot of This Whisky Costs $65,000",fortune.com
2018-05-21,Financial Crisis May Have Hit ’80s Generation the Hardest - Real Time Economics - WSJ,wsj.com
2018-05-21,Investors should be careful about 'classic defensives': Strategist,cnbc.com
2018-05-21,Trump Demanded a Probe of Possible Campaign ‘Infiltration.’ The Justice Department Responded—Carefully,fortune.com
2018-05-21,US-China trade framework details are still 'opaque': Fidelity,cnbc.com
2018-05-21,"WSJ City: Mixed Messages on Tariffs, Finance Pushes for U.K. Immigration Overhaul",wsj.com
2018-05-21,"Corruption Currents: Malaysians Transfixed as Purses, Cash, Jewelery Are Seized",wsj.com
2018-05-21,The Morning Risk Report: Companies Walk Away From Iran,wsj.com
2018-05-21,Netflix signs the Obamas: 4 trades,cnbc.com
2018-05-21,FOCUS-How Canada's Brookfield snatched bargain assets amid Brazil panic,cnbc.com
2018-05-21,"Term Sheet — Monday, May 21",fortune.com
2018-05-21,The Man Who Walked Away From $40 Billion ETF Post Launches His Own Investment Models - MoneyBeat - WSJ,wsj.com
2018-05-21,Why Blackstone Is Buying LaSalle Hotel Properties,fortune.com
2018-05-21,Owning a Stake in a Startup Great Path to Riches. But Mainly for Men.,wsj.com
2018-05-21,"WSJ City PM: The Euro’s Growth Headache, a Trans-Atlantic Oil Spread, Barclays Gets a Legal Reprieve",wsj.com
2018-05-21,Russia Probe Expands | U.S. Sends Mixed Messages on China | A Contentious Primary in Georgia - Washington Wire - WSJ,wsj.com
2018-05-21,Markets are 'sanguine' about political risks now: Researcher,cnbc.com
2018-05-21,The Morning Download: Microsoft Azure Cloud Wins Intelligence Agency Deal,wsj.com
2018-05-21,America and China are 'back from the brink' on trade: Former US ambassador,cnbc.com
2018-05-21,Saks Fifth Avenue’s Beauty Business Gets a Big Makeover,fortune.com
2018-05-21,Trump trade threat looms large as Merkel heads to China,reuters.com
2018-05-21,"As Trump pressures the Justice Dept, Giuliani says Mueller investigation may end by September",cnbc.com
2018-05-21,"New Fortune 500, Trade War Pause, Facebook Breakup Call: CEO Daily for May 21, 2018",fortune.com
2018-05-21,Here’s How to Watch Facebook CEO Mark Zuckerberg’s Testimony to EU Parliament,fortune.com
2018-05-21,Lyft Is Eyeing Its Own Electric Scooter Service in San Francisco,fortune.com
2018-05-21,Barack and Michelle Obama to produce content for Netflix,reuters.com
2018-05-21,How Amazon Is Using Whole Foods in a Bid for Total Retail Domination,fortune.com
2018-05-21,Iran Challenges the EU to Take On U.S. Over Nuclear Pact—Energy Journal,wsj.com
2018-05-21,Adobe to buy Magento Commerce in $1.68 billion deal,reuters.com
2018-05-21,'The market is looking for direction': Portfolio manager,cnbc.com
2018-05-21,Investors Are Really Excited About the Pause in U.S.-China Trade War,fortune.com
2018-05-21,Natural gas is an obvious trade tool in US-China talks: Economist,cnbc.com
2018-05-21,"Fortune 500, Royal Wedding, Theranos: Broadsheet May 17",fortune.com
2018-05-21,"Venezuela's President Maduro wins presidential vote, election board says",cnbc.com
2018-05-21,Netflix’s DVD Rental Business Is Still Profitable,fortune.com
2018-05-21,Discussing the economic issues faced by Taiwan,cnbc.com
2018-05-21,The Long Road to a U.S.-U.K. Trade Deal,wsj.com
2018-05-21,"Consensus Is, Not a Good Week for Bitcoin",wsj.com
2018-05-21,"Sew What? (Monday Crossword, May 21)",wsj.com
2018-05-21,The Share of Female CEOs in the Fortune 500 Dropped by 25% in 2018,fortune.com
2018-05-21,Data Sheet—Tech Takes a Big Slice of Fortune 500 List,fortune.com
2018-05-21,Roper Technologies to buy software firm PowerPlan for $1.1 billion,reuters.com
2018-05-21,The Long Road to a U.S.-U.K. Trade Deal,wsj.com
2018-05-21,"No Legacy Tech, No Problem for Berkshire Hathaway Specialty Insurance",wsj.com
2018-05-21,This investor is looking for the right market entry prices,cnbc.com
2018-05-21,China's response to US trade concerns is a 'short-term' fix: Expert,cnbc.com
2018-05-21,Girl Scout Convinces Alaska Airlines to Bump Plastic Straws Off All Flights,fortune.com
2018-05-21,Hitting the Road for Memorial Day 2018? Get Ready for Spiking Gas Prices and Lots of Company,fortune.com
2018-05-21,Trump is likely to 'flip-flop' on US trade with China: Expert,cnbc.com
2018-05-21,Australia's foreign policy seems 'quite flat-footed': Former ambassador,cnbc.com
2018-05-21,"S&P Global Looking for Acquisitions, Weighing China Options, CFO Says",wsj.com
2018-05-21,"Real Time Economics: U.S. Tariffs on Hold? | Where to Find Inflation | Chavismo Wins, Venezuela Suffers",wsj.com
2018-05-21,Will Small Caps Lead Large Caps Higher? Don’t Bank on It,wsj.com
2018-05-21,Paper Jam! How Carl Icahn And a Billionaire Partner Blocked Xerox’s Merger with Fujifilm,fortune.com
2018-05-21,Why Are Two of Europe’s Star Currencies Selling Off? - MoneyBeat - WSJ,wsj.com
2018-05-22,Brexit & Beyond: Zuckerberg Enters the Lion’s Den,wsj.com
2018-05-22,Fission for a Verdict,wsj.com
2018-05-22,Real Time Economics: China Wins the First Round In Trade Fight,wsj.com
2018-05-22,"to Watch: Boeing, GM, Netflix, Facebook, Adobe, Micron, Lowe’s, J.C. Penney, Kohl’s, AutoZone",wsj.com
2018-05-22,"Supreme Court, Class Actions, Obamas, Netflix: Broadsheet May 22",fortune.com
2018-05-22,What to Watch in Tonight’s Primaries,wsj.com
2018-05-22,"GE’s charts need to show this before the rebound looks real, Oppenheimer technician says",cnbc.com
2018-05-22,"WSJ Wealth Adviser Briefing: Debt, Mortgage Rates, Summer Concerts",wsj.com
2018-05-22,Myanmar judge allows documents police say came from Reuters reporters' phones,reuters.com
2018-05-22,The Morning Download: New Chip Flaw Related to Spectre and Meltdown Emerges,wsj.com
2018-05-22,EPA Now Testing Private Flights Through Hole in Ozone Layer,fortune.com
2018-05-22,"WSJ City: US and China Near Deal on ZTE, A Tale of Two Booming Stock Sectors",wsj.com
2018-05-22,Data Sheet—Whole Foods Gives Amazon a Shot at Grocery Relevancy,fortune.com
2018-05-22,Amazon Is Banning Some Frequent Returners,fortune.com
2018-05-22,The Best Companies to Work for in Chicago,fortune.com
2018-05-22,Facebook’s Fix-It Team,fortune.com
2018-05-22,GRAINS-U.S. soybeans edge down from 11-day high on USDA planting report,cnbc.com
2018-05-22,President Trump says there is no deal with China on ZTE,cnbc.com
2018-05-22,EMERGING MARKETS-Brazil's real climbs again after central bank defends rate decision,cnbc.com
2018-05-22,Iran Balks at New U.S. Requirements for Sanctions Relief—Energy Journal,wsj.com
2018-05-22,What Happened in Steel Cities After Trump’s Tariff Plans? Weak Hiring - Wall Street Journal,wsj.com
2018-05-22,Drawing the Future of Shopping with Michael Rubin,wsj.com
2018-05-22,Asteroid Near Jupiter With Backwards Orbit May Be From Outside Our Solar System,fortune.com
2018-05-22,U.K. Prosecutors Add New Charges in Unaoil Case,wsj.com
2018-05-22,Venezuelans buy bus tickets out after Maduro wins re-election,reuters.com
2018-05-22,"Tesla's Musk admits Model 3 braking flaw, promises fix",reuters.com
2018-05-22,Professional Tennis Rules Are Making It Hard for Serena Williams to Come Back to the Office Post-Baby,fortune.com
2018-05-22,"WSJ City PM: What to Expect from Zuckerberg’s European Grilling, Cambridge Analytica Staff Told Firm Is Liquidating",wsj.com
2018-05-22,Workers hit McDonald's with new sexual harassment claims,reuters.com
2018-05-22,"Rollbacks (Tuesday Crossword, 22)",wsj.com
2018-05-22,Online lender Kabbage to launch payment services by year-end,reuters.com
2018-05-22,Instagram Is Finally Adding a Mute Button for Accounts You Don’t Want to See,fortune.com
2018-05-22,Cramer's lightning round: The bears are wrong about cruise ship stocks,cnbc.com
2018-05-22,Brexit & Beyond: Zuckerberg Enters the Lion’s Den,wsj.com
2018-05-22,18. Indigo Agriculture,cnbc.com
2018-05-22,Japan’s Biggest Bank to Switch on Blockchain Payments in 2020,fortune.com
2018-05-22,Indigo Agriculture holds the secret to pesticide-free crops and the future of food,cnbc.com
2018-05-22,UBS warns there could be an oil price spike to $100 that triggers a US recession,cnbc.com
2018-05-22,Trump seeks delay in Summer Zervos' defamation lawsuit,reuters.com
2018-05-22,Micron to buy back up to $10 billion of shares,reuters.com
2018-05-22,Adobe to Buy Magento Commerce For $1.68 Billion,fortune.com
2018-05-22,Investors Dip Back Into Emerging Market Stocks - MoneyBeat - WSJ,wsj.com
2018-05-22,"Malaysia: Malaysia’s anti-graft chief says received death threat, witnesses went missing",reuters.com
2018-05-22,"Australia far-right party rejects proposed tax cut, adding to PM Malcolm Turnbull's woes",cnbc.com
2018-05-23,Xfinity Customers’ Wi-Fi Passwords Leaked by Comcast Bug,fortune.com
2018-05-23,Commodities tomorrow: Bearish inventory number pressures crude,cnbc.com
2018-05-23,US issues health warning after employee in China suffers 'abnormal sensations of sound and pressure',cnbc.com
2018-05-23,Israel's defense expertise drives tech boom for autonomous cars,reuters.com
2018-05-23,Why the big small-cap rally is due for a breather,cnbc.com
2018-05-23,"Hit the road, son: Parents win court battle to evict 30-year-old",cnbc.com
2018-05-23,Brazil's agriculture sector bearing big brunt of fuel hikes -study,cnbc.com
2018-05-23,Stuart Weitzman Executive Resigns Over ‘Behavior’,fortune.com
2018-05-23,Uber’s Autonomous Driving Program to Shut Down in Arizona Following Fatal Crash,fortune.com
2018-05-23,UPDATE 2-Brazil truckers pledge more fuel protests despite tax proposal,cnbc.com
2018-05-23,A 62-Ton Tree and Great Ape Are Among the Top 10 New Species,fortune.com
2018-05-23,Mark Zuckerberg’s Face-Off With European Parliament: The Highlights,wsj.com
2018-05-23,"Trade deal or no deal, the tech sector is still in hot water: JP Morgan",cnbc.com
2018-05-23,Stacey Abrams Wins Georgia Democratic Primary,wsj.com
2018-05-23,Tesla hires a Snap exec as its engineering vice president,cnbc.com
2018-05-23,Uber ends self-driving car operation in Arizona after fatal crash,cnbc.com
2018-05-23,Brexit & Beyond: Europe Trails America Like Never Before,wsj.com
2018-05-23,"Watch ‘The Breakdown,’ Fortune’s Live News Show",fortune.com
2018-05-23,'Real Housewives' star Bethenny Frankel selling her $3 million Hamptons house — take a look inside,cnbc.com
2018-05-23,Keep Your Eye on Venezuela’s Oil—Energy Journal,wsj.com
2018-05-23,"Stocks to Watch: 21st Century Fox, Comcast, Target, Walmart, Hewlett Packard Enterprise, Lowe’s, Tiffany - MoneyBeat - WSJ",wsj.com
2018-05-23,"In Russia, Company Downgrades Analyst",wsj.com
2018-05-23,Target Is Holding Its Own Against Amazon At a Cost That Is Spooking Wall Street,fortune.com
2018-05-23,Facebook Introduces Home Services to Marketplace,fortune.com
2018-05-23,Trump administration reportedly considering new tariffs on imported vehicles; Toyota shares fall,cnbc.com
2018-05-23,Senate bill overhauls handling of sex harassment complaints,cnbc.com
2018-05-23,"UPDATE 1-Mexico economy picks up in Q1, tracking preliminary data",cnbc.com
2018-05-23,Oasis Petroleum CEO: Oil prices always come back to supply and demand,cnbc.com
2018-05-23,"EMERGING MARKETS-Brazil currency boosted by rate view, Latam FX gains",cnbc.com
2018-05-23,DIARY-Emerging Markets Economic Events to June 29,cnbc.com
2018-05-23,Businesses Get Into the ‘Flo’ With Chatbots,wsj.com
2018-05-23,The Rising Dollar: 6 trades,cnbc.com
2018-05-23,More Than 200 Critical Drugs May Not Be There When You Need Them,fortune.com
2018-05-23,"Coinbase Acquires Paradex Exchange, Retires GDAX Name",fortune.com
2018-05-23,"Web Pages (Wednesday Crossword, May 23)",wsj.com
2018-05-23,UPDATE 1-Eletrobras shares sink as privatization hopes fade,cnbc.com
2018-05-23,"Donald Trump Can’t Block People on Twitter, Federal Judge Rules",fortune.com
2018-05-23,Deutsche Bank Weighs Cutting 10% of Jobs,fortune.com
2018-05-23,Uber posts big sales jump in first quarter and boosts valuation to $62 billion,cnbc.com
2018-05-23,Trump: 'SPYGATE' a scandal 'the likes of which this country may never have seen before',cnbc.com
2018-05-23,"Thailand to up controls on paraquat, other farm chemicals",cnbc.com
2018-05-23,William Ackman's Pershing Square builds roughly $1 billion stake in Lowe's: Report,cnbc.com
2018-05-23,Freezing Your Credit Will Be Free Later This Year,fortune.com
2018-05-23,"Netflix is acting ‘very feisty’ against one key level, but all-time highs are on the way",cnbc.com
2018-05-23,Fed Minutes Might Not Stop the Bond Selloff - MoneyBeat - WSJ,wsj.com
2018-05-23,Elon Musk complains of 'holier-than-thou hypocrisy of big media companies' in tirade,cnbc.com
2018-05-23,Brexit & Beyond: Europe Trails America Like Never Before - MoneyBeat - WSJ,wsj.com
2018-05-23,Trump administration officials to meet on biofuel policy changes -sources,cnbc.com
2018-05-23,Activist investor Chris Hohn says he would back cash bid by Comcast for Fox assets,cnbc.com
2018-05-23,"After-hours buzz: WSM, LB & more",cnbc.com
2018-05-23,Amazon and Lennar team up to show and sell smart home tech,cnbc.com
2018-05-23,Free Drink App Hooch Raises $5 Million in Seed Funding,fortune.com
2018-05-23,Elon Musk Suggests Big Oil Is Behind Critical Media Coverage of Tesla,fortune.com
2018-05-23,"FDA warns that teething medicines are unsafe, wants them off shelves",cnbc.com
2018-05-23,European lawmakers criticize Zuckerberg for his lack of answers,cnbc.com
2018-05-23,"WSJ City: Investors Eye Bumpy Ride in Italy, U.S. Set to Roll Back Postcrisis Regulation",wsj.com
2018-05-23,Han Solo Movie Looks Set For the Lowest Opening of ‘Star Wars’ in the Disney Era,fortune.com
2018-05-23,"Emerging markets, getting hammered, may be poised for a relief rally",cnbc.com
2018-05-23,"Egypt detains prominent blogger, latest in arrest series",reuters.com
2018-05-23,Apple’s New Privacy Portal Will Reveal All the Data It’s Collected on You,fortune.com
2018-05-23,Why Student-Loan Delinquency Is Falling,wsj.com
2018-05-23,"Key Obamacare plan premiums will jump 15 percent next year, estimate of uninsured in 2027 rises by 5 million, CBO says",cnbc.com
2018-05-23,Ralph Lauren Says He Likes His New CEO and Shares Jump 14%,fortune.com
2018-05-23,Ex-Trump campaign chief seeks to suppress evidence seized by FBI,reuters.com
2018-05-23,Advance Auto Parts Grapples With Higher Fuel Costs,wsj.com
2018-05-23,New Chrome Extension Warns You of Stolen Passwords,fortune.com
2018-05-23,Democratic Lawmaker Wants to Repeal GOP Tax Cuts to Alleviate Student Loan Debt,fortune.com
2018-05-23,Target earnings are coming before the bell — here's what the Street expects,cnbc.com
2018-05-23,Real Time Economics: Congress Pushes Back On Trump’s China Deal - Real Time Economics - WSJ,wsj.com
2018-05-23,68 percent of parents don't explain this key money concept to kids,cnbc.com
2018-05-23,Lowe's same-store sales miss estimates,cnbc.com
2018-05-23,Tesla: Turn That Frown Upside Down,wsj.com
2018-05-23,raceAhead: Kendrick Lamar Gives A Lesson on the N-Word,fortune.com
2018-05-23,COLUMN-Daycare costs harder to afford than college for many,cnbc.com
2018-05-23,"WSJ City PM: Deutsche Bank Zeroes In on 10,000 Job Cuts, Europe’s Opaque Trades, What to Expect from Fed Minutes",wsj.com
2018-05-23,Here are 5 favorite stock ideas from UBS — including Citigroup,cnbc.com
2018-05-23,Tiffany’s Turnaround Plan Is Turning Out to Be a Gem,fortune.com
2018-05-23,Why the GDPR Will Make Your Online Experience Worse,fortune.com
2018-05-23,Tiffany's same-store sales blow out estimates,cnbc.com
2018-05-23,Malaysia's Prime Minister Mahathir Mohamad says national debt is 65 percent of GDP,cnbc.com
2018-05-23,Podcast Industry Stalls After Entire Audience Acquires a Mattress and a Website,fortune.com
2018-05-23,"Egypt detains prominent blogger, latest in arrest series",reuters.com
2018-05-23,Trump-Kim Summit Could Be Called Off | Texas Democrats Deliver for Party Leaders | How Congress Rolled Back Banking Rules - Washington Wire - WSJ,wsj.com
2018-05-23,"Brazil withholds corn subsidies owed to farmers, grain handlers",cnbc.com
2018-05-23,"The Morning Download: Microsoft, Google Reveal AI Efforts to Go ‘Full Duplex’",wsj.com
2018-05-23,The Morning Risk Report: New Reprieve for Russian Auto Maker GAZ Group,wsj.com
2018-05-23,Most Fed policymakers say rate rise likely needed 'soon': minutes,reuters.com
2018-05-23,"WSJ Wealth Adviser Briefing: Amazon, Rising Dollar, Preppy Remix",wsj.com
2018-05-23,The Ethical Downside of Having Highly Loyal Leaders,wsj.com
2018-05-23,"Google’s New Streaming Service, YouTube Music, Is Starting to Roll Out",fortune.com
2018-05-23,Fed will meet on May 30 to consider proposal to modify 'Volcker Rule',cnbc.com
2018-05-23,Discussing the intent of reforms in China's financial sector,cnbc.com
2018-05-23,Why Everyone Hates Their Cable Company Even More This Year,fortune.com
2018-05-23,Meet Crypto’s Meme King: 5 Questions for Neeraj Agrawal,fortune.com
2018-05-23,NFL Owners Approve Team Fines for Kneeling During the National Anthem,fortune.com
2018-05-23,Macallan’s New $186 Million Distillery Will Have 952 Bottles of Whisky to Taste,fortune.com
2018-05-23,"Stocks making the biggest moves premarket: LOW, TGT, TIF, INTU, HPE, RRGB & more",cnbc.com
2018-05-23,A United Technologies Digital Team Scales in Brooklyn,wsj.com
2018-05-23,"Stealth Mode (Thursday Crossword, May 24) - WSJ Puzzles - WSJ",wsj.com
2018-05-23,"500,000 Devices Infected With Malware That Could Cut Users Off From The Internet",fortune.com
2018-05-23,"CFO Moves: F5 Networks, Dixons Carphone",wsj.com
2018-05-23,Read the tweets that got these people blocked on Twitter by President Donald Trump,cnbc.com
2018-05-23,"Oil dips after rally, OPEC may ease supply curbs",cnbc.com
2018-05-23,How to Hire: The Marketing CEO,fortune.com
2018-05-23,"CFO Moves: Six Flags Entertainment, Nissan Motor, Tronc",wsj.com
2018-05-23,Why Facebook Should Be Held Legally Liable For Everything It Publishes,fortune.com
2018-05-23,"Trump calls the special counsel's probe a 'witch hunt,' but his links to Russia go back a long time",cnbc.com
2018-05-23,Turkey’s Currency Meltdown in 6 Charts - MoneyBeat - WSJ,wsj.com
2018-05-23,Real Estate Experts Warn Home Prices Are About to Fall,fortune.com
2018-05-24,Brazil truckers' strike leads to fuel shortages,cnbc.com
2018-05-24,Data Sheet—How GE Veered Offtrack With Digital Strategies,fortune.com
2018-05-24,Macron Tells Tech Giants to Embrace Europe’s Regulations,wsj.com
2018-05-24,Security troops on US nuclear missile base took LSD,cnbc.com
2018-05-24,"WSJ Wealth Adviser Briefing: Optimistic Americans, Rising Bank Profits, Apple’s Secret Search",wsj.com
2018-05-24,California scientists hope feeding cows seaweed will make them less gassy — which could be great news for the environment,cnbc.com
2018-05-24,Netflix passes Disney and is now biggest pure media company in the world by market value,cnbc.com
2018-05-24,"GM, Ford shares rise after US initiates investigation into auto imports",cnbc.com
2018-05-24,"Russia to carry out checks on Facebook, Whatsapp: TASS",reuters.com
2018-05-24,Kremlin denies allegations it planning cyber attack on Ukraine,reuters.com
2018-05-24,"Uber Self-Driving Car Saw Pedestrian But Still Didn’t Stop in Fatal Crash, Investigators Say",fortune.com
2018-05-24,"Chipotle is adding drive-thru lanes, but you can't order food at them",cnbc.com
2018-05-24,UPDATE 3-Petrobras slashes diesel prices to ease Brazil trucker protest,cnbc.com
2018-05-24,Trump pardons late boxer Jack Johnson,cnbc.com
2018-05-24,The Morning Risk Report: Small Banks Require Patience as They Await Dodd-Frank Relief,wsj.com
2018-05-24,Commerce Secretary Wilbur Ross on auto import probe: 'Economic security is military security',cnbc.com
2018-05-24,Jason Bateman Apologizes for Being ‘Insensitive’ to Co-Star Jessica Walter in ‘Arrested Development’ Interview,fortune.com
2018-05-24,"Amazon Echo recorded a conversation and sent it to a random person, says report",cnbc.com
2018-05-24,U.S. launches criminal probe into bitcoin price manipulation: Bloomberg,reuters.com
2018-05-24,Lisnr wants to make airline and concert tickets a thing of the past using sound waves,cnbc.com
2018-05-24,Zuckerberg says Facebook has 'always shared' the values of Europe's new data law,cnbc.com
2018-05-24,Williams-Sonoma shares surge after big earnings beat and raised guidance,cnbc.com
2018-05-24,US seeks to seize control of hundreds of thousands of infected devices from hackers,cnbc.com
2018-05-24,"European equities are flailing, and currency expert warns the worst is yet to come",cnbc.com
2018-05-24,Great Leaders Help Their Best Employees Leave,wsj.com
2018-05-24,Corruption Currents: Potential ZTE Deal Marches Forward Amid Congressional Objection,wsj.com
2018-05-24,"After-hours buzz: GPS, ROST & more",cnbc.com
2018-05-24,Google employees are trying to flip the House,cnbc.com
2018-05-24,Democratic lawmakers say there is no evidence in briefings of a spy in the Trump campaign,cnbc.com
2018-05-24,Victoria's Secret has a plan to revamp its image for younger women,cnbc.com
2018-05-24,A superyacht anchors in the Hudson,cnbc.com
2018-05-24,3 things millennials can learn from their older coworkers,cnbc.com
2018-05-24,The Failure of GE’s Digital Transformation,fortune.com
2018-05-24,"Gap shares tumble on earnings miss, Old Navy growth slows",cnbc.com
2018-05-24,"UPDATE 2-Brazil, truckers fail to reach deal to end fuel protests",cnbc.com
2018-05-24,"10 high-paying, remote jobs that Amazon wants to fill now",cnbc.com
2018-05-24,Egypt state security orders prominent blogger Wael Abbas detained for 15 days,reuters.com
2018-05-24,US targets airlines in latest Iran sanctions move,cnbc.com
2018-05-24,Trump signs the biggest rollback of bank rules since the financial crisis,cnbc.com
2018-05-24,Art Cashin: Stock drop reflects mistaken assumption Trump would do everything to make summit happen,cnbc.com
2018-05-24,Bill Miller says higher interest rates always led to a higher stock market the last two decades,cnbc.com
2018-05-24,Whip yourself into shape by using this Apple Watch feature to compete against friends and family,cnbc.com
2018-05-24,This 19-year-old chef is running his own swanky New York City restaurant,cnbc.com
2018-05-24,Coinbase acquires trading platform Paradex in its latest move to dominate the crypto economy,cnbc.com
2018-05-24,Gerrymandering: You're Saying it Wrong!,wsj.com
2018-05-24,Twitter CEO Jack Dorsey tells an NBA player how he's improving social media for sports fans,cnbc.com
2018-05-24,DIARY-Emerging Markets Economic Events to July 31,cnbc.com
2018-05-24,United Airlines has reached a 'resolution' with owners of puppy that died in plane's overhead bin,cnbc.com
2018-05-24,"Here's why Warren Buffett says, 'Run a lousy business'",cnbc.com
2018-05-24,"Unlikely Supporter Exxon, Pledges to Fight Climate Change—Energy Journal",wsj.com
2018-05-24,Samsonite shares slump to 9-month low after being hit by a short-seller attack,cnbc.com
2018-05-24,New Boeing 777 will have folding wings,cnbc.com
2018-05-24,Here’s the reason so many young people need mom and dad to pay their rent,cnbc.com
2018-05-24,"Victoria's Secret might be 'broken' as L Brands slashes its outlook, shares tumble",cnbc.com
2018-05-24,Trade wars are bad for business: Strategist,cnbc.com
2018-05-24,Higher gas prices could hurt already weakening home sales,cnbc.com
2018-05-24,Congress reacts to Trump canceling North Korea summit: '100% the right decision',cnbc.com
2018-05-24,Egypt state security orders prominent blogger Wael Abbas detained for 15 days,reuters.com
2018-05-24,Facebook and Twitter announce stricter political ad guidelines ahead of midterms,cnbc.com
2018-05-24,"After a banner 2017, housing stocks pace for worst year since the financial crisis",cnbc.com
2018-05-24,Drawing the Future of Masculinity With Esther Perel and Baratunde Thurston,wsj.com
2018-05-24,Thinx CEO says past controversy has helped set up the company for success,cnbc.com
2018-05-24,What’s Behind Trump’s Auto Tariffs Threat - Washington Wire - WSJ,wsj.com
2018-05-24,"Term Sheet — Thursday, May 24",fortune.com
2018-05-24,Trump and Europe are entering a 'game of chicken' over Iran nuclear deal sanctions,cnbc.com
2018-05-24,Upcoming Video Game Lets You Play as a School Shooter,fortune.com
2018-05-24,"5 things to give up to retire by 40, from those who have done it",cnbc.com
2018-05-24,Your resume is only 10% of why a company hires you—here's what to focus on instead,cnbc.com
2018-05-24,Keurig Sales Skyrocket as Formerly Eco-Conscious Consumers Embrace Nihilism,fortune.com
2018-05-24,U.S. intelligence officials to brief lawmakers on Russia probe,reuters.com
2018-05-24,Morgan Freeman Accused of Inappropriate Behavior and Sexual Harassment By 8 Women,fortune.com
2018-05-24,Walmart Is Joining a Growing Movement to Get Stay-At-Home Moms Back Into the Workforce,fortune.com
2018-05-24,UPDATE 2-Brazil trucker protest drags on as diesel tax cuts stall,cnbc.com
2018-05-24,"WSJ City PM: Firms Set for Europe’s ‘Mammoth’ Privacy Law, Why Deutsche Bank Needs Radical Ideas",wsj.com
2018-05-24,"Deere upgraded by UBS, sees higher grain prices boosting tractor purchases",cnbc.com
2018-05-24,The Morning Download: Chatbots Push Software Developers Into New Territory,wsj.com
2018-05-24,Corporate Borrowing Costs Are on the Rise,wsj.com
2018-05-24,NFL stars Michael and Martellus Bennett have this advice for young players,cnbc.com
2018-05-24,Bill Gates got what he needed to start Microsoft in high school,cnbc.com
2018-05-24,Macron Tells Tech Giants to Embrace Europe’s Regulations,wsj.com
2018-05-24,Michelle Obama is teasing her book on Instagram with never-before-seen photos,cnbc.com
2018-05-24,Goldman’s Rising Stars Told to Chill,wsj.com
2018-05-24,"Big banks get green light to make short-term, small dollar loans",cnbc.com
2018-05-24,TRUMP: KIM SUMMIT CANCELLED,cnbc.com
2018-05-24,"Stocks to Watch: Apple, GM, GE, 21st Century Fox, Qualcomm, Best Buy, L Brands, Williams-Sonoma - MoneyBeat - WSJ",wsj.com
2018-05-24,How well do you know your Social Security retirement benefits? Take this quiz,cnbc.com
2018-05-24,"WSJ City: Japan Alarmed by US Car Tariff Threat, North Korea Says it Could Scratch Summit",wsj.com
2018-05-24,Bowery Farming is growing crops in warehouses to create food like customized kale,cnbc.com
2018-05-24,"Best Buy’s big sell-off could soon be a buying opportunity, says market watcher",cnbc.com
2018-05-24,"In 1985, Steve Jobs made these eerily accurate predictions about the future of tech",cnbc.com
2018-05-24,Russia quietly conducted the world's longest surface-to-air missile test,cnbc.com
2018-05-24,"Charts are pointing to a relief rally for bonds, says trader",cnbc.com
2018-05-24,"Stocks making the biggest moves premarket: BBY, MDT, HRL, MCK, DEO, FOXA, F, GM & more",cnbc.com
2018-05-24,MILITARY READY,cnbc.com
2018-05-24,Three lessons for entrepreneurs from Alibaba's Taobao University,cnbc.com
2018-05-24,"How to send your Twitter feed back 10 years and see early, silly tweets",cnbc.com
2018-05-24,Trump-Kim Jong Un summit 'probably was a bad idea in the first place': Former US ambassador,cnbc.com
2018-05-24,UPDATE 4-Petrobras slashes diesel prices to ease Brazil trucker protest,cnbc.com
2018-05-24,Trump welcomes NFL decision on national anthem protests,reuters.com
2018-05-24,Real Time Economics: Why Markets Love the Fed Minutes and Hate Auto Tariffs - Real Time Economics - WSJ,wsj.com
2018-05-24,These are the hottest US cities Americans are booking for summer vacation,cnbc.com
2018-05-24,Elon Musk has a history of wild ideas — some of them have worked out,cnbc.com
2018-05-24,Petrobras pricing pressure spooks potential refinery buyers- sources,cnbc.com
2018-05-24,9 in 10 Americans failed this short quiz about student loans,cnbc.com
2018-05-24,"CIOs: Digital Business Demands Political Savvy, Soft Skills - CIO Journal. - WSJ",wsj.com
2018-05-24,Brazil says deal reached to suspend damaging trucker strike,cnbc.com
2018-05-24,About $1.2 billion in cryptocurrency stolen since 2017: cybercrime group,reuters.com
2018-05-24,A Look Into the Dwindling World of Rare Books,fortune.com
2018-05-24,The GDPR outranks Beyonce on Google Search,cnbc.com
2018-05-24,Uber Plans to Resume Testing Self-Driving Cars in Pittsburgh After Deadly Crash,fortune.com
2018-05-24,Hawaii volcano produces methane and 'eerie' blue flames,cnbc.com
2018-05-24,Facebook shows once again that it does not understand or value journalism,cnbc.com
2018-05-24,This shoe is made out of recycled chewing gum,cnbc.com
2018-05-24,Cybersecurity Requires ‘Insatiable’ Problem-Solving Skills; Technical Skills Can Be Taught,wsj.com
2018-05-24,Varsity Math Week 141,wsj.com
2018-05-24,"Some Obamacare premiums to jump 15% in 2019, estimate of uninsured in 2027 rises by 5 million: CBO",cnbc.com
2018-05-24,The United Auto Workers just filed a labor complaint against Tesla,cnbc.com
2018-05-24,J&J hit with $21.7 million verdict in another talc asbestos cancer case,cnbc.com
2018-05-25,Netflix just hit an all-time high; one market watcher sees it rising another 30 percent this year,cnbc.com
2018-05-25,Human-Machine Work Teams: The Promise and Today’s Reality,wsj.com
2018-05-25,Dow & S&P 500 end session lower; Nasdaq rises,cnbc.com
2018-05-25,Algerian blogger accused of espionage sentenced to ten years in prison,reuters.com
2018-05-25,Brexit & Beyond: Europe’s Privacy Law Kicks In,wsj.com
2018-05-25,Memorial Day 2018 Deals: Best Freebies and Discounts for Veterans,fortune.com
2018-05-25,Blocking 500 Million Users Is Easier Than Complying With GDPR,fortune.com
2018-05-25,'Fortnite': This is how a free video game might make $3.5 billion,cnbc.com
2018-05-25,Hundreds of migrant children are being separated from parents — and US officials can't keep track,cnbc.com
2018-05-25,Facebook Is Designing Chips to Help Filter Live Videos,fortune.com
2018-05-25,Moody's warns of 'particularly large' wave of junk bond defaults ahead,cnbc.com
2018-05-25,"Stocks making the biggest moves premarket: FL, HIBB, BKE, GPS, DECK, ADSK, ROST, AZN & more",cnbc.com
2018-05-25,Cramer: Foot Locker's stellar earnings show the 'mall is still not dead' yet,cnbc.com
2018-05-25,"Riskiest Junk Bonds Are Most ‘Mispriced’ Since 2007, Goldman Says",fortune.com
2018-05-25,Bitcoin’s Fate? This Cryptoasset Manager Sees Two Possible Outcomes,fortune.com
2018-05-25,Trump administration is telling Congress it has an agreement to save China's ZTE: New York Times,cnbc.com
2018-05-25,Fed chief Powell: We're still assessing 'efficiency' of banking reforms,cnbc.com
2018-05-25,"CFO Moves: La-Z Boy, Outfront Media, Fossil Group",wsj.com
2018-05-25,How ‘Solo’ star Donald Glover (aka Childish Gambino) went from YouTube to ‘30 Rock’ to ‘Star Wars’,cnbc.com
2018-05-25,"Tesla in Autopilot Mode Accelerated Prior to Crash With Fire Truck, Police Say",fortune.com
2018-05-25,T-Mobile hired lobbying firm linked to former Trump campaign manager Corey Lewandowski,cnbc.com
2018-05-25,Trump administration seeks WTO panel to resolve wine dispute with Canada,cnbc.com
2018-05-25,Tesla flies in equipment to speed up battery production for Model 3,cnbc.com
2018-05-25,"raceAhead: Harvey Weinstein, the NFL and Five Breaking News Haikus",fortune.com
2018-05-25,"The pink-haired CEO of a $2 billion tech company talks glass ceilings, #MeToo and equal pay",cnbc.com
2018-05-25,United Names First Woman As Board Chair—A Job That Was Supposed to Go to Its Embattled CEO,fortune.com
2018-05-25,Opinion: The Economic Growth Debate--William Galston,wsj.com
2018-05-25,Can a High-Tech Touch Help Revive Nordstrom?,fortune.com
2018-05-25,Apple blocks Steam's plan to extend its video games to iPhones,reuters.com
2018-05-25,"The Best Books of 2018, According to CEOs",fortune.com
2018-05-25,Opinion: The Economic Growth Debate,wsj.com
2018-05-25,Why Did Apple Ban Valve’s Steam Link From Its App Store?,fortune.com
2018-05-25,Barbara Corcoran: Work-life balance 'doesn't exist'—strive for this instead,cnbc.com
2018-05-25,Elon Musk and Mark Zuckerberg have this 1 trait in common,cnbc.com
2018-05-25,Why you're more likely to get hired at companies with fewer than 500 employees,cnbc.com
2018-05-25,The Morning Download: CIOs Find Softer Skills Matter in Tsunami of Digital Change,wsj.com
2018-05-25,The Morning Risk Report: ZTE Plan May Include U.S. Compliance Monitor,wsj.com
2018-05-25,Cryptocurrency stunt to climb Mount Everest reportedly turns deadly,cnbc.com
2018-05-25,Apple Wins $539 Million in Damages Over Samsung Patent Retrial,fortune.com
2018-05-25,"Facebook, Google face complaints worth $8 billion over alleged breach of new EU data law",cnbc.com
2018-05-25,"Steve Scalise may run for House speaker if Kevin McCarthy's bid fails, sources say",cnbc.com
2018-05-25,Oil prices are tanking as Russia and Saudi Arabia rethink output caps,cnbc.com
2018-05-25,Bitcoin Scammers Are Demanding Ransom for Lost Dogs,fortune.com
2018-05-25,Watch: Trump addresses US Naval Academy graduates,cnbc.com
2018-05-25,Scientists Discover Traces Of Opioids In Seattle Mussels,fortune.com
2018-05-25,Norway worried by intensified Russian naval activity...,reuters.com
2018-05-25,North Korea says it's still willing to resolve issues with US after Trump cancels summit,cnbc.com
2018-05-25,The phone company founded by Android creator Andy Rubin is reportedly for sale,cnbc.com
2018-05-25,Opinion: The Economic Growth Debate--Mary Anastasia O'Grady,wsj.com
2018-05-25,"Bill George: As consumer giants struggle, Unilever rises above the pack",cnbc.com
2018-05-25,Opinion: The Economic Growth Debate--Mary Anastasia O'Grady,wsj.com
2018-05-25,"Brainstorm Health: Ingestible Gut Bacteria Monitor, Athenahealth Pressure, Open Offices and Biopharma",fortune.com
2018-05-25,Facebook Accused of Widespread Surveillance of Its Users,fortune.com
2018-05-25,"Chipotle Rolls Out New Drive-Thrus, But They’re Not What You’re Expecting",fortune.com
2018-05-25,Finance App Albert Raises $5 Million To Help You Solve Your Money Problems,fortune.com
2018-05-25,Elon Musk may actually be making a website to rate journalists for credibility and 'core truth',cnbc.com
2018-05-25,'Problems with diplomatic tradecraft' helped sink Trump's summit with Kim Jong Un,cnbc.com
2018-05-25,U.S. Steel Prices on Knife’s Edge as Tariff Deadline Nears - MoneyBeat - WSJ,wsj.com
2018-05-25,"Pepsi to buy fruit and vegetable snack maker Bare Foods for less than $200 million, source says",cnbc.com
2018-05-25,Inside New York’s BitLicense Bottleneck: An ‘Absolute Failure?’,fortune.com
2018-05-25,These U.S. Media Sites Have Gone Dark in Europe as New GDPR Rules Kick In,fortune.com
2018-05-25,Judge delays Manafort trial due to family medical procedure,cnbc.com
2018-05-25,"A Man in Severe Pain Curls Up on the Floor of a United Flight, But the Airline Won’t Land. Now He’s Suing",fortune.com
2018-05-25,Brexit & Beyond: Europe’s Privacy Law Kicks In - MoneyBeat - WSJ,wsj.com
2018-05-25,Vladimir Putin Says He Will Step Down as Russia’s President in 2024,fortune.com
2018-05-25,"EPA spent $3.5 million to protect Scott Pruitt, nearly twice the typical security cost",cnbc.com
2018-05-25,"Term Sheet — Friday, May 25",fortune.com
2018-05-25,"Self-made millionaire: To succeed, don’t be yourself",cnbc.com
2018-05-25,Wall Street banks had best quarter in years. They are firing traders anyway,cnbc.com
2018-05-25,Banks Won Big in Washington. What It Means for Investors,wsj.com
2018-05-25,Ex-US ambassador to China: Beijing is 'very much in the driver's seat' on North Korea,cnbc.com
2018-05-25,"North Korea, GDPR Day, Xiaomi IPO: CEO Daily for May 25, 2018",fortune.com
2018-05-25,Herbalife shares plunge after Carl Icahn said he is lowering his stake in the company,cnbc.com
2018-05-25,Why Mattel Needs to Stick With Inclusive Barbies,fortune.com
2018-05-25,Boeing’s New 777X Will Have Folding Wings,fortune.com
2018-05-25,"Stocks to Watch: Amazon, Apple, PayPal, Herbalife, United Continental, Foot Locker, Autodesk, Ross, Gap",wsj.com
2018-05-25,"In the post-Harvey Weinstein era, here's how to report workplace abuse",cnbc.com
2018-05-25,Trump should 'keep cranking up the pressure' on North Korea if he really wants Kim to give up nukes,cnbc.com
2018-05-25,Here's where Ebola could spread based on flight patterns,cnbc.com
2018-05-25,Wyoming's plan to diversify its economy from fossil fuels ... to blockchain,cnbc.com
2018-05-25,"Cramer: Inflation is a real worry, but it's 'far from permanent'",cnbc.com
2018-05-25,"What Do Tariffs, Oil Prices, a Tight Labor Market Rising Borrowing Costs Mean for Economy?",wsj.com
2018-05-25,Xiaomi Said to Seek June 7 Listing Hearing for $10 Billion IPO,fortune.com
2018-05-25,Wall Street exec backs train service for mini trips,cnbc.com
2018-05-25,"If you're giving cash as a wedding gift, don't make this mistake",cnbc.com
2018-05-25,US media websites down in Europe after a huge data law shakeup,cnbc.com
2018-05-25,Amazon Map Tracker Now Lets You Follow Your Package From Delivery to Doorstep,fortune.com
2018-05-25,'Trump-style solution'? North Korea says still open to talks after summit canceled,reuters.com
2018-05-25,"The government could save $1 billion by combining its 12,062 data centers — but it's behind plan",cnbc.com
2018-05-25,Harvey Weinstein Charged With Felony Sex Crimes by Manhattan DA,fortune.com
2018-05-25,EMERGING MARKETS-Brazilian equities down amid crippling truckers' strike,cnbc.com
2018-05-25,Olive Garden Has Its Own Exclusive Wine Now: Head to Head Rosé,fortune.com
2018-05-25,SoulCycle pulls IPO due to 'market conditions',cnbc.com
2018-05-25,Hawaii helicopter evacuation readied as new lava stream hits ocean,cnbc.com
2018-05-25,Silicon Valley Bank CEO Says He’s Bullish on Technology,fortune.com
2018-05-25,Why half of Americans won’t take a vacation this summer,cnbc.com
2018-05-25,Opinion: The Economic Growth Debate--Jason Furman,wsj.com
2018-05-25,Oil Falls as Producers Ponder Boosting Output—Energy Journal,wsj.com
2018-05-25,Opinion: The Economic Growth Debate,wsj.com
2018-05-25,The 'Meghan Markle Effect' is boosting gold jewelry sales,cnbc.com
2018-05-25,AI Has a Big Privacy Problem and Europe’s New Data Protection Law Is About to Expose It,fortune.com
2018-05-25,UPDATE 2-Brazil authorizes army to clear trucker protest -source,cnbc.com
2018-05-25,Opinion: The Economic Growth Debate--Mary Anastasia O'Grady,wsj.com
2018-05-25,Opinion: The Economic Growth Debate,wsj.com
2018-05-25,"Putin, Macron bond over shared unease at Trump's actions",reuters.com
2018-05-25,"Going Head-To-Head (Crossword Contest, May 25)",wsj.com
2018-05-25,U.S. reached deal to keep Chinese telecom ZTE in business: New York Times,reuters.com
2018-05-25,What Your CEO Is Reading: F. Scott Fitzgerald Meets AI; Bill Gates on Summer Reading; Muzzle Your Open Office Phone Call,wsj.com
2018-05-25,Brazil's Temer says 'radical minority' continue trucker protests,cnbc.com
2018-05-25,Meet the Next Wine-Based Cocktail Trend Expected to Sweep the Summer,fortune.com
2018-05-25,UPDATE 1-Brazil trucker protest lingers after diesel agreement,cnbc.com
2018-05-25,Brazil trucker protest lingers after government accord on diesel,cnbc.com
2018-05-25,"No recession until late 2020, so keep buying stocks, Credit Suisse says",cnbc.com
2018-05-25,"UPDATE 3-Brazil truckers suspend strike, govt to subsidize diesel prices",cnbc.com
2018-05-25,"10 states where you can buy the most home for $300,000",cnbc.com
2018-05-25,One trait helped both George Lucas and Steve Jobs succeed,cnbc.com
2018-05-25,Ronaldo Finally Hits the Target Samsonite,wsj.com
2018-05-25,Spain Joins List of Market Worries,wsj.com
2018-05-25,"WSJ City PM: Hedge Funds Raise Bets Against Italy, US Websites Go Dark in Europe as GDPR Kicks In",wsj.com
2018-05-25,GDPR Takes Effect: Why Privacy Is Now Stronger in EU Than U.S.,fortune.com
2018-05-25,"Morgan Freeman, Michelle Obama, Walmart: Broadsheet for May 25th",fortune.com
2018-05-25,Cramer Remix: Don’t let this buying opportunity pass again,cnbc.com
2018-05-25,This Employee-Owned Consulting Firm Was Just Named One of Chicago’s Best Places to Work,fortune.com
2018-05-25,"As the NFL Bans Kneeling During the National Anthem, a New Petition Urges Sponsors to Boycott the League",fortune.com
2018-05-25,"The crackdown on cryptocurrencies is a good thing, say traders",cnbc.com
2018-05-25,Necco Wafers Are Saved After Auction Sale,fortune.com
2018-05-25,Opinion: The Economic Growth Debate,wsj.com
2018-05-25,Brazil president says striking truckers could be removed,cnbc.com
2018-05-25,'Solo' should help summer box office 'get its groove back': ComScore,cnbc.com
2018-05-25,"Foot Locker knows cool sneakers, and that's why stocks are rallying: Analyst",cnbc.com
2018-05-25,"Fiat Chrysler recalls 4.8 million vehicles, shares fall",cnbc.com
2018-05-25,Fiat Chrysler Is Recalling 4.8 Million Vehicles Over Cruise Control Flaw,fortune.com
2018-05-25,Movie producer Harvey Weinstein surrenders to police following sex assault charges,cnbc.com
2018-05-25,US jury awards Apple $539 million in Samsung patent retrial,cnbc.com
2018-05-25,"YouTube Music is really good, but probably not enough to pull you away from Spotify",cnbc.com
2018-05-25,"TotalBiscuit, Popular YouTuber and British Gaming Critic, Dies at 33",fortune.com
2018-05-25,Why Ashton Kutcher Donated $4 Million in Cryptocurrency to Charity,fortune.com
2018-05-25,New Star Wars attractions set to open at Disney theme parks in 2019,cnbc.com
2018-05-25,Traders bet GE could be gearing up for a massive rally,cnbc.com
2018-05-25,Don’t Call Yourself a Consultant on a Résumé When You’re Really a Freelancer,wsj.com
2018-05-25,UPDATE 3-Brazil authorizes army to clear trucker protest,cnbc.com
2018-05-25,Indigo Agriculture CEO wants to change economics for farmers with a 'revolution in agriculture',cnbc.com
2018-05-25,"Gasoline prices are rising into Memorial Day, but they may soon peak around $3 a gallon",cnbc.com
2018-05-25,"WSJ Wealth Adviser Briefing: Japan’s Hot Economy, Spendy Tourists, Cool Airport Hotels",wsj.com
2018-05-25,Five facts most people don’t know about tax audits,cnbc.com
2018-05-25,"Roku shares jump after short-seller reverses call, says he doesn't want to bet against cord-cutting",cnbc.com
2018-05-25,The Weekend Reader: Three Must-Reads,wsj.com
2018-05-25,United Continental appoints first female board chair,cnbc.com
2018-05-25,The Ledger: Is New York’s BitLicense an ‘Absolute Failure?’,fortune.com
2018-05-25,'Active shooter' taken into custody at Indiana middle school,cnbc.com
2018-05-25,Russian oligarch reportedly met with Michael Cohen at Trump Tower days before inauguration,cnbc.com
2018-05-25,"Woman Charged Over $7,000 for Toilet Paper Ordered on Amazon Is Finally Refunded Two Months Later",fortune.com
2018-05-25,Three Questions About the Trump-Kim Summit Cancellation,wsj.com
2018-05-25,"US durable goods orders drop 1.7% in April, but core capital goods orders rose as shipments rebounded",cnbc.com
2018-05-25,Morgan Freeman Was Accused of Sexual Harassment and Brands Are Already Pulling His Voice From Ads,fortune.com
2018-05-25,"WSJ City: Why Italy’s Economy Risks a Spiral of Decline, What to Know About GDPR - MoneyBeat - WSJ",wsj.com
2018-05-25,Memorial Day holiday gas prices may shock you,cnbc.com
2018-05-25,A specialty retailer up 118% in one year could have more room to run after earnings,cnbc.com
2018-05-25,Trump says dialogue with North Korea has reopened: 'We're talking to them now',cnbc.com
2018-05-25,Netflix is Now as Big as Disney,wsj.com
2018-05-25,Putin says he will step down as president after term expires in 2024,cnbc.com
2018-05-25,Silicon Valley investors explain why they're scared of China,cnbc.com
2018-05-25,Tesla is near the top of list of stocks that Wall Street is most confused about,cnbc.com
2018-05-25,Higher Gas Prices May Leave You Less Money to Spend on Memorial Day Sales,fortune.com
2018-05-25,Gold is back: The rise in geopolitical tensions boosts precious metal prices,cnbc.com
2018-05-25,"EMERGING MARKETS-Latam markets sink on global uncertainty, Petrobras shares slide",cnbc.com
2018-05-25,Kanye West Paid $85K for Photo of Whitney Houston’s Bathroom for Pusha T Album Cover,fortune.com
2018-05-25,Sizzling stocks: 4 buys,cnbc.com
2018-05-25,Opinion: The Economic Growth Debate--Arthur Laffer,wsj.com
2018-05-25,Want to write the perfect resume? Stop making it all about yourself,cnbc.com
2018-05-25,"CalSTRS bets on GE comeback, says CEO Flannery off to a good start",cnbc.com
2018-05-25,"MIT Scientists Made an Ingestible, Smart Bacteria Sensor. It Could Be Used to Diagnose Diseases One Day",fortune.com
2018-05-25,Opinion: The Economic Growth Debate,wsj.com
2018-05-25,3 types of job interview questions you should be prepared to answer at Google,cnbc.com
2018-05-25,Trump Pivots Again and Says Kim Jong Un Summit ‘Could’ Happen on June 12,fortune.com
2018-05-25,How these 7 Korean 20-somethings became a pop music phenomenon bringing in millions,cnbc.com
2018-05-25,Trump 2020 Manager Asks Facebook and Twitter to Guarantee They Won’t Censor Conservative Content,fortune.com
2018-05-25,Opinion: The Economic Growth Debate,wsj.com
2018-05-25,Car shoppers could land good deals with Memorial Day weekend sales push,cnbc.com
2018-05-25,Tesla hires James Zhou as China CFO,cnbc.com
2018-05-25,Teen who grew up in homeless shelters earns full ride to Harvard University,cnbc.com
2018-05-26,Watch out for these 8 retailers — they're ready to grow in the US,cnbc.com
2018-05-26,Ireland Overturns Abortion Ban in Landslide Vote,fortune.com
2018-05-26,'Shark Tank' entrepreneurs from ‘Getaway’ reflect on their time in the tank,cnbc.com
2018-05-26,Inside the $42.5 million beachfront mansion on Nantucket that has $2.5 million of smart home technology,cnbc.com
2018-05-26,Celebrity is making a $1 billion bet,cnbc.com
2018-05-26,"Labyrinth (Saturday Puzzle, May 26)",wsj.com
2018-05-26,Brazil's truckers protest drags on despite dispatch of military,cnbc.com
2018-05-26,NBA star Andre Iguodala on why this Buffett biography is 'the best business book',cnbc.com
2018-05-26,"Cramer's advice for investing in your 20s, 30s, 40s and beyond",cnbc.com
2018-05-26,Supermarket Publix suspends political giving amid anti-NRA protest organized by Parkland survivors,cnbc.com
2018-05-26,Cramer explains why investing for kids can have a huge payoff,cnbc.com
2018-05-26,"Empty stores, shuttered gas posts in Brazil truckers' strike",cnbc.com
2018-05-26,I tried to live off of Amazon Prime for a week — here's what I learned,cnbc.com
2018-05-26,Cars Get a Smoking Ban in Germany,wsj.com
2018-05-26,26th,wsj.com
2018-05-26,"UPDATE 5-Brazil truckers maintain blockades, near standoff with military",cnbc.com
2018-05-26,Tesla hires new chief financial officer for China,cnbc.com
2018-05-26,"Hot weekend to boost growth of U.S. Midwest corn, soy crops",cnbc.com
2018-05-26,"Guns N' Roses is charging fans $1,000 for an album — here's why some are willing to pay the price",cnbc.com
2018-05-26,These are the 10 most fun US states of 2018,cnbc.com
2018-05-26,"UPDATE 4-Brazil truckers maintain blockades, cripple key economic sectors",cnbc.com
2018-05-26,"Amazon Is Picking Up ‘The Expanse’ From SyFy, Because Streaming Is Eating The Universe",fortune.com
2018-05-26,"Next time you buy a TV at Best Buy, you may be offered health care, too",cnbc.com
2018-05-26,"Money Is the Best Motivator for People to Quit Smoking, New Study Finds",fortune.com
2018-05-26,"If you’re looking for the next hot job, expect to do this for free",cnbc.com
2018-05-26,Cramer shares a little-known investing concept critical to buying stocks,cnbc.com
2018-05-26,Astros stun Indians with 11 runs in last two innings,reuters.com
2018-05-26,Vintage Levi Strauss Jeans From the 1800s Sell for Nearly $100K,fortune.com
2018-05-26,This is Kate Hudson's morning routine — and it's surprisingly relatable,cnbc.com
2018-05-26,"Cramer: Yes, disinterested teens can actually make the best investors",cnbc.com
2018-05-26,Google Home Sales Outpace Amazon’s Echo for the First Time,fortune.com
2018-05-26,Female Characters Are ‘Here to Stay’ in Battlefield 5,fortune.com
2018-05-26,"A River Runs Through It (Saturday Crossword, May 26)",wsj.com
2018-05-26,"Flying this summer: The good, the bad and the furry",cnbc.com
2018-05-26,'Solo' star's 1st job was picking passionfruit—here's how 5 other celebs started,cnbc.com
2018-05-26,SoulCycle Ends Ride Towards an IPO,fortune.com
2018-05-26,EMERGING MARKETS-Brazilian stocks sink amid crippling truckers' strike,cnbc.com
2018-05-26,The GDPR and Our Balkanized Internet,fortune.com
2018-05-26,NFL vs. NBA: Which Will Be America’s Biggest Sport 10 Years From Now?,fortune.com
2018-05-27,Brazilian truckers strike enters its 7th day,cnbc.com
2018-05-27,US officials in summit planning talks with North Korea at Panmunjom,cnbc.com
2018-05-27,Qualcomm to meet China regulators in push to clear $44 billion NXP deal: sources,reuters.com
2018-05-27,Protesting truckers clear some roads in Brazil amid talks,cnbc.com
2018-05-27,I'm tired of ordering Alexa and Siri around — we need male virtual assistants,cnbc.com
2018-05-27,Rudy Giuliani Accuses Robert Mueller’s Probe of Being Rigged,fortune.com
2018-05-27,"If you put $1,000 in Netflix in 2007, here’s how much you’d have now",cnbc.com
2018-05-27,Brazil president hopes measures will end crippling strike,cnbc.com
2018-05-27,UPDATE 1-Brazil's truckers protest drags on despite dispatch of military,cnbc.com
2018-05-27,"Oral injuries lead to recall of Spam, other Hormel product",cnbc.com
2018-05-27,Italy president under pressure to accept euroskeptic minister,cnbc.com
2018-05-27,"Indians slug 4 HRs, hold off Astros",reuters.com
2018-05-27,Thousands of Chipotle Workers Could be Shut Out of Wage-Theft Lawsuit by New Supreme Court Ruling,fortune.com
2018-05-27,Bahrain sees 'no glimmer of hope' for ending Qatar crisis soon,cnbc.com
2018-05-27,Elon Musk Criticizes Media by Tweeting Link to Article With Ties to Sex Cult,fortune.com
2018-05-27,$100 oil by summer? RBC’s top oil watcher doesn't think it's out of the question,cnbc.com
2018-05-27,Alberto Could Bring $1 Billion in Economic Losses to Gulf Coast,fortune.com
2018-05-27,"Hormel Recalls 220,000 Pounds Of Spam After Metal Found In Products",fortune.com
2018-05-28,Colombia heads for divisive runoff with peace deal at stake,reuters.com
2018-05-28,Putin might look invincible but the big challenge is keeping Russians happy,cnbc.com
2018-05-28,UPDATE 1-Brazil truckers association Abcam recommends end of strike,cnbc.com
2018-05-28,Free market vs subsidies at heart of Brazil truckers' strike,cnbc.com
2018-05-28,"Swiss Re, Softbank call off talks on potential investment",cnbc.com
2018-05-28,Advisor to right-wing Brazil candidate says privatize it all,cnbc.com
2018-05-28,Why the Euro Is Rallying After Italy Plunged Further Into Political Turmoil - MoneyBeat - WSJ,wsj.com
2018-05-28,South Africa aims for ‘zero carbon’ buildings in green push,reuters.com
2018-05-28,Only Syrian army should be on country's southern border: Russia,reuters.com
2018-05-28,War crimes court due to start probes in Central African Republic: U.N.,reuters.com
2018-05-28,UPDATE 2-Brazil's Temer makes concessions to lure truckers back to work,cnbc.com
2018-05-28,Asian markets look set for mixed start as geopolitical concerns ease,cnbc.com
2018-05-28,India Uber president to head Asia Pacific operations,reuters.com
2018-05-28,The VA's history of setbacks and missteps,cnbc.com
2018-05-28,"UPDATE 1-Truckers clear some roads in Brazil, but protests continue",cnbc.com
2018-05-28,'Space ninja' Peggy Whitson explains why NASA still has a role to play as space travel goes private,cnbc.com
2018-05-28,Why the Trump administration is going after auto imports: Asian Trade Centre,cnbc.com
2018-05-28,5 things Starbucks has to get right during its anti-bias training day,cnbc.com
2018-05-28,EMERGING MARKETS-Brazil's Bovespa hits 2018 low amid truckers protest,cnbc.com
2018-05-28,'Solo' sputters in takeoff with $83.3 million at box office,cnbc.com
2018-05-28,"Indians rally in 9th and 13th, walk off over Astros in 14th",reuters.com
2018-05-28,Defense Secretary James Mattis is a voracious reader. Here's how he draws leadership lessons from books,cnbc.com
2018-05-28,Maryland county grapples with devastation left behind by flash flood,cnbc.com
2018-05-28,Emerging market investment is focused on Asia: Equities pro,cnbc.com
2018-05-28,These Subtle Psychological Hacks Keep Japan’s Trains Running Smoothly,fortune.com
2018-05-28,European Union moves to ban single-use plastics,cnbc.com
2018-05-29,UPDATE 4-Bayer wins U.S. nod for Monsanto deal to create agriculture giant,cnbc.com
2018-05-29,"$80 oil is a reasonable target, says energy expert",cnbc.com
2018-05-29,"WSJ City: Italy’s Drama Raises Stakes for Euro, Investors Come Home to U.S. Stocks",wsj.com
2018-05-29,6 signs you won't be a millionaire,cnbc.com
2018-05-29,UPDATE 1-Brazil to fine fuel distributors backing trucker protest,cnbc.com
2018-05-29,"Wall Street clients are balking at paying for research, but they like attending conferences, JP Morgan Says",cnbc.com
2018-05-29,Paychex CEO: Small businesses need to increase pay to attract hard-to-find workers,cnbc.com
2018-05-29,Milk may need a makeover: Alternatives to dairy are increasingly winning over consumers,cnbc.com
2018-05-29,Former North Korea spy chief heads to the US for talks,cnbc.com
2018-05-29,"Crude crumbles, here's how one trader is playing the commodity",cnbc.com
2018-05-29,One Way Hospitals (and Patients) Can Improve Emergency Care,wsj.com
2018-05-29,New Chinese plans are raising questions about Hong Kong's IPO prominence,cnbc.com
2018-05-29,"Bayer will sell BASF $9 billion in agriculture assets to allow Monsanto purchase, marking biggest ever antitrust divestiture",cnbc.com
2018-05-29,Japan Display shares plunge over 20 percent on Apple OLED report,reuters.com
2018-05-29,Italian voters brace for euro showdown ahead of snap elections,cnbc.com
2018-05-29,"Europe’s Troubles Ripple Across to Polish, Czech, Swedish Currencies",wsj.com
2018-05-29,Disney lines up financing in case Fox board demands cash: sources,cnbc.com
2018-05-29,"Will only make progress in trade by solving overcapacity, says OECD's Gurria",cnbc.com
2018-05-29,Day 9 of Brazil trucker strike amid some easing of shortages,cnbc.com
2018-05-29,"How an automaker sells an $80,000 version of a $30,000 car",cnbc.com
2018-05-29,Brexit & Beyond: Eurozone Crisis Fears Revived - MoneyBeat - WSJ,wsj.com
2018-05-29,Ivanka Trump's Chinese trademarks raise questions about potential conflicts of interest,cnbc.com
2018-05-29,Three Reasons Republicans Are More Optimistic About the Midterms,wsj.com
2018-05-29,"For Children in the Hospital, VR May Be the Cure for Anxiety",wsj.com
2018-05-29,Brazilian farmer losses from truckers' strike reach 6.6 bln reais -CNA,cnbc.com
2018-05-29,Trump-Kim summit back on? Here's what's at stake,cnbc.com
2018-05-29,"I don't think GDP matters, says AEI scholar. Here' s why",cnbc.com
2018-05-29,Confidence in the jobs market soars to highest level since 2001,cnbc.com
2018-05-29,Commodities tomorrow: Crude down about 8% in last week,cnbc.com
2018-05-29,Drawing the Future of Supercars With Lamborghini’s Maurizio Reggiani,wsj.com
2018-05-29,"Four years on, MH370 families await report as search ends for missing plane",reuters.com
2018-05-29,Hyatt Hotels makes a big bet in China,cnbc.com
2018-05-29,Timing of Ivanka Trump's Chinese trademarks raises red flags,cnbc.com
2018-05-29,Ex-McDonald's CEO: Starbucks' store closures for bias training shouldn't have needed to happen,cnbc.com
2018-05-29,El-Erian: Our emerging cashless society may lead to a government-issued cryptocurrency like bitcoin,cnbc.com
2018-05-29,"Run-up in home prices is ""not sustainable:"" Realtors' chief economist",cnbc.com
2018-05-29,Billionaire George Soros outlines his plan to save Europe,cnbc.com
2018-05-29,"Is a Tight Labor Market Really, Finally Generating Higher Wages?",wsj.com
2018-05-29,Steady Capex Growth Could be Good For Stocks,wsj.com
2018-05-29,Sears CEO receives 'numerous inquiries from potential partners' for asset sale,cnbc.com
2018-05-29,"The last time gas saw this kind of a rally, this consumer stock surged over 100%",cnbc.com
2018-05-29,Brazil and Petrobras ask court to declare planned oil worker strike illegal,cnbc.com
2018-05-29,What's working: Three tech stocks to watch,cnbc.com
2018-05-29,"Chopping Spree (Tuesday Crossword, May 29)",wsj.com
2018-05-29,"Hurricane Maria's death toll could exceed 4,600, study estimates",cnbc.com
2018-05-29,Brazil's Temer says no threat of coup amid truckers protest,cnbc.com
2018-05-29,Ex-fast food CEO Puzder: Starbucks has 'gone too far' with its anti-bias campaign,cnbc.com
2018-05-29,Papua New Guinea Is Banning Facebook for a Month,fortune.com
2018-05-29,"WSJ Wealth Adviser Briefing: Small Lenders, Clawbacks, Speedy Baseballs",wsj.com
2018-05-29,Disney shares dip after franchise-low debut for 'Star Wars' prequel,cnbc.com
2018-05-29,"If markets break these levels, the 'game's over' for Trump honeymoon: Acampora",cnbc.com
2018-05-29,Big changes could be coming to iPhone screens — and they would be great for consumers,cnbc.com
2018-05-29,UPDATE 1-Chicken massacre as Brazil truckers disrupt commodity exports,cnbc.com
2018-05-29,Apple has reportedly decided next year's new iPhones will all use high-end screens,cnbc.com
2018-05-29,"WSJ City PM: Eurozone Risk Aversion Is Back, Why Bank Investors Fear Return of Doom Loop",wsj.com
2018-05-29,Saudi Arabia to the Oil Market: Jump but Not Too High—Energy Journal - MoneyBeat - WSJ,wsj.com
2018-05-29,Italy’s Political Turmoil Hits U.S. Markets,wsj.com
2018-05-29,"Amid Eurozone Woes, French Bonds Feel Macron Bump - MoneyBeat - WSJ",wsj.com
2018-05-29,"UPDATE 2-Brazil truckers slow to end strike, despite concessions",cnbc.com
2018-05-29,Fast Food Trades: 3 picks,cnbc.com
2018-05-29,Taquilla – 'Solo: Una historia de Star Wars' tropieza con una apertura de vacaciones de $ 103 millones,reuters.com
2018-05-29,"EMERGING MARKETS-Brazil stocks hit year low, battered by truckers' protest",cnbc.com
2018-05-29,"Now is the time to buy safe haven Treasurys, one market watcher argues",cnbc.com
2018-05-29,Oil prices are continuing to sell off as OPEC looks poised to ease output caps,cnbc.com
2018-05-29,Brazil union to truckers: end strike or risk losing gains,cnbc.com
2018-05-29,ABC cancels 'Roseanne' after Roseanne Barr compares black Obama aide Jarrett to an ape,cnbc.com
2018-05-29,What to Do When There’s Trouble in Europe? Sell U.S. Banks,wsj.com
2018-05-29,"Goldman, JP Morgan stocks look cheaper but it's too soon to buy — Bove",cnbc.com
2018-05-29,EXCLUSIVE-U.S. to press China to allow poultry imports in trade talks- sources,cnbc.com
2018-05-29,UPDATE 2-Brazil's Temer says no threat of a coup amid truckers' protest,cnbc.com
2018-05-29,Trump heads to red Tennessee to help GOP salvage a key Senate seat,cnbc.com
2018-05-29,Bayer selling $9B in ag business ahead of Monsanto merger,cnbc.com
2018-05-29,JP Morgan says second-quarter trading revenue about flat from year ago,cnbc.com
2018-05-29,"Stocks to Watch: Apple, Qualcomm, Disney, 21st Century Fox, Chevron, Johnson & Johnson, Starbucks - MoneyBeat - WSJ",wsj.com
2018-05-29,Ne-Yo wants to have dinner with Warren Buffett but wouldn't talk money—here's what he'd ask instead,cnbc.com
2018-05-29,"Going in Style, Hong Kong Style",wsj.com
2018-05-29,Spanish prime minister to face confidence vote on Friday,cnbc.com
2018-05-29,Eurozone Crisis Fears Revived,wsj.com
2018-05-29,"Oral injuries lead to recall of Spam, other Hormel product",cnbc.com
2018-05-29,"The Morning Download: Digital Technology in Operating Room Leads to Safer, More Effective Surgery",wsj.com
2018-05-29,"Balenciaga Is Selling These Crazy Double Shirts for More Than $1,000",fortune.com
2018-05-29,OECD forum spotlights ‘what brings us together’ as a response to rising populism,cnbc.com
2018-05-29,"Iran's exit from nuclear weapons treaty would pour 'rocket fuel' on oil market, says analyst",cnbc.com
2018-05-29,Hawaii officials order some residents to flee from fast-flowing lava,cnbc.com
2018-05-29,Morgan Stanley shares drop after wealth management exec says business slowed down,cnbc.com
2018-05-29,Top aide to North Korean leader lands in Singapore as summit preparations advance,cnbc.com
2018-05-29,Delays and 'poison pills': Team Trump runs out of road in NAFTA talks,cnbc.com
2018-05-29,SOFTS-New York cocoa falls to seven-week low as sterling drops,cnbc.com
2018-05-29,Trump giving Japan's Abe a hard time on trade despite close ties,reuters.com
2018-05-29,Here's why the turmoil in Europe could be bullish for bonds,cnbc.com
2018-05-29,Syrian army ready for southern battle-pro-Assad commander,reuters.com
2018-05-30,China is reportedly lining up countries against US in pending trade war,cnbc.com
2018-05-30,Giuliani-connected law firms have a history with a pro-Trump super PAC linked to Cambridge Analytica,cnbc.com
2018-05-30,Billionaire Ray Dalio: You need to quit these 2 bad habits to succeed,cnbc.com
2018-05-30,The Trump effect is keeping the 'overpriced' bull market alive: Yale’s Robert Shiller,cnbc.com
2018-05-30,"Mortgage rates drop, but borrowers are not impressed",cnbc.com
2018-05-30,UPDATE 2-Brazil economy expands for fifth straight quarter,cnbc.com
2018-05-30,We looked at the 25 most popular cash back credit cards—here's our pick for No. 1,cnbc.com
2018-05-30,"Trump is harder to predict that Kim Jong Un, says Stanford expert",cnbc.com
2018-05-30,"Missouri Gov. Eric Greitens, facing possible impeachment, says he will resign",cnbc.com
2018-05-30,Belgium's Bpost teams up with DHL for e-commerce deliveries,reuters.com
2018-05-30,Mark Mobius predicts 30% drop in US stocks,cnbc.com
2018-05-30,Billion-dollar DraftKings founder: Quit your day job if you want to build a successful start-up,cnbc.com
2018-05-30,Chinese President Xi Jinping calls blockchain a 'breakthrough' technology,cnbc.com
2018-05-30,ICE cotton dips on profit-taking after more than four-year high,cnbc.com
2018-05-30,China reportedly lining up countries against US in pending trade war,cnbc.com
2018-05-30,Delta's CEO finds silver lining in higher fuel prices,cnbc.com
2018-05-30,Cars.com shares leap after report the company hired JP Morgan to explore a potential sale,cnbc.com
2018-05-30,Exxon Mobil criticized for worker rights and safety issues at annual shareholder meeting,cnbc.com
2018-05-30,The Morning Download: Why Encryption of Data Remains a Powerful but Underutilized Tool,wsj.com
2018-05-30,"Bitcoin's influence over cryptocurrency prices could end soon, says Ripple CEO",cnbc.com
2018-05-30,Private-sector payrolls grew at a slower rate than expected in May,cnbc.com
2018-05-30,Watch: White House holds press briefing after Trump signs 'right-to-try' bill,cnbc.com
2018-05-30,Singapore Airlines to launch world's longest flight,cnbc.com
2018-05-30,How to spend your retirement as a nomad: 7 tips from Airbnb's oldest interns,cnbc.com
2018-05-30,Political prankster and Nixon nemesis Dick Tuck dead at age 94,reuters.com
2018-05-30,Here's how Italy ended up in political turmoil — and why it’s threatening a new euro zone crisis,cnbc.com
2018-05-30,Zillow CEO defends Facebook: The look in Sheryl Sandberg's eyes shows she's 'taken this to heart',cnbc.com
2018-05-30,9 quotes from billionaires that will change the way you think about success,cnbc.com
2018-05-30,"When investors got scared, this bond market alarm bell on the economy went off",cnbc.com
2018-05-30,"Amnesty: 'Extrajudicial killings, lethal force' used against Nicaragua protesters",reuters.com
2018-05-30,UPDATE 1-Brazil's poultry industry could take years to recover from strike -minister,cnbc.com
2018-05-30,U.S. electric auto maker Green4U plans to build plant in Honduras,reuters.com
2018-05-30,Saudi Arabia just spent $43 million on Jackie O’s childhood home,cnbc.com
2018-05-30,"WSJ City PM: Europe’s Banks Face an All Too Familiar Problem, What to Make of Italy’s Bond Selloff",wsj.com
2018-05-30,Tesla Model 3 gets Consumer Reports recommendation after braking update; shares hit session high,cnbc.com
2018-05-30,"EMERGING MARKETS-Brazil equities steady amid Petrobras, political worries",cnbc.com
2018-05-30,Walmart unveils a new employee perk: College tuition,cnbc.com
2018-05-30,"'Special master' in probe of Trump lawyer Cohen bills more than $47,000 for six days' work",cnbc.com
2018-05-30,"This 28-year-old made $2,400 in 4 months selling things online—here are her top 4 tips",cnbc.com
2018-05-30,Kevin O'Leary: Here's how to teach your kids about investing,cnbc.com
2018-05-30,Banks temper expectations for the first 'Volcker Rule' rewrite,cnbc.com
2018-05-30,"Bots Can Break, Leaving Corporate Tasks Undone",wsj.com
2018-05-30,"WSJ City: The Early Winner from Italy’s Political Chaos, U.S. Jeopardizes Trade Talks with China",wsj.com
2018-05-30,Walmart's future may include in-store drone assistants and smart shopping carts,cnbc.com
2018-05-30,Brazil's Taesa seeks shareholder approval to take part in transmission auction,cnbc.com
2018-05-30,"Brazil oil workers plan strike in new blow to government, economy",cnbc.com
2018-05-30,Bitcoin could be extinct by 2118: Yale's Robert Shiller,cnbc.com
2018-05-30,European political unrest just rocked U.S. stocks and bonds. Here’s what lies ahead,cnbc.com
2018-05-30,"Warren Buffett reportedly offered Uber $3 billion investment, but talks crumbled",cnbc.com
2018-05-30,"In America’s racial din, ABC’s decision on Roseanne reflects a turn toward tolerance",cnbc.com
2018-05-30,Italy’s President Searches for Solution,wsj.com
2018-05-30,"Inner Nerd (Wednesday Crossword, May 30)",wsj.com
2018-05-30,"Self-made millionaire: How to get into real estate on a $40,000 salary",cnbc.com
2018-05-30,Kremlin critic Bill Browder arrested and then released by police in Madrid,cnbc.com
2018-05-30,"OECD predicts two more years of economic expansion, but oil and trade are major risks",cnbc.com
2018-05-30,Tariff exemptions are over: 5 trades,cnbc.com
2018-05-30,Michael Cohen's lawyers accuse Stormy Daniels' attorney of leaking Cohen's bank records,cnbc.com
2018-05-30,Cramer's charts show there could be more pain ahead for oil,cnbc.com
2018-05-30,Why all companies should have racial bias training—before public outcry,cnbc.com
2018-05-30,"This is the woman who canceled 'Roseanne,' ABC's first African-American woman president",cnbc.com
2018-05-30,Watch: Trump speaks at White House's Sports and Fitness Day,cnbc.com
2018-05-30,Daimler leads $175 million investment in Uber's EMEA rival Taxify,reuters.com
2018-05-30,"Tariffs shouldn't stop us from negotiating, Wilbur Ross tells the EU",cnbc.com
2018-05-30,Sterling slides to lowest since November as dollar extends rally,reuters.com
2018-05-30,Bill Browder says arrest in Spain is another case of Putin 'going after me' over Magnitsky Act,cnbc.com
2018-05-30,"China stocks fall most in over two months as Italian crisis, trade war fears weigh",cnbc.com
2018-05-30,The ‘Severe’ Costs of Leaving Euro,wsj.com
2018-05-30,"Box's quarterly results top estimates, but stock falls after hefty rally",cnbc.com
2018-05-30,UPDATE 4-Brazil's Temer downplays threat of coup amid truckers' protest,cnbc.com
2018-05-30,More Than Meats the Eye,wsj.com
2018-05-30,Former IMF chief economist: Europe should be OK — but 'I'm very worried about Italy',cnbc.com
2018-05-30,Sheryl Sandberg says Facebook didn't anticipate how people would abuse the platform,cnbc.com
2018-05-30,Allergan to sell women's health and infectious disease units after strategic review: Sources,cnbc.com
2018-05-30,"Silicon Valley is stumped, even A.I. cannot always remove bias from hiring",cnbc.com
2018-05-30,U.S.-China Trade Talks Teeter on Edge—Energy Journal,wsj.com
2018-05-30,"Facebook has lost 'trust' with customers, says Salesforce CEO",cnbc.com
2018-05-30,Brexit & Beyond: Italy’s President Searches for Solution,wsj.com
2018-05-30,The US has another trade spat going on — and it's over old clothes,cnbc.com
2018-05-30,UPDATE 2-Brazilian chickens slaughtered as striking truckers paralyze supplies,cnbc.com
2018-05-30,"Citigroup: Big Bank, Big Spender on Tech",wsj.com
2018-05-30,How to use Apple's new iMessage feature that will save space on your iPhone,cnbc.com
2018-05-30,Uber and Lyft drivers are hurting from the highest gas prices in four years,cnbc.com
2018-05-30,Mark Zuckerberg comes to Elon Musk's defense on self-driving car technology,cnbc.com
2018-05-30,"WSJ Wealth Adviser Briefing: Bank Deregulation, College Loans, Fried Chicken - MoneyBeat - WSJ",wsj.com
2018-05-30,How Bezos deals with increased scrutiny: 'We deserve to be inspected. Don't take it personally',cnbc.com
2018-05-30,More than half of the top US tech companies were founded by immigrants or the children of immigrants,cnbc.com
2018-05-30,The Fed just proposed a plan to make life easier for banks by loosening the 'Volcker Rule',cnbc.com
2018-05-30,An Italian Euro-Exit Fear Gauge,wsj.com
2018-05-30,Richard Branson says Virgin Galactic is '2 or 3' flights away from taking people to space,cnbc.com
2018-05-30,"Apple chart has me bullish for three reasons, says technician",cnbc.com
2018-05-30,How to figure out whether you qualify for this 20 percent tax break,cnbc.com
2018-05-30,"U.S. Threatens Tariffs, Italy Rattles Markets",wsj.com
2018-05-30,Ex-Walmart US CEO slams Amazon for using cloud and ad profits to support retail,cnbc.com
2018-05-30,Are you being unfaithful to your financial advisor?,cnbc.com
2018-05-30,​Blockchain May Be Good for Security. But Not So Good for Privacy.,wsj.com
2018-05-30,Dick's Sporting Goods shares skyrocket as gun sales restrictions don't hurt sales as much as feared,cnbc.com
2018-05-30,Oil workers go on strike in Brazil,cnbc.com
2018-05-30,From 'fire and fury' to sharing burgers: Here's a timeline of Trump's 'soap opera' diplomacy with North Korea,cnbc.com
2018-05-30,AT&T CEO wasn't surprised when US government sued to block Time Warner deal,cnbc.com
2018-05-30,Trump: 'I wish I did' pick someone other than Jeff Sessions to be attorney general,cnbc.com
2018-05-30,Trump reportedly asked Sessions to reverse his decision to recuse himself from Russia probe,cnbc.com
2018-05-30,Trader focuses on German stocks out of Italy turmoil,cnbc.com
2018-05-30,Biggest risk for US stocks on Italy's power struggle is dollar: Market analyst with 40 years on Wall St,cnbc.com
2018-05-30,EMERGING MARKETS-Brazil stocks recover somewhat as traders hunt for bargains,cnbc.com
2018-05-30,AK Steel gives up Trump gains despite tariffs and Goldman believes the stock will fall further,cnbc.com
2018-05-30,Prince Harry and Meghan Markle rumored to honeymoon at this Canada resort—and it's only $380 a night,cnbc.com
2018-05-30,Rudy Giuliani is holding Q&A sessions with Trump to prepare for special counsel probe: NBC,cnbc.com
2018-05-30,Belgium under scrutiny over release of 'radicalized' convict before attack,reuters.com
2018-05-30,Trump warns Tennessee supporters against being 'complacent',cnbc.com
2018-05-30,"Stocks making the biggest moves premarket: DKS, TGT, CRM, HPQ, NVO, KORS & more",cnbc.com
2018-05-30,UPDATE 1-Brazil oil workers begin strike in new blow to government,cnbc.com
2018-05-30,The 15 most affordable cities to live alone,cnbc.com
2018-05-30,These hedge fund managers made more than $3 million a day last year,cnbc.com
2018-05-30,Four ways retirees botch their Social Security benefits,cnbc.com
2018-05-30,Reporter beaten to death in northern Mexican state of Tamaulipas,reuters.com
2018-05-30,INSIGHT-'They blocked the truck!' Cargo bandits disrupt e-commerce in Brazil,cnbc.com
2018-05-30,Roseanne Barr apologizes for racist tweet but retweets messages from her supporters,cnbc.com
2018-05-30,Big US bank exposure to Italy appears ‘modest and manageable’: Jefferies,cnbc.com
2018-05-30,"Tech is facing a 'tough summer' for immigration issues, Microsoft's Brad Smith says",cnbc.com
2018-05-30,Southwest Airline pushes woman for proof biracial child was her son,cnbc.com
2018-05-30,"Mapbox partners Microsoft, Intel to provide self-driving car maps",reuters.com
2018-05-30,"US factories shift into 'higher gear' despite trade worries, Fed says",cnbc.com
2018-05-30,Target shares jump as Bank of America calls it a top pick and a good bet on ‘aging millennials’,cnbc.com
2018-05-30,"North Korea official in U.S. for talks on summit, differences remain",reuters.com
2018-05-30,E-scooter start-up Bird is reportedly worth $1 billion,cnbc.com
2018-05-30,"70% of people globally work remotely at least once a week, study says",cnbc.com
2018-05-30,Inside the $63 million mansion that's the most expensive in DC area—beating out Jeff Bezos' pad,cnbc.com
2018-05-30,"China lashes out at US, says it will protect its interests from 'reckless' trade threats",cnbc.com
2018-05-30,UPDATE 5-Bayer wins U.S. nod for Monsanto deal to create agriculture giant,cnbc.com
2018-05-30,Commodities tomorrow: Crude rebounds over 2%,cnbc.com
2018-05-30,Corruption Currents: Kremlin Critic Briefly Detained in Spain,wsj.com
2018-05-30,David Copperfield found not liable for tourist’s injuries during magic trick,cnbc.com
2018-05-30,Cramer Remix: Buying this stock into weakness is the way to go,cnbc.com
2018-05-30,Fox CEO James Murdoch rips Facebook as an 'attack surface',cnbc.com
2018-05-30,Trump says drugmakers are going to announce massive voluntary price cuts in two weeks,cnbc.com
2018-05-30,UPDATE 3-Brazil's Temer says no threat of a coup amid truckers' protest,cnbc.com
2018-05-30,"A break to February lows could mean a bear market soon follows, charts expert Acampora says",cnbc.com
2018-05-30,Fox sets Disney deal vote for July 10,cnbc.com
2018-05-30,Top tech investor Mary Meeker is presenting her annual industry manifesto. Read her full deck.,cnbc.com
2018-05-30,Trump signs 'right-to-try' allowing gravely ill patients to bypass FDA for experimental medicines,cnbc.com
2018-05-30,Turkey’s Bruised Lira Rebounds,wsj.com
2018-05-30,Russian journalist Babchenko turns up alive after reported murder,cnbc.com
2018-05-30,"Stocks to Watch: Morgan Stanley, HP, Salesforce, Amazon, Tesla, Analog Devices, Michael Kors",wsj.com
2018-05-30,UPDATE 2-Brazil oil workers begin strike in new blow to government,cnbc.com
2018-05-30,Immigration Debate: Is Congress Capable of Changing Family Separation Policy?,wsj.com
2018-05-30,"With interest rates set to rise, it may be time to build your REIT portfolio",cnbc.com
2018-05-30,Malcolm Gladwell: How you can stay relevant when AI threatens your job,cnbc.com
2018-05-30,Stitch Fix executives 'haven't had any serious discussions about combining' with Amazon,cnbc.com
2018-05-30,Trump rips Disney CEO Bob Iger for defending Obama aide Jarrett after Roseanne Barr's racist tweet,cnbc.com
2018-05-30,'Roseanne' cancellation a reminder of what to do if you're suddenly out of work,cnbc.com
2018-05-30,One Winner from the Italian Crisis? Denmark,wsj.com
2018-05-30,Prominent Russian journalist who criticized Kremlin shot dead in Kiev,cnbc.com
2018-05-31,The World’s Biggest AI Startup Raises $1.2 Billion in Mere Months,fortune.com
2018-05-31,US trading partners fire back in escalating trade war,cnbc.com
2018-05-31,Trump will pardon D'Souza...,cnbc.com
2018-05-31,"WSJ City PM: US Tariffs Raise Spectre of a Trade War With Allies, Deutsche Bank’s US Operations Deemed Troubled by the Fed",wsj.com
2018-05-31,Alibaba co-founder claims many Americans 'want to stop China' from upgrading its tech,cnbc.com
2018-05-31,"Stocks making the biggest moves premarket: GM, DG, SHLD, PVH, BOX, GES, BRKB & more",cnbc.com
2018-05-31,'We shot the economy in our foot' — Larry Summers on Trump steel and aluminum tariffs,cnbc.com
2018-05-31,Cramer: Europeans are 'confused' by President Donald Trump,cnbc.com
2018-05-31,5 Things to Watch in the May Jobs Report - Real Time Economics - WSJ,wsj.com
2018-05-31,Commerce Secretary Ross: NAFTA talks 'didn't get far enough' for Mexico and Canada to avoid tariffs,cnbc.com
2018-05-31,"This is what Melinda Gates said in her high school graduation speech, and it's still inspiring",cnbc.com
2018-05-31,"Business Insiders (Thursday Crossword, May 31)",wsj.com
2018-05-31,Here's the 'real solution' to the trade war that will make China 'play by the rules',cnbc.com
2018-05-31,Sears is closing 72 more stores. Here's a map of where they are,cnbc.com
2018-05-31,"Warren Buffett didn't always have warm, fuzzy feelings about Uber",cnbc.com
2018-05-31,HEB Recalls Ice Cream That May Contain Pieces of Metal,fortune.com
2018-05-31,IEA Says Mission Accomplished on Oil Market Rebalancing—Energy Journal - MoneyBeat - WSJ,wsj.com
2018-05-31,Ex-FBI official McCabe gives memo on Comey firing to Mueller: New York Times,reuters.com
2018-05-31,SoftBank Will Invest $2.25 Billion in GM’s Self-Driving Car Unit Cruise,fortune.com
2018-05-31,The 10 best places for the Class of 2018 to find a job this year,cnbc.com
2018-05-31,How to avoid getting duped by a bogus initial coin offering,cnbc.com
2018-05-31,Act now if you want to keep this tax break when getting a divorce,cnbc.com
2018-05-31,"CFO Moves: Diago, Essentra, HP, Advance Publications, [24]7.ai and RBS",wsj.com
2018-05-31,"Ahead of November election, old voting machines stir concerns among U.S. officials",reuters.com
2018-05-31,This city's subway system just got new bitcoin ATMs — and it's not alone,cnbc.com
2018-05-31,UPDATE 2-Brazil's poultry industry could take years to recover from strike -minister,cnbc.com
2018-05-31,"'Protectionism, pure and simple:' Europe promises WTO action over US tariffs",cnbc.com
2018-05-31,Canada announces retaliatory tariffs,cnbc.com
2018-05-31,"Finance Chiefs Keep Borrowing, Resulting in Higher Debt Levels",wsj.com
2018-05-31,Volcanic lava flow spurs more evacuations on Hawaii's Big Island,cnbc.com
2018-05-31,"Trump's legacy as ‘the manufacturing president’ is at risk over tariffs, warns trade group CEO",cnbc.com
2018-05-31,UBS: Sell Tesla shares because carmaker will need to raise capital in the fourth quarter or earlier,cnbc.com
2018-05-31,Rare Winnie the Pooh sketches up for auction,cnbc.com
2018-05-31,"So far, the top bid for lunch with Warren Buffett is more than $3.2 million",cnbc.com
2018-05-31,Was ‘Spygate’ Spying or Standard FBI Procedure? - Washington Wire - WSJ,wsj.com
2018-05-31,PVH CEO on China tariff threats: ‘Cooler heads will prevail’,cnbc.com
2018-05-31,US consumer spending records biggest gain in five months,cnbc.com
2018-05-31,‘Sesame Street’ Makers Lose ‘Happytime Murders’ Lawsuit,fortune.com
2018-05-31,New Zealand privacy watchdog seeks greater power over Facebook,reuters.com
2018-05-31,Conservative Koch network denounces Trump's tariffs: 'Trade wars hurt everyone',cnbc.com
2018-05-31,Kim Kardashian West goes to the White House to talk pardon with Trump,cnbc.com
2018-05-31,Trade and Political Uncertainty Takes the Shine Off Corporate Optimism,wsj.com
2018-05-31,"Trump considering pardon for Martha Stewart, whom James Comey prosecuted",cnbc.com
2018-05-31,The ECB at Twenty: Still Facing Growing Pains,wsj.com
2018-05-31,"EMERGING MARKETS-Brazil stocks, currency rise but political woes linger",cnbc.com
2018-05-31,The companies with the most enticing free food in Silicon Valley,cnbc.com
2018-05-31,Mexico front-runner's lead widens a month before vote: Poll,cnbc.com
2018-05-31,This self-driving 3D-printed boat could help ease traffic in cities with waterways,cnbc.com
2018-05-31,Meet the small community lender that's become the go-to banker of the cryptocurrency world,cnbc.com
2018-05-31,Drawing the Future of Predictive Medicine With Geneticist J. Craig Venter,wsj.com
2018-05-31,Trump's tariffs against key US military allies could be a blow to national security,cnbc.com
2018-05-31,"WSJ Wealth Adviser Briefing: Global Growth, Cryptocurrency, Upscale Stadium Food",wsj.com
2018-05-31,Canon Won’t Sell Film Cameras Anymore,fortune.com
2018-05-31,"Trump’s Proposed Stewart and Blagojevich Pardons Aren’t About The Apprentice. And They Aren’t Random, Either",fortune.com
2018-05-31,Apple will reportedly introduce new software to help fight iPhone addiction,cnbc.com
2018-05-31,ChinaGÇÖs State Grid to invest $38 bln in Brazil over 5 years,cnbc.com
2018-05-31,Telegram CEO Says Apple Refuses to Update App After Russian Blockade,fortune.com
2018-05-31,Waterfront real estate in Boston rises in the face of stronger storms,cnbc.com
2018-05-31,"WSJ City: U.S. Plans to Hit Europe With Tariffs, Fed Backs Easing Volcker Rule - MoneyBeat - WSJ",wsj.com
2018-05-31,How to make sure you get the government to cancel your student debt,cnbc.com
2018-05-31,Stormy Daniels' lawyer Michael Avenatti is driving Michael Cohen's legal team crazy,cnbc.com
2018-05-31,"Stocks to Watch: GM, Berkshire Hathaway, Sears, U.S. Steel, Alphabet, Micron, Box, Dollar General, PVH",wsj.com
2018-05-31,Storm Clouds Gather Over the Fed...,wsj.com
2018-05-31,US weekly jobless claims fall more than expected,cnbc.com
2018-05-31,Spain could be next for political disarray after Italy roils global markets,cnbc.com
2018-05-31,10 ‘shocking and pathetic excuses’ FTSE businesses have given for not appointing women to company boards,cnbc.com
2018-05-31,Men tried getting health care at a barbershop—and it worked,cnbc.com
2018-05-31,Trump contradicts himself by claiming he didn't fire Comey over the Russia probe,cnbc.com
2018-05-31,"Deutsche Bank US operations designated to be in 'troubled condition' by the Fed: DJ, citing sources",cnbc.com
2018-05-31,Melinda Gates: Here's how to make sure you get the credit you deserve,cnbc.com
2018-05-31,The Morning Download: The First Rule of Cybersecurity Is Update Your Software,wsj.com
2018-05-31,"Sears plans to close 72 more stores, closing sales to start in near future",cnbc.com
2018-05-31,The U.S. Economy Is Growing a Little Slower than Initially Believed,fortune.com
2018-05-31,Sears to shutter 72 more stores as same-store sales drop 12 percent,cnbc.com
2018-05-31,The US is making a 'fundamental' mistake in EU trade spat: Former ambassador,cnbc.com
2018-05-31,Fed Vice Chairman Quarles says regulators looking closely at ways to change bank rules,cnbc.com
2018-05-31,Billionaire Ray Dalio shares his best life advice: Sell expensive stocks and 'party like crazy',cnbc.com
2018-05-31,Pending home sales fall more than expected as costs for buyers rise,cnbc.com
2018-05-31,"Waymo to get more than 60,000 cars from Fiat Chrysler for robotaxis",reuters.com
2018-05-31,Pending home sales dip,cnbc.com
2018-05-31,"US metal tariffs are ‘99.9%’ done and will impact Mexico, Canada and the EU: Source",cnbc.com
2018-05-31,New book says Obama struggled with Trump's election: 'I've got the economy set up well for him',cnbc.com
2018-05-31,"A year after Trump exited the Paris Climate Accord, here's how states are going even further",cnbc.com
2018-05-31,Gretchen Carlson: The Supreme Court Tried to End #MeToo. Here’s How We’re Fighting Back.,fortune.com
2018-05-31,"Goldman: NAFTA deal is now less likely after Trump's tariffs on Mexico, Canada",cnbc.com
2018-05-31,41 percent of men say they've never heard of the #MeToo movement,cnbc.com
2018-05-31,Planned job cuts slow in May as retail continues to lead this year,cnbc.com
2018-05-31,Report: Ellen DeGeneres sells $11 million California estate — take a look inside,cnbc.com
2018-05-31,Italian Populists Revive Coalition Talks,wsj.com
2018-05-31,"Snap shares are rocketing higher, but market watcher sees it as a risky short squeeze rally",cnbc.com
2018-05-31,"Trump administration will put steel and aluminum tariffs on Canada, Mexico and the EU",cnbc.com
2018-05-31,Real Time Economics: The U.S. Moves Closer to a Trade War With Allies - Real Time Economics - WSJ,wsj.com
2018-05-31,Goldman banker charged with insider trading,cnbc.com
2018-05-31,Ex-FBI No. 2 official Andrew McCabe wrote memo on Comey firing,cnbc.com
2018-05-31,There's now analytical proof behind 'keeping up with the Joneses',cnbc.com
2018-05-31,Sears Will Close 72 More Stores After Another Terrible Quarter,fortune.com
2018-05-31,Market likely to shrug off this trade tussle with Europe because NAFTA and China are what really matter,cnbc.com
2018-05-31,US Commerce Sec. Wilbur Ross: Tariffs apply to small percentage of US economy,cnbc.com
2018-05-31,Samsung Phones Will Now Let You Video Chat Doctors in the UK,fortune.com
2018-05-31,Waymo Has Ordered Way Mo’ Self-Driving Chrysler Minivans,fortune.com
2018-05-31,Solving America's retirement security challenges,cnbc.com
2018-05-31,General Motors shares soar as SoftBank invests $2.25 billion in automaker's self-driving vehicles,cnbc.com
2018-05-31,Italy's populists launch fresh attempt at forming a government amid political chaos,cnbc.com
2018-05-31,"7 work-from-home jobs that pay over $100,000",cnbc.com
2018-05-31,"First Dieselgate, Then Dieselban: Germany Invented the Diesel Engine But Is Now Starting to Ban It",fortune.com
2018-05-31,These ‘Blue Lives Matter’ Bills Send the Wrong Message on Race and Violence,fortune.com
2018-05-31,Those extra credit card rewards could saddle you with even more debt,cnbc.com
2018-05-31,UPDATE 3-Brazil oil worker strike gains steam in another blow to government,cnbc.com
2018-05-31,'Techsploitation' protesters in San Francisco blocked buses with a pile of electric scooters,cnbc.com
2018-05-31,Zynga Buys Fellow Mobile Game Developer Gram Games for $250 Million,fortune.com
2018-05-31,Cramer: 5 reasons the stock market rebounded,cnbc.com
2018-05-31,Mary Meeker’s Internet Trends Report: New Online Users Are Getting Harder to Find,fortune.com
2018-05-31,They Don’t ‘Fit’ In: The Lame Excuses Companies Offer For Not Appointing Female Directors,fortune.com
2018-05-31,Former Office Depot CEO: Using tariffs to bolster trade leverage is working for Trump,cnbc.com
2018-05-31,MoviePass Has a Risky Plan to Stay Alive: Make Its Own Movies,fortune.com
2018-05-31,Swiss Are World Sports Champs…When It Comes to GDP - Real Time Economics - WSJ,wsj.com
2018-05-31,"How much home you get for $200,000 in 10 major US cities",cnbc.com
2018-05-31,Here’s What the Cavs and Warriors Stand to Make From Being in the NBA Finals,fortune.com
2018-05-31,Rockefeller-backed design lab predicts where best jobs in US will be in 20 years,cnbc.com
2018-05-31,The bulk buying bet: Why Costco is a buy ahead of its earnings report,cnbc.com
2018-05-31,U.S. Consumer Spending Sees Its Largest Increase in 5 Months,fortune.com
2018-05-31,Jack Dorsey had a $700 million month,cnbc.com
2018-05-31,Brexit & Beyond: Italian Populists Revive Coalition Talks,wsj.com
2018-05-31,Korean Air headquarters reportedly raided over suspected embezzlement by owning family,cnbc.com
2018-05-31,US-North Korea meetings in New York aimed at salvaging summit,cnbc.com
2018-05-31,Here's how to completely skip security lines — even TSA Pre-Check — at this US airport,cnbc.com
2018-05-31,Canada beefs up its anti-dumping measures ahead of the US decision on tariffs,cnbc.com
2018-05-31,Comedian Samantha Bee used a vulgar insult to describe Ivanka Trump – and now she's apologizing,cnbc.com
2018-05-31,More young people must choose between paying for college and buying a home,cnbc.com
2018-05-31,Chinese A.I. company raises more than $1 billion in back-to-back funding rounds,cnbc.com
2018-05-31,"J.P. Morgan CEO Jamie Dimon Is Still Very, Very Well Paid",fortune.com
2018-05-31,How to get higher pay and not blow it for the future,cnbc.com
2018-05-31,"'Caution is going to be the word here,' says former super bull Jeremy Siegel",cnbc.com
2018-05-31,"Bitcoin has found a bottom after plunging 60% from December highs, says technician",cnbc.com
2018-05-31,Morgan Stanley says we're in a bear market but investors just don't realize it yet,cnbc.com
2018-05-31,A $523 monthly payment is the new standard for car buyers,cnbc.com
2018-05-31,Shopping by text message: Walmart rolls out a white glove members-only service,cnbc.com
2018-05-31,Google Chrome 67 Will Allow Password-Free Sign-Ins for Most Websites,fortune.com
2018-05-31,Cramer: Europeans are in 'over their heads' on trade because they've never seen anything like Trump,cnbc.com
2018-05-31,Commerce Secretary Ross says markets will 'adjust' to any surprises on trade,cnbc.com
2018-05-31,"Google launches second app in China, woos top smartphone market",reuters.com
2018-05-31,"In the wake of #MeToo, companies turn to private investigators to identify predators in their ranks",cnbc.com
2018-05-31,11 CEOs and founders on whether crypto will be mainstream in 2019,cnbc.com
2018-05-31,UPDATE 1-China's State Grid to invest $38 bln in Brazil power sector,cnbc.com
2018-05-31,Warren Buffett says this book best explains his investing style,cnbc.com
2018-05-31,This teacher has her kindergartners shake hands every morning—it's a lesson in success,cnbc.com
2018-05-31,Deferring compensation now could build retirement wealth tomorrow,cnbc.com
2018-05-31,Chinese stock addition to indexes will 'change the face' of emerging markets investing on Thursday,cnbc.com
2018-05-31,Morgan Stanley downgrades red-hot chip stock Micron because it sees ‘storm clouds on the horizon’,cnbc.com
2018-05-31,"Italy's 5-Star, League reportedly close to deal on ministers",cnbc.com
2018-05-31,"Waymo, Fiat Chrysler expand autonomous vehicle plans",cnbc.com
